seed,book_name,paragraph_id,category,pred_count,gold_count,pred_join,gold_join
1,당송팔대가문초구양수2,323,whitespace_only,7,7,"오대(五代) 때에 가까워 후당(後唐)의 청태제(淸泰帝)가, 진조(晉祖)가 태원(太原)을 진무(鎭撫)할 적에 지역이 거란(契丹)에 가까워 군대를 믿고 발호할 것을 염려하여, 운주(鄆州)로 옮기고자 의론을 하였는데, 온 조정의 선비들이 모두 간언하여 불가하다고 하였다.
청태제는 속으로 반드시 그를 옮기고자 하여, 늘 함께 도모하던 추밀직학사(樞密直學士) 설문우(薛文遇)를 밤에 불러 그에게 물어서 가부(可否)를 결정하려고 하였는데, 설문우가 대답하기를 “신이 듣기로 도로변에 집을 지으면 3년이 가도 완성하지 못한다고 하였습니다.
이 일은 결단코 폐하에게 달려 있으니, 어찌 굳이 다시 군신(群臣)에게 물어볼 것이 있겠습니까? ”라고 하니,
청태제가 크게 기뻐하여 이르기를 “술자(術者)가 내게, 금년(今年)에는 마땅히 한 사람의 현명한 보좌를 얻어서 나의 중흥(中興)을 돕게 될 것이라고 하더니, 경(卿)이 바로 그 사람이구려. ”라고 하고, 즉시 학사(學士)에게 명하여 제(制)를 기초(起草)하게 하여, 진조(晉祖)를 운주(鄆州)로 옮기게 하였다.
다음날 조서(詔書)가 선포되자, 조정에 있던 신하들이 모두 실색(失色)하였다.
6일 뒤에 진조(晉祖)가 반란을 일으켰다는 글이 이르니, 청태제가 근심하고 두려워하며 어찌할 바를 몰라, 이숭(李崧)에게 이르기를 “내가 마침 설문우(薛文遇)를 만나, 그로 인해 살이 떨릴 지경이 되었으니, 스스로 칼을 뽑아 그를 찌르고 싶다. ”라고 하니,
이숭이 대답하기를 “일이 이미 이 지경에 이르렀으니, 후회해도 소용이 없나이다. ”라고 하고, 다만 군신(君臣)이 서로 돌아보며 눈물을 흘리며 울 따름이었다.","오대(五代) 때에 가까워 후당(後唐)의 청태제(淸泰帝)가, 진조(晉祖)가 태원(太原)을 진무(鎭撫)할 적에 지역이 거란(契丹)에 가까워 군대를 믿고 발호할 것을 염려하여,  운주(鄆州)로 옮기고자 의론을 하였는데, 온 조정의 선비들이 모두 간언하여 불가하다고 하였다.
청태제는 속으로 반드시 그를 옮기고자 하여, 늘 함께 도모하던 추밀직학사(樞密直學士) 설문우(薛文遇)를 밤에 불러 그에게 물어서 가부(可否)를 결정하려고 하였는데, 설문우가 대답하기를 “신이 듣기로 도로변에 집을 지으면 3년이 가도 완성하지 못한다고 하였습니다.
이 일은 결단코 폐하에게 달려 있으니, 어찌 굳이 다시 군신(群臣)에게 물어볼 것이 있겠습니까? ”라고 하니,  청태제가 크게 기뻐하여 이르기를 “술자(術者)가 내게, 금년(今年)에는 마땅히 한 사람의 현명한 보좌를 얻어서 나의 중흥(中興)을 돕게 될 것이라고 하더니,  경(卿)이 바로 그 사람이구려. ”라고 하고, 
즉시 학사(學士)에게 명하여 제(制)를 기초(起草)하게 하여, 진조(晉祖)를 운주(鄆州)로 옮기게 하였다.
다음날 조서(詔書)가 선포되자, 조정에 있던 신하들이 모두 실색(失色)하였다.
6일 뒤에 진조(晉祖)가 반란을 일으켰다는 글이 이르니, 청태제가 근심하고 두려워하며 어찌할 바를 몰라, 이숭(李崧)에게 이르기를 “내가 마침 설문우(薛文遇)를 만나, 그로 인해 살이 떨릴 지경이 되었으니, 스스로 칼을 뽑아 그를 찌르고 싶다. ”라고 하니, 
이숭이 대답하기를 “일이 이미 이 지경에 이르렀으니, 후회해도 소용이 없나이다. ”라고 하고,  다만 군신(君臣)이 서로 돌아보며 눈물을 흘리며 울 따름이었다."
1,당송팔대가문초구양수3,179,whitespace_only,8,9,"이에 객과 함께 일어나 악수하고 크게 웃으며 “그만둡시다.
소소한 것들은 따질 만한 것이 못 되오. ”라 하고는, 잠시 후 탄식하며 말하였다. “대저 선비가 젊어서는 벼슬하고 늙어서는 물러나 쉬니, 대개 70세가 되기를 기다리지 않고 물러나 쉰 이들이 있었소.
내가 평소 그들을 사모하였으니, 이것이 마땅히 떠나야 할 첫 번째 이유라오.
내가 일찍이 당세에 등용되었지만 끝내 일컬을 만한 것이 없으니, 이것이 마땅히 떠나야 할 두 번째 이유라오.
장년(壯年)이었을 때도 오히려 이와 같았는데 지금 이미 늙고 병들었거늘 이에 힘써 일하기 어려운 근골(筋骨)로 분수에 넘치는 영예(榮譽)와 이록(利祿)을 탐한다면 이는 장차 평소 지녔던 뜻을 저버리고 스스로 식언(食言)하는 셈이니, 이것이 마땅히 떠나야 할 세 번째 이유라오.
내가 세 가지 마땅히 떠나야 할 이유를 지녔으니, 비록 다섯 가지 물건이 없다 하더라도 떠나는 것이 마땅하외다.
다시 무엇을 말하겠소. ”
희령(熙寧) 3년 9월 7일 육일거사는 스스로 전(傳)을 짓노라.","이에 객과 함께 일어나 악수하고 크게 웃으며 “그만둡시다.
소소한 것들은 따질 만한 것이 못 되오. ”라 하고는, 잠시 후 탄식하며 말하였다.
“대저 선비가 젊어서는 벼슬하고 늙어서는 물러나 쉬니, 대개 70세가 되기를 기다리지 않고 물러나 쉰 이들이 있었소.
내가 평소 그들을 사모하였으니, 이것이 마땅히 떠나야 할 첫 번째 이유라오.
내가 일찍이 당세에 등용되었지만 끝내 일컬을 만한 것이 없으니, 이것이 마땅히 떠나야 할 두 번째 이유라오.
장년(壯年)이었을 때도 오히려 이와 같았는데 지금 이미 늙고 병들었거늘 이에 힘써 일하기 어려운 근골(筋骨)로 분수에 넘치는 영예(榮譽)와 이록(利祿)을 탐한다면 이는 장차 평소 지녔던 뜻을 저버리고 스스로 식언(食言)하는 셈이니, 이것이 마땅히 떠나야 할 세 번째 이유라오.
내가 세 가지 마땅히 떠나야 할 이유를 지녔으니, 비록 다섯 가지 물건이 없다 하더라도 떠나는 것이 마땅하외다.
다시 무엇을 말하겠소. ”
희령(熙寧) 3년 9월 7일 육일거사는 스스로 전(傳)을 짓노라."
1,당송팔대가문초구양수3,329,whitespace_only,7,6,"어리석은 신은 다음과 같이 생각합니다.
국가가 서쪽으로 하황(河湟)을 평정하고 북쪽으로 거란(契丹)과 화친을 맺고부터, 군대를 쉬게 하고 쓰지 않은 지가 거의 40년이 되었습니다.
어느 날 조원호(趙元昊)가 반란하고 유주(幽州)와 연주(燕州) 역시 약속을 어겼는지라 두 변경이 소란해졌는데 노신(老臣)과 숙장(宿將) 가운데 살아 있는 이가 없었습니다.
공이 이때에 우뚝하게 중국에서 재덕 있는 사람이자 훌륭한 장수였으니, 비록 날아오는 화살과 돌을 몸소 무릅쓰면서 견고한 적을 공격하여 꺾지는 못했지만, 은혜와 신의가 이미 사졸(士卒)들을 위무하기에 충분하며 명성이 이미 사방 오랑캐들을 진동시키기에 충분하였습니다.
그래서 마침내 조정에 올라 기무(機務)를 관장하다가 노쇠함을 이유로 벼슬에서 물러났습니다.
그런데 뒤에 다시 집에서 벼슬길에 나와 부귀를 보유하고 장수를 누렸으니, 비록 옛날의 훌륭한 장수라 하더라도 이러한 데 이른 이가 몇 사람이나 되겠습니까.
변경에 나가거나 조정에 들어와서 노력하고 수고한 절개와 출사하거나 물러나거나 상관없이 깊었던 군신 사이의 정의(情意)로 말하자면, 후세 사람들을 장려하고 권면할 수 있는 것이 마치 옛 시서(詩書)에 수록된 일들과 같으니 모두 본보기가 될 만하고 기록할 만합니다.","어리석은 신은 다음과 같이 생각합니다. 국가가 서쪽으로 하황(河湟)을 평정하고 북쪽으로 거란(契丹)과 화친을 맺고부터, 군대를 쉬게 하고 쓰지 않은 지가 거의 40년이 되었습니다.
어느 날 조원호(趙元昊)가 반란하고 유주(幽州)와 연주(燕州) 역시 약속을 어겼는지라 두 변경이 소란해졌는데 노신(老臣)과 숙장(宿將) 가운데 살아 있는 이가 없었습니다.
공이 이때에 우뚝하게 중국에서 재덕 있는 사람이자 훌륭한 장수였으니, 비록 날아오는 화살과 돌을 몸소 무릅쓰면서 견고한 적을 공격하여 꺾지는 못했지만, 은혜와 신의가 이미 사졸(士卒)들을 위무하기에 충분하며 명성이 이미 사방 오랑캐들을 진동시키기에 충분하였습니다.
그래서 마침내 조정에 올라 기무(機務)를 관장하다가 노쇠함을 이유로 벼슬에서 물러났습니다.
그런데 뒤에 다시 집에서 벼슬길에 나와 부귀를 보유하고 장수를 누렸으니, 비록 옛날의 훌륭한 장수라 하더라도 이러한 데 이른 이가 몇 사람이나 되겠습니까.
변경에 나가거나 조정에 들어와서 노력하고 수고한 절개와 출사하거나 물러나거나 상관없이 깊었던 군신 사이의 정의(情意)로 말하자면, 후세 사람들을 장려하고 권면할 수 있는 것이 마치 옛 시서(詩書)에 수록된 일들과 같으니 모두 본보기가 될 만하고 기록할 만합니다."
1,당송팔대가문초구양수4,243,whitespace_only,1,2,당형천(唐荊川)이 말하였다. “이 글은 변화가 지극히 많다. ”,"당형천(唐荊川)이 말하였다.
“이 글은 변화가 지극히 많다. ”"
1,당송팔대가문초구양수4,531,normalization_only,3,3,"아, ≪시경(詩經)≫의 〈지극(止棘)〉 시(詩)는 육경(六經)에 전하고 있으니 여기에서 시인(詩人)의 사물에 대한 해박한 지식과 비흥(比興)의 정밀(精密)함을 볼 수 있다.
너를 가지고 참소하는 사람이 나라를 어지럽힘을 풍자하는 것이 마땅하다.
참으로 미워할 만하고 증오할 만하다.","아, ≪시경(詩經)≫의 〈지극(止棘)〉 시(詩)는 육경(六經)에 전하고 있으니 여기에서 시인(詩人)의 사물에 대한 해박한 지식과 비흥(比興)의 정밀(精密)함을 볼 수 있다. 
너를 가지고 참소하는 사람이 나라를 어지럽힘을 풍자하는 것이 마땅하다. 
참으로 미워할 만하고 증오할 만하다."
1,당송팔대가문초구양수6,19,whitespace_only,8,7,"소순(蘇循)은 어디 사람인지 알지 못한다.
사람됨이 교활하며 언변이 있고 아첨하면서 염치가 없어 이익만을 좇았다.
당(唐)나라를 섬겨 예부상서(禮部尙書)가 되었다.
이때 양(梁) 태조(太祖)가 이미 소종(昭宗)을 시해하고 애제(哀帝)를 옹립하니 당나라의 구신(舊臣)이 모두 분개하고 이를 갈면서 어떤 이는 머리를 숙이고 화를 입을까 두려워하였고 어떤 이는 조정을 떠나 벼슬하지 않았는데, 소순만은 양나라에 빌붙으면서 등용되기를 바랐다.
양나라 군대가 양행밀(楊行密)을 공격하였다가 비하(渒河)에서 대패하니,
태조가 마음이 조급해지고 분통이 나서 선위(禪位)를 받는 데 급급하여 당나라에 구석(九錫)을 요구하려 하였다.
신하들이 그 논의를 감당하지 못하였는데 소순이 홀로 나서서 말하기를 “양왕의 공덕은 천명(天命)을 받을 정도이니 마땅히 즉시 선위를 받아야 합니다. ”라고 하였다.
이듬해 양 태조가 즉위할 때 소순이 책례부사(冊禮副使)가 되었다.","소순(蘇循)은 어디 사람인지 알지 못한다.
사람됨이 교활하며 언변이 있고 아첨하면서 염치가 없어 이익만을 좇았다.
당(唐)나라를 섬겨 예부상서(禮部尙書)가 되었다.
이때 양(梁) 태조(太祖)가 이미 소종(昭宗)을 시해하고 애제(哀帝)를 옹립하니 당나라의 구신(舊臣)이 모두 분개하고 이를 갈면서 어떤 이는 머리를 숙이고 화를 입을까 두려워하였고 어떤 이는 조정을 떠나 벼슬하지 않았는데, 소순만은 양나라에 빌붙으면서 등용되기를 바랐다.
양나라 군대가 양행밀(楊行密)을 공격하였다가 비하(渒河)에서 대패하니, 태조가 마음이 조급해지고 분통이 나서 선위(禪位)를 받는 데 급급하여 당나라에 구석(九錫)을 요구하려 하였다.
신하들이 그 논의를 감당하지 못하였는데 소순이 홀로 나서서 말하기를 “양왕의 공덕은 천명(天命)을 받을 정도이니 마땅히 즉시 선위를 받아야 합니다. ”라고 하였다. 
이듬해 양 태조가 즉위할 때 소순이 책례부사(冊禮副使)가 되었다."
1,당송팔대가문초소순1,307,whitespace_only,12,9,"아아!
항우(項羽)는 백전백승(百戰百勝)의 재능을 가지고 있었으나 해하(垓下)에서 죽었으니, 의아해할 것이 없다.
나는 거록(鉅鹿)에서 그가 한 싸움을 관찰해보았는데, 그의 책략이 장구하지도 않고 도량도 크지 않음을 보고서, 그가 그렇게 늦게 해하(垓下)에서 죽은 것을 괴이하게 여기지 않은 적이 없었다.
항우(項羽)가 황하(黃河)를 건너고 있을 때에, 유방(劉邦)은 비로소 군대를 정돈하여 함곡관(函谷關)으로 향하기 시작하였으니,
항우(項羽)가 이때에 서둘러 군대를 이끌고 진(秦)나라로 나아가, 병사의 사기가 충만했을 때에 용병(用兵)을 했더라면 함양(咸陽)을 차지하여 천하를 제압할 수 있었을 것이다.
이러한 계책을 낼 줄도 모르고 속 좁게 진(秦)나라 장군과 보잘것없는 승부를 다투고, 이미 거록(鉅鹿)을 온전히 차지하고서도 하남(河南)․신안(新安) 사이를 배회하다가 함곡관(函谷關)에 이르니, 유방(劉邦)은 함양(咸陽)에 입성한 지가 수개월이나 되었다.
진(秦)나라 사람들은 이미 유방(劉邦)에게 편안함을 느끼고 항우(項羽)에게는 적개심을 느꼈으니, 그렇다면 그 형세상 〈진(秦)나라 사람을〉 항우(項羽)에게 억지로 복종시킬 수가 없었다.
그래서 항우(項羽)는 비록 유방(劉邦)을 한중(漢中) 땅으로 옮기기는 하였지만, 그는 끝내 팽성(彭城)에 도읍을 정함으로써 유방(劉邦)이 다시 삼진(三秦)을 평정할 수 있게 하였으니,
그렇다면 천하의 대세는 한(漢)나라에 있었지 초(楚)나라에 있지 않았다.
초(楚)나라가 비록 백전백승할 수 있더라도 오히려 무슨 이익이 있겠는가!
그러므로 “해하(垓下)에서 죽음이 예견된 것은 거록(鉅鹿)의 싸움이었다. ”
하겠다.","아아!
항우(項羽)는 백전백승(百戰百勝)의 재능을 가지고 있었으나 해하(垓下)에서 죽었으니, 의아해할 것이 없다.
나는 거록(鉅鹿)에서 그가 한 싸움을 관찰해보았는데, 그의 책략이 장구하지도 않고 도량도 크지 않음을 보고서,  그가 그렇게 늦게 해하(垓下)에서 죽은 것을 괴이하게 여기지 않은 적이 없었다.
항우(項羽)가 황하(黃河)를 건너고 있을 때에, 유방(劉邦)은 비로소 군대를 정돈하여 함곡관(函谷關)으로 향하기 시작하였으니, 항우(項羽)가 이때에 서둘러 군대를 이끌고 진(秦)나라로 나아가, 병사의 사기가 충만했을 때에 용병(用兵)을 했더라면 함양(咸陽)을 차지하여 천하를 제압할 수 있었을 것이다.
이러한 계책을 낼 줄도 모르고 속 좁게 진(秦)나라 장군과 보잘것없는 승부를 다투고, 이미 거록(鉅鹿)을 온전히 차지하고서도 하남(河南)․신안(新安) 사이를 배회하다가 함곡관(函谷關)에 이르니, 유방(劉邦)은 함양(咸陽)에 입성한 지가 수개월이나 되었다.
진(秦)나라 사람들은 이미 유방(劉邦)에게 편안함을 느끼고 항우(項羽)에게는 적개심을 느꼈으니, 그렇다면 그 형세상 〈진(秦)나라 사람을〉 항우(項羽)에게 억지로 복종시킬 수가 없었다.
그래서 항우(項羽)는 비록 유방(劉邦)을 한중(漢中) 땅으로 옮기기는 하였지만, 그는 끝내 팽성(彭城)에 도읍을 정함으로써 유방(劉邦)이 다시 삼진(三秦)을 평정할 수 있게 하였으니, 그렇다면 천하의 대세는 한(漢)나라에 있었지 초(楚)나라에 있지 않았다.
초(楚)나라가 비록 백전백승할 수 있더라도 오히려 무슨 이익이 있겠는가!
그러므로  “해하(垓下)에서 죽음이 예견된 것은 거록(鉅鹿)의 싸움이었다. ” 하겠다. "
1,당송팔대가문초소식4,94,whitespace_only,7,6,"공자(孔子)와 맹자(孟子)께서 향원(鄕原)이 덕(德)을 해침을 미워하여 광자(狂者)를 얻어 만나보고자 하셨고, 광자(狂者)를 또 만나볼 수가 없어서 견자(獧者)를 얻어 만나보고자 하셨습니다.
그리하여 공자(孔子)께서 말씀하시기를 “광자(狂者)는 진취적이고 견자(獧者)는 하지 않는 바가 있다. ”라고 하셨으니, 오늘날의 병통은 오직 광자(狂者)와 견자(獧者)를 취하지 않고 모두 향원(鄕原)을 취하는 것입니다.
이 때문에 이와 같이 나약하여 성립하지 못하는 것입니다.
공자(孔子)는 자사(子思)에게 중용(中庸)을 전수해주신 분이요, 또 맹자(孟子)는 자사(子思)에게 중용(中庸)을 전수받은 분입니다.
그런데 공자(孔子)와 맹자(孟子)가 모두 광자(狂者)와 견자(獧者)를 얻어서 함께 하고자 하셨으니, 그렇다면 천하(天下) 사람들을 분발시켜서 나태함을 진작시키려 한다면 광자(狂者)와 견자(獧者)의 어진 사람을 쓰는 것이 가장 좋습니다.
신(臣)은 그러므로 말하기를 “용렬한 사람의 의논을 깨뜨려서 공명(功名)의 문을 열어주어야만 하니,
이렇게 한 뒤에야 천하(天下)를 다스릴 수 있다. ”라고 하는 것입니다.","공자(孔子)와 맹자(孟子)께서 향원(鄕原)이 덕(德)을 해침을 미워하여 광자(狂者)를 얻어 만나보고자 하셨고, 광자(狂者)를 또 만나볼 수가 없어서 견자(獧者)를 얻어 만나보고자 하셨습니다.
그리하여 공자(孔子)께서 말씀하시기를 “광자(狂者)는 진취적이고 견자(獧者)는 하지 않는 바가 있다. ”라고 하셨으니, 오늘날의 병통은 오직 광자(狂者)와 견자(獧者)를 취하지 않고 모두 향원(鄕原)을 취하는 것입니다.
이 때문에 이와 같이 나약하여 성립하지 못하는 것입니다.
공자(孔子)는 자사(子思)에게 중용(中庸)을 전수해주신 분이요, 또 맹자(孟子)는 자사(子思)에게 중용(中庸)을 전수받은 분입니다.
그런데 공자(孔子)와 맹자(孟子)가 모두 광자(狂者)와 견자(獧者)를 얻어서 함께 하고자 하셨으니, 그렇다면 천하(天下) 사람들을 분발시켜서 나태함을 진작시키려 한다면 광자(狂者)와 견자(獧者)의 어진 사람을 쓰는 것이 가장 좋습니다.
신(臣)은 그러므로 말하기를 “용렬한 사람의 의논을 깨뜨려서 공명(功名)의 문을 열어주어야만 하니, 이렇게 한 뒤에야 천하(天下)를 다스릴 수 있다. ”라고 하는 것입니다."
1,당송팔대가문초소식4,387,whitespace_only,6,7,"다음과 같이 찬(贊)한다.
내가 제공(諸公)과 장자(長者)들에게 들으니, ‘진공필(陳公弼)은 얼굴 모습이 엄하고 싸늘하며 말씀이 확실하고 과묵하며, 면전에서 남을 꺾기를 좋아하였다.
사대부(士大夫)들이 서로 잔치하고 놀다가도 공필(公弼)이 온다는 말을 들으면 말과 웃음에 재미가 적고 술을 마셔도 즐겁지 않아서, 앉아 있던 사람들이 차츰 몸을 일으켜 떠나갔다. ’라고 하였다.
공(公)의 타고난 자품(資品)이 이와 같았으나 공(公)은 남보다 뛰어나게 확립한 바가 있었다.
간대부(諫大夫) 정창(鄭昌)이 말하기를 “산(山)에 맹수가 있으면 사람들이 명아주와 콩잎도 채취하지 못한다. ”라고 하였으며, 회남왕(淮南王) 유안(劉安)이 반란을 도모하면서 논하기를 “공손승상(公孫丞相)(공손홍(公孫弘))은 뒤집어쓰고 있는 것을 벗기는 것처럼 설득하기 쉽고, 내가 두려워하는 사람은 오직 급암(汲黯)뿐이다. ”라고 하였으니,
만약 공필(公弼)이 단정하게 조복을 입고 조정에 서 있었다면 그 위엄이 천 리의 밖에서도 적군을 물리칠 수 있었을 것이다.","다음과 같이 찬(贊)한다.
내가 제공(諸公)과 장자(長者)들에게 들으니, ‘진공필(陳公弼)은 얼굴 모습이 엄하고 싸늘하며 말씀이 확실하고 과묵하며, 면전에서 남을 꺾기를 좋아하였다.
사대부(士大夫)들이 서로 잔치하고 놀다가도 공필(公弼)이 온다는 말을 들으면 말과 웃음에 재미가 적고 술을 마셔도 즐겁지 않아서, 앉아 있던 사람들이 차츰 몸을 일으켜 떠나갔다. ’라고 하였다.
공(公)의 타고난 자품(資品)이 이와 같았으나 공(公)은 남보다 뛰어나게 확립한 바가 있었다.
간대부(諫大夫) 정창(鄭昌)이 말하기를 “산(山)에 맹수가 있으면 사람들이 명아주와 콩잎도 채취하지 못한다. ”라고 하였으며,
회남왕(淮南王) 유안(劉安)이 반란을 도모하면서 논하기를 “공손승상(公孫丞相)(공손홍(公孫弘))은 뒤집어쓰고 있는 것을 벗기는 것처럼 설득하기 쉽고, 내가 두려워하는 사람은 오직 급암(汲黯)뿐이다. ”라고 하였으니,
만약 공필(公弼)이 단정하게 조복을 입고 조정에 서 있었다면 그 위엄이 천 리의 밖에서도 적군을 물리칠 수 있었을 것이다."
1,당송팔대가문초소식5,24,whitespace_only,5,4,"후세의 군자(君子)들은 실(實)이 지극하지 못하면서 모두 건방진 마음을 가지고 있었다.
그래서 장무중(臧武仲)은 자신을 성인(聖人)이라 여겼고, 백규(白圭)는 자신을 우(禹)임금이라 여겼고, 사마장경(司馬長卿)은 자기 이름을 상여(相如)라 하였고,
양웅(揚雄)은 자신을 맹가(孟軻)라 하였고, 최호(崔浩)는 자신을 자방(子房)이라 하였다.
그러나 세상에서는 끝내 그들에게 이것을 인정해주지 않았다.
이것을 가지고 살펴보면 충헌공(忠獻公)은 보통 사람보다 훨씬 훌륭한 분인 것이다.","후세의 군자(君子)들은 실(實)이 지극하지 못하면서 모두 건방진 마음을 가지고 있었다.
그래서 장무중(臧武仲)은 자신을 성인(聖人)이라 여겼고, 백규(白圭)는 자신을 우(禹)임금이라 여겼고, 사마장경(司馬長卿)은 자기 이름을 상여(相如)라 하였고, 양웅(揚雄)은 자신을 맹가(孟軻)라 하였고, 최호(崔浩)는 자신을 자방(子房)이라 하였다.
그러나 세상에서는 끝내 그들에게 이것을 인정해주지 않았다.
이것을 가지고 살펴보면 충헌공(忠獻公)은 보통 사람보다 훨씬 훌륭한 분인 것이다."
1,당송팔대가문초왕안석2,293,whitespace_only,17,17,"보원(寶元) 연간(年間)에 서하(西夏)의 이원호(李元昊)가 배반하여 내침(來侵)하였고, 거란(契丹) 또한 군사력을 변경 가까이에 집결시키고 우리 송(宋)나라가 맹약(盟約)을 어기려 하기 때문이라고 이유를 내세웠다.
천자(天子)께서 홀로 이를 근심하시어 천하(天下)에 조서(詔書)를 내려서, 이를 해결할 방안을 건의할 수 있는 사람은 모두 꺼리지 말고 건의하도록 하니,
건의하는 사람들이 모두 군사력을 동원하여 나아가 싸우기를 주장하였다.
이에 공(公)만은 홀로 “천하(天下)의 안위(安危)는 우리 자신을 잘 다스리느냐 그렇지 못하냐에 달려 있을 뿐입니다.
우리가 이미 스스로를 잘 다스린다면 오랑캐들을 근심할 것이 없고, 스스로를 잘 다스리지 못한다면 근심거리가 가까운 내부에서 일어나게 될 것이니 오랑캐들의 위협이야 어찌 족히 말할 것이 있겠습니까? ”
하며 글을 올려 몇 가지 사안에 대해 언급하면서, 일이 여기에서 끝나지 않고 후에도 마땅히 이와 같게 될 것이라고 하였는데, 그 후 모든 일이 그가 말한 바와 같게 되었다.
공(公)이 무고(誣告)를 당하여 파직되자 사람들이 억울한 일을 당했다고 여겼고, 물러나 빈곤하게 지내자 그를 위해 이를 근심하였으나,
공(公)이 지은 10여만(餘萬) 언(言)의 문장(文章)은 모두 천하(天下)의 일들로서 고금(古今)의 존망(存亡)과 치란(治亂)의 이유를 밝힌 것뿐이요, 그 자신의 억울함과 궁곤(窮困)에 대하여는 일찍이 단 한마디도 언급한 것이 없었다.
공(公)이 졸(卒)한 후에 그의 집에서 그가 남긴 상소문(上疏文)이 발견되었는데, 상소문에 이르기를 “유향(劉向)이 말하기를 ‘모함(謀陷)하는 사람과 사악(邪惡)한 사람들이 현인(賢人)과 뒤섞여서 조정(朝廷)에 진출하게 되는 것은 황상(皇上)이 의심이 많기 때문이니,
현인(賢人)을 임용하여 선정(善政)을 시행한다 해도 만약 혹 그를 참소(讒訴)하는 사람이 있게 되면, 현인(賢人)은 떠나게 되고 선정(善政)도 거두어진다. ’ 하였으니, 이는 명백한 이치로 현재에도 절실한 것입니다.
대저 오랑캐들이 나라 밖에서 준동하고 백성들이 아래에서 궁곤해진 것에 대하여는 신은 족히 근심할 것이 못 된다고 여깁니다.
신이 이른바 근심해야 할 일이라고 보는 것은, 다만 제신(諸臣)이 충성스러운지 사악한지를 분별하는 일에 달려 있을 뿐입니다. ” 하였다.
그 주장한 대략이 이와 같았으며, 그 상세한 내용 가운데는 보통 사람들이 말하기 어려운 것들이 있었다.
이 상소문은 아마도 공(公)이 이미 병이 든 이후에 지어서 황상(皇上)께 올리지 못하고 생(生)을 마친 듯하니, 아아!
그것을 통하여 공(公)의 뜻을 더욱 잘 알 수 있게 되도다.
대저 간언(諫言)이란 남이 말하기 어려운 것을 말함을 귀하게 여기지만, 그 말을 전하는 자는 말을 할 수 없는 바가 있을 수 있다.
그 큰 방략을 읽고 그 상세한 면을 빠뜨리지 않아야 하니 후세(後世)에 어찌 밝지 못한 사람이 있겠는가?","보원(寶元) 연간(年間)에 서하(西夏)의 이원호(李元昊)가 배반하여 내침(來侵)하였고, 거란(契丹) 또한 군사력을 변경 가까이에 집결시키고 우리 송(宋)나라가 맹약(盟約)을 어기려 하기 때문이라고 이유를 내세웠다.
천자(天子)께서 홀로 이를 근심하시어 천하(天下)에 조서(詔書)를 내려서, 이를 해결할 방안을 건의할 수 있는 사람은 모두 꺼리지 말고 건의하도록 하니, 건의하는 사람들이 모두 군사력을 동원하여 나아가 싸우기를 주장하였다.
이에 공(公)만은 홀로 “천하(天下)의 안위(安危)는 우리 자신을 잘 다스리느냐 그렇지 못하냐에 달려 있을 뿐입니다.
우리가 이미 스스로를 잘 다스린다면 오랑캐들을 근심할 것이 없고, 스스로를 잘 다스리지 못한다면 근심거리가 가까운 내부에서 일어나게 될 것이니 오랑캐들의 위협이야 어찌 족히 말할 것이 있겠습니까? ” 하며
글을 올려 몇 가지 사안에 대해 언급하면서, 일이 여기에서 끝나지 않고 후에도 마땅히 이와 같게 될 것이라고 하였는데, 그 후 모든 일이 그가 말한 바와 같게 되었다.
공(公)이 무고(誣告)를 당하여 파직되자 사람들이 억울한 일을 당했다고 여겼고, 물러나 빈곤하게 지내자 그를 위해 이를 근심하였으나,
공(公)이 지은 10여만(餘萬) 언(言)의 문장(文章)은 모두 천하(天下)의 일들로서 고금(古今)의 존망(存亡)과 치란(治亂)의 이유를 밝힌 것뿐이요, 그 자신의 억울함과 궁곤(窮困)에 대하여는 일찍이 단 한마디도 언급한 것이 없었다.
공(公)이 졸(卒)한 후에 그의 집에서 그가 남긴 상소문(上疏文)이 발견되었는데,
상소문에 이르기를 “유향(劉向)이 말하기를 ‘모함(謀陷)하는 사람과 사악(邪惡)한 사람들이 현인(賢人)과 뒤섞여서 조정(朝廷)에 진출하게 되는 것은 황상(皇上)이 의심이 많기 때문이니, 현인(賢人)을 임용하여 선정(善政)을 시행한다 해도 만약 혹 그를 참소(讒訴)하는 사람이 있게 되면, 현인(賢人)은 떠나게 되고 선정(善政)도 거두어진다. ’ 하였으니,
이는 명백한 이치로 현재에도 절실한 것입니다.
대저 오랑캐들이 나라 밖에서 준동하고 백성들이 아래에서 궁곤해진 것에 대하여는 신은 족히 근심할 것이 못 된다고 여깁니다.
신이 이른바 근심해야 할 일이라고 보는 것은, 다만 제신(諸臣)이 충성스러운지 사악한지를 분별하는 일에 달려 있을 뿐입니다. ” 하였다.
그 주장한 대략이 이와 같았으며, 그 상세한 내용 가운데는 보통 사람들이 말하기 어려운 것들이 있었다.
이 상소문은 아마도 공(公)이 이미 병이 든 이후에 지어서 황상(皇上)께 올리지 못하고 생(生)을 마친 듯하니, 아아!
그것을 통하여 공(公)의 뜻을 더욱 잘 알 수 있게 되도다.
대저 간언(諫言)이란 남이 말하기 어려운 것을 말함을 귀하게 여기지만, 그 말을 전하는 자는 말을 할 수 없는 바가 있을 수 있다.
그 큰 방략을 읽고 그 상세한 면을 빠뜨리지 않아야 하니 후세(後世)에 어찌 밝지 못한 사람이 있겠는가?"
1,당송팔대가문초유종원1,160,whitespace_only,7,8,"도성(都城)으로 가는 이위(李渭)를 송별하는 서문 문장이 비통하고 쓸쓸한 것 같다.
동정호(洞庭湖)를 건너고 상강(湘江)을 거슬러 올라오는 지역은 죄가 있어 좌천된 자가 아니면서 찾아오는 경우는 드물다.
또 게다가 임원령(臨源嶺)을 넘고 나수(灕水)를 따라 내려와 여포현(荔浦縣)으로 나오는 경우는 이름이 형부(刑部)에 올라 지방관리로 좌천되어 온 자가 아니면 그런 일이 더 적은 것은 당연하다.
이전에 내가 쫓겨나 영주(永州)에 거주하고 있을 때 이군(李君)이 그곳에 왔는데, 그때 나는 이군(李君)이 좋은 벼슬을 버리고 나쁜 곳으로 온 것이 사실 이상하였다.
아무도 그를 속박한 일이 없었는데도 스스로 장독(瘴毒)이 있는 곳을 취했기 때문이다.
뒤에 내가 유주자사(柳州刺史)로 폄적(貶謫)되어 계주(桂州)에 이르렀는데 이군(李君)이 또 그곳에 있으면서 보잘것없는 관리생활을 하고 있었다.
아, 어찌 이처럼 자신을 고달프게 한단 말인가.","도성(都城)으로 가는 이위(李渭)를 송별하는 서문
문장이 비통하고 쓸쓸한 것 같다.
동정호(洞庭湖)를 건너고 상강(湘江)을 거슬러 올라오는 지역은 죄가 있어 좌천된 자가 아니면서 찾아오는 경우는 드물다.
또 게다가 임원령(臨源嶺)을 넘고 나수(灕水)를 따라 내려와 여포현(荔浦縣)으로 나오는 경우는 이름이 형부(刑部)에 올라 지방관리로 좌천되어 온 자가 아니면 그런 일이 더 적은 것은 당연하다.
이전에 내가 쫓겨나 영주(永州)에 거주하고 있을 때 이군(李君)이 그곳에 왔는데, 그때 나는 이군(李君)이 좋은 벼슬을 버리고 나쁜 곳으로 온 것이 사실 이상하였다.
아무도 그를 속박한 일이 없었는데도 스스로 장독(瘴毒)이 있는 곳을 취했기 때문이다.
뒤에 내가 유주자사(柳州刺史)로 폄적(貶謫)되어 계주(桂州)에 이르렀는데 이군(李君)이 또 그곳에 있으면서 보잘것없는 관리생활을 하고 있었다.
아, 어찌 이처럼 자신을 고달프게 한단 말인가."
1,당송팔대가문초증공1,535,whitespace_only,9,10,"명윤(明允)은 성은 소씨(蘇氏)이고 이름은 순(洵)이니 미주(眉州) 미산(眉山) 사람이다.
처음에 진사과(進士科)에 응시하고 또다시 무재이등과(茂才異等科)에 응시하였으나 모두 합격하지 못하였다.
고향으로 돌아와 그동안 자신이 지은 글을 태워버린 뒤에 문을 닫고 책을 읽었다.
이렇게 5, 6년을 지내다가 학문이 풍부해진 뒤에 비로소 다시 글을 지었는데, 이 글들은 짧은 것은 혹 백 자가 되고 긴 것은 혹 천 마디나 되었다.
사물의 이치를 분석하거나 어떤 사물을 빌어 드러내고픈 생각을 가탁한 것을 살펴보면, 풍부한 내용을 능히 간결한 문자로 표현하고 심원한 도리를 능히 쉬운 문자로 전달하고, 큰 일을 능히 미세하게 만들고 작은 일을 능히 드러나게 하였으며, 내용이 번잡하더라도 능히 어지럽지 않게 하고 기세가 자유분방하더라도 능히 일정한 범위를 벗어나지 않게 하였다.
그 웅장하고 준수하고 위대한 기운은 마치 제방이 터진 강물이 세차게 흘러내려 가는 것 같고, 그 빛나고 밝은 논리는 마치 별들이 밤하늘에 떠오르는 것 같았다.
그 정황이 대략 이와 같으니, 내가 언급한 이 말을 통해 내가 말하지 않은 것을 미루어 알 수 있을 것이다.
명윤(明允)은 매양 자신의 궁달과 득실, 근심스럽거나 즐거운 일을 만났을 때 생각이 촉발된 것이 있으면 반드시 문장 속에 드러내었고, 고금의 치란과 흥망, 시비와 가부 등의 사례에 대해 내심 평가를 내리는 일이 있으면 또한 반드시 문장 속에 드러내었으며,
천만 가지로 변하는 세상사에 대응하는 것에 있어서는 그것을 외면으로 표현하는 모양이야 복잡하더라도 속으로 철저히 검토하는 과정을 거쳐 이것을 문장 속에 반영하지 않은 것이 없었다.","명윤(明允)은 성은 소씨(蘇氏)이고 이름은 순(洵)이니 미주(眉州) 미산(眉山) 사람이다.
처음에 진사과(進士科)에 응시하고 또다시 무재이등과(茂才異等科)에 응시하였으나 모두 합격하지 못하였다.
고향으로 돌아와 그동안 자신이 지은 글을 태워버린 뒤에 문을 닫고 책을 읽었다.
이렇게 5, 6년을 지내다가 학문이 풍부해진 뒤에 비로소 다시 글을 지었는데, 이 글들은 짧은 것은 혹 백 자가 되고 긴 것은 혹 천 마디나 되었다.
사물의 이치를 분석하거나 어떤 사물을 빌어 드러내고픈 생각을 가탁한 것을 살펴보면,  풍부한 내용을 능히 간결한 문자로 표현하고 심원한 도리를 능히 쉬운 문자로 전달하고, 큰 일을 능히 미세하게 만들고 작은 일을 능히 드러나게 하였으며, 내용이 번잡하더라도 능히 어지럽지 않게 하고 기세가 자유분방하더라도 능히 일정한 범위를 벗어나지 않게 하였다.
그 웅장하고 준수하고 위대한 기운은 마치 제방이 터진 강물이 세차게 흘러내려 가는 것 같고, 그 빛나고 밝은 논리는 마치 별들이 밤하늘에 떠오르는 것 같았다.
그 정황이 대략 이와 같으니, 내가 언급한 이 말을 통해 내가 말하지 않은 것을 미루어 알 수 있을 것이다.
명윤(明允)은 매양 자신의 궁달과 득실, 근심스럽거나 즐거운 일을 만났을 때 생각이 촉발된 것이 있으면 반드시 문장 속에 드러내었고,
고금의 치란과 흥망, 시비와 가부 등의 사례에 대해 내심 평가를 내리는 일이 있으면 또한 반드시 문장 속에 드러내었으며,
천만 가지로 변하는 세상사에 대응하는 것에 있어서는 그것을 외면으로 표현하는 모양이야 복잡하더라도 속으로 철저히 검토하는 과정을 거쳐 이것을 문장 속에 반영하지 않은 것이 없었다. "
1,당송팔대가문초한유2,44,split_merge_boundary,8,7,"장동자(張童子)는 아홉 살 때에 주현(州縣)의 천거로 예부(禮部)로 와서 한 차례의 응시(應試)로 200인의 대열에 진입(進入)하였고, 또 2년 뒤에 두 경서(經書)를 더 통달하니, 유사(有司)가 그 일을 위에 보고하였다.
이로 말미암아 위병조(衛兵曹)에 제수하는 명(命)을 받았다.
사람들은 모두 “동자(童子)는 이목(耳目)이 총명하고 정신이 영명(靈明)하다. ”
고들 하였다.
나 또한 장동자(張童子)가 유독 무리에서 뛰어난 것을 훌륭하게 여긴다.
동자는 그 관장(官長)에게 휴가를 청해, 아버지를 따라 어머니를 문안［寧］하기 위해 길을 떠났다.
이해 8월 경사(京師)에서 출발해 합주(陜州) 남쪽으로 길을 잡아 괵주(虢州) 동쪽에 이르고, 낙사(洛師)(낙양(洛陽))에 미쳐서 북쪽으로 황하(黃河)의 북안(北岸)을 지나 9월에야 비로소 정주(鄭州)에 당도하니,
조정에 명망 있는 사람으로부터 5도(都)의 백장(伯長)(장관(長官))과 군리(群吏)에 이르기까지 모두 그에게 음식과 재화(財貨)를 후하게 보내고, 혹은 시가(詩歌)를 지어 동자를 찬양하였으니, 동자 또한 영예롭다 하겠다.","장동자(張童子)는 아홉 살 때에 주현(州縣)의 천거로 예부(禮部)로 와서 한 차례의 응시(應試)로 200인의 대열에 진입(進入)하였고, 또 2년 뒤에 두 경서(經書)를 더 통달하니, 유사(有司)가 그 일을 위에 보고하였다.
이로 말미암아 위병조(衛兵曹)에 제수하는 명(命)을 받았다.
사람들은 모두 “동자(童子)는 이목(耳目)이 총명하고 정신이 영명(靈明)하다. ”고들 하였다. 
나 또한 장동자(張童子)가 유독 무리에서 뛰어난 것을 훌륭하게 여긴다.
동자는 그 관장(官長)에게 휴가를 청해, 아버지를 따라 어머니를 문안［寧］하기 위해 길을 떠났다. 
이해 8월 경사(京師)에서 출발해 합주(陜州) 남쪽으로 길을 잡아 괵주(虢州) 동쪽에 이르고, 낙사(洛師)(낙양(洛陽))에 미쳐서 북쪽으로 황하(黃河)의 북안(北岸)을 지나 9월에야 비로소 정주(鄭州)에 당도하니,
조정에 명망 있는 사람으로부터 5도(都)의 백장(伯長)(장관(長官))과 군리(群吏)에 이르기까지 모두 그에게 음식과 재화(財貨)를 후하게 보내고, 혹은 시가(詩歌)를 지어 동자를 찬양하였으니, 동자 또한 영예롭다 하겠다."
1,당송팔대가문초한유2,352,whitespace_only,3,2,"지금 사람들은 한 가지 선행(善行)만을 행하는 것을 수치로 여기고, 모든 범절(凡節)에 통달해 통재(通才)(모든 것에 달통한 인재(人才))로 칭송되는 것을 부러워하는 자가 많다.
그러나 약삭빠르게 한 가지 일에만 빠져 살다가 늙어 죽는 자가 줄을 이었고, 달리 칭송을 받는 자를 보지 못하였으니,
이것이 어찌 교화(敎化)를 혼란시켜 명예를 훔치는 술법(術法)이 아니겠는가?","지금 사람들은 한 가지 선행(善行)만을 행하는 것을 수치로 여기고, 모든 범절(凡節)에 통달해 통재(通才)(모든 것에 달통한 인재(人才))로 칭송되는 것을 부러워하는 자가 많다.
그러나 약삭빠르게 한 가지 일에만 빠져 살다가 늙어 죽는 자가 줄을 이었고, 달리 칭송을 받는 자를 보지 못하였으니, 이것이 어찌 교화(敎化)를 혼란시켜 명예를 훔치는 술법(術法)이 아니겠는가?"
1,당시삼백수2,103,whitespace_only,1,3,〈외사촌 동생 노륜(盧綸)이 찾아와 머문 것을 기뻐하며〉 사공서 고요한 밤 사방에 이웃도 없고 황량한 거처에 집안의 유업도 가난하다 빗속에 누렇게 물든 나무 등불 아래 백발의 사람 나 홀로 몰락한 지 오래되었는데 그대 자주 찾아주니 부끄럽도다 예전부터 연분이 있는데다 하물며 외종간의 친척임에랴,"〈외사촌 동생 노륜(盧綸)이 찾아와 머문 것을 기뻐하며〉
사공서
고요한 밤 사방에 이웃도 없고 황량한 거처에 집안의 유업도 가난하다 빗속에 누렇게 물든 나무 등불 아래 백발의 사람 나 홀로 몰락한 지 오래되었는데 그대 자주 찾아주니 부끄럽도다 예전부터 연분이 있는데다 하물며 외종간의 친척임에랴"
1,예기집설대전1,728,split_merge_boundary,2,1,"사(士)의 아들의 〈나이를〉 물으면 장성했으면 “전알(典謁)의 일을 할 만하다. ”고 하고, 어리면 “아직 전알의 일을 맡아볼 수 없다. ”
고 대답한다.","사(士)의 아들의 〈나이를〉 물으면 장성했으면 “전알(典謁)의 일을 할 만하다. ”고 하고, 어리면 “아직 전알의 일을 맡아볼 수 없다. ”고 대답한다."
1,예기집설대전2,114,normalization_only,1,1,"주공(周公)이 노(魯)나라에 봉해졌는데 그 자손들이 주(周)나라로 돌아가 장사지내지 않았던 것은 둘째 아들 군진(君陳)이 주나라에 있으면서 대대로 그 채지(采地)를 지켰기 때문이니, 춘추시대(春秋時代) 때 주공이 바로 이러한 경우에 해당한다.","주공(周公)이 노(魯)나라에 봉해졌는데 그 자손들이 주(周)나라로 돌아가 장사지내지 않았던 것은 둘째 아들 군진(君陳)이 주나라에 있으면서 대대로 그 채지(采地)를 지켰기 때문이니,  춘추시대(春秋時代) 때 주공이 바로 이러한 경우에 해당한다. "
1,예기집설대전2,191,normalization_only,10,10,"“아직 주인의 자리인 동쪽 섬돌에 있다. ”는 것과 “아직은 그를 손님으로 여긴다. ”는 것은 효자(孝子)가 차마 그 어버이를 돌아가신 것으로 여길 수 없어서 이곳에 빈소를 차려 아직도 동쪽 섬돌에 있으면서 주인이 되고, 아직도 서쪽 섬돌에 있으면서 손님이 됨을 표시한 것이다.
“두 기둥 사이에 있다. ”는 것은 주인과 손님이 그를 양쪽에서 끼고 있는 것이다.
그렇기 때문에 ‘여(與)’라 말하고 ‘유(猶)’라고 말하지 않은 것이다.
공자(孔子)는 그 선대(先代)가 송(宋)나라 사람이었으니, 성탕(成湯)의 후예이다.
그러므로 스스로 은(殷)나라 사람이라고 말한 것이다.
주(疇)는 말을 꺼내는 어조사이다.
석지야(昔之夜)는 어젯밤이라는 말과 같다.
꿈에 양 기둥 사이에 앉아서 제전(祭奠)을 받는 일을 보시고 이것이 흉한 징조임을 아신 것은 은나라의 예(禮)에 빈소가 두 기둥 사이에 있었기 때문이니, 공자께서 은나라 사람으로서 은나라의 예(禮)를 흠향하셨기 때문에 장차 돌아가시게 될 것을 아신 것이다.
또 제전(祭奠)을 받는 꿈을 꾼 점을 풀이하여 “오늘날 현명한 왕(王)이 일어나지 않았는데, 천하에 누가 나를 높여서 남면(南面)하여 높은 자리에 앉도록 하겠는가?
이는 필시 빈소를 차리는 조짐일 것이다. ”라고 하셨으니, 지금의 관점에서 본다면 만세토록 왕의 제사로 섬기는 것이 또한 그 꿈과 일치한다.","“아직 주인의 자리인 동쪽 섬돌에 있다. ”는 것과 “아직은 그를 손님으로 여긴다. ”는 것은 효자(孝子)가 차마 그 어버이를 돌아가신 것으로 여길 수 없어서 이곳에 빈소를 차려 아직도 동쪽 섬돌에 있으면서 주인이 되고, 아직도 서쪽 섬돌에 있으면서 손님이 됨을 표시한 것이다. 
“두 기둥 사이에 있다. ”는 것은 주인과 손님이 그를 양쪽에서 끼고 있는 것이다.
그렇기 때문에 ‘여(與)’라 말하고 ‘유(猶)’라고 말하지 않은 것이다.
공자(孔子)는 그 선대(先代)가 송(宋)나라 사람이었으니, 성탕(成湯)의 후예이다.
그러므로 스스로 은(殷)나라 사람이라고 말한 것이다.
주(疇)는 말을 꺼내는 어조사이다.
석지야(昔之夜)는 어젯밤이라는 말과 같다.
꿈에 양 기둥 사이에 앉아서 제전(祭奠)을 받는 일을 보시고 이것이 흉한 징조임을 아신 것은 은나라의 예(禮)에 빈소가 두 기둥 사이에 있었기 때문이니,  공자께서 은나라 사람으로서 은나라의 예(禮)를 흠향하셨기 때문에 장차 돌아가시게 될 것을 아신 것이다.
또 제전(祭奠)을 받는 꿈을 꾼 점을 풀이하여 “오늘날 현명한 왕(王)이 일어나지 않았는데, 천하에 누가 나를 높여서 남면(南面)하여 높은 자리에 앉도록 하겠는가?
이는 필시 빈소를 차리는 조짐일 것이다. ”라고 하셨으니,  지금의 관점에서 본다면 만세토록 왕의 제사로 섬기는 것이 또한 그 꿈과 일치한다."
1,자치통감강목2,168,whitespace_only,30,31,"승상 왕관(王綰) 등이 아뢰기를 “연(燕)나라, 제(齊)나라, 형(荊)나라(초(楚)나라)는 거리가 머니, 아들들을 왕으로 세워 진무하소서. ” 하니, 시황이 이 일을 논의에 부쳤다.
정위(廷尉) 이사(李斯)가 아뢰기를 “주(周)나라가 봉한 자제(子弟)와 동성(同姓)들이 매우 많았으나, 후대의 친속이 소원해져서 서로 원수처럼 공격하였는데, 천자가 막을 수 없었습니다.
지금 사해 안이 폐하의 신령스러움에 힘입어 통일되어 모두 군현(郡縣)이 되었습니다.
아들과 공신에게 공가(公家)의 부세(賦稅)로 후하게 상을 하사하시면 매우 풍족해지고 제어하기 쉬울 것이며, 천하 사람들이 다른 마음을 품지 않게 되면, 이것이 편안할 수 있는 방책입니다.
제후를 두는 것은 불편합니다. ” 하였다.
시황(始皇)이 말하기를 “천하가 함께 전쟁이 끊이지 않는 고통을 겪었던 것은 후왕(侯王)이 있었기 때문이다.
종묘의 보우에 힘입어 천하가 처음 평정되었는데, 다시 제후의 나라를 세우면 이것은 전란을 야기하는 것이니, 편안히 쉬기를 바라는 것이 어찌 어렵지 않겠느냐.
정위(廷尉)의 의론이 옳다. ” 하고는 천하를 나누어 36개 군(郡)으로 만들고 군(郡)마다 수(守), 위(尉), 감(監)을 두었고, 천하의 병기를 거두어 녹여 종과 종을 매다는 틀, 금인(金人)을 만들어 궁정 가운데 두었고, 법도(法度), 형(衡), 석(石), 장(丈), 척(尺)을 통일하였으며, 천하의 호걸 12만 호를 함양(咸陽)으로 이주시켰다.
관(綰)은 오판(烏板)의 절(切)이다.
관(綰)은 성이 왕(王)이다.
진(塡)(진정하다)은 진(鎭)과 통용하여 쓰인다.
정위(廷尉)는 관직명이다.
옥사(獄事)를 다스릴 때에 반드시 조정에 물어 여러 사람들과 함께 다스린다.
군사(軍事)와 옥사(獄事)는 제도를 함께하므로 정위(廷尉)라 부른다.
일설에 “정(廷)은 공평하다는 뜻이니, 옥사를 다스림에 공평함을 귀하게 여기므로 명칭으로 삼은 것이다. ”라고 한다.
사(斯)는 이사(李斯)이다.
수(樹)는 세운다는 뜻이다.
삼천군, 하동군, 남양군, 남군, 구강군, 장군, 회계군, 영천군, 탕군, 사수군, 설군, 동군, 낭야군, 제군, 상곡군, 어양군, 우북평군, 요서군, 요동군, 대군, 거록군, 한단군, 상당군, 태원군, 운중군, 구원군, 안문군, 상군, 농서군, 북지군, 한중군, 파군, 촉군, 검중군, 장사군이니 모두 35개 군이고, 내사와 더불어 36개 군(郡)이다.
수(守), 위(尉), 감(監)은 모두 관직명이다.
군수(郡守)는 해당 군을 다스리는 일을 맡는다.
군위(郡尉)는 군수를 도와 무관(武官)과 병사(兵士)를 담당하는 일을 맡는다.
감어사(監御史)는 군을 감시하는 일을 맡는다.
위감(尉監)의 감(監)(관직명)은 거성(去聲)이고, 감군(監郡)의 감(監)(감시하다)은 평성(平聲)이다.
거(鐻)는 음이 거(巨)이니, 거(虡)와 통용하여 쓰인다.
종을 거는 것이니, 가로로 된 틀을 순(筍)이라 하고 세로로 된 틀을 거(虡)라고 한다.
이해에 거인(巨人) 12명이 임조(臨洮)에 나타났는데, 신장이 5장(丈)이고 발이 6척(尺)이었으며, 모두 오랑캐의 복장을 입고 있었다.
시황(始皇)이 길조로 여겨 이에 병기를 녹여 금인(金人)을 주조하여 그 모양을 본떴다.
각각의 무게가 천 석이고, 앉은 높이가 2장(丈)이었는데, 옹중(翁仲)이라고 불렀다.
120근(斤)이 1석(石)이고, 10척(尺)이 1장(丈)이며, 10촌(寸)이 1척(尺)이다.
호걸(豪桀)은 세력과 돈이 있고 사나우면서 교활한 사람을 말한다.","승상 왕관(王綰) 등이 아뢰기를 “연(燕)나라, 제(齊)나라, 형(荊)나라(초(楚)나라)는 거리가 머니, 아들들을 왕으로 세워 진무하소서. ” 하니, 시황이 이 일을 논의에 부쳤다.
정위(廷尉) 이사(李斯)가 아뢰기를 “주(周)나라가 봉한 자제(子弟)와 동성(同姓)들이 매우 많았으나, 후대의 친속이 소원해져서 서로 원수처럼 공격하였는데, 천자가 막을 수 없었습니다.
지금 사해 안이 폐하의 신령스러움에 힘입어 통일되어 모두 군현(郡縣)이 되었습니다.
아들과 공신에게 공가(公家)의 부세(賦稅)로 후하게 상을 하사하시면 매우 풍족해지고 제어하기 쉬울 것이며, 천하 사람들이 다른 마음을 품지 않게 되면, 이것이 편안할 수 있는 방책입니다.
제후를 두는 것은 불편합니다. ” 하였다.
시황(始皇)이 말하기를 “천하가 함께 전쟁이 끊이지 않는 고통을 겪었던 것은 후왕(侯王)이 있었기 때문이다.
종묘의 보우에 힘입어 천하가 처음 평정되었는데, 다시 제후의 나라를 세우면 이것은 전란을 야기하는 것이니,
편안히 쉬기를 바라는 것이 어찌 어렵지 않겠느냐. 정위(廷尉)의 의론이 옳다. ” 하고는
천하를 나누어 36개 군(郡)으로 만들고 군(郡)마다 수(守), 위(尉), 감(監)을 두었고, 천하의 병기를 거두어 녹여 종과 종을 매다는 틀, 금인(金人)을 만들어 궁정 가운데 두었고, 법도(法度), 형(衡), 석(石), 장(丈), 척(尺)을 통일하였으며, 천하의 호걸 12만 호를 함양(咸陽)으로 이주시켰다.
관(綰)은 오판(烏板)의 절(切)이다.
관(綰)은 성이 왕(王)이다.
진(塡)(진정하다)은 진(鎭)과 통용하여 쓰인다.
정위(廷尉)는 관직명이다.
옥사(獄事)를 다스릴 때에 반드시 조정에 물어 여러 사람들과 함께 다스린다.
군사(軍事)와 옥사(獄事)는 제도를 함께하므로 정위(廷尉)라 부른다.
일설에 “정(廷)은 공평하다는 뜻이니, 옥사를 다스림에 공평함을 귀하게 여기므로 명칭으로 삼은 것이다. ”라고 한다.
사(斯)는 이사(李斯)이다.
수(樹)는 세운다는 뜻이다.
삼천군, 하동군, 남양군, 남군, 구강군, 장군, 회계군, 영천군, 탕군, 사수군, 설군, 동군, 낭야군, 제군, 상곡군, 어양군, 우북평군, 요서군, 요동군, 대군, 거록군, 한단군, 상당군, 태원군, 운중군, 구원군, 안문군, 상군, 농서군, 북지군, 한중군, 파군, 촉군, 검중군, 장사군이니 모두 35개 군이고, 내사와 더불어 36개 군(郡)이다.
수(守), 위(尉), 감(監)은 모두 관직명이다.
군수(郡守)는 해당 군을 다스리는 일을 맡는다.
군위(郡尉)는 군수를 도와 무관(武官)과 병사(兵士)를 담당하는 일을 맡는다.
감어사(監御史)는 군을 감시하는 일을 맡는다.
위감(尉監)의 감(監)(관직명)은 거성(去聲)이고, 감군(監郡)의 감(監)(감시하다)은 평성(平聲)이다.
거(鐻)는 음이 거(巨)이니, 거(虡)와 통용하여 쓰인다.
종을 거는 것이니, 가로로 된 틀을 순(筍)이라 하고 세로로 된 틀을 거(虡)라고 한다.
이해에 거인(巨人) 12명이 임조(臨洮)에 나타났는데, 신장이 5장(丈)이고 발이 6척(尺)이었으며, 모두 오랑캐의 복장을 입고 있었다.
시황(始皇)이 길조로 여겨 이에 병기를 녹여 금인(金人)을 주조하여 그 모양을 본떴다.
각각의 무게가 천 석이고, 앉은 높이가 2장(丈)이었는데, 옹중(翁仲)이라고 불렀다.
120근(斤)이 1석(石)이고, 10척(尺)이 1장(丈)이며, 10촌(寸)이 1척(尺)이다.
호걸(豪桀)은 세력과 돈이 있고 사나우면서 교활한 사람을 말한다."
1,자치통감강목3,455,whitespace_only,15,12,"승상(丞相)과 어사(御史)가 법률을 정할 것을 청하여 아뢰기를 “곤(髡)(머리 깎음)에 해당되는 자는 성단(城旦)과 방아를 찧게 하고, 경(黥)(자자함)과 곤(髡)에 해당되는 자는 재갈을 물려 성단(城旦)과 방아를 찧게 하고,
의(劓)(코를 벰)에 해당되는 자는 태형(笞刑) 300대를 치고, 참좌지(斬左止)(왼발을 벰)에 해당되는 자는 태형(笞刑) 500대를 치고,
참우지(斬右止)(오른발을 벰)와 사람을 죽이고 먼저 자수하여 죄를 면제받은 자와 관리로서 뇌물을 받고 법을 부정하게 적용한 자와 현관(縣官)(국가)의 재물(財物)을 맡고서 도둑질한 죄에 걸린 자를 이미 논죄(論罪)하였는데 다시 태형(笞刑)의 죄를 범하였을 경우에는 모두 기시(棄市)하고,
성단(城旦)과 방아를 찧는 경우에는 각각 복역하는 연수(年數)를 두어서 면죄시켜야 합니다. ” 하니, 제(制)하기를 “좋다. ” 하였다.
“당경곤(當黥髡)”은 ≪한서(漢書)≫ 〈형법지(刑法志)〉에 “경(黥)(자자)에 해당되는 자는 머리를 깎았다. ”라고 되어 있다.
지(止)는 지(趾)와 같으니, 발이다.
오른발을 벰에 해당되는 자는 그 죄가 두 번째로 무겁기 때문에 기시(棄市)를 따른 것이다.
“살인선자고(殺人先自告)”는 사람을 죽이고 먼저 자수하여 죄를 면제받은 자를 이른다.
구(賕)는 음이 구(求)이니 뇌물이다.
“이수구왕법(吏受賕枉法)”은 관리가 뇌물을 받고서 공정한 법을 부정하게 적용함을 이르고, “수현관재물이즉도지(守縣官財物而卽盜之)(현관(縣官)의 재물(財物)을 맡고서 도둑질했다.
)”는 바로 법률에 이른바 ‘맡아서 지키는 자가 스스로 도둑질했다. ’는 것이다.
사람을 죽인 것은 폐해가 심하고, 뇌물을 받는 것과 국가의 물건을 도둑질한 것은 장죄(贓罪)를 지은 더러운 몸이다.
그러므로 이 세 가지 죄는 이미 논죄하는 이름을 입었는데 또다시 태형(笞刑)을 범했으면 또한 모두 기시(棄市)하는 것이다.
성단(城旦)과 방아를 찧게 하는 데 복역한 지 만 3년이 되었으면 귀신(鬼薪)과 백찬(白粲)에 복역하게 하며, 1년 동안 귀신과 백찬에 복역하였으면 노비가 되게 하며, 노비를 1년 동안 하였으면 죄를 면하여 서인(庶人)이 되게 한다.
노비를 한 지 만 2년이 되었으면 사구(司寇)에 복역하게 하고, 1년 동안 사구에 복역하였거나 또는 사구처럼 2년 동안 부역하였으면 모두 죄를 면하여 서인(庶人)이 되게 한다.","승상(丞相)과 어사(御史)가 법률을 정할 것을 청하여 아뢰기를 “곤(髡)(머리 깎음)에 해당되는 자는 성단(城旦)과 방아를 찧게 하고, 경(黥)(자자함)과 곤(髡)에 해당되는 자는 재갈을 물려 성단(城旦)과 방아를 찧게 하고, 의(劓)(코를 벰)에 해당되는 자는 태형(笞刑) 300대를 치고, 참좌지(斬左止)(왼발을 벰)에 해당되는 자는 태형(笞刑) 500대를 치고,
참우지(斬右止)(오른발을 벰)와 사람을 죽이고 먼저 자수하여 죄를 면제받은 자와 관리로서 뇌물을 받고 법을 부정하게 적용한 자와 현관(縣官)(국가)의 재물(財物)을 맡고서 도둑질한 죄에 걸린 자를 이미 논죄(論罪)하였는데 다시 태형(笞刑)의 죄를 범하였을 경우에는 모두 기시(棄市)하고, 성단(城旦)과 방아를 찧는 경우에는 각각 복역하는 연수(年數)를 두어서 면죄시켜야 합니다. ” 하니, 제(制)하기를 “좋다. ” 하였다.
“당경곤(當黥髡)”은 ≪한서(漢書)≫ 〈형법지(刑法志)〉에 “경(黥)(자자)에 해당되는 자는 머리를 깎았다. ”라고 되어 있다.
지(止)는 지(趾)와 같으니, 발이다.
오른발을 벰에 해당되는 자는 그 죄가 두 번째로 무겁기 때문에 기시(棄市)를 따른 것이다.
“살인선자고(殺人先自告)”는 사람을 죽이고 먼저 자수하여 죄를 면제받은 자를 이른다.
구(賕)는 음이 구(求)이니 뇌물이다.
“이수구왕법(吏受賕枉法)”은 관리가 뇌물을 받고서 공정한 법을 부정하게 적용함을 이르고, “수현관재물이즉도지(守縣官財物而卽盜之)(현관(縣官)의 재물(財物)을 맡고서 도둑질했다. )”는 바로 법률에 이른바 ‘맡아서 지키는 자가 스스로 도둑질했다. ’는 것이다.
사람을 죽인 것은 폐해가 심하고, 뇌물을 받는 것과 국가의 물건을 도둑질한 것은 장죄(贓罪)를 지은 더러운 몸이다.
그러므로 이 세 가지 죄는 이미 논죄하는 이름을 입었는데 또다시 태형(笞刑)을 범했으면 또한 모두 기시(棄市)하는 것이다.
성단(城旦)과 방아를 찧게 하는 데 복역한 지 만 3년이 되었으면 귀신(鬼薪)과 백찬(白粲)에 복역하게 하며, 1년 동안 귀신과 백찬에 복역하였으면 노비가 되게 하며, 노비를 1년 동안 하였으면 죄를 면하여 서인(庶人)이 되게 한다.
노비를 한 지 만 2년이 되었으면 사구(司寇)에 복역하게 하고, 1년 동안 사구에 복역하였거나 또는 사구처럼 2년 동안 부역하였으면 모두 죄를 면하여 서인(庶人)이 되게 한다."
1,자치통감강목4,156,whitespace_only,16,15,"급암(汲黯)은 자주 상(上)의 앞에서 장탕(張湯)을 다음과 같이 질책하였다.
“그대는 정경(正卿)이 되어서 위로는 선제(先帝)의 공업(功業)을 기리지 못하고 아래로는 천하의 사악한 마음을 억누르지 못해서 나라를 편안히 하고 백성을 부유하게 하여 감옥을 텅 비게 하지도 못하면서, 어찌 쓸데없이 고황제(高皇帝) 때의 법령을 가져다가 어지럽게 고치는 것이오?
그대는 이 때문에 자손이 없게 될 것이오. ”
급암이 당시 장탕과 논의할 적에 장탕의 논변이 늘 법조문을 각박하게 적용하고 작은 일에도 가혹하니,
급암은 강직하고 지조가 높았으나 장탕을 굽히지 못하고 분기하여 꾸짖기를 “천하 사람들이 도필리(刀筆吏)를 공경(公卿)으로 삼아서는 안 된다고 하더니, 과연 그렇구나.
장탕은 반드시 천하 사람들로 하여금 〈두려워서〉 발걸음을 조심하여 서고 곁눈질하여 보게 할 것이다. ” 하였다.
삭(數)(자주)은 음이 삭(朔)이다.
질(質)은 상대함이니, 〈“질책(質責)”은〉 대면하여 질책하는 것이다.
혹자는 “질정함이니, 정의(正義)로써 꾸짖는 것이다. ” 하였다.
한(漢)나라 관직에는 구경(九卿) 외에 다시 구경(九卿)의 반열에 있는 자가 있었다.
그러므로 구경(九卿)을 일러 정경(正卿)이라 한 것이다.
〈“분경지위(紛更之爲)”는〉 어찌 분란을 일으켜 고치느냐고 말한 것이다.
〈“이공이차무종의(而公以此無種矣)”는〉 주벌을 당하는 것이 자손에 미침을 말한 것이다.
항(伉)은 굳세고 높다는 뜻이요, 여(厲)는 엄격하다는 뜻이다.
“중족(重足)”은 그 발을 중첩시켜 발걸음을 감히 어지럽게 하지 못하는 것을 이르니, 매우 두려워하고 삼감을 말한다.
이 한 구는 바로 중항열(中行說)이 “한(漢)나라의 우환이 됨은 반드시 나일 것이다. ”라고 말한 것과 문장 형식이 같다.","급암(汲黯)은 자주 상(上)의 앞에서 장탕(張湯)을 다음과 같이 질책하였다.
“그대는 정경(正卿)이 되어서 위로는 선제(先帝)의 공업(功業)을 기리지 못하고 아래로는 천하의 사악한 마음을 억누르지 못해서 나라를 편안히 하고 백성을 부유하게 하여 감옥을 텅 비게 하지도 못하면서, 어찌 쓸데없이 고황제(高皇帝) 때의 법령을 가져다가 어지럽게 고치는 것이오?
그대는 이 때문에 자손이 없게 될 것이오. ”
급암이 당시 장탕과 논의할 적에 장탕의 논변이 늘 법조문을 각박하게 적용하고 작은 일에도 가혹하니,
급암은 강직하고 지조가 높았으나 장탕을 굽히지 못하고 분기하여 꾸짖기를 “천하 사람들이 도필리(刀筆吏)를 공경(公卿)으로 삼아서는 안 된다고 하더니, 과연 그렇구나. 장탕은 반드시 천하 사람들로 하여금 〈두려워서〉 발걸음을 조심하여 서고 곁눈질하여 보게 할 것이다. ” 하였다.
삭(數)(자주)은 음이 삭(朔)이다.
질(質)은 상대함이니, 〈“질책(質責)”은〉 대면하여 질책하는 것이다.
혹자는 “질정함이니, 정의(正義)로써 꾸짖는 것이다. ” 하였다.
한(漢)나라 관직에는 구경(九卿) 외에 다시 구경(九卿)의 반열에 있는 자가 있었다.
그러므로 구경(九卿)을 일러 정경(正卿)이라 한 것이다.
〈“분경지위(紛更之爲)”는〉 어찌 분란을 일으켜 고치느냐고 말한 것이다.
〈“이공이차무종의(而公以此無種矣)”는〉 주벌을 당하는 것이 자손에 미침을 말한 것이다.
항(伉)은 굳세고 높다는 뜻이요, 여(厲)는 엄격하다는 뜻이다.
“중족(重足)”은 그 발을 중첩시켜 발걸음을 감히 어지럽게 하지 못하는 것을 이르니, 매우 두려워하고 삼감을 말한다.
이 한 구는 바로 중항열(中行說)이 “한(漢)나라의 우환이 됨은 반드시 나일 것이다. ”라고 말한 것과 문장 형식이 같다."
1,자치통감강목4,667,whitespace_only,20,20,"중위(中尉) 왕길(王吉)이 창읍왕(昌邑王)에게 다음과 같이 간(諫)하였다.
“대왕(大王)은 서책과 학문을 좋아하지 않고 편안히 노시는 것을 좋아하여, 취약한 옥체(玉體)를 가지고 자주 근로(勤勞)하는 번뇌와 우수(憂愁)를 범하시니, 수명의 높음을 온전히 하는 방법이 아니고 또 인의(仁義)의 높음에 나아가는 방도가 아닙니다.
큰 궁궐 아래와 고운 털방석 위에 현명한 스승이 앞에 있고 권하여 글을 읊는 자가 뒤에 있어서, 위로는 당(唐)‧우(虞)의 시대를 논하고 아래로는 은(殷)‧주(周)의 성(盛)함을 말하여, 어질고 성스러운 유풍(遺風)을 상고하고 나라를 다스리는 방도를 익혀서,
서로 즐겁게 분발하여 밥 먹는 것도 잊어서 날로 그 덕(德)을 새롭게 하며, 휴식할 때면 머리를 숙이고 고개를 들며 몸을 굽히고 펴서 신체를 이롭게 하고, 한마음으로 정성을 쌓아 정신을 화합하게 하여야 합니다.
대왕(大王)께서 진실로 유념하여 이와 같이 하시면, 마음은 요(堯)‧순(舜)의 생각을 간직하고 몸은 왕교(王喬)와 적송자(赤松子)의 수명을 간직해서 복록(福祿)이 이르러 사직(社稷)이 편안할 것입니다.
승하하신 황제(소제(昭帝))께서는 어질고 성스러워서 지금까지 선황제(先皇帝)(무제(武帝))를 사모하고 태만하지 않으시어, 궁관(宮館)과 동산과 연못과 사냥하는 즐거운 자리에 일찍이 행차하신 적이 없으셨으니, 대왕(大王)께서는 마땅히 밤낮으로 이것을 생각해서 성상(聖上)의 뜻을 받드셔야 할 것입니다.
제후왕(諸侯王)의 골육(骨肉) 중에 대왕(大王)보다 친한 분이 없으니, 친족으로는 자식이고 지위로는 신하입니다.
한 몸에 두 책임이 가해졌으니, 은혜와 사랑과 훌륭한 행실 중에 조금이라도 갖추어지지 못한 것이 있어서 위로 황후께 알려지면, 나라를 누리는 복이 아닙니다. ”
왕(王)은 이에 명령을 내리기를 “중위(中尉)가 매우 충성스러워서 나의 잘못을 자주 보필한다. ” 하고는, 사람을 보내 소고기와 술과 포(脯)를 하사하였다.
그러나 방종함은 그대로였다.
연(耎)은 이연(而兗)의 절(切)이니 부드러움이고, 취(脆)는 차예(此芮)의 절(切)이니 자르기 쉬움이다.
종(宗)은 높임이고, 융(隆)은 높음이다.
광하(廣厦)는 큰집(큰 궁궐)이다.
전(旃)은 전(氈)(모직물)이다.
형(形)은 형체(形體)이고, 적(適)은 화합함이다.
왕교(王喬)와 적송자(赤松子)는 모두 옛날 신선(神仙)이다.
황제(皇帝)는 소제(昭帝)를 이른다.
무제(武帝)가 승하(昇遐)한 지 오래지 않으므로 소제(昭帝)가 아직도 무제(武帝)를 사모함을 말한 것이다.
섬(孅)(가늘다)은 섬(纖)과 같고, 개(介)(작다)는 개(芥)와 통한다.
얇게 찢은 것을 포(脯)라 하고, 방망이질하여 생강과 계피를 넣은 것을 단수(腶脩)라 한다.","중위(中尉) 왕길(王吉)이 창읍왕(昌邑王)에게 다음과 같이 간(諫)하였다.
“대왕(大王)은 서책과 학문을 좋아하지 않고 편안히 노시는 것을 좋아하여, 취약한 옥체(玉體)를 가지고 자주 근로(勤勞)하는 번뇌와 우수(憂愁)를 범하시니, 수명의 높음을 온전히 하는 방법이 아니고 또 인의(仁義)의 높음에 나아가는 방도가 아닙니다.
큰 궁궐 아래와 고운 털방석 위에 현명한 스승이 앞에 있고 권하여 글을 읊는 자가 뒤에 있어서,
위로는 당(唐)‧우(虞)의 시대를 논하고 아래로는 은(殷)‧주(周)의 성(盛)함을 말하여, 어질고 성스러운 유풍(遺風)을 상고하고 나라를 다스리는 방도를 익혀서, 서로 즐겁게 분발하여 밥 먹는 것도 잊어서 날로 그 덕(德)을 새롭게 하며, 휴식할 때면 머리를 숙이고 고개를 들며 몸을 굽히고 펴서 신체를 이롭게 하고, 한마음으로 정성을 쌓아 정신을 화합하게 하여야 합니다.
대왕(大王)께서 진실로 유념하여 이와 같이 하시면, 마음은 요(堯)‧순(舜)의 생각을 간직하고 몸은 왕교(王喬)와 적송자(赤松子)의 수명을 간직해서 복록(福祿)이 이르러 사직(社稷)이 편안할 것입니다.
승하하신 황제(소제(昭帝))께서는 어질고 성스러워서 지금까지 선황제(先皇帝)(무제(武帝))를 사모하고 태만하지 않으시어, 궁관(宮館)과 동산과 연못과 사냥하는 즐거운 자리에 일찍이 행차하신 적이 없으셨으니, 대왕(大王)께서는 마땅히 밤낮으로 이것을 생각해서 성상(聖上)의 뜻을 받드셔야 할 것입니다.
제후왕(諸侯王)의 골육(骨肉) 중에 대왕(大王)보다 친한 분이 없으니, 친족으로는 자식이고 지위로는 신하입니다.
한 몸에 두 책임이 가해졌으니, 은혜와 사랑과 훌륭한 행실 중에 조금이라도 갖추어지지 못한 것이 있어서 위로 황후께 알려지면, 나라를 누리는 복이 아닙니다. ”
왕(王)은 이에 명령을 내리기를 “중위(中尉)가 매우 충성스러워서 나의 잘못을 자주 보필한다. ” 하고는, 사람을 보내 소고기와 술과 포(脯)를 하사하였다.
그러나 방종함은 그대로였다.
연(耎)은 이연(而兗)의 절(切)이니 부드러움이고, 취(脆)는 차예(此芮)의 절(切)이니 자르기 쉬움이다.
종(宗)은 높임이고, 융(隆)은 높음이다.
광하(廣厦)는 큰집(큰 궁궐)이다.
전(旃)은 전(氈)(모직물)이다.
형(形)은 형체(形體)이고, 적(適)은 화합함이다.
왕교(王喬)와 적송자(赤松子)는 모두 옛날 신선(神仙)이다.
황제(皇帝)는 소제(昭帝)를 이른다.
무제(武帝)가 승하(昇遐)한 지 오래지 않으므로 소제(昭帝)가 아직도 무제(武帝)를 사모함을 말한 것이다.
섬(孅)(가늘다)은 섬(纖)과 같고, 개(介)(작다)는 개(芥)와 통한다.
얇게 찢은 것을 포(脯)라 하고, 방망이질하여 생강과 계피를 넣은 것을 단수(腶脩)라 한다."
1,자치통감강목5,338,whitespace_only,7,5,"무기교위(戊己校尉)를 설치하여 거사(車師)의 옛 땅에 둔전(屯田)을 하였다.
무기교위(戊己校尉)는 서역(西域)을 진무하여 편안히 하였는데, 일정한 치소(治所)가 없었으니, 또한 갑(甲)과 을(乙), 병(丙)과 정(丁), 경(庚)과 신(辛), 임(壬)과 계(癸)가 각각 방위(方位)가 있으나, 무(戊)와 기(己)는 사계절(四季節)에 붙여 왕성한 것과 같다.
그러므로 이로써 관명(官名)을 삼은 것이다.
이때 무교위(戊校尉)가 있고, 또 기교위(己校尉)가 있었다.
선제(宣帝) 원강(元康) 2년(B.
C.
64)에 거사(車師)의 땅을 흉노(匈奴)에 주었었는데, 지금 흉노가 정성을 바쳐 귀부(歸附)하였으므로 다시 옛 땅에 둔전(屯田)을 한 것이다.","무기교위(戊己校尉)를 설치하여 거사(車師)의 옛 땅에 둔전(屯田)을 하였다.
무기교위(戊己校尉)는 서역(西域)을 진무하여 편안히 하였는데, 일정한 치소(治所)가 없었으니, 또한 갑(甲)과 을(乙), 병(丙)과 정(丁), 경(庚)과 신(辛), 임(壬)과 계(癸)가 각각 방위(方位)가 있으나, 무(戊)와 기(己)는 사계절(四季節)에 붙여 왕성한 것과 같다.
그러므로 이로써 관명(官名)을 삼은 것이다.
이때 무교위(戊校尉)가 있고, 또 기교위(己校尉)가 있었다.
선제(宣帝) 원강(元康) 2년(B. C. 64)에 거사(車師)의 땅을 흉노(匈奴)에 주었었는데, 지금 흉노가 정성을 바쳐 귀부(歸附)하였으므로 다시 옛 땅에 둔전(屯田)을 한 것이다."
1,자치통감강목6,463,normalization_only,2,2,"삭(削)은 삭제할 내용이 있으면 칼로 간독(簡牘)을 깎아냄을 이르고, 필(筆)은 더 보충할 내용이 있으면 붓으로 간독(簡牘)에 씀을 이른다.
“삭즉삭(削則削) 필즉필(筆則筆)”은 군주의 뜻에 따라 법령(法令)을 변경함을 말한 것이다.","삭(削)은 삭제할 내용이 있으면 칼로 간독(簡牘)을 깎아냄을 이르고,  필(筆)은 더 보충할 내용이 있으면 붓으로 간독(簡牘)에 씀을 이른다. 
“삭즉삭(削則削) 필즉필(筆則筆)”은 군주의 뜻에 따라 법령(法令)을 변경함을 말한 것이다."
1,자치통감강목6,713,normalization_only,1,1,“임직자위승상(任職者爲丞相)”은 어사대부(御史大夫)가 자신의 직무를 잘 수행하면 승진하여 승상(丞相)이 됨을 말한다.,“임직자위승상(任職者爲丞相)”은 어사대부(御史大夫)가 자신의 직무를 잘 수행하면 승진하여 승상(丞相)이 됨을 말한다. 
1,자치통감강목6,975,whitespace_only,3,2,"동현(董賢)을 대사마(大司馬) 위장군(衛將軍)으로 삼고 책서(策書)를 내려 말하기를 “너를 공(公)으로 세워 한(漢)나라의 보필로 삼노니, 모든 정사를 바로잡아서 진실로 그 중도(中道)를 지키라. ” 하니, 이때 동현의 나이가 22세였다.
동현은 비록 삼공(三公)이 되었으나, 항상 급사중(給事中)과 상서(尙書)를 겸하니,
백관들이 동현을 통해 일을 아뢰고, 동현의 친속들이 모두 시중(侍中)으로 조청(朝請)을 받들게 하여 총애가 정씨(丁氏)와 부씨(傅氏)의 위에 있었다.","동현(董賢)을 대사마(大司馬) 위장군(衛將軍)으로 삼고 책서(策書)를 내려 말하기를 “너를 공(公)으로 세워 한(漢)나라의 보필로 삼노니, 모든 정사를 바로잡아서 진실로 그 중도(中道)를 지키라. ” 하니,  이때 동현의 나이가 22세였다.
동현은 비록 삼공(三公)이 되었으나, 항상 급사중(給事中)과 상서(尙書)를 겸하니, 백관들이 동현을 통해 일을 아뢰고, 동현의 친속들이 모두 시중(侍中)으로 조청(朝請)을 받들게 하여 총애가 정씨(丁氏)와 부씨(傅氏)의 위에 있었다."
1,자치통감강목6,1159,normalization_only,3,3,"왕망(王莽)이 머리를 조아리고 사양하였으나 태후(太后)가 듣지 않았는데, 정사를 보게 되자, 소릉(召陵)과 황우(黃郵), 신야(新野)의 전지(田地)를 감하고 다시 더 내린 납징(納徵)의 돈 천만 전을 태후의 좌우에서 공양을 받드는 자에게 선물하였다.
왕망은 비록 권력을 독점하였으나, 태후를 속이고 미혹시켜 잘 섬기고 아래로 태후의 측근에서 항상 모시는 자들에 이르기까지 온갖 방법을 동원하고 뇌물을 보내기를 천만 전(錢)으로 하였다.
태후가 깊은 궁중에 거처하는 데 싫증 내는 것을 알고는, 태후로 하여금 사시(四時)에 수레를 타고 사방 교외를 순수(巡狩)하여 고아와 과부, 정부(貞婦)들을 위로하고 백성들에게 돈과 비단, 소와 술을 하사하게 하여, 해마다 일정하게 실시하도록 하였다.","왕망(王莽)이 머리를 조아리고 사양하였으나 태후(太后)가 듣지 않았는데, 정사를 보게 되자, 소릉(召陵)과 황우(黃郵), 신야(新野)의 전지(田地)를 감하고 다시 더 내린 납징(納徵)의 돈 천만 전을 태후의 좌우에서 공양을 받드는 자에게 선물하였다.
왕망은 비록 권력을 독점하였으나, 태후를 속이고 미혹시켜 잘 섬기고 아래로 태후의 측근에서 항상 모시는 자들에 이르기까지 온갖 방법을 동원하고 뇌물을 보내기를 천만 전(錢)으로 하였다.
태후가 깊은 궁중에 거처하는 데 싫증 내는 것을 알고는, 태후로 하여금 사시(四時)에 수레를 타고 사방 교외를 순수(巡狩)하여 고아와 과부, 정부(貞婦)들을 위로하고 백성들에게 돈과 비단, 소와 술을 하사하게 하여,  해마다 일정하게 실시하도록 하였다."
1,자치통감강목7,74,whitespace_only,3,2,"무인년(戊寅年)(A.
D.
18) 신(新)나라 왕망(王莽) 천봉(天鳳) 5년이다.","무인년(戊寅年)(A. D. 18)
신(新)나라 왕망(王莽) 천봉(天鳳) 5년이다."
1,춘추좌씨전3,611,whitespace_only,18,18,"정인(鄭人)은 진군(晉軍)이 토벌(討伐)하러 온다는 말을 듣고 급(急)히 사자(使者)를 보내어 초(楚)나라에 고(告)하게 하였는데, 그때 요구이(姚句耳)도 함께 갔다.
초자(楚子)가 정(鄭)나라를 구원(救援)하기 위해 출병(出兵)하였는데, 사마(司馬)가 중군(中軍)을 거느리고, 영윤(令尹)이 좌군(左軍)을 거느리고, 우윤(右尹) 자신(子辛)이 우군(右軍)을 거느렸다.
초군(楚軍)이 신읍(申邑)을 지날 때 자반(子反)이 읍내(邑內)로 들어가서 신숙시(申叔時)를 보고 “이번 출병(出兵)에 승패(勝敗)가 어떻겠습니까? ”라고 물으니, 신숙시(申叔時)가 대답하기를, “덕(德)‧형(刑)‧상(詳)‧의(義)‧예(禮)‧신(信)은 전쟁(戰爭)에 필요한 기구(器具)이다.
덕(德)으로써 은혜(恩惠)를 베풀고, 형(刑)으로써 사악(邪惡)을 바로잡고, 상(詳)으로써 신(神)을 섬기고, 의(義)로써 이익(利益)을 세우고, 예(禮)로써 시의(時宜)에 순응(順應)하고, 신(信)으로써 군물(群物)을 수호(守護)하는 것이니, 백성의 생활(生活)이 넉넉하면 덕(德)이 바르게 되고,
유리(有利)한 시기에 백성을 사용하면 백성의 일이 절도(節度)에 맞고, 시의(時宜)에 순응(順應)하면 만물(萬物)이 이루어져서, 상하(上下)가 화목(和睦)하고 행동(行動)이 순당(順當)하여 구(求)하면 갖추어지지 않는 것이 없어서, 사람마다 모두 행동(行動)의 준칙(準則)을 알게 된다.
그러므로 《시경(詩經)》에 ‘우리 백성을 양육(養育)한 것이 선왕(先王)의 준칙(準則)에 맞지 않음이 없었다. ’고 하였다.
그러므로 신(神)이 복(福)을 내려 사시(四時)에 재해(災害)가 없고 백성의 생활(生活)이 넉넉하였다.
그러므로 민중(民衆)이 일심(一心)으로 단결(團結)하여 명령(命令)을 따라, 힘을 다해 상명(上命)을 따르고 목숨을 바쳐 전사자(戰死者)의 빈자리를 메우지 않는 자가 없었으니, 이것이 전쟁(戰爭)에 승리(勝利)한 원인(原因)이다.
그런데 지금 초(楚)나라는 안으로는 그 백성을 버리고, 밖으로는 타국(他國)과의 우호(友好)를 단절(斷絶)하며, 제맹(齊盟)을 가벼이 여겨 맹약(盟約)한 말을 저버리고, 농시(農時)를 어기고 군대를 동원(動員)하여 백성을 지치게 하면서 자신의 욕망(慾望)을 채우려 한다.
그러므로 백성은 무엇이 신(信)인지를 몰라 나아가도 죄(罪)를 범(犯)하고 물러나도 죄(罪)를 범(犯)한다.
사람마다 자신이 어떤 곤경(困境)에 이를지 몰라 근심하고 있으니, 누가 목숨 바쳐 전쟁(戰爭)하려 하겠는가?
그러나 그대는 부디 힘을 다하라.
나는 다시 그대를 보지 못할 것이다. ”라고 하였다.
요구이(姚句耳)가 먼저 돌아오니, 자사(子駟)가 초(楚)나라의 정황(情況)을 물었다.
요구이(姚句耳)가 대답하기를, “초군(楚軍)은 행군(行軍)이 빠르고, 위험(危險)한 곳을 지날 때도 항렬(行列)을 정제(整齊)하지 않습니다.
빠르면 생각을 할 수 없고, 정제(整齊)하지 않으면 항렬(行列)을 상실(喪失)합니다.
생각을 할 수 없고, 항렬(行列)을 잃는다면 장차 어떻게 전쟁(戰爭)할 수 있겠습니까?
초군(楚軍)은 아마도 신뢰(信賴)할 수 없을 듯합니다. ”라고 하였다.","정인(鄭人)은 진군(晉軍)이 토벌(討伐)하러 온다는 말을 듣고 급(急)히 사자(使者)를 보내어 초(楚)나라에 고(告)하게 하였는데, 그때 요구이(姚句耳)도 함께 갔다.
초자(楚子)가 정(鄭)나라를 구원(救援)하기 위해 출병(出兵)하였는데, 사마(司馬)가 중군(中軍)을 거느리고, 영윤(令尹)이 좌군(左軍)을 거느리고, 우윤(右尹) 자신(子辛)이 우군(右軍)을 거느렸다.
초군(楚軍)이 신읍(申邑)을 지날 때 자반(子反)이 읍내(邑內)로 들어가서 신숙시(申叔時)를 보고 “이번 출병(出兵)에 승패(勝敗)가 어떻겠습니까? ”라고 물으니, 신숙시(申叔時)가 대답하기를, “덕(德)‧형(刑)‧상(詳)‧의(義)‧예(禮)‧신(信)은 전쟁(戰爭)에 필요한 기구(器具)이다.
덕(德)으로써 은혜(恩惠)를 베풀고, 형(刑)으로써 사악(邪惡)을 바로잡고, 상(詳)으로써 신(神)을 섬기고, 의(義)로써 이익(利益)을 세우고, 예(禮)로써 시의(時宜)에 순응(順應)하고, 신(信)으로써 군물(群物)을 수호(守護)하는 것이니,
백성의 생활(生活)이 넉넉하면 덕(德)이 바르게 되고, 유리(有利)한 시기에 백성을 사용하면 백성의 일이 절도(節度)에 맞고, 시의(時宜)에 순응(順應)하면 만물(萬物)이 이루어져서, 상하(上下)가 화목(和睦)하고 행동(行動)이 순당(順當)하여 구(求)하면 갖추어지지 않는 것이 없어서, 사람마다 모두 행동(行動)의 준칙(準則)을 알게 된다.
그러므로 《시경(詩經)》에 ‘우리 백성을 양육(養育)한 것이 선왕(先王)의 준칙(準則)에 맞지 않음이 없었다. ’고 하였다.
그러므로 신(神)이 복(福)을 내려 사시(四時)에 재해(災害)가 없고 백성의 생활(生活)이 넉넉하였다.
그러므로 민중(民衆)이 일심(一心)으로 단결(團結)하여 명령(命令)을 따라, 힘을 다해 상명(上命)을 따르고 목숨을 바쳐 전사자(戰死者)의 빈자리를 메우지 않는 자가 없었으니, 이것이 전쟁(戰爭)에 승리(勝利)한 원인(原因)이다.
그런데 지금 초(楚)나라는 안으로는 그 백성을 버리고, 밖으로는 타국(他國)과의 우호(友好)를 단절(斷絶)하며, 제맹(齊盟)을 가벼이 여겨 맹약(盟約)한 말을 저버리고, 농시(農時)를 어기고 군대를 동원(動員)하여 백성을 지치게 하면서 자신의 욕망(慾望)을 채우려 한다.
그러므로 백성은 무엇이 신(信)인지를 몰라 나아가도 죄(罪)를 범(犯)하고 물러나도 죄(罪)를 범(犯)한다.
사람마다 자신이 어떤 곤경(困境)에 이를지 몰라 근심하고 있으니, 누가 목숨 바쳐 전쟁(戰爭)하려 하겠는가?
그러나 그대는 부디 힘을 다하라.
나는 다시 그대를 보지 못할 것이다. ”라고 하였다.
요구이(姚句耳)가 먼저 돌아오니, 자사(子駟)가 초(楚)나라의 정황(情況)을 물었다.
요구이(姚句耳)가 대답하기를, “초군(楚軍)은 행군(行軍)이 빠르고, 위험(危險)한 곳을 지날 때도 항렬(行列)을 정제(整齊)하지 않습니다.
빠르면 생각을 할 수 없고, 정제(整齊)하지 않으면 항렬(行列)을 상실(喪失)합니다.
생각을 할 수 없고, 항렬(行列)을 잃는다면 장차 어떻게 전쟁(戰爭)할 수 있겠습니까?
초군(楚軍)은 아마도 신뢰(信賴)할 수 없을 듯합니다. ”라고 하였다."
1,춘추좌씨전6,319,whitespace_only,7,6,"범헌자(范獻子)가 숙손(叔孫)에게 재물(財物)을 요구하면서 사람을 보내어 〈숙손(叔孫)의〉 모자(帽子)를 요청한다고 하니,
숙손(叔孫)은 헌자(獻子)의 관법(冠法)(모자의 양식(樣式))을 가져오게 하여 〈그 양식(樣式)에 맞추어〉 모자 두 개를 만들어 주고서 “나의 모자는 이것이 다이다. ”고 하였다.
숙손(叔孫)을 속죄(贖罪)시키기 위해 신풍(申豐)이 재물(財物)을 가지고 진(晉)나라로 가니, 숙손(叔孫)이 말하기를 “나를 만나라.
내 너에게 뇌물을 쓸 곳을 일러주겠다. ”고 하였다.
신풍(申豐)이 숙손(叔孫)을 알현(謁見)하니 숙손(叔孫)은 그를 잡아두고 내보내지 않았다.
숙손(叔孫)과 함께 기(箕)에 거주(居住)하는 이인(吏人)이 숙손(叔孫)의 개를 달라고 요구해도 주지 않더니, 돌아오려 할 때에 미쳐서는 그 개를 잡아 그 이인(吏人)과 함께 먹었다.
숙손(叔孫)이 머문 곳에는 비록 하루를 머문 곳이라 해도 반드시 담장과 지붕을 수리(修理)하였으므로 떠날 때가 처음 왔을 때와 같았다.","범헌자(范獻子)가 숙손(叔孫)에게 재물(財物)을 요구하면서 사람을 보내어 〈숙손(叔孫)의〉 모자(帽子)를 요청한다고 하니, 숙손(叔孫)은 헌자(獻子)의 관법(冠法)(모자의 양식(樣式))을 가져오게 하여 〈그 양식(樣式)에 맞추어〉 모자 두 개를 만들어 주고서 “나의 모자는 이것이 다이다. ”고 하였다.
숙손(叔孫)을 속죄(贖罪)시키기 위해 신풍(申豐)이 재물(財物)을 가지고 진(晉)나라로 가니, 숙손(叔孫)이 말하기를 “나를 만나라.
내 너에게 뇌물을 쓸 곳을 일러주겠다. ”고 하였다.
신풍(申豐)이 숙손(叔孫)을 알현(謁見)하니 숙손(叔孫)은 그를 잡아두고 내보내지 않았다.
숙손(叔孫)과 함께 기(箕)에 거주(居住)하는 이인(吏人)이 숙손(叔孫)의 개를 달라고 요구해도 주지 않더니, 돌아오려 할 때에 미쳐서는 그 개를 잡아 그 이인(吏人)과 함께 먹었다.
숙손(叔孫)이 머문 곳에는 비록 하루를 머문 곳이라 해도 반드시 담장과 지붕을 수리(修理)하였으므로 떠날 때가 처음 왔을 때와 같았다."
1,춘추좌씨전7,68,whitespace_only,14,14,"겨울에 주(邾)나라 흑굉(黑肱)이 남읍(濫邑)을 가지고 노(魯)나라로 도망해 왔다.
그 지위(地位)가 비천(卑賤)한데도 경(經)에 그 이름을 기록한 것은 땅을 중하게 여겨서이다.
군자(君子)는 이에 대해 다음과 같이 논평(論評)하였다.
“이름을 얻는 일에 삼가지 않아서는 안 됨이 이와 같으니, 한때에 이름이 있는 것이 도리어 없는 것만 못함이 있기 때문이다.
한 지방(地方)을 점거(占據)하여 반란(叛亂)을 일으키면 비록 지위가 비천(卑賤)한 자라 하더라도 반드시 그 땅을 기록하고 그 이름을 기록하니, 영원히 의롭지 못한 사람이 되어 〈그 오명(惡名)을〉 지울 수 없게 된다.
그러므로 행동할 때에는 예(禮)를 생각하고 일을 처리할 때에는 의(義)를 생각하여, 이익을 위해 예(禮)를 어기지 않고 의(義)를 행하여 마음에 부끄러움이 없게 해야 한다.
≪춘추(春秋)≫에서 혹 이름나기를 구하였으되 도리어 그 이름을 기록하지 않고, 혹 악행(惡行)을 숨기고자 하였으되 도리어 그 이름을 드러내기도 한 것은 의롭지 못한 행위를 징벌(懲罰)한 것이다.
제표(齊豹)는 위(衛)나라의 사구(司寇)로 세습(世襲)한 대부(大夫)였으되 행위가 의롭지 못하니 《춘추(春秋)》에 ‘도(盜)’라고 기록하였고,
주(邾)나라 서기(庶其)와 거(莒)나라 모이(牟夷)와 주(邾)나라 흑굉(黑肱)이 토지(土地)를 가지고서 출분(出奔)한 것이 먹고살기를 구한 것일 뿐이고 이름나기를 구한 것이 아니었으되 그 지위가 비천한데도 《춘추(春秋)》에 반드시 그 이름을 기록하였으니, 이 두 사례(事例)는 방사(放肆)한 자를 징벌(懲罰)하고 탐욕스런 자를 물리친 것이다.
만약 몸소 화난(禍難)을 일으켜 대인(大人)을 위험에 빠뜨리고도 그 이름이 밝게 드러난다면 반란(叛亂)을 일으키려는 자들이 그 일에 달려들 것이고, 만약 성읍(城邑)을 절취(竊取)하고 임금을 배반하여 큰 이익을 바라고도 오명(惡名)이 없다면 이익을 탐하는 백성들이 그 일에 힘을 다할 것이다.
그러므로 《춘추(春秋)》에 제표(齊豹)를 ‘도(盜)’라고 기록하고 삼반인(三叛人)의 이름을 기록한 것은 불의(不義)를 징벌(懲罰)하고 악행(惡行)과 무례(無禮)를 꾸짖은 것이니 이는 참으로 기술(記述)을 잘한 것이다.
그러므로 《춘추(春秋)》의 서술(敍述)은 글은 은미(隱微)하되 뜻은 분명하고 말은 완곡(婉曲)하되 시비(是非)는 밝게 분변(分辨)하였으니,
윗사람이 능히 이 《춘추(春秋)》의 대의(大義)를 밝힌다면 선인(善人)을 권장(勸獎)하고 악인(惡人)을 두렵게 할 수 있다.
그러므로 군자(君子)가 《춘추(春秋)》를 귀중(貴重)하게 여긴다. ”","겨울에 주(邾)나라 흑굉(黑肱)이 남읍(濫邑)을 가지고 노(魯)나라로 도망해 왔다.
그 지위(地位)가 비천(卑賤)한데도 경(經)에 그 이름을 기록한 것은 땅을 중하게 여겨서이다.
군자(君子)는 이에 대해 다음과 같이 논평(論評)하였다.
“이름을 얻는 일에 삼가지 않아서는 안 됨이 이와 같으니, 한때에 이름이 있는 것이 도리어 없는 것만 못함이 있기 때문이다.
한 지방(地方)을 점거(占據)하여 반란(叛亂)을 일으키면 비록 지위가 비천(卑賤)한 자라 하더라도 반드시 그 땅을 기록하고 그 이름을 기록하니, 영원히 의롭지 못한 사람이 되어 〈그 오명(惡名)을〉 지울 수 없게 된다.
그러므로 행동할 때에는 예(禮)를 생각하고 일을 처리할 때에는 의(義)를 생각하여, 이익을 위해 예(禮)를 어기지 않고 의(義)를 행하여 마음에 부끄러움이 없게 해야 한다.
≪춘추(春秋)≫에서 혹 이름나기를 구하였으되 도리어 그 이름을 기록하지 않고, 혹 악행(惡行)을 숨기고자 하였으되 도리어 그 이름을 드러내기도 한 것은 의롭지 못한 행위를 징벌(懲罰)한 것이다.
제표(齊豹)는 위(衛)나라의 사구(司寇)로 세습(世襲)한 대부(大夫)였으되 행위가 의롭지 못하니 《춘추(春秋)》에 ‘도(盜)’라고 기록하였고,
주(邾)나라 서기(庶其)와 거(莒)나라 모이(牟夷)와 주(邾)나라 흑굉(黑肱)이 토지(土地)를 가지고서 출분(出奔)한 것이 먹고살기를 구한 것일 뿐이고 이름나기를 구한 것이 아니었으되 그 지위가 비천한데도 《춘추(春秋)》에 반드시 그 이름을 기록하였으니,
이 두 사례(事例)는 방사(放肆)한 자를 징벌(懲罰)하고 탐욕스런 자를 물리친 것이다.
만약 몸소 화난(禍難)을 일으켜 대인(大人)을 위험에 빠뜨리고도 그 이름이 밝게 드러난다면 반란(叛亂)을 일으키려는 자들이 그 일에 달려들 것이고, 만약 성읍(城邑)을 절취(竊取)하고 임금을 배반하여 큰 이익을 바라고도 오명(惡名)이 없다면 이익을 탐하는 백성들이 그 일에 힘을 다할 것이다.
그러므로 《춘추(春秋)》에 제표(齊豹)를 ‘도(盜)’라고 기록하고 삼반인(三叛人)의 이름을 기록한 것은 불의(不義)를 징벌(懲罰)하고 악행(惡行)과 무례(無禮)를 꾸짖은 것이니 이는 참으로 기술(記述)을 잘한 것이다.
그러므로 《춘추(春秋)》의 서술(敍述)은 글은 은미(隱微)하되 뜻은 분명하고 말은 완곡(婉曲)하되 시비(是非)는 밝게 분변(分辨)하였으니, 윗사람이 능히 이 《춘추(春秋)》의 대의(大義)를 밝힌다면 선인(善人)을 권장(勸獎)하고 악인(惡人)을 두렵게 할 수 있다.
그러므로 군자(君子)가 《춘추(春秋)》를 귀중(貴重)하게 여긴다. ”"
2,당송팔대가문초구양수3,46,whitespace_only,1,2,사씨(謝氏)의 시(詩)에 대한 서문 부인을 위해 쓴 서문인데 〈사씨(謝氏)의〉 형인 경산(景山)의 시와 어머니의 묘지명(墓誌銘)으로부터 골자(骨子)를 얻었다.,"사씨(謝氏)의 시(詩)에 대한 서문
부인을 위해 쓴 서문인데 〈사씨(謝氏)의〉 형인 경산(景山)의 시와 어머니의 묘지명(墓誌銘)으로부터 골자(骨子)를 얻었다."
2,당송팔대가문초구양수5,301,whitespace_only,5,7,"상유한(桑維翰)은 자(字)가 국교(國僑)이니 하남(河南) 사람이다.
모습이 추하고 괴상하여 키는 작고 얼굴은 길었다.
항상 거울을 보면서 스스로 기이하게 여기며 말하기를 “7척(尺)의 몸이 1척(尺)의 얼굴만 못하다. ”라고 하고는, 개연히 재상(宰相)이 되는 데 뜻을 두었다.
처음 진사시(進士試)에 응시했을 때, 시험을 주관하는 유사(有司)가 상유한의 성(姓)을 싫어하여 桑과 상(喪)이 같은 음이라고 하니, 어떤 사람이 “굳이 진사에 응시할 것이 없으니, 다른 방법으로 벼슬을 구하는 게 좋겠다. ”라고 권하였다.
그러자 상유한이 분개하여 이에 〈일출부상부(日出扶桑賦)〉를 지어 자신의 뜻을 나타내고, 또 무쇠 벼루를 주조하여 다른 사람에게 보이면서 말하기를 “벼루가 닳으면 마음을 바꿔 다른 방법으로 벼슬하겠다. ”라고 하더니, 마침내 진사에 급제하였다.","상유한(桑維翰)은 자(字)가 국교(國僑)이니 하남(河南) 사람이다.
모습이 추하고 괴상하여 키는 작고 얼굴은 길었다.
항상 거울을 보면서 스스로 기이하게 여기며 말하기를 “7척(尺)의 몸이 1척(尺)의 얼굴만 못하다. ”라고 하고는, 
개연히 재상(宰相)이 되는 데 뜻을 두었다.
처음 진사시(進士試)에 응시했을 때, 시험을 주관하는 유사(有司)가 상유한의 성(姓)을 싫어하여 桑과 상(喪)이 같은 음이라고 하니, 어떤 사람이 “굳이 진사에 응시할 것이 없으니, 다른 방법으로 벼슬을 구하는 게 좋겠다. ”라고 권하였다. 
그러자 상유한이 분개하여 이에 〈일출부상부(日出扶桑賦)〉를 지어 자신의 뜻을 나타내고, 또 무쇠 벼루를 주조하여 다른 사람에게 보이면서 말하기를 “벼루가 닳으면 마음을 바꿔 다른 방법으로 벼슬하겠다. ”라고 하더니, 
마침내 진사에 급제하였다."
2,당송팔대가문초구양수6,4,normalization_only,3,3,"정오의 절조가 드높은지라 난세를 만나 영예와 이익에 물들지 않고서 처자를 버리고 돌아보지도 않고 떠나기까지 하였으니, 어찌 세상과 단절하고 일신(一身)만 몹시도 아낀 자가 아니겠는가.
그러나 정오는 음주와 바둑을 좋아하였고 때때로 시문(詩文)을 지어 그 시문이 인간 세상에 남아 있으니 사람들이 그 글을 흰 명주 비단에 많이 베껴 서로 선물하면서 보배로 여겼다.
어떤 사람은 그 형상을 그림으로 그려 집 벽에다 걸어두고 완상하기까지 하였으니 그의 자취는 비록 멀어졌어도 그 이름은 더욱 드러나 석문(石門)의 문지기나 하조장인(荷蓧丈人)의 무리와는 달랐다.","정오의 절조가 드높은지라 난세를 만나 영예와 이익에 물들지 않고서 처자를 버리고 돌아보지도 않고 떠나기까지 하였으니,  어찌 세상과 단절하고 일신(一身)만 몹시도 아낀 자가 아니겠는가.
그러나 정오는 음주와 바둑을 좋아하였고 때때로 시문(詩文)을 지어 그 시문이 인간 세상에 남아 있으니 사람들이 그 글을 흰 명주 비단에 많이 베껴 서로 선물하면서 보배로 여겼다.
어떤 사람은 그 형상을 그림으로 그려 집 벽에다 걸어두고 완상하기까지 하였으니 그의 자취는 비록 멀어졌어도 그 이름은 더욱 드러나 석문(石門)의 문지기나 하조장인(荷蓧丈人)의 무리와는 달랐다."
2,당송팔대가문초소순1,229,normalization_only,19,19,"중국(中國)은 내부(內部)요, 사방 이적(夷狄)은 외부(外部)이다.
우환(憂患)이 내부에 있는 것이 근본적(根本的)인 문제이고, 우환이 외부에 있는 것은 지엽적(枝葉的)인 문제이다.
대저 천하에 내우(內憂)가 없으면 반드시 외환(外患)이 있기 마련이다.
근본이 견고하면, 어찌 그 지엽적인 것을 내려놓고 쉬지 않겠는가?
대답은 “아직은 아니다. ”라고 하겠다.
옛날 이적(夷狄)에 대한 근심은 외적(外的)인 것이었지만, 지금 이적(夷狄)에 대한 근심은 내적(內的)인 것이다.
그 지엽적인 것을 내려놓는 것은 괜찮지만, 나는 지금의 이적(夷狄)에 대한 근심을 지엽적인 것이라 인식하지 않는다.
지난날 이적(夷狄)의 세력이 크게 약했을 때에는 신하로 복종하였고 조금 약했을 때에는 달아나 숨었으며, 그들의 세력이 크게 강성했을 때에는 침략을 해왔고 조금 강성했을 때에는 노략질을 하였다.
우리의 군대가 정예화되고 식량이 풍족하며, 장수가 현명하고 군사가 용감하면, 환난이 중원(中原)에 이르지 않는다.
이와 같은 상황이면 외우(外憂)라고 해도 괜찮을 것이다.
지금의 만이(蠻夷)에게는 잠시라도 그들이 신하로 복종하거나 달아나 숨기를 바랄 수 없고, 그들의 뜻이 침략하여 노략질에 그치기를 바라지만 기대할 수가 없다.
북쪽 오랑캐의 교만(驕慢)함과 방자(放恣)함은 오래되어, 해마다 금전과 비단을 요구하는 것이 수십만을 헤아린다.
지난날 우리에게 있은 서하(西夏)의 변란을 다행으로 여겨 불손한 말을 하면서 우리 중국을 흔들었다.
천자께서 차마 변방 백성들을 또다시 전쟁에 시달리게 할 수 없으시니, 이 때문에 오랑캐들은 나날이 교만해져 요구하는 세폐(歲幣) 또한 나날이 늘어나, 지금에 이르러서는 수십 수백만이나 되는데도 오히려 불만스럽게 그들의 욕심을 아직 다 채우지 못한 듯, 중국(中國)을 마치 외부의 창고나 되는 것처럼 본다.
그렇다면 그 형세상 또 어찌 수백만에만 그치겠는가?
세폐(歲幣)가 많아지면 거두는 세금이 무겁지 않을 수 없고, 세금이 무거워지면 백성들이 손상되지 않을 수 없다.
그러므로 비록 명분이야 백성들을 쉬게 한다 하지만, 그 실상은 백성들의 죽음을 아끼려다 그 삶을 손상시키는 것이다.
이름은 외우(外憂)라 하지만 실상은 내우(內憂)인 것이다.
외우(外憂)를 제거하지 못해도 성인(聖人)은 오히려 부끄럽게 여겼는데, 내우(內憂)가 생겼는데도 해결할 계책을 세우지 않으니, 나는 천하가 오래도록 편안하면서 변란이 없을지 모르겠다.","중국(中國)은 내부(內部)요, 사방 이적(夷狄)은 외부(外部)이다.
우환(憂患)이 내부에 있는 것이 근본적(根本的)인 문제이고, 우환이 외부에 있는 것은 지엽적(枝葉的)인 문제이다.
대저 천하에 내우(內憂)가 없으면 반드시 외환(外患)이 있기 마련이다.
근본이 견고하면, 어찌 그 지엽적인 것을 내려놓고 쉬지 않겠는가?
대답은 “아직은 아니다. ”라고 하겠다.
옛날 이적(夷狄)에 대한 근심은 외적(外的)인 것이었지만, 지금 이적(夷狄)에 대한 근심은 내적(內的)인 것이다.
그 지엽적인 것을 내려놓는 것은 괜찮지만, 나는 지금의 이적(夷狄)에 대한 근심을 지엽적인 것이라 인식하지 않는다.
지난날 이적(夷狄)의 세력이 크게 약했을 때에는 신하로 복종하였고 조금 약했을 때에는 달아나 숨었으며, 그들의 세력이 크게 강성했을 때에는 침략을 해왔고 조금 강성했을 때에는 노략질을 하였다.
우리의 군대가 정예화되고 식량이 풍족하며, 장수가 현명하고 군사가 용감하면, 환난이 중원(中原)에 이르지 않는다.
이와 같은 상황이면 외우(外憂)라고 해도 괜찮을 것이다.
지금의 만이(蠻夷)에게는 잠시라도 그들이 신하로 복종하거나 달아나 숨기를 바랄 수 없고, 그들의 뜻이 침략하여 노략질에 그치기를 바라지만 기대할 수가 없다. 
북쪽 오랑캐의 교만(驕慢)함과 방자(放恣)함은 오래되어, 해마다 금전과 비단을 요구하는 것이 수십만을 헤아린다.
지난날 우리에게 있은 서하(西夏)의 변란을 다행으로 여겨 불손한 말을 하면서 우리 중국을 흔들었다.
천자께서 차마 변방 백성들을 또다시 전쟁에 시달리게 할 수 없으시니,  이 때문에 오랑캐들은 나날이 교만해져 요구하는 세폐(歲幣) 또한 나날이 늘어나, 지금에 이르러서는 수십 수백만이나 되는데도 오히려 불만스럽게 그들의 욕심을 아직 다 채우지 못한 듯, 중국(中國)을 마치 외부의 창고나 되는 것처럼 본다.
그렇다면 그 형세상 또 어찌 수백만에만 그치겠는가?
세폐(歲幣)가 많아지면 거두는 세금이 무겁지 않을 수 없고, 세금이 무거워지면 백성들이 손상되지 않을 수 없다.
그러므로 비록 명분이야 백성들을 쉬게 한다 하지만, 그 실상은 백성들의 죽음을 아끼려다 그 삶을 손상시키는 것이다.
이름은 외우(外憂)라 하지만 실상은 내우(內憂)인 것이다.
외우(外憂)를 제거하지 못해도 성인(聖人)은 오히려 부끄럽게 여겼는데, 내우(內憂)가 생겼는데도 해결할 계책을 세우지 않으니, 나는 천하가 오래도록 편안하면서 변란이 없을지 모르겠다."
2,당송팔대가문초소순1,376,whitespace_only,16,15,"삼대(三代) 때에는 온 천하의 백성들이 다 병사(兵士)였다.
병사(兵士)와 민간(民間)이 나뉜 것은 진(秦)․한(漢) 때부터 시작되었다.
삼대(三代) 때에 천자(天子)의 명(命)을 거역한 제후(諸侯)가 있었다는 말은 들어보았지만, 병졸들이 소리치며 마음대로 횡포한 짓을 했다는 말은 들어보지 못하였다.
진(秦)․한(漢) 이후로 제후(諸侯)의 환란이 삼대(三代)보다 줄지 않았고, 병졸을 통솔하는 자들이 마치 기르던 호랑이와 표범이 우리가 부서지자 포효하며 사방으로 뛰쳐나오듯 하였으니, 그 까닭이 무엇이었던가?
삼대(三代)의 병사들은 직접 농사지어 먹고 양잠(養蠶)하여 입었으므로 수고로웠고, 수고로우면 착한 마음이 생긴다.
진(秦)․한(漢) 이후에는 이른바 병사란 자들이 다 편안히 앉아서 조정으로부터 입고 먹으니 교만해졌고, 교만해지면 못하는 짓이 없다.
삼대(三代)의 병사들은 다 일반 백성들이었으니, 노유(老幼)가 서로 양육해주고 병이 나면 서로 돌보아주며, 나가서는 서로 예양(禮讓)하고 들어와서는 서로 자효(慈孝)하며,
근심이 있으면 서로 위로하고 기쁜 일이 있으면 서로 축하하여, 그 풍속(風俗)이 넉넉하고 온화하였다.
그러므로 그때의 병사들은 법(法)을 두려워하고 자중(自重)하였다.
진(秦)․한(漢) 이후에는 일반 백성들도 삼대시대(三代時代)에 비하면 이미 야박해졌는데, 하물며 소위 병사라는 자들은 바로 일반 백성들 중에서도 특히 흉포하고 교활한 자들이었다.
그러므로 늘 법을 무시하고 자포자기하였다.
대저 백성은 직접 농사지어 먹고 양잠하여 입으면서, 불행히 부족하더라도 오히려 통치자를 책망하지는 않는다.
지금 그들에게 “너는 농사도 짓지 말고 너는 양잠도 하지 말고 나의 병사가 되면, 내가 너를 입히고 먹일 것이다. ”라고 말하고서, 훗날 한 번이라도 그들의 욕망을 충족시켜 주지 못하면, 그들은 장차 “지난날 나에게 농사도 짓지 말고 양잠도 하지 말라고 하더니, 지금 나에게 넉넉하게 해주지 않는다! ”라고 할 것이다.
그렇게 되면 원망이 이로부터 생겨날 것이다.
대저 착한 마음을 가진 백성들은 법을 두려워하고 자중하면서 통치자를 탓하지 않으니, 그들이 난을 일으키고자 하여도 할 수가 없다.
이미 교만해졌을 뿐만 아니라 또 법을 무시하고 자포자기하여 그 윗사람을 원망하니, 그들이 난을 일으키지 않고자 하여도 할 수가 없다.","삼대(三代) 때에는 온 천하의 백성들이 다 병사(兵士)였다.
병사(兵士)와 민간(民間)이 나뉜 것은 진(秦)․한(漢) 때부터 시작되었다.
삼대(三代) 때에 천자(天子)의 명(命)을 거역한 제후(諸侯)가 있었다는 말은 들어보았지만, 병졸들이 소리치며 마음대로 횡포한 짓을 했다는 말은 들어보지 못하였다.
진(秦)․한(漢) 이후로 제후(諸侯)의 환란이 삼대(三代)보다 줄지 않았고, 병졸을 통솔하는 자들이 마치 기르던 호랑이와 표범이 우리가 부서지자 포효하며 사방으로 뛰쳐나오듯 하였으니,  그 까닭이 무엇이었던가?
삼대(三代)의 병사들은 직접 농사지어 먹고 양잠(養蠶)하여 입었으므로 수고로웠고, 수고로우면 착한 마음이 생긴다.
진(秦)․한(漢) 이후에는 이른바 병사란 자들이 다 편안히 앉아서 조정으로부터 입고 먹으니 교만해졌고, 교만해지면 못하는 짓이 없다.
삼대(三代)의 병사들은 다 일반 백성들이었으니, 노유(老幼)가 서로 양육해주고 병이 나면 서로 돌보아주며, 나가서는 서로 예양(禮讓)하고 들어와서는 서로 자효(慈孝)하며, 근심이 있으면 서로 위로하고 기쁜 일이 있으면 서로 축하하여, 그 풍속(風俗)이 넉넉하고 온화하였다.
그러므로 그때의 병사들은 법(法)을 두려워하고 자중(自重)하였다.
진(秦)․한(漢) 이후에는 일반 백성들도 삼대시대(三代時代)에 비하면 이미 야박해졌는데, 하물며 소위 병사라는 자들은 바로 일반 백성들 중에서도 특히 흉포하고 교활한 자들이었다.
그러므로 늘 법을 무시하고 자포자기하였다.
대저 백성은 직접 농사지어 먹고 양잠하여 입으면서, 불행히 부족하더라도 오히려 통치자를 책망하지는 않는다.
지금 그들에게 “너는 농사도 짓지 말고 너는 양잠도 하지 말고 나의 병사가 되면, 내가 너를 입히고 먹일 것이다. ”라고 말하고서,  훗날 한 번이라도 그들의 욕망을 충족시켜 주지 못하면, 그들은 장차 “지난날 나에게 농사도 짓지 말고 양잠도 하지 말라고 하더니, 지금 나에게 넉넉하게 해주지 않는다! ”라고 할 것이다. 
그렇게 되면 원망이 이로부터 생겨날 것이다.
대저 착한 마음을 가진 백성들은 법을 두려워하고 자중하면서 통치자를 탓하지 않으니, 그들이 난을 일으키고자 하여도 할 수가 없다.
이미 교만해졌을 뿐만 아니라 또 법을 무시하고 자포자기하여 그 윗사람을 원망하니, 그들이 난을 일으키지 않고자 하여도 할 수가 없다."
2,당송팔대가문초소식2,48,whitespace_only,8,9,"여러 곳의 도적을 살펴보니, 태반은 조사를 받고 감형(減刑)을 받았거나 재상(災傷)을 당한 지방에서 사형(死刑)을 사면받은 사람들로, 이들이 옛날 살던 곳으로 돌아와서 원한을 품고 복수를 하여 이것이 가장 심한 폐해가 되고 있습니다.
도적들은 자신을 죽이지는 않는다는 것을 스스로 알아서 가볍게 법을 범하고, 인호(人戶)들은 그들이 다시 올 것을 우려하여 감히 고발하지 못합니다.
그래서 도적들이 공공연히 횡행하는 것입니다.
죄인들이 스스로 말하는 것을 자세히 조사해보니, 이들은 모두 말이 궁하고 논리가 어긋나 형편상 반드시 죄를 면할 수가 없는 자들로, 본래 개과천선하고자 하는 뜻이 없는데, 무슨 민망히 여길 일이 있어서 홀로 이들의 죄를 가볍게 하여 이들로 하여금 다시 죄를 범하게 하고, 같은 무리들 가운데 홀로 죽음을 면치 못하게 한단 말입니까?
그리고 재상(災傷)으로 도적이 된 경우는 비록 칙령을 내리지 않았으나 칙령을 내린 것이나 마찬가지로 실행되고 있어서 도적과 소민(小民)들이 이를 모르는 자가 없는데, 다만 변주(變主)를 상해하지 않았으면 죽음을 면한다는 것을 의심하는 자가 없습니다.
그리고 또 변주(變主)를 상해하지 않은 자들은 정리상(情理上) 우연히 변주(變主)를 상해한 자들보다 죄가 가볍지 않습니다.
혹 무리를 많이 모으고 혹 병기를 많이 마련하며 혹 복식을 남과 다르게 표시하고 혹 변주(變主)를 인질로 삼아 겁박하며 혹 평민들을 사로잡아 몰아치며 혹 가난한 백성들에게 뇌물을 주어 자신의 이목(耳目)(첩자)으로 만들며 혹 길가나 노점에다가 나쁜 말을 써붙여서 관청과 백성들에게 공갈을 치니,
이와 같은 부류들은 비록 우연히 사람을 상해하지 않았다 하더라도 정리상(情理上) 죄가 지극히 무거워서, 양식이 없는 사람이 구차하게 하찮은 양식을 도둑질한 죄에 그칠 뿐이 아닙니다.","여러 곳의 도적을 살펴보니, 태반은 조사를 받고 감형(減刑)을 받았거나 재상(災傷)을 당한 지방에서 사형(死刑)을 사면받은 사람들로, 이들이 옛날 살던 곳으로 돌아와서 원한을 품고 복수를 하여 이것이 가장 심한 폐해가 되고 있습니다.
도적들은 자신을 죽이지는 않는다는 것을 스스로 알아서 가볍게 법을 범하고, 인호(人戶)들은 그들이 다시 올 것을 우려하여 감히 고발하지 못합니다.
그래서 도적들이 공공연히 횡행하는 것입니다.
죄인들이 스스로 말하는 것을 자세히 조사해보니, 이들은 모두 말이 궁하고 논리가 어긋나 형편상 반드시 죄를 면할 수가 없는 자들로, 본래 개과천선하고자 하는 뜻이 없는데, 무슨 민망히 여길 일이 있어서 홀로 이들의 죄를 가볍게 하여 이들로 하여금 다시 죄를 범하게 하고, 같은 무리들 가운데 홀로 죽음을 면치 못하게 한단 말입니까?
그리고 재상(災傷)으로 도적이 된 경우는 비록 칙령을 내리지 않았으나 칙령을 내린 것이나 마찬가지로 실행되고 있어서 도적과 소민(小民)들이 이를 모르는 자가 없는데, 다만 변주(變主)를 상해하지 않았으면 죽음을 면한다는 것을 의심하는 자가 없습니다.
그리고 또 변주(變主)를 상해하지 않은 자들은 정리상(情理上) 우연히 변주(變主)를 상해한 자들보다 죄가 가볍지 않습니다.
혹 무리를 많이 모으고 혹 병기를 많이 마련하며 혹 복식을 남과 다르게 표시하고 혹 변주(變主)를 인질로 삼아 겁박하며
혹 평민들을 사로잡아 몰아치며 혹 가난한 백성들에게 뇌물을 주어 자신의 이목(耳目)(첩자)으로 만들며 혹 길가나 노점에다가 나쁜 말을 써붙여서 관청과 백성들에게 공갈을 치니,
이와 같은 부류들은 비록 우연히 사람을 상해하지 않았다 하더라도 정리상(情理上) 죄가 지극히 무거워서, 양식이 없는 사람이 구차하게 하찮은 양식을 도둑질한 죄에 그칠 뿐이 아닙니다."
2,당송팔대가문초소식4,387,whitespace_only,6,7,"다음과 같이 찬(贊)한다.
내가 제공(諸公)과 장자(長者)들에게 들으니, ‘진공필(陳公弼)은 얼굴 모습이 엄하고 싸늘하며 말씀이 확실하고 과묵하며, 면전에서 남을 꺾기를 좋아하였다.
사대부(士大夫)들이 서로 잔치하고 놀다가도 공필(公弼)이 온다는 말을 들으면 말과 웃음에 재미가 적고 술을 마셔도 즐겁지 않아서, 앉아 있던 사람들이 차츰 몸을 일으켜 떠나갔다. ’라고 하였다.
공(公)의 타고난 자품(資品)이 이와 같았으나 공(公)은 남보다 뛰어나게 확립한 바가 있었다.
간대부(諫大夫) 정창(鄭昌)이 말하기를 “산(山)에 맹수가 있으면 사람들이 명아주와 콩잎도 채취하지 못한다. ”라고 하였으며, 회남왕(淮南王) 유안(劉安)이 반란을 도모하면서 논하기를 “공손승상(公孫丞相)(공손홍(公孫弘))은 뒤집어쓰고 있는 것을 벗기는 것처럼 설득하기 쉽고, 내가 두려워하는 사람은 오직 급암(汲黯)뿐이다. ”라고 하였으니,
만약 공필(公弼)이 단정하게 조복을 입고 조정에 서 있었다면 그 위엄이 천 리의 밖에서도 적군을 물리칠 수 있었을 것이다.","다음과 같이 찬(贊)한다.
내가 제공(諸公)과 장자(長者)들에게 들으니, ‘진공필(陳公弼)은 얼굴 모습이 엄하고 싸늘하며 말씀이 확실하고 과묵하며, 면전에서 남을 꺾기를 좋아하였다.
사대부(士大夫)들이 서로 잔치하고 놀다가도 공필(公弼)이 온다는 말을 들으면 말과 웃음에 재미가 적고 술을 마셔도 즐겁지 않아서, 앉아 있던 사람들이 차츰 몸을 일으켜 떠나갔다. ’라고 하였다.
공(公)의 타고난 자품(資品)이 이와 같았으나 공(公)은 남보다 뛰어나게 확립한 바가 있었다.
간대부(諫大夫) 정창(鄭昌)이 말하기를 “산(山)에 맹수가 있으면 사람들이 명아주와 콩잎도 채취하지 못한다. ”라고 하였으며,
회남왕(淮南王) 유안(劉安)이 반란을 도모하면서 논하기를 “공손승상(公孫丞相)(공손홍(公孫弘))은 뒤집어쓰고 있는 것을 벗기는 것처럼 설득하기 쉽고, 내가 두려워하는 사람은 오직 급암(汲黯)뿐이다. ”라고 하였으니,
만약 공필(公弼)이 단정하게 조복을 입고 조정에 서 있었다면 그 위엄이 천 리의 밖에서도 적군을 물리칠 수 있었을 것이다."
2,당송팔대가문초소식5,24,whitespace_only,5,4,"후세의 군자(君子)들은 실(實)이 지극하지 못하면서 모두 건방진 마음을 가지고 있었다.
그래서 장무중(臧武仲)은 자신을 성인(聖人)이라 여겼고, 백규(白圭)는 자신을 우(禹)임금이라 여겼고, 사마장경(司馬長卿)은 자기 이름을 상여(相如)라 하였고,
양웅(揚雄)은 자신을 맹가(孟軻)라 하였고, 최호(崔浩)는 자신을 자방(子房)이라 하였다.
그러나 세상에서는 끝내 그들에게 이것을 인정해주지 않았다.
이것을 가지고 살펴보면 충헌공(忠獻公)은 보통 사람보다 훨씬 훌륭한 분인 것이다.","후세의 군자(君子)들은 실(實)이 지극하지 못하면서 모두 건방진 마음을 가지고 있었다.
그래서 장무중(臧武仲)은 자신을 성인(聖人)이라 여겼고, 백규(白圭)는 자신을 우(禹)임금이라 여겼고, 사마장경(司馬長卿)은 자기 이름을 상여(相如)라 하였고, 양웅(揚雄)은 자신을 맹가(孟軻)라 하였고, 최호(崔浩)는 자신을 자방(子房)이라 하였다.
그러나 세상에서는 끝내 그들에게 이것을 인정해주지 않았다.
이것을 가지고 살펴보면 충헌공(忠獻公)은 보통 사람보다 훨씬 훌륭한 분인 것이다."
2,당송팔대가문초소식5,337,whitespace_only,1,2,"농사에 대한 설(說) 장호(張琥)를 전송하다 근본을 학문에 돌렸으니, 식견이 있다.","농사에 대한 설(說) 장호(張琥)를 전송하다
근본을 학문에 돌렸으니, 식견이 있다."
2,당송팔대가문초왕안석1,399,whitespace_only,12,12,"가묘(家廟)에 대하여 지금 시행되고 있는 법(法)을 기준으로 하여 형량(衡量)해 본다면, 아마도 족하(足下)께서는 가묘를 세울 수가 없을 것입니다.
족하(足下)께서 비록 아는 것이 많으시지만, 식자(識者)들과 이에 대해 토론해 보시기 바랍니다.
만약 진사시(進士試)에 갑과(甲科)로 합격하여 통판(通判)이 되셨고, 통판께서 근무하던 관서(官署)에 경치가 좋은 지대(池臺)와 죽림(竹林)이 있다 해도, 이것이 어찌 족히 태부인(太夫人)의 영예가 될 것이 있기에 기필코 명문(銘文)에 수록하고자 하시는 것입니까.
귀(貴)하기는 천자(天子)가 되고 부(富)하기는 천하(天下)를 소유했다 해도 진실로 도(道)를 실천할 수 없다면 바로 부모의 부끄러움이 되기에 족한데, 하물며 갑과(甲科)에 합격했던 일개(一個) 통판(通判)이야 더 말할 것이 있겠습니까.
진실로 사(辭)나 부(賦)를 대강 지을 줄 알게 되면 비록 시정(市井)의 소인배(小人輩)들도 모두 갑과(甲科)에 합격하여 통판(通判)이 될 수는 있는 것이니, 어찌 족히 말할 것이 있겠습니까.
어찌 족히 말할 것이 있겠습니까.
그 때문에 명문(銘文)에 “여항지사(閭巷之士)들이 태부인(太夫人)의 영예로 여겼다. ”라고 말한 것은, 천하(天下)의 유식자(有識者)들은 여항지사(閭巷之士)와는 달리 통판(通判) 정도의 소리(小吏)직을 얻고 잃음으로 인하여 그 마음속에 비환(悲歡)과 영욕(榮辱)으로 여기지는 않는다는 것을 밝힌 것으로,
태부인께서도 여항지사들의 생각에 동의하시지 않으시고 천하의 유식자들과 뜻을 같이하셨으니, 이것이 현명하신 소이(所以)이고 명문(銘文)에 수록되어야 마땅한 것입니다.
여러 손자(孫子)들에 이르러서는 또한 명문(銘文)에 나열하는 것이 마땅하지 않으니, 누구인들 아들 다섯에 일곱 손자를 두지 않은 이가 있겠습니까.
일곱 손자들이 하는 일에 칭찬할 만한 것이 있으면 명문에 생략하는 것이 본시 마땅하지 않겠지만, 만약 모두가 어려서 현명한지 못났는지를 알 수가 없는데도 이를 나열해 놓는다면 이것이 어찌 의리상 합당한 일이겠습니까.
다른 모든 일은 다 말씀드리지 않겠으니, 족하께서 마땅히 유식자(有識者)들과 상의해 보시기를 바랍니다.
남쪽으로 더욱 멀리 떠나 있으니, 군자(君子)께서는 오직 신중(愼重)하게 자애(自愛)하시고 자중(自重)하시기를 빌 뿐입니다.","가묘(家廟)에 대하여 지금 시행되고 있는 법(法)을 기준으로 하여 형량(衡量)해 본다면, 아마도 족하(足下)께서는 가묘를 세울 수가 없을 것입니다.
족하(足下)께서 비록 아는 것이 많으시지만, 식자(識者)들과 이에 대해 토론해 보시기 바랍니다.
만약 진사시(進士試)에 갑과(甲科)로 합격하여 통판(通判)이 되셨고, 통판께서 근무하던 관서(官署)에 경치가 좋은 지대(池臺)와 죽림(竹林)이 있다 해도, 이것이 어찌 족히 태부인(太夫人)의 영예가 될 것이 있기에 기필코 명문(銘文)에 수록하고자 하시는 것입니까.
귀(貴)하기는 천자(天子)가 되고 부(富)하기는 천하(天下)를 소유했다 해도 진실로 도(道)를 실천할 수 없다면 바로 부모의 부끄러움이 되기에 족한데, 하물며 갑과(甲科)에 합격했던 일개(一個) 통판(通判)이야 더 말할 것이 있겠습니까.
진실로 사(辭)나 부(賦)를 대강 지을 줄 알게 되면 비록 시정(市井)의 소인배(小人輩)들도 모두 갑과(甲科)에 합격하여 통판(通判)이 될 수는 있는 것이니, 어찌 족히 말할 것이 있겠습니까.
어찌 족히 말할 것이 있겠습니까.
그 때문에 명문(銘文)에 “여항지사(閭巷之士)들이 태부인(太夫人)의 영예로 여겼다. ”라고 말한 것은,
천하(天下)의 유식자(有識者)들은 여항지사(閭巷之士)와는 달리 통판(通判) 정도의 소리(小吏)직을 얻고 잃음으로 인하여 그 마음속에 비환(悲歡)과 영욕(榮辱)으로 여기지는 않는다는 것을 밝힌 것으로, 태부인께서도 여항지사들의 생각에 동의하시지 않으시고 천하의 유식자들과 뜻을 같이하셨으니, 이것이 현명하신 소이(所以)이고 명문(銘文)에 수록되어야 마땅한 것입니다.
여러 손자(孫子)들에 이르러서는 또한 명문(銘文)에 나열하는 것이 마땅하지 않으니, 누구인들 아들 다섯에 일곱 손자를 두지 않은 이가 있겠습니까.
일곱 손자들이 하는 일에 칭찬할 만한 것이 있으면 명문에 생략하는 것이 본시 마땅하지 않겠지만, 만약 모두가 어려서 현명한지 못났는지를 알 수가 없는데도 이를 나열해 놓는다면 이것이 어찌 의리상 합당한 일이겠습니까.
다른 모든 일은 다 말씀드리지 않겠으니, 족하께서 마땅히 유식자(有識者)들과 상의해 보시기를 바랍니다.
남쪽으로 더욱 멀리 떠나 있으니, 군자(君子)께서는 오직 신중(愼重)하게 자애(自愛)하시고 자중(自重)하시기를 빌 뿐입니다."
2,당송팔대가문초왕안석2,73,whitespace_only,9,9,"군자(君子)가 실수를 범하지 않고자 하는 것이 세 가지 있으니, 남에게 낯빛을 변하는 실수를 범하지 않으려 하고, 남에게 말을 잘못하는 실수를 범하지 않으려 하고, 남에게 거동을 장중하게 하지 못하는 실수를 범하지 않으려 하는 것이다.
낯빛을 변하지 않는다는 것은 용모가 순일(純一)한 것이고, 말을 잘못하지 않는다는 것은 말하고 침묵함이 순일(純一)한 것이며, 처신을 장중하게 하지 못하는 실수를 범하지 않는다는 것은 가고 그침을 순일(純一)하게 하는 것이다.
군자(君子)의 도(道)는 그 큰 것을 말한다면 천지(天地)로도 포용하기에 부족하고, 그 작은 것을 말한다면 가을 터럭의 끝보다도 작아서 보이지 않으며, 그 굳셈을 말한다면 천하에 대적할 상대가 없고, 그 간략함을 말한다면 문자(文字)로 표현하여 전할 수가 없다.
성인(聖人)이 남기신 말씀에 “대례(大禮)는 천지(天地)와 더불어 그 법도(法度)를 함께하고, 대악(大樂)은 천지와 더불어 그 조화(調和)를 함께한다. ” 하였으니, 이는 성(性)에 대하여 말한 것이다.
대례(大禮)는 성(性)의 중도(中道)에 맞는 것이고 대악(大樂)은 성(性)이 조화롭게 발현(發現)된 것이니, 중용(中庸)의 도(道)에 맞고 조화롭게 발현된 인정(人情)은 천지(天地)의 신명(神明)에 통하는 것이다.
그러므로 성인(聖人)이 대례(大禮) 대악(大樂)의 정수(精髓)를 간직하여 이에 맞게 연주하자 봉황(鳳凰)이 내려와 춤을 추었고, 오사(五事)를 잘 닦자 음양(陰陽)이 형통(亨通)하게 되었으며, 이에 천지(天地)가 바르게 자리를 잡고 삼광(三光)이 밝게 빛났으며, 네 계절이 순조롭게 운행되어 만물이 조화를 이루게 되었다고 한 것이다.
≪시경(詩經)≫에 이르기를 “학(鶴)이 굽이굽이 펼쳐진 깊숙한 소택(沼澤)에서 우니, 그 소리가 하늘에까지 들렸노라. ”라고 하였다.
그러므로 맹자(孟子)가 이르기를 “나는 나의 호연지기(浩然之氣)를 잘 기르니 하늘과 땅 사이에 가득 차게 되었다. ”라고 한 것이며, 양자(揚子)가 이르기를 “모(貌)와 언(言)과 시(視)와 청(聽)과 사(思)는 천성(天性)으로 소유(所有)한 것이다. ”라고 하고, “하늘에 마음을 기울이면 하늘의 이치를 알고, 땅에 마음을 기울이면 땅의 이치를 안다. ”
한 것이다.","군자(君子)가 실수를 범하지 않고자 하는 것이 세 가지 있으니, 남에게 낯빛을 변하는 실수를 범하지 않으려 하고, 남에게 말을 잘못하는 실수를 범하지 않으려 하고, 남에게 거동을 장중하게 하지 못하는 실수를 범하지 않으려 하는 것이다.
낯빛을 변하지 않는다는 것은 용모가 순일(純一)한 것이고, 말을 잘못하지 않는다는 것은 말하고 침묵함이 순일(純一)한 것이며, 처신을 장중하게 하지 못하는 실수를 범하지 않는다는 것은 가고 그침을 순일(純一)하게 하는 것이다.
군자(君子)의 도(道)는 그 큰 것을 말한다면 천지(天地)로도 포용하기에 부족하고, 그 작은 것을 말한다면 가을 터럭의 끝보다도 작아서 보이지 않으며, 그 굳셈을 말한다면 천하에 대적할 상대가 없고, 그 간략함을 말한다면 문자(文字)로 표현하여 전할 수가 없다.
성인(聖人)이 남기신 말씀에 “대례(大禮)는 천지(天地)와 더불어 그 법도(法度)를 함께하고, 대악(大樂)은 천지와 더불어 그 조화(調和)를 함께한다. ” 하였으니, 이는 성(性)에 대하여 말한 것이다.
대례(大禮)는 성(性)의 중도(中道)에 맞는 것이고 대악(大樂)은 성(性)이 조화롭게 발현(發現)된 것이니, 중용(中庸)의 도(道)에 맞고 조화롭게 발현된 인정(人情)은 천지(天地)의 신명(神明)에 통하는 것이다.
그러므로 성인(聖人)이 대례(大禮) 대악(大樂)의 정수(精髓)를 간직하여 이에 맞게 연주하자 봉황(鳳凰)이 내려와 춤을 추었고, 오사(五事)를 잘 닦자 음양(陰陽)이 형통(亨通)하게 되었으며, 이에 천지(天地)가 바르게 자리를 잡고 삼광(三光)이 밝게 빛났으며, 네 계절이 순조롭게 운행되어 만물이 조화를 이루게 되었다고 한 것이다.
≪시경(詩經)≫에 이르기를 “학(鶴)이 굽이굽이 펼쳐진 깊숙한 소택(沼澤)에서 우니, 그 소리가 하늘에까지 들렸노라. ”라고 하였다.
그러므로 맹자(孟子)가 이르기를 “나는 나의 호연지기(浩然之氣)를 잘 기르니 하늘과 땅 사이에 가득 차게 되었다. ”라고 한 것이며,
양자(揚子)가 이르기를 “모(貌)와 언(言)과 시(視)와 청(聽)과 사(思)는 천성(天性)으로 소유(所有)한 것이다. ”라고 하고, “하늘에 마음을 기울이면 하늘의 이치를 알고, 땅에 마음을 기울이면 땅의 이치를 안다. ” 한 것이다."
2,당송팔대가문초증공1,113,normalization_only,7,7,"설사 공종단(孔宗旦)이 애당초 한마디도 한 말이 없었다 하더라도, 다만 적이 쳐들어왔을 때 죽기를 각오하고 떠나지 않은 그것만으로도 진실로 상이 없어서는 안 됩니다.
사건이 일어나기 전에 미리 방비하고 성을 온전히 지켜 백성을 보존하는 일은 마땅히 진공(陳拱)에게 책임 지울 일이지 공종단(孔宗旦)의 일은 아닙니다.
그런데 지금 그릇되게 그를 진공(陳拱)과 함께 시신을 도륙하게 하였으니, 이는 이미 그 말을 저버리고 또 그 절개를 저버린 것입니다.
천하를 다스리는 사람은 선한 자에게 상주고 악한 자에게 벌주며, 군자가 된 이는 남의 선행을 칭찬하길 좋아하고 남의 미덕을 이루어주길 좋아하거늘, 어찌 이와 같을 수 있습니까.
남쪽의 전쟁이, 마침내 10여 고을이 파괴되어 군대가 전복되고 장수들이 죽임을 당했으며 백성들이 목숨을 잃고 산해(山海)의 재물이 소진되는 지경에까지 이르렀으니, 이것은 그 변란이 남이 모르는 가운데 터져나왔거나 창졸간에 일어난 것이 아닙니다.
내외의 상하 관리들이 애당초 모르지 않는 이가 없었는데도 불구하고 숨기고 말을 하지 않거나, 혹은 소홀히 하여 방비하지 않으면서 그럭저럭 안일하게 지내다가 막을 수 없는 지경에 이르게 된 것일 뿐입니다.
이런 가운데 사전에 과감히 말을 꺼낸 한 사람이 있었는데, 이것 또한 세상 사람들에 의해 침해당하고 엄폐되어 죄인과 같은 벌을 받게 하였으니, 천하의 일을 누가 다시 말할 수 있겠습니까.","설사 공종단(孔宗旦)이 애당초 한마디도 한 말이 없었다 하더라도, 다만 적이 쳐들어왔을 때 죽기를 각오하고 떠나지 않은 그것만으로도 진실로 상이 없어서는 안 됩니다.
사건이 일어나기 전에 미리 방비하고 성을 온전히 지켜 백성을 보존하는 일은 마땅히 진공(陳拱)에게 책임 지울 일이지 공종단(孔宗旦)의 일은 아닙니다.
그런데 지금 그릇되게 그를 진공(陳拱)과 함께 시신을 도륙하게 하였으니, 이는 이미 그 말을 저버리고 또 그 절개를 저버린 것입니다.
천하를 다스리는 사람은 선한 자에게 상주고 악한 자에게 벌주며, 군자가 된 이는 남의 선행을 칭찬하길 좋아하고 남의 미덕을 이루어주길 좋아하거늘, 어찌 이와 같을 수 있습니까.
남쪽의 전쟁이,  마침내 10여 고을이 파괴되어 군대가 전복되고 장수들이 죽임을 당했으며 백성들이 목숨을 잃고 산해(山海)의 재물이 소진되는 지경에까지 이르렀으니,  이것은 그 변란이 남이 모르는 가운데 터져나왔거나 창졸간에 일어난 것이 아닙니다. 
내외의 상하 관리들이 애당초 모르지 않는 이가 없었는데도 불구하고 숨기고 말을 하지 않거나, 혹은 소홀히 하여 방비하지 않으면서 그럭저럭 안일하게 지내다가 막을 수 없는 지경에 이르게 된 것일 뿐입니다.
이런 가운데 사전에 과감히 말을 꺼낸 한 사람이 있었는데, 이것 또한 세상 사람들에 의해 침해당하고 엄폐되어 죄인과 같은 벌을 받게 하였으니, 천하의 일을 누가 다시 말할 수 있겠습니까."
2,당송팔대가문초증공1,308,normalization_only,11,11,"나는 담주(潭州) 백성들이 거듭 곤경에 빠지고 반란군의 세력이 더욱 확장될까 두렵다.
이전에는 담주(潭州)의 관리와 인근 군(郡)이 협력하여 반란군을 이긴 자도 있었고, 죽은 적의 시체를 전야에 버리거나 항복한 자를 죽인 자도 있었다.
지금 그곳으로 가는 사람은 앞으로 이러한 행위를 하지 않을지, 아니면 또 이러한 행위를 자행할지는 알 수 없다.
천자와 재상이 그를 임용한 뜻이 과연 그렇게 하라는 것이었던가.
담주(潭州)태수는 황제를 가까이 모시는 신하이고, 담주(潭州)를 위무하고 동태를 살펴보는 임무를 맡는 자는 낭리(郞吏), 어사(御史), 박사(博士)들이 계속 뒤를 잇고 있다.
그대는 나를 대신하여 그들 가운데 현능한 자에게 당부하기를 “지금 옛 역사서의 내용을 언급하면 일반적으로 오활하다고 말하지만 역사서에 기재된 일들은 이미 시험을 해본 것들이다.
일을 이미 시험하여 정치에 적용해본 경우와 지금 사람들이 제멋대로 시행하는 것 가운데 어느 쪽이 더 낫겠는가. ”라고 하라.
내가 하는 말이 혹시 타당하지 않겠는가.
담주(潭州)의 우환이 지금은 비록 작다고 하나, 대중(大中), 함통(咸通) 연간에 남방(南方)의 우환이 극심했던 적이 있었는데, 그 우환이 어찌 처음에 작았던 것이 그처럼 커진 것이 아니었던가.
근신(近臣), 낭리(郞吏), 어사(御史), 박사(博士)가 된 자들은 이 점을 어찌 깊이 생각하지 않을 수 있겠는가.
희도(希道)는 본디 일을 하는 것을 즐기는 사람이므로, 그가 떠나는 것을 계기로 삼아 마침내 그에 관한 말을 차례대로 정리하여 그를 전송한다.","나는 담주(潭州) 백성들이 거듭 곤경에 빠지고 반란군의 세력이 더욱 확장될까 두렵다. 
이전에는 담주(潭州)의 관리와 인근 군(郡)이 협력하여 반란군을 이긴 자도 있었고,  죽은 적의 시체를 전야에 버리거나 항복한 자를 죽인 자도 있었다.
지금 그곳으로 가는 사람은 앞으로 이러한 행위를 하지 않을지, 아니면 또 이러한 행위를 자행할지는 알 수 없다. 
천자와 재상이 그를 임용한 뜻이 과연 그렇게 하라는 것이었던가.
담주(潭州)태수는 황제를 가까이 모시는 신하이고, 담주(潭州)를 위무하고 동태를 살펴보는 임무를 맡는 자는 낭리(郞吏), 어사(御史), 박사(博士)들이 계속 뒤를 잇고 있다.
그대는 나를 대신하여 그들 가운데 현능한 자에게 당부하기를 “지금 옛 역사서의 내용을 언급하면 일반적으로 오활하다고 말하지만 역사서에 기재된 일들은 이미 시험을 해본 것들이다.
일을 이미 시험하여 정치에 적용해본 경우와 지금 사람들이 제멋대로 시행하는 것 가운데 어느 쪽이 더 낫겠는가. ”라고 하라. 
내가 하는 말이 혹시 타당하지 않겠는가.
담주(潭州)의 우환이 지금은 비록 작다고 하나, 대중(大中), 함통(咸通) 연간에 남방(南方)의 우환이 극심했던 적이 있었는데, 그 우환이 어찌 처음에 작았던 것이 그처럼 커진 것이 아니었던가.
근신(近臣), 낭리(郞吏), 어사(御史), 박사(博士)가 된 자들은 이 점을 어찌 깊이 생각하지 않을 수 있겠는가.
희도(希道)는 본디 일을 하는 것을 즐기는 사람이므로, 그가 떠나는 것을 계기로 삼아 마침내 그에 관한 말을 차례대로 정리하여 그를 전송한다."
2,당송팔대가문초증공1,495,normalization_only,13,13,"수(隋)나라를 대체한 것은 당(唐)나라이니 18명의 군주가 이어가서 3백 년 가까이 이어졌는데 그 치적이 태종(太宗)이 군주로 있을 때보다 성대한 적이 없었다.
그는 자기를 굽히고 간언(諫言)을 따르며 인자한 마음으로 사람들을 사랑하였으니, 천하를 잘 다스리려는 뜻을 지녔다고 할 만하다.
조용조(租庸調)로써 백성에게 세금을 거두고, 부병제(府兵制)로써 군대를 편제하였으며, 직무를 적절한 관리에게 맡기고 재능을 기준으로 관직을 맡겼으며, 도덕을 진작시키는 것으로써 세속을 다스렸으며, 농업을 중시하는 것으로써 백성을 다스렸다.
부역(賦役)은 일정한 제도가 있었고 군사와 농민은 일정한 생업이 있었으며, 관리는 부실하게 임용하는 일이 없고 직무는 유기되는 일이 없었다.
사람들이 선행에 익숙해지고 말업(末業)인 상공업을 멀리하니 윗자리를 맡은 사람은 그 직무가 간단하여 복잡하지 않도록 하고, 아래 백성으로부터 징수하는 것은 적어서 백성들이 바치기 용이하게 하였다.
백성들이 실제로는 농사에 치중하면서도 군사장비를 유지하였으며, 사병(士兵)이라는 이름을 지니고 있으면서도 농사에 치중한 것으로 인한 이익이 있었다.
각종 직무를 맡아 수행하는 사람이 있어 국록이 부실하게 지출되는 일이 없으며, 재능이 각기 다른 인재를 폐기하지 않아 선왕(先王)이 나라를 다스리는 체계가 유기적으로 서로 이어졌다.
예의염치가 날로 두터워지고 전야(田野)가 날로 개간되어 그 법이 행해지면 나라가 편안하고 다스려졌으며 폐해지면 위태롭고 혼란스러웠으니, 천하를 잘 다스릴 재능을 지녔다고 할 만하다.
그와 같은 법을 시행한 지 몇 년 만에 곡물이 지천으로 많아져서 한 말 값이 몇 돈까지 내려갔으니, 한곳에 머물러 사는 사람은 넉넉히 쌓아둔 곡물이 있고 여행하는 사람은 충분한 돈이 있어 사람들이 스스로 언행을 신중히 하여 거의 형벌을 쓸 일이 없게 되니, 천하를 잘 다스린 성과가 있었다고 할 만하다.
무릇 천하를 잘 다스리려는 뜻을 지니고 천하를 잘 다스릴 재능을 지녔으며 또 천하를 잘 다스린 성과가 있었다.
그런데도 선왕(先王)과 더불어 어깨를 나란히 하지 못한 것은 법도(法度)의 시행이 선왕(先王)에 비해 갖추어지지 못했으며 예악의 시행과 농토의 제도와 학교의 교육이 선왕(先王)에 비해 갖추어지지 못했기 때문이었다.
몸소 전쟁에 참여하여 싸우면 반드시 이기고 공격하면 반드시 무찔러 천하 사람들이 모두 용맹하다고 여겼으나 이는 선왕(先王)이 지향하던 바가 아니었고, 사방 만 리 밖의 오랑캐로서 옛날에는 다스림이 미치지 못했던 자들이 복종하지 않는 자가 없어서 천하 사람들이 모두 성대하다고 여겼으나 이는 선왕(先王)이 힘쓰던 바가 아니었다.
태종(太宗)이 천하를 다스린 것이 그 득실이 이와 같았다.","수(隋)나라를 대체한 것은 당(唐)나라이니 18명의 군주가 이어가서 3백 년 가까이 이어졌는데 그 치적이 태종(太宗)이 군주로 있을 때보다 성대한 적이 없었다.
그는 자기를 굽히고 간언(諫言)을 따르며 인자한 마음으로 사람들을 사랑하였으니, 천하를 잘 다스리려는 뜻을 지녔다고 할 만하다.
조용조(租庸調)로써 백성에게 세금을 거두고, 부병제(府兵制)로써 군대를 편제하였으며, 직무를 적절한 관리에게 맡기고 재능을 기준으로 관직을 맡겼으며, 도덕을 진작시키는 것으로써 세속을 다스렸으며, 농업을 중시하는 것으로써 백성을 다스렸다.
부역(賦役)은 일정한 제도가 있었고 군사와 농민은 일정한 생업이 있었으며, 관리는 부실하게 임용하는 일이 없고 직무는 유기되는 일이 없었다.
사람들이 선행에 익숙해지고 말업(末業)인 상공업을 멀리하니 윗자리를 맡은 사람은 그 직무가 간단하여 복잡하지 않도록 하고, 아래 백성으로부터 징수하는 것은 적어서 백성들이 바치기 용이하게 하였다.
백성들이 실제로는 농사에 치중하면서도 군사장비를 유지하였으며, 사병(士兵)이라는 이름을 지니고 있으면서도 농사에 치중한 것으로 인한 이익이 있었다.
각종 직무를 맡아 수행하는 사람이 있어 국록이 부실하게 지출되는 일이 없으며, 재능이 각기 다른 인재를 폐기하지 않아 선왕(先王)이 나라를 다스리는 체계가 유기적으로 서로 이어졌다.
예의염치가 날로 두터워지고 전야(田野)가 날로 개간되어 그 법이 행해지면 나라가 편안하고 다스려졌으며 폐해지면 위태롭고 혼란스러웠으니, 천하를 잘 다스릴 재능을 지녔다고 할 만하다.
그와 같은 법을 시행한 지 몇 년 만에 곡물이 지천으로 많아져서 한 말 값이 몇 돈까지 내려갔으니, 한곳에 머물러 사는 사람은 넉넉히 쌓아둔 곡물이 있고 여행하는 사람은 충분한 돈이 있어 사람들이 스스로 언행을 신중히 하여 거의 형벌을 쓸 일이 없게 되니, 천하를 잘 다스린 성과가 있었다고 할 만하다.
무릇 천하를 잘 다스리려는 뜻을 지니고 천하를 잘 다스릴 재능을 지녔으며 또 천하를 잘 다스린 성과가 있었다.
그런데도 선왕(先王)과 더불어 어깨를 나란히 하지 못한 것은 법도(法度)의 시행이 선왕(先王)에 비해 갖추어지지 못했으며 예악의 시행과 농토의 제도와 학교의 교육이 선왕(先王)에 비해 갖추어지지 못했기 때문이었다. 
몸소 전쟁에 참여하여 싸우면 반드시 이기고 공격하면 반드시 무찔러 천하 사람들이 모두 용맹하다고 여겼으나 이는 선왕(先王)이 지향하던 바가 아니었고, 사방 만 리 밖의 오랑캐로서 옛날에는 다스림이 미치지 못했던 자들이 복종하지 않는 자가 없어서 천하 사람들이 모두 성대하다고 여겼으나 이는 선왕(先王)이 힘쓰던 바가 아니었다.
태종(太宗)이 천하를 다스린 것이 그 득실이 이와 같았다."
2,당송팔대가문초한유3,142,normalization_only,1,1,"편중(篇中)에 다만 세계(世系) 및 제수된 관작(官爵), 졸(卒)한 연월일(年月日)과 장사 지낸 곳만을 서술하고, 편말(篇末)에 행사(行事)를 서술하였는데, 모두 허경(虛景)(상상 속의 경물(景物))이다.","편중(篇中)에 다만 세계(世系) 및 제수된 관작(官爵), 졸(卒)한 연월일(年月日)과 장사 지낸 곳만을 서술하고,  편말(篇末)에 행사(行事)를 서술하였는데, 모두 허경(虛景)(상상 속의 경물(景物))이다."
2,당시삼백수1,149,whitespace_only,1,10,〈술 권하네〉 이백 그대 보지 못하였는가 황하의 물이 하늘로부터 내려와 바다로 흘러가 다시 돌아오지 못하는 것을 그대는 보지 못하였는가 고당(高堂)에서 밝은 거울 속 백발을 슬퍼하니 아침에 검던 머리 저녁엔 눈처럼 희어지는 것을 인생에서 뜻을 얻으면 모름지기 맘껏 즐겨야하나니 금 술동이 달 앞에서 헛되게 하지 말라 하늘이 나를 낳을 때 반드시 쓸 데가 있을지니 천금이 모두 흩어지면 다시 돌아오리라 양 삶고 소 잡아 즐길 일이니 한 번에 모름지기 삼백 잔을 마셔야지 잠부자(岑夫子)여 단구생(丹丘生)이여 술을 권하노니 그대는 멈추지를 마시게나 그대 위해 노래 한 곡을 부르리니 그대는 나를 위해 귀 기울여 들어 주게 종과 북의 음악 옥같은 음식은 귀할 것 없으니 다만 영원히 취하여 깨어나지 않길 바랄뿐 옛날부터 성현들은 모두 적막하건만 오직 술 잘 마시던 사람만이 그 이름을 남겼다네 진왕(陳王)은 옛날 평락관(平樂觀)에서 잔치 벌일 때 한 말에 만 냥 하는 술을 맘껏 즐기며 놀았다하네 주인이 어찌 돈이 적다 말하겠는가 바로 지금 술을 사오게 하여 그대와 대작하리니 오화마 천금의 갖옷 아이 불러 가지고 가 좋은 술과 바꿔 오게 하여 그대와 함께 만고의 시름을 씻어 내리라,"〈술 권하네〉
이백
그대 보지 못하였는가 황하의 물이 하늘로부터 내려와 바다로 흘러가 다시 돌아오지 못하는 것을
그대는 보지 못하였는가 고당(高堂)에서 밝은 거울 속 백발을 슬퍼하니 아침에 검던 머리 저녁엔 눈처럼 희어지는 것을
인생에서 뜻을 얻으면 모름지기 맘껏 즐겨야하나니 금 술동이 달 앞에서 헛되게 하지 말라 하늘이 나를 낳을 때 반드시 쓸 데가 있을지니
천금이 모두 흩어지면 다시 돌아오리라 양 삶고 소 잡아 즐길 일이니 한 번에 모름지기 삼백 잔을 마셔야지
잠부자(岑夫子)여 단구생(丹丘生)이여 술을 권하노니 그대는 멈추지를 마시게나 그대 위해 노래 한 곡을 부르리니
그대는 나를 위해 귀 기울여 들어 주게 종과 북의 음악 옥같은 음식은 귀할 것 없으니 다만 영원히 취하여 깨어나지 않길 바랄뿐
옛날부터 성현들은 모두 적막하건만 오직 술 잘 마시던 사람만이 그 이름을 남겼다네 진왕(陳王)은 옛날 평락관(平樂觀)에서 잔치 벌일 때 한 말에 만 냥 하는 술을 맘껏 즐기며 놀았다하네
주인이 어찌 돈이 적다 말하겠는가 바로 지금 술을 사오게 하여 그대와 대작하리니 오화마 천금의 갖옷 아이 불러 가지고 가 좋은 술과 바꿔 오게 하여 그대와 함께 만고의 시름을 씻어 내리라"
2,당시삼백수2,99,whitespace_only,1,9,〈객사(客舍)에서 친구와 우연히 만나다〉 대숙륜 가을 하늘 달은 또 둥글었는데 도성에는 밤이 천 겹이로구나 강남에서처럼 여기서 다시 만나니 도리어 꿈속에서 만나는 듯 가지에 바람 불어 밤 까치를 놀래키고 이슬 맺힌 풀잎에서 가을 벌레가 흐느낀다 나그네 된 우리 오래도록 취해야 하리 서로 머물고 싶은데 새벽 종소리가 두렵구나 〈이단공(李端公)에게〉 노륜 옛 관문에 시든 풀 널리 널려 있고 이별을 하자니 너무 슬프구나 길은 찬 구름 밖으로 나 있는데 나는 눈 내리는 저녁에야 돌아온다 어려서 아버지 잃고 일찍 떠돌아 어려운 일 많았는데 그대를 늦게 알게 되었지 얼굴 감싸 울며 그저 그대 떠난 곳 바라볼 뿐 풍진 세상 어느 곳에서 또 만나리 〈외사촌 동생을 반갑게 보고 다시 이별을 고하다〉 이익 십 년간 전란으로 떠돈 뒤 장성하여 한 번 만나보니 처음 볼 때 성을 묻고 놀랐는데 이름을 말하니 옛 얼굴이 떠오른다 이별 이후 상전벽해와 같은 지난 일 이야기가 끝날 즈음 저녁 종이 울린다 내일이면 파릉(巴陵)으로 길을 떠난다 하니 가을 산은 또 몇 겹이나 막혀 있을까,"〈객사(客舍)에서 친구와 우연히 만나다〉
대숙륜
가을 하늘 달은 또 둥글었는데 도성에는 밤이 천 겹이로구나 강남에서처럼 여기서 다시 만나니 도리어 꿈속에서 만나는 듯 가지에 바람 불어 밤 까치를 놀래키고 이슬 맺힌 풀잎에서 가을 벌레가 흐느낀다 나그네 된 우리 오래도록 취해야 하리 서로 머물고 싶은데 새벽 종소리가 두렵구나
〈이단공(李端公)에게〉
노륜
옛 관문에 시든 풀 널리 널려 있고 이별을 하자니 너무 슬프구나 길은 찬 구름 밖으로 나 있는데 나는 눈 내리는 저녁에야 돌아온다 어려서 아버지 잃고 일찍 떠돌아 어려운 일 많았는데 그대를 늦게 알게 되었지 얼굴 감싸 울며 그저 그대 떠난 곳 바라볼 뿐 풍진 세상 어느 곳에서 또 만나리
〈외사촌 동생을 반갑게 보고 다시 이별을 고하다〉
이익
십 년간 전란으로 떠돈 뒤 장성하여 한 번 만나보니 처음 볼 때 성을 묻고 놀랐는데 이름을 말하니 옛 얼굴이 떠오른다 이별 이후 상전벽해와 같은 지난 일 이야기가 끝날 즈음 저녁 종이 울린다 내일이면 파릉(巴陵)으로 길을 떠난다 하니 가을 산은 또 몇 겹이나 막혀 있을까"
2,예기집설대전1,728,split_merge_boundary,2,1,"사(士)의 아들의 〈나이를〉 물으면 장성했으면 “전알(典謁)의 일을 할 만하다. ”고 하고, 어리면 “아직 전알의 일을 맡아볼 수 없다. ”
고 대답한다.","사(士)의 아들의 〈나이를〉 물으면 장성했으면 “전알(典謁)의 일을 할 만하다. ”고 하고, 어리면 “아직 전알의 일을 맡아볼 수 없다. ”고 대답한다."
2,예기집설대전2,120,whitespace_only,5,6,"천자(天子)는 사해(四海)로써 집을 삼으니, 순(舜)임금이 남쪽으로 순행하다가 붕어(崩御)하였기 때문에 마침내 창오(蒼梧)의 들판에 장사(葬事)를 지낸 것이다.
소(疏)에 이르기를 “순임금의 큰 왕비는 아황(娥皇)이니 아들이 없었고, 둘째 왕비는 여영(女英)이니 상균(商均)을 낳았고, 셋째 왕비는 계비(癸比)이니 두 딸을 낳았는데 소명(宵明)과 촉광(燭光)이다.
세 왕비는 뒤에 모두 순임금의 장지(葬地)에 부장(祔葬)되지 않았으니 이는 기록한 사람이 합장(合葬)하는 일이 옛사람에게는 없었음을 말하고, 이어서 계무자(季武子)의 말을 인용하여 주공(周公) 이후에 처음으로 부장을 했다고 말한 것이다. ”라고 하였다.
≪서경(書經)≫에 “승하하여 이에 돌아가셨다. ”라고 했는데, 채씨(蔡氏)가 말하기를 “≪사기(史記)≫ 〈오제본기(五帝本紀)〉에 ‘순임금께서 창오(蒼梧)의 들판에서 붕어하셨다. ’라고 하였고, ≪맹자(孟子)≫ 〈이루(離婁) 하(下)〉에 ‘명조(鳴條) 땅에서 승하하셨다. ’라고 하였으니, 누가 옳은지 알 수 없다.
지금 영릉(零陵) 구의(九嶷)에 순임금의 무덤이 있다. ”라고 하였다.","천자(天子)는 사해(四海)로써 집을 삼으니, 순(舜)임금이 남쪽으로 순행하다가 붕어(崩御)하였기 때문에 마침내 창오(蒼梧)의 들판에 장사(葬事)를 지낸 것이다.
소(疏)에 이르기를 “순임금의 큰 왕비는 아황(娥皇)이니 아들이 없었고, 둘째 왕비는 여영(女英)이니 상균(商均)을 낳았고, 셋째 왕비는 계비(癸比)이니 두 딸을 낳았는데 소명(宵明)과 촉광(燭光)이다.
세 왕비는 뒤에 모두 순임금의 장지(葬地)에 부장(祔葬)되지 않았으니 이는 기록한 사람이 합장(合葬)하는 일이 옛사람에게는 없었음을 말하고, 이어서 계무자(季武子)의 말을 인용하여 주공(周公) 이후에 처음으로 부장을 했다고 말한 것이다. ”라고 하였다.
≪서경(書經)≫에 “승하하여 이에 돌아가셨다. ”라고 했는데,  채씨(蔡氏)가 말하기를 “≪사기(史記)≫ 〈오제본기(五帝本紀)〉에 ‘순임금께서 창오(蒼梧)의 들판에서 붕어하셨다. ’라고 하였고, 
≪맹자(孟子)≫ 〈이루(離婁) 하(下)〉에 ‘명조(鳴條) 땅에서 승하하셨다. ’라고 하였으니, 누가 옳은지 알 수 없다.
지금 영릉(零陵) 구의(九嶷)에 순임금의 무덤이 있다. ”라고 하였다."
2,예기집설대전2,573,normalization_only,1,1,장사(葬事)지낸 날에 우제(虞祭)를 지내는 것은 차마 단 하루라도 혼령이 의지할 곳이 없게 할 수 없기 때문이다.,장사(葬事)지낸 날에 우제(虞祭)를 지내는 것은 차마 단 하루라도 혼령이 의지할 곳이 없게 할 수 없기 때문이다. 
2,자치통감강목5,606,whitespace_only,10,9,"이때 대장군(大將軍) 왕봉(王鳳)이 권력을 행사하니, 상(上)이 겸양하여 자기 마음대로 처리하는 일이 없었다.
좌우(左右)에서 일찍이 유향(劉向)의 작은아들 유흠(劉歆)을 천거하자, 황제는 그를 불러보고 기뻐하여 중상시(中常侍)를 삼고자 하였다.
그리하여 불러 관복을 가져다가 입히고 벼슬을 제수하려 하는데, 좌우의 신하들이 모두 “대장군(大將軍)에게 말씀하지 않았습니다. ” 하였다.
상(上)은 “이것은 작은 일이다.
어찌 굳이 대장군(大將軍)에게 말할 것이 있겠는가? ”
하였으나, 좌우(左右)에서는 머리를 조아리며 간쟁하였다.
상(上)은 이에 왕봉에게 말하니, 왕봉이 불가하다 하여 마침내 중지하였다.
중상시(中常侍)는 가관(加官)(겸직(兼職))이니, 중상시(中常侍)는 금중(禁中)에 자유롭게 출입할 수 있었다.
이때에는 선비가 중상시를 하였는데, 동도(東都)(동한(東漢))시대에 처음으로 순전히 환관을 등용하였다.
효(曉)는 깨우쳐 알아듣도록 타이른다는 뜻이니, 〈“미효대장군(未曉大將軍)”은〉 일찍이 왕봉(王鳳)에게 깨우쳐 말해서 알게 하지 않았음을 말한 것이다.","이때 대장군(大將軍) 왕봉(王鳳)이 권력을 행사하니, 상(上)이 겸양하여 자기 마음대로 처리하는 일이 없었다.
좌우(左右)에서 일찍이 유향(劉向)의 작은아들 유흠(劉歆)을 천거하자, 황제는 그를 불러보고 기뻐하여 중상시(中常侍)를 삼고자 하였다.
그리하여 불러 관복을 가져다가 입히고 벼슬을 제수하려 하는데, 좌우의 신하들이 모두 “대장군(大將軍)에게 말씀하지 않았습니다. ” 하였다.
상(上)은 “이것은 작은 일이다.
어찌 굳이 대장군(大將軍)에게 말할 것이 있겠는가? ” 하였으나, 좌우(左右)에서는 머리를 조아리며 간쟁하였다.
상(上)은 이에 왕봉에게 말하니, 왕봉이 불가하다 하여 마침내 중지하였다.
중상시(中常侍)는 가관(加官)(겸직(兼職))이니, 중상시(中常侍)는 금중(禁中)에 자유롭게 출입할 수 있었다.
이때에는 선비가 중상시를 하였는데, 동도(東都)(동한(東漢))시대에 처음으로 순전히 환관을 등용하였다.
효(曉)는 깨우쳐 알아듣도록 타이른다는 뜻이니, 〈“미효대장군(未曉大將軍)”은〉 일찍이 왕봉(王鳳)에게 깨우쳐 말해서 알게 하지 않았음을 말한 것이다."
2,자치통감강목7,110,whitespace_only,3,2,"신사년(辛巳年)(A.
D.
21) 신(新)나라 왕망(王莽) 지황(地皇) 2년이다.","신사년(辛巳年)(A. D. 21)
신(新)나라 왕망(王莽) 지황(地皇) 2년이다."
2,자치통감강목7,523,whitespace_only,7,6,"공손술(公孫述)은 형감(荊邯)의 말을 옳게 여기고 군대를 총동원하여 연잠(延岑)과 전융(田戎)으로 하여금 두 길로 나누어 출동해서 한중(漢中)의 장수들과 병력을 연합하고 세력을 규합하고자 하였는데,
촉(蜀)의 사람과 그의 아우 공손광(公孫光)이 나라를 비우고 천 리 밖으로 나가 한 번에 성패를 결정해서는 안 된다고 굳게 간쟁하니, 공손술이 마침내 중지하였다.
연잠과 전융 또한 여러 번 군대를 출동하여 공을 세울 것을 청하였으나, 공손술은 끝내 의심하여 신하들의 말을 듣지 않고 오직 공손씨(公孫氏)에게 일을 맡겼다.
또 공손술이 행하는 정사는 마치 청수령(淸水令)으로 있을 때와 같이 까다롭고 꼼꼼하여 작은 일만 살필 뿐이었다.
공손술은 자기의 두 아들을 세워 건위(犍爲)와 광한(廣漢)에서 각각 몇 현(縣)을 식읍으로 삼게 하니,
혹자가 간하기를 “아직 성패를 알 수 없고 병사들이 풍찬노숙(風餐露宿)을 하고 있는데, 먼저 사랑하는 아들을 왕으로 삼는 것은 큰 뜻이 없는 것을 보이는 것입니다. ”
하였으나, 공손술이 따르지 않으니, 이로 말미암아 대신(大臣)들이 모두 원망하였다.","공손술(公孫述)은 형감(荊邯)의 말을 옳게 여기고 군대를 총동원하여 연잠(延岑)과 전융(田戎)으로 하여금 두 길로 나누어 출동해서 한중(漢中)의 장수들과 병력을 연합하고 세력을 규합하고자 하였는데, 
촉(蜀)의 사람과 그의 아우 공손광(公孫光)이 나라를 비우고 천 리 밖으로 나가 한 번에 성패를 결정해서는 안 된다고 굳게 간쟁하니, 공손술이 마침내 중지하였다.
연잠과 전융 또한 여러 번 군대를 출동하여 공을 세울 것을 청하였으나, 공손술은 끝내 의심하여 신하들의 말을 듣지 않고 오직 공손씨(公孫氏)에게 일을 맡겼다.
또 공손술이 행하는 정사는 마치 청수령(淸水令)으로 있을 때와 같이 까다롭고 꼼꼼하여 작은 일만 살필 뿐이었다. 
공손술은 자기의 두 아들을 세워 건위(犍爲)와 광한(廣漢)에서 각각 몇 현(縣)을 식읍으로 삼게 하니, 혹자가 간하기를 “아직 성패를 알 수 없고 병사들이 풍찬노숙(風餐露宿)을 하고 있는데, 먼저 사랑하는 아들을 왕으로 삼는 것은 큰 뜻이 없는 것을 보이는 것입니다. ” 하였으나, 
공손술이 따르지 않으니, 이로 말미암아 대신(大臣)들이 모두 원망하였다."
2,춘추좌씨전1,11,whitespace_only,6,4,"10년 무진(B.
C.
713) 노은공(魯隱公)이 제후(齊侯)‧정백(鄭伯)과 중구(中丘)에서 회견하고서 송(宋)을 쳐 고읍(郜邑)과 방읍(防邑)을 취(取)하다.
송(宋) 위(衛)가 침입하다.
정(鄭)이 대(戴)를 치다.
제(齊)‧정(鄭)이 성국(郕國)으로 쳐들어가다.","10년 무진(B. C. 713) 노은공(魯隱公)이 제후(齊侯)‧정백(鄭伯)과 중구(中丘)에서 회견하고서 송(宋)을 쳐 고읍(郜邑)과 방읍(防邑)을 취(取)하다.
송(宋) 위(衛)가 침입하다.
정(鄭)이 대(戴)를 치다.
제(齊)‧정(鄭)이 성국(郕國)으로 쳐들어가다."
2,춘추좌씨전1,197,whitespace_only,8,6,"15년 갑술(B.
C.
527) 조평공(曹平公) 수(須) 원년이다.
거공공(莒共公) 경여(庚輿) 원년이다.
오자(吳子) 이말(夷末)이 졸하다.
채(蔡) 조오(朝吳)가 정(鄭)으로 도망가다.
진(晉)이 선우(鮮虞)로 쳐들어가 고(鼓)를 포위하여 고자(鼓子) 연제(鳶鞮)를 잡아가다.
노소공(魯昭公)이 진(晉)에 가다.","15년 갑술(B. C. 527) 조평공(曹平公) 수(須) 원년이다.
거공공(莒共公) 경여(庚輿) 원년이다.
오자(吳子) 이말(夷末)이 졸하다.
채(蔡) 조오(朝吳)가 정(鄭)으로 도망가다.
진(晉)이 선우(鮮虞)로 쳐들어가 고(鼓)를 포위하여 고자(鼓子) 연제(鳶鞮)를 잡아가다.
노소공(魯昭公)이 진(晉)에 가다."
2,춘추좌씨전2,787,whitespace_only,1,2,용인(庸人)은 “초군(楚軍)은 함께 전투(戰鬪)할 만한 상대도 못 된다. ”고 여겨 드디어 방비(防備)를 설치하지 않거늘 이에 초자(楚子)는 전거(傳車)를 타고 달려와서 임품(臨品)에 전군(全軍)을 집결(集結)시킨 뒤에 군대를 두 부대(部隊)로 나누어 자월(子越)은 석계(石溪)로부터 출발하고 자패(子貝)는 인(仞)으로부터 출발하여 용(庸)나라를 토벌하게 하니 진인(秦人)과 파인(巴人)은 초군(楚軍)의 뒤를 따르고 군만(群蠻)이 초자(楚子)에게 복종(服從)하고서 결맹(結盟)하여 드디어 용(庸)나라를 멸(滅)하였다.,"용인(庸人)은 “초군(楚軍)은 함께 전투(戰鬪)할 만한 상대도 못 된다. ”고 여겨 드디어 방비(防備)를 설치하지 않거늘 이에 초자(楚子)는 전거(傳車)를 타고 달려와서 임품(臨品)에 전군(全軍)을 집결(集結)시킨 뒤에 군대를 두 부대(部隊)로 나누어 자월(子越)은 석계(石溪)로부터 출발하고 자패(子貝)는 인(仞)으로부터 출발하여 용(庸)나라를 토벌하게 하니
진인(秦人)과 파인(巴人)은 초군(楚軍)의 뒤를 따르고 군만(群蠻)이 초자(楚子)에게 복종(服從)하고서 결맹(結盟)하여 드디어 용(庸)나라를 멸(滅)하였다."
2,춘추좌씨전5,16,whitespace_only,9,9,"갑오일(甲午日)에 위후(衛侯)가 도성(都城)으로 들어왔다.
경(經)에 ‘복귀(復歸)’라고 기록하였으니, 국인(國人)이 받아들였다는 것을 말한 것이다.
〈위후(衛侯)가 들어올 때〉 국경(國境)에 나와 영접(迎接)하는 대부(大夫)에겐 그 손을 잡고 말을 나누고, 길에서 영접하는 사람에겐 수레에서 읍(揖)을 하고, 성문(城門)에서 영접하는 사람에겐 고개만 끄덕일 뿐이었다.
헌공(獻公)이 도성(都城)에 도착하여 사람을 보내 태숙문자(太叔文子)를 꾸짖기를 “과인(寡人)이 국외(國外)에 머물며 고생할 때 대부(大夫)들은 모두 과인(寡人)에게 조석으로 위(衛)나라의 소식을 통보(通報)하였는데, 유독 그대만 과인(寡人)에게 관심을 두지 않았다.
옛사람의 말에 ‘원망할 대상이 아니면 원망하지 말라. ’고 하였으니,
과인(寡人)은 그대를 원망하노라. ”고 하니, 태숙문자가 대답하기를 “신(臣)은 죄(罪)를 알고 있습니다.
신은 재능(才能)이 없어 굴레와 고삐를 걸머지고서 임금님을 시종(侍從)하며 목어(牧圉)(거가(車駕))를 보호(保護)하지 못하였으니 이것이 신(臣)의 첫 번째 죄(罪)이고,
국외(國外)로 나가신 분도 있고 국내(國內)에 계시는 분도 있으므로 신(臣)은 두마음을 품고서 내외(內外)의 소식을 통고(通告)하여 임금을 섬길 수 없었으니, 이것이 신(臣)의 두 번째 죄(罪)입니다.
두 가지 죄(罪)를 지었으니 어찌 감히 죽기를 잊었겠습니까? ” 라고 하고서 가까운 관문을 통해 나가니, 헌공(獻公)이 사람을 보내어 가지 못하도록 막았다.","갑오일(甲午日)에 위후(衛侯)가 도성(都城)으로 들어왔다.
경(經)에 ‘복귀(復歸)’라고 기록하였으니, 국인(國人)이 받아들였다는 것을 말한 것이다.
〈위후(衛侯)가 들어올 때〉 국경(國境)에 나와 영접(迎接)하는 대부(大夫)에겐 그 손을 잡고 말을 나누고, 길에서 영접하는 사람에겐 수레에서 읍(揖)을 하고, 성문(城門)에서 영접하는 사람에겐 고개만 끄덕일 뿐이었다.
헌공(獻公)이 도성(都城)에 도착하여 사람을 보내 태숙문자(太叔文子)를 꾸짖기를 “과인(寡人)이 국외(國外)에 머물며 고생할 때 대부(大夫)들은 모두 과인(寡人)에게 조석으로 위(衛)나라의 소식을 통보(通報)하였는데, 유독 그대만 과인(寡人)에게 관심을 두지 않았다.
옛사람의 말에 ‘원망할 대상이 아니면 원망하지 말라. ’고 하였으니, 과인(寡人)은 그대를 원망하노라. ”고 하니, 태숙문자가 대답하기를 “신(臣)은 죄(罪)를 알고 있습니다.
신은 재능(才能)이 없어 굴레와 고삐를 걸머지고서 임금님을 시종(侍從)하며 목어(牧圉)(거가(車駕))를 보호(保護)하지 못하였으니 이것이 신(臣)의 첫 번째 죄(罪)이고,
국외(國外)로 나가신 분도 있고 국내(國內)에 계시는 분도 있으므로 신(臣)은 두마음을 품고서 내외(內外)의 소식을 통고(通告)하여 임금을 섬길 수 없었으니, 이것이 신(臣)의 두 번째 죄(罪)입니다.
두 가지 죄(罪)를 지었으니 어찌 감히 죽기를 잊었겠습니까? ”
라고 하고서 가까운 관문을 통해 나가니, 헌공(獻公)이 사람을 보내어 가지 못하도록 막았다."
2,춘추좌씨전5,24,whitespace_only,7,7,"가을 7월에 제후(齊侯)와 정백(鄭伯)이 위후(衛侯)를 돕기 위해 진(晉)나라에 갔다.
진후(晉侯)가 연회(宴會)를 열어 두 임금을 함께 접대(接待)할 때 진후(晉侯)가 〈가락편(嘉樂篇)〉을 읊으니, 제후(齊侯)의 상례(相禮) 국경자(國景子)가 〈요소편(蓼蕭篇)〉을 읊고, 정백(鄭伯)의 상례(相禮) 자전(子展)이 〈 치의편(緇衣篇)〉을 읊었다.
그러자 숙향(叔向)이 진후(晉侯)에게 명(命)하여 두 임금에게 배사(拜謝)하게 하고서 말하기를 “과군(寡君)은 감히 제군(齊君)께서 우리 선군(先君)의 종묘(宗廟)를 편안하게 하신 것에 대해 배사(拜謝)하고, 정군(鄭君)께서 두마음을 품지 않는 것에 대해 배사(拜謝)한 것입니다. ”고 하였다.
국자(國子)가 안평중(晏平仲)을 보내어 숙향(叔向)에게 사사로이 “진군(晉君)께서 밝은 덕행(德行)을 제후(諸侯)에게 선양(宣揚)하여 환난(患難)을 구휼(救恤)하고 결점(缺點)을 보완(補完)하며 잘못을 바로잡고 번란(煩亂)을 다스려 주셨기 때문에 맹주(盟主)가 되신 것인데, 지금 신하(臣下)를 위해 임금을 잡았으니 어째서입니까? ”라고 말하게 하였다.
숙향(叔向)이 이 말을 조문자(趙文子)에게 고(告)하자, 문자(文子)가 이를 진후(晉侯)에게 고하니,
진후(晉侯)는 위후(衛侯)의 죄상(罪狀)을 말해 주면서 숙향(叔向)을 시켜 두 임금에게 고(告)하게 하였다.
그러자 국자(國子)가 〈비지유의편(轡之柔矣篇)〉을 읊고 자전(子展)이 〈장중자혜편(將仲子兮篇)〉을 읊으니, 진후(晉侯)는 위후(衛侯)의 귀국(歸國)을 허락하였다.","가을 7월에 제후(齊侯)와 정백(鄭伯)이 위후(衛侯)를 돕기 위해 진(晉)나라에 갔다.
진후(晉侯)가 연회(宴會)를 열어 두 임금을 함께 접대(接待)할 때 진후(晉侯)가 〈가락편(嘉樂篇)〉을 읊으니, 제후(齊侯)의 상례(相禮) 국경자(國景子)가 〈요소편(蓼蕭篇)〉을 읊고, 정백(鄭伯)의 상례(相禮) 자전(子展)이 〈 치의편(緇衣篇)〉을 읊었다.
그러자 숙향(叔向)이 진후(晉侯)에게 명(命)하여 두 임금에게 배사(拜謝)하게 하고서 말하기를 “과군(寡君)은 감히 제군(齊君)께서 우리 선군(先君)의 종묘(宗廟)를 편안하게 하신 것에 대해 배사(拜謝)하고, 정군(鄭君)께서 두마음을 품지 않는 것에 대해 배사(拜謝)한 것입니다. ”고 하였다.
국자(國子)가 안평중(晏平仲)을 보내어 숙향(叔向)에게 사사로이 “진군(晉君)께서 밝은 덕행(德行)을 제후(諸侯)에게 선양(宣揚)하여 환난(患難)을 구휼(救恤)하고 결점(缺點)을 보완(補完)하며 잘못을 바로잡고 번란(煩亂)을 다스려 주셨기 때문에 맹주(盟主)가 되신 것인데,
지금 신하(臣下)를 위해 임금을 잡았으니 어째서입니까? ”라고 말하게 하였다.
숙향(叔向)이 이 말을 조문자(趙文子)에게 고(告)하자, 문자(文子)가 이를 진후(晉侯)에게 고하니, 진후(晉侯)는 위후(衛侯)의 죄상(罪狀)을 말해 주면서 숙향(叔向)을 시켜 두 임금에게 고(告)하게 하였다.
그러자 국자(國子)가 〈비지유의편(轡之柔矣篇)〉을 읊고 자전(子展)이 〈장중자혜편(將仲子兮篇)〉을 읊으니, 진후(晉侯)는 위후(衛侯)의 귀국(歸國)을 허락하였다."
2,춘추좌씨전6,30,whitespace_only,8,7,"여름 4월에 진(陳)나라에 화재(火災)가 발생(發生)하였다.
정(鄭)나라 비조(裨竈)가 말하기를 “5년 뒤에 진(陳)나라가 다시 봉(封)해지고 봉(封)해진 지 52년 뒤에 드디어 망(亡)할 것이다. ”고 하였다.
자산(子産)이 그 까닭을 묻자, 비조(裨竈)는 다음과 같이 대답하였다. “진(陳)나라는 수(水)에 속(屬)하였고 화(火)는 수(水)의 배우(配偶)로 초(楚)나라가 다스리는 바입니다.
지금 화성(火星)이 출현(出現)하자 진(陳)나라에 화재(火災)가 발생(發生)하였으니,
이는 초인(楚人)을 몰아내고 진(陳)나라를 재건(再建)할 조짐입니다.
배합(配合)은 오(五)로써 이루어지기 때문에 ‘5년’이라 하였고,
세성(歲星)이 다섯 차례 순화(鶉火)에 미친 뒤에 진(陳)나라가 마침내 망(亡)하고 초(楚)나라가 그 땅을 소유(所有)할 것이니, 이는 천도(天道)입니다.
그러므로 ‘52년’이라고 한 것입니다. ”","여름 4월에 진(陳)나라에 화재(火災)가 발생(發生)하였다.
정(鄭)나라 비조(裨竈)가 말하기를 “5년 뒤에 진(陳)나라가 다시 봉(封)해지고 봉(封)해진 지 52년 뒤에 드디어 망(亡)할 것이다. ”고 하였다.
자산(子産)이 그 까닭을 묻자, 비조(裨竈)는 다음과 같이 대답하였다.
“진(陳)나라는 수(水)에 속(屬)하였고 화(火)는 수(水)의 배우(配偶)로 초(楚)나라가 다스리는 바입니다.
지금 화성(火星)이 출현(出現)하자 진(陳)나라에 화재(火災)가 발생(發生)하였으니, 이는 초인(楚人)을 몰아내고 진(陳)나라를 재건(再建)할 조짐입니다.
배합(配合)은 오(五)로써 이루어지기 때문에 ‘5년’이라 하였고, 세성(歲星)이 다섯 차례 순화(鶉火)에 미친 뒤에 진(陳)나라가 마침내 망(亡)하고 초(楚)나라가 그 땅을 소유(所有)할 것이니, 이는 천도(天道)입니다.
그러므로 ‘52년’이라고 한 것입니다. ”"
3,당송팔대가문초구양수2,450,whitespace_only,5,5,"아!
기물(器物)을 익숙하게 쓰되 그 의미를 알지 못하고 근본을 잊고서 말단을 보존하며 게다가 구비(具備)하지도 못하였으니, 이른바 조근(朝覲)․빙문(聘問)․사향(射鄕)․사향(食饗)․사전(師田)․학교(學校)․관혼(冠婚)․상장(喪葬)으로서 예가 남아 있는 것이 그 얼마인가.
양(梁)나라 이래로 비로소 당시 행하던 바로써 주관(周官) 오례(五禮)의 이름에 붙여 각각 일가(一家)의 학문으로 세웠다.
당(唐)나라 초기에는 그대로 수(隋)나라 예제(禮制)를 쓰다가,
태종(太宗) 대에 와서 중서령(中書令) 방현령(房玄齡)과 비서감(秘書監) 위징(魏徵)이 예관학사(禮官學士) 등과 함께 수(隋)나라의 예제(禮制)를 바탕으로 천자상릉(天子上陵)․조묘(朝廟)․양로(養老)․대사(大射)․강무(講武)․독시령(讀時令)․납황후(納皇后)․황태자입학(皇太子入學)․태상행릉(太常行陵)․합삭(合朔)․진병태사(陳兵太社) 등을 더하여 〈길례(吉禮)〉 61편(篇)과 〈빈례(賓禮)〉 4편과 〈군례(軍禮)〉 20편과 〈가례(嘉禮)〉 42편과 〈흉례(凶禮)〉 11편을 만드니, 이것이 정관례(貞觀禮)이다.","아!
기물(器物)을 익숙하게 쓰되 그 의미를 알지 못하고 근본을 잊고서 말단을 보존하며 게다가 구비(具備)하지도 못하였으니, 이른바 조근(朝覲)․빙문(聘問)․사향(射鄕)․사향(食饗)․사전(師田)․학교(學校)․관혼(冠婚)․상장(喪葬)으로서 예가 남아 있는 것이 그 얼마인가.
양(梁)나라 이래로 비로소 당시 행하던 바로써 주관(周官) 오례(五禮)의 이름에 붙여 각각 일가(一家)의 학문으로 세웠다.
당(唐)나라 초기에는 그대로 수(隋)나라 예제(禮制)를 쓰다가, 태종(太宗) 대에 와서 중서령(中書令) 방현령(房玄齡)과 비서감(秘書監) 위징(魏徵)이 예관학사(禮官學士) 등과 함께 수(隋)나라의 예제(禮制)를 바탕으로 천자상릉(天子上陵)․조묘(朝廟)․양로(養老)․대사(大射)․강무(講武)․독시령(讀時令)․납황후(納皇后)․황태자입학(皇太子入學)․태상행릉(太常行陵)․합삭(合朔)․진병태사(陳兵太社) 등을 더하여
〈길례(吉禮)〉 61편(篇)과 〈빈례(賓禮)〉 4편과 〈군례(軍禮)〉 20편과 〈가례(嘉禮)〉 42편과 〈흉례(凶禮)〉 11편을 만드니,  이것이 정관례(貞觀禮)이다."
3,당송팔대가문초구양수3,84,whitespace_only,3,4,"양치(楊寘)를 보내는 서문 이 글은 한창려(韓昌黎)(한유(韓愈))의 문장과 대등하면서 곧장 그 위에 놓일 만하다.
내 일찍이 깊은 근심으로 생긴 병이 있어 벼슬에서 물러나 한가로이 지냈지만 고칠 수가 없었다.
그런데 얼마 뒤에 벗 손도자(孫道滋)에게 금(琴)을 배워 궁성(宮聲) 몇 곡을 가르침 받고서 오랫동안 즐거워하며 질병이 몸에 있음을 알지 못하였다.","양치(楊寘)를 보내는 서문
이 글은 한창려(韓昌黎)(한유(韓愈))의 문장과 대등하면서 곧장 그 위에 놓일 만하다.
내 일찍이 깊은 근심으로 생긴 병이 있어 벼슬에서 물러나 한가로이 지냈지만 고칠 수가 없었다.
그런데 얼마 뒤에 벗 손도자(孫道滋)에게 금(琴)을 배워 궁성(宮聲) 몇 곡을 가르침 받고서 오랫동안 즐거워하며 질병이 몸에 있음을 알지 못하였다."
3,당송팔대가문초구양수4,532,normalization_only,1,1,그가 허공에 형상을 만들어놓고 형상을 벗어나 허공으로 돌아감을 보라.,그가 허공에 형상을 만들어놓고 형상을 벗어나 허공으로 돌아감을 보라. 
3,당송팔대가문초구양수5,39,whitespace_only,11,11,"광계(光啓) 원년(885)에 하중(河中) 왕중영(王重榮)이 환관인 전영자(田令孜)와 사이가 좋지 않아 왕중영을 연주(兗州)로 옮기고 정주(定州)의 왕처존(王處存)을 하중절도사(河中節度使)로 삼고 이극용(李克用)에게 조서(詔書)를 보내 병사를 동원해 왕처존의 진(鎭)을 호위하게 하였다.
왕중영이 사람을 보내 이극용에게 거짓으로 말하기를 “천자가 나에게 조서(詔書)를 보내 이극용이 오기를 기다려서 왕처존과 함께 주살하라고 하였다. ”라고 하고는, 인하여 조서를 위조하여 이극용에게 보여주며 말하기를 “이는 주전충(朱全忠)의 계략이다. ”라고 하였다.
이극용이 이 말을 믿고 표문(表文)을 올려 주전충을 토벌할 것을 청하였는데, 희종(僖宗)이 허락하지 않으니 이극용이 크게 노여워하였다.
왕중영이 이미 연주로 옮기려 하지 않거늘 희종이 빈주(邠州)의 주매(朱玫)와 봉상(鳳翔)의 이창부(李昌符)를 보내 토벌하려고 하였다.
그런데 이극용이 도리어 병사를 보내 왕중영을 도와 사원(沙苑)에서 주매를 패퇴시키고 마침내 경사(京師)를 침범하여 불을 지르고 크게 약탈하니,
천자는 경사를 나가 흥원(興元)에 거처하고 이극용은 물러나 하중(河中)에 주둔하였다.
주매도 반란을 일으켜 병사를 동원해 천자를 추격하였으나 잡지 못하자 양왕(襄王) 이온(李熅)을 잡아 칭제(稱帝)하도록 협박하고 봉상에 주둔하였다.
희종이 “이극용만이 주매를 격파할 수 있지만 그를 부릴 수 없다.
장안(長安)에서 황소(黃巢)를 격파할 때에 천하병마도감(天下兵馬都監) 양복공(楊復恭)이 이극용과 친분이 있었다. ”라고 생각하고는, 이에 간의대부(諫議大夫) 유숭망(劉崇望)을 보내 조서로 이극용을 부르고, 한편으로는 양복공의 의도를 말해주어 이극용으로 하여금 병사를 진군하여 주매 등을 공격하게 하였다.
이극용은 거짓으로 승낙하고 군대를 움직이지 않았다.
이듬해(886)에 맹방립(孟方立)이 죽자 그 아우 맹천(孟遷)이 지위를 계승하였다.","광계(光啓) 원년(885)에 하중(河中) 왕중영(王重榮)이 환관인 전영자(田令孜)와 사이가 좋지 않아 왕중영을 연주(兗州)로 옮기고 정주(定州)의 왕처존(王處存)을 하중절도사(河中節度使)로 삼고 이극용(李克用)에게 조서(詔書)를 보내 병사를 동원해 왕처존의 진(鎭)을 호위하게 하였다. 
왕중영이 사람을 보내 이극용에게 거짓으로 말하기를 “천자가 나에게 조서(詔書)를 보내 이극용이 오기를 기다려서 왕처존과 함께 주살하라고 하였다. ”라고 하고는, 
인하여 조서를 위조하여 이극용에게 보여주며 말하기를 “이는 주전충(朱全忠)의 계략이다. ”라고 하였다. 
이극용이 이 말을 믿고 표문(表文)을 올려 주전충을 토벌할 것을 청하였는데, 희종(僖宗)이 허락하지 않으니 이극용이 크게 노여워하였다.
왕중영이 이미 연주로 옮기려 하지 않거늘 희종이 빈주(邠州)의 주매(朱玫)와 봉상(鳳翔)의 이창부(李昌符)를 보내 토벌하려고 하였다.
그런데 이극용이 도리어 병사를 보내 왕중영을 도와 사원(沙苑)에서 주매를 패퇴시키고 마침내 경사(京師)를 침범하여 불을 지르고 크게 약탈하니, 천자는 경사를 나가 흥원(興元)에 거처하고 이극용은 물러나 하중(河中)에 주둔하였다.
주매도 반란을 일으켜 병사를 동원해 천자를 추격하였으나 잡지 못하자 양왕(襄王) 이온(李熅)을 잡아 칭제(稱帝)하도록 협박하고 봉상에 주둔하였다.
희종이 “이극용만이 주매를 격파할 수 있지만 그를 부릴 수 없다.
장안(長安)에서 황소(黃巢)를 격파할 때에 천하병마도감(天下兵馬都監) 양복공(楊復恭)이 이극용과 친분이 있었다. ”라고 생각하고는,  이에 간의대부(諫議大夫) 유숭망(劉崇望)을 보내 조서로 이극용을 부르고, 한편으로는 양복공의 의도를 말해주어 이극용으로 하여금 병사를 진군하여 주매 등을 공격하게 하였다. 
이극용은 거짓으로 승낙하고 군대를 움직이지 않았다.
이듬해(886)에 맹방립(孟方立)이 죽자 그 아우 맹천(孟遷)이 지위를 계승하였다."
3,당송팔대가문초구양수6,245,whitespace_only,6,7,"전(傳)에 이르기를 “예의염치(禮義廉恥)는 국가의 사유(四維)이니 사유가 신장되지 못하면 국가가 이에 멸망한다. ” 하였으니, 훌륭하도다!
관생(管生)이 말을 잘함이여.
예(禮)와 의(義)는 사람을 다스리는 대법(大法)이고 염(廉)과 치(恥)는 입신(立身)의 대절(大節)이니, 청렴하지 않으면 취하지 못하는 바가 없고 부끄러워하지 않으면 하지 못하는 바가 없다.
사람이고서 이와 같으면 화란(禍亂)과 패망(敗亡)이 또한 이르지 않는 바가 없는데, 하물며 대신(大臣)이 되어서 취하지 못하는 바가 없고 하지 못하는 바가 없으면, 천하가 혼란하지 않을 리 있겠으며 국가가 망하지 않을 리 있겠는가.
내가 풍도(馮道)의 〈장락로자서(長樂老自序)〉를 읽고서 풍도가 스스로 자신의 사적을 서술하여 영광이라 한 것을 보았으니, 염치(廉恥)가 없는 자라고 할 만하다.
따라서 당시의 천하와 국가가 어떠했는지를 이를 통해 알 만하다."," 전(傳)에 이르기를 “예의염치(禮義廉恥)는 국가의 사유(四維)이니 사유가 신장되지 못하면 국가가 이에 멸망한다. ” 하였으니, 
훌륭하도다!
관생(管生)이 말을 잘함이여.
예(禮)와 의(義)는 사람을 다스리는 대법(大法)이고 염(廉)과 치(恥)는 입신(立身)의 대절(大節)이니, 청렴하지 않으면 취하지 못하는 바가 없고 부끄러워하지 않으면 하지 못하는 바가 없다.
사람이고서 이와 같으면 화란(禍亂)과 패망(敗亡)이 또한 이르지 않는 바가 없는데, 하물며 대신(大臣)이 되어서 취하지 못하는 바가 없고 하지 못하는 바가 없으면, 천하가 혼란하지 않을 리 있겠으며 국가가 망하지 않을 리 있겠는가.
내가 풍도(馮道)의 〈장락로자서(長樂老自序)〉를 읽고서 풍도가 스스로 자신의 사적을 서술하여 영광이라 한 것을 보았으니, 염치(廉恥)가 없는 자라고 할 만하다.
따라서 당시의 천하와 국가가 어떠했는지를 이를 통해 알 만하다."
3,당송팔대가문초소식1,58,whitespace_only,6,7,"엎드려 생각하건대 제책(制策)에 “전대(前代)를 미루어 정치한 자취를 깊이 살펴보건대 효문제(孝文帝)는 노자(老子)를 숭상했는데도 천하가 부유하고 백성들이 많았으며, 효무제(孝武帝)는 유학(儒學)을 썼는데도 해내(海內)가 텅 비고 재물이 고갈되었으니, 도(道)에 병폐가 있는 것이 아닌데 다스림이 어찌하여 똑같지 않은가? ”라는 내용이 있었으니, 신(臣)은 삼가 옳지 않다고 여깁니다.
효문제(孝文帝)가 옳은 까닭은 유학(儒學)을 대략 사용했기 때문이니, 그 옳은데도 미진한 까닭은 유학(儒學)을 씀이 순수하지 못했기 때문이고, 그 잘못된 까닭은 바로 노자(老子)를 사용했기 때문입니다.
어째서 이렇게 말씀드리는가 하면, 효문제(孝文帝)가 가의(賈誼)의 말을 얻은 뒤에 대신(大臣)을 대함에 예(禮)가 있었고 제후(諸侯)를 어거함에 방법이 있었으나, 예악(禮樂)을 일으키고 선우(單于)의 목에 사슬을 매는 데에 이르러서는 겨를이 없다고 사양하였으니,
저는 이 때문에 유학(儒學)을 조금만 쓰고 순수하지 못했다고 말하는 것입니다.
노자(老子)를 사용한 잘못으로 말하면 이러한 사실이 있습니다.
처음 구구(區區)한 인(仁)으로 삼대(三代) 시대(時代)의 육형(肉刑)을 없애고는 죄인을 머리 깎고 볼기 치는 것으로 바꾸고, 머리 깎고 볼기 치는 것으로는 그 죄를 징계(懲戒)할 수 없게 되자 또 따라서 죽였으니, 노자(老子)를 사용한 잘못됨이 어찌 심하지 않겠습니까?","엎드려 생각하건대 제책(制策)에 “전대(前代)를 미루어 정치한 자취를 깊이 살펴보건대 효문제(孝文帝)는 노자(老子)를 숭상했는데도 천하가 부유하고 백성들이 많았으며, 효무제(孝武帝)는 유학(儒學)을 썼는데도 해내(海內)가 텅 비고 재물이 고갈되었으니,
도(道)에 병폐가 있는 것이 아닌데 다스림이 어찌하여 똑같지 않은가? ”라는 내용이 있었으니, 신(臣)은 삼가 옳지 않다고 여깁니다.
효문제(孝文帝)가 옳은 까닭은 유학(儒學)을 대략 사용했기 때문이니, 그 옳은데도 미진한 까닭은 유학(儒學)을 씀이 순수하지 못했기 때문이고, 그 잘못된 까닭은 바로 노자(老子)를 사용했기 때문입니다.
어째서 이렇게 말씀드리는가 하면, 효문제(孝文帝)가 가의(賈誼)의 말을 얻은 뒤에 대신(大臣)을 대함에 예(禮)가 있었고 제후(諸侯)를 어거함에 방법이 있었으나, 예악(禮樂)을 일으키고 선우(單于)의 목에 사슬을 매는 데에 이르러서는 겨를이 없다고 사양하였으니,
저는 이 때문에 유학(儒學)을 조금만 쓰고 순수하지 못했다고 말하는 것입니다.
노자(老子)를 사용한 잘못으로 말하면 이러한 사실이 있습니다.
처음 구구(區區)한 인(仁)으로 삼대(三代) 시대(時代)의 육형(肉刑)을 없애고는 죄인을 머리 깎고 볼기 치는 것으로 바꾸고, 머리 깎고 볼기 치는 것으로는 그 죄를 징계(懲戒)할 수 없게 되자 또 따라서 죽였으니, 노자(老子)를 사용한 잘못됨이 어찌 심하지 않겠습니까?"
3,당송팔대가문초소식1,180,whitespace_only,5,6,"황제(皇帝)께 올린 글 학문이 경학(經學)에 근본하였고 양생(養生)의 비결(秘訣)도 여기에서 벗어나지 않는다.
신(臣)이 엎드려 생각하건대, 이달 초닷새 일남지(日南至)(동지(冬至))에 문무백관(文武百官)들이 들어와 축하하였으니, 이것은 한 양(陽)이 와서 회복됨을 축하한 것이었습니다.
삼가 살펴보건대 《주역(周易)》의 복괘(復卦)에 이르기를 “우레가 땅 가운데에 있는 것이 복괘(復卦)이니, 선왕(先王)이 이 상(象)을 보고서 동지(冬至)에 관문(關門)을 닫아 장사꾼과 여행자들이 다니지 못하게 하며 제후(諸侯)들은 지방을 시찰하지 않는다. ”라고 하였습니다.
이에 《주역(周易)》을 해설하는 자들이 말하기를 “건(乾)은 육양(六陽)의 기운이니, 11월이 되고 12월이 되고 정월이 되고 2월이 되고 3월이 되고 4월이 되어 건(乾)의 양(陽)이 지극해지고, 양(陽)이 지극하면 음(陰)이 생기니 음(陰)이 생기면 하지(夏至)가 된다.
곤(坤)은 육음(六陰)의 기운이니, 5월이 되고 6월이 되고 7월이 되고 8월이 되고 9월이 되고 10월이 되어 곤(坤)의 음(陰)이 지극해지고, 음(陰)이 지극하면 양(陽)이 생기니 양(陽)이 생기면 동지(冬至)가 된다. ”라고 하였습니다.","황제(皇帝)께 올린 글
학문이 경학(經學)에 근본하였고 양생(養生)의 비결(秘訣)도 여기에서 벗어나지 않는다.
신(臣)이 엎드려 생각하건대, 이달 초닷새 일남지(日南至)(동지(冬至))에 문무백관(文武百官)들이 들어와 축하하였으니, 이것은 한 양(陽)이 와서 회복됨을 축하한 것이었습니다.
삼가 살펴보건대 《주역(周易)》의 복괘(復卦)에 이르기를 “우레가 땅 가운데에 있는 것이 복괘(復卦)이니, 선왕(先王)이 이 상(象)을 보고서 동지(冬至)에 관문(關門)을 닫아 장사꾼과 여행자들이 다니지 못하게 하며 제후(諸侯)들은 지방을 시찰하지 않는다. ”라고 하였습니다.
이에 《주역(周易)》을 해설하는 자들이 말하기를 “건(乾)은 육양(六陽)의 기운이니, 11월이 되고 12월이 되고 정월이 되고 2월이 되고 3월이 되고 4월이 되어 건(乾)의 양(陽)이 지극해지고, 양(陽)이 지극하면 음(陰)이 생기니 음(陰)이 생기면 하지(夏至)가 된다.
곤(坤)은 육음(六陰)의 기운이니, 5월이 되고 6월이 되고 7월이 되고 8월이 되고 9월이 되고 10월이 되어 곤(坤)의 음(陰)이 지극해지고, 음(陰)이 지극하면 양(陽)이 생기니 양(陽)이 생기면 동지(冬至)가 된다. ”라고 하였습니다."
3,당송팔대가문초소식1,347,whitespace_only,5,6,"비록 폐하께서 언로(言路)를 넓게 여시어 기휘(忌諱)하는 바가 없으시나, 대간(臺諫)들이 공격하는 대상은 선왕조(先王朝)(신종(神宗))의 사람들에 지나지 않고 비난하는 바는 선왕조(先王朝)의 법에 지나지 않습니다.
이것은 바로 물로써 물을 구제하는 것이니, 신(臣)은 적이 이를 근심합니다.
그러므로 번번이 이러한 뜻을 가지고 위의 책문(策問)을 지을 적에 실제로 지금의 조정과 재상(宰相)과 대간(臺諫)의 부류를 풍자한 것이니, 이는 폐하께서 이것을 보시고 성(聖)스런 마음에 감동함이 있으시어 행여 인종(仁宗)과 신종(神宗) 두 분 황제폐하의 충후(忠厚)하고 부지런히 힘쓰신 정사(政事)를 겸하여 행하실 수 있게 되기를 바란 것입니다.
대간(臺諫)들이 만약 이것을 가지고 신(臣)을 비난하고 조정이 만약 이것을 가지고 신(臣)을 죄 준다면, 신(臣)은 부월(斧鉞)의 주벌도 냉이처럼 달게 받겠습니다.
그런데 이제 도리어 이것을 가지고 신(臣)이 선왕조(先王朝)를 비난했다고 한다면 또한 엉성하여 사실에 가깝지 않습니다.","비록 폐하께서 언로(言路)를 넓게 여시어 기휘(忌諱)하는 바가 없으시나, 대간(臺諫)들이 공격하는 대상은 선왕조(先王朝)(신종(神宗))의 사람들에 지나지 않고 비난하는 바는 선왕조(先王朝)의 법에 지나지 않습니다.
이것은 바로 물로써 물을 구제하는 것이니, 신(臣)은 적이 이를 근심합니다.
그러므로 번번이 이러한 뜻을 가지고 위의 책문(策問)을 지을 적에 실제로 지금의 조정과 재상(宰相)과 대간(臺諫)의 부류를 풍자한 것이니,
이는 폐하께서 이것을 보시고 성(聖)스런 마음에 감동함이 있으시어 행여 인종(仁宗)과 신종(神宗) 두 분 황제폐하의 충후(忠厚)하고 부지런히 힘쓰신 정사(政事)를 겸하여 행하실 수 있게 되기를 바란 것입니다.
대간(臺諫)들이 만약 이것을 가지고 신(臣)을 비난하고 조정이 만약 이것을 가지고 신(臣)을 죄 준다면, 신(臣)은 부월(斧鉞)의 주벌도 냉이처럼 달게 받겠습니다.
그런데 이제 도리어 이것을 가지고 신(臣)이 선왕조(先王朝)를 비난했다고 한다면 또한 엉성하여 사실에 가깝지 않습니다."
3,당송팔대가문초소식3,211,whitespace_only,7,8,"《예기(禮記)》에 이르기를 “성(誠)으로 말미암아 밝아짐을 성(性)이라 이르고 명(明)으로 말미암아 성실해짐을 교(敎)라 이르니, 성실하면 밝아지고 밝아지면 성실해진다. ”라고 하였다.
성(誠)이라는 것은 무엇인가?
즐거워함을 말하니, 즐거워하면 스스로 진실해지므로 성(誠)이라 말한 것이다.
명(明)이라는 것은 무엇인가?
앎을 말하니, 알면 통달해지므로 명(明)이라 한 것이다.
오직 성인(聖人)만은 아는 것이 지극하지 못하더라도 즐거워하는 것이 먼저 들어가니 먼저 들어가는 것이 주장이 되어서 그 나머지를 기다리면 이것은 즐거워하는 것이 주장이 되는 것이요, 현인(賢人)으로 말하면 즐거워하는 것은 지극하지 못하고 아는 것이 먼저 들어가니 먼저 들어가는 것이 주장이 되어서 그 나머지를 기다리면 이것은 아는 것이 주장이 되는 것이다.
성인(聖人)은 즐거워하는 것이 주장이 되기 때문에 알지 못하는 바가 있을지언정 알면 일찍이 행하지 않는 적이 없고, 현인(賢人)은 아는 것이 주장이 되기 때문에 비록 알지 못하는 바가 없더라도 행하지 못하는 바가 있는 것이다.","《예기(禮記)》에 이르기를 “성(誠)으로 말미암아 밝아짐을 성(性)이라 이르고 명(明)으로 말미암아 성실해짐을 교(敎)라 이르니, 성실하면 밝아지고 밝아지면 성실해진다. ”라고 하였다.
성(誠)이라는 것은 무엇인가?
즐거워함을 말하니, 즐거워하면 스스로 진실해지므로 성(誠)이라 말한 것이다.
명(明)이라는 것은 무엇인가?
앎을 말하니, 알면 통달해지므로 명(明)이라 한 것이다.
오직 성인(聖人)만은 아는 것이 지극하지 못하더라도 즐거워하는 것이 먼저 들어가니 먼저 들어가는 것이 주장이 되어서 그 나머지를 기다리면 이것은 즐거워하는 것이 주장이 되는 것이요,
현인(賢人)으로 말하면 즐거워하는 것은 지극하지 못하고 아는 것이 먼저 들어가니 먼저 들어가는 것이 주장이 되어서 그 나머지를 기다리면 이것은 아는 것이 주장이 되는 것이다.
성인(聖人)은 즐거워하는 것이 주장이 되기 때문에 알지 못하는 바가 있을지언정 알면 일찍이 행하지 않는 적이 없고, 현인(賢人)은 아는 것이 주장이 되기 때문에 비록 알지 못하는 바가 없더라도 행하지 못하는 바가 있는 것이다."
3,당송팔대가문초소식5,118,whitespace_only,5,6,"남쪽으로 마이산(馬耳山)과 상산(常山)을 바라보면, 산(山)의 모습이 나왔다 없어졌다 숨었다 나타났다 해서 가까운 듯하다가 다시 먼 듯하니, 어쩌면 여기에 은군자(隱君子)가 있는가 보다.
그 동쪽은 노산(盧山)이니 진(秦)나라 사람 노오(盧敖)가 따라 은둔한 곳이요, 서쪽으로 목릉(穆陵)을 바라보니 우뚝하여 성곽과 같은데 스승 상보(尙父)와 제(齊) 환공(桓公)의 유열(遺烈)이 아직도 남아 있으며, 북쪽으로 유수(濰水)를 굽어보고 서글피 탄식하면서 회음후(淮陰侯)(한신(韓信))의 공(功)을 생각하고 제대로 끝마치지 못함을 안타까워하였다.
이 대(臺)가 높은데도 편안하고 깊은데도 밝으며, 여름에 시원하고 겨울에 따뜻하였다.
함박눈 내리는 아침과 시원한 바람이 불고 밝은 달이 비추는 저녁에, 내 일찍이 이 대(臺)에 있지 않은 적이 없었고, 객(客)도 일찍이 나를 따르지 않은 적이 없었다.
원포(園圃)의 푸성귀를 채취하고 못의 물고기를 잡으며, 수수로 술을 빚고 껍질을 벗긴 곡식을 씻어 밥을 지어 먹으면서 말하기를 “즐겁다, 내 놀이여! ”라고 하였다.","남쪽으로 마이산(馬耳山)과 상산(常山)을 바라보면, 산(山)의 모습이 나왔다 없어졌다 숨었다 나타났다 해서 가까운 듯하다가 다시 먼 듯하니, 어쩌면 여기에 은군자(隱君子)가 있는가 보다.
그 동쪽은 노산(盧山)이니 진(秦)나라 사람 노오(盧敖)가 따라 은둔한 곳이요, 서쪽으로 목릉(穆陵)을 바라보니 우뚝하여 성곽과 같은데 스승 상보(尙父)와 제(齊) 환공(桓公)의 유열(遺烈)이 아직도 남아 있으며,
북쪽으로 유수(濰水)를 굽어보고 서글피 탄식하면서 회음후(淮陰侯)(한신(韓信))의 공(功)을 생각하고 제대로 끝마치지 못함을 안타까워하였다.
이 대(臺)가 높은데도 편안하고 깊은데도 밝으며, 여름에 시원하고 겨울에 따뜻하였다.
함박눈 내리는 아침과 시원한 바람이 불고 밝은 달이 비추는 저녁에, 내 일찍이 이 대(臺)에 있지 않은 적이 없었고, 객(客)도 일찍이 나를 따르지 않은 적이 없었다.
원포(園圃)의 푸성귀를 채취하고 못의 물고기를 잡으며, 수수로 술을 빚고 껍질을 벗긴 곡식을 씻어 밥을 지어 먹으면서 말하기를 “즐겁다, 내 놀이여! ”라고 하였다."
3,당송팔대가문초소식5,195,whitespace_only,10,10,"공(公)이 옛날 백운향(白雲鄕)에서 용을 타고 손으로 운한(雲漢)을 열어 천장(天章)을 나누니, 천손(天孫)이 운금(雲錦)의 치마를 짜주었네.
표연(飄然)히 바람을 타고 상제(上帝)의 곁에 와서 아래로 탁세(濁世)의 비강(粃糠)을 쓸어주었네.
서쪽으로 함지(咸池)에 노닐고 부상(扶桑)을 스쳐가니, 초목(草木)들도 모두 밝은 광채를 입었네.
이백(李白)과 두보(杜甫)를 따라 함께 날아오르니, 장적(張籍)과 황보식(皇甫湜) 등은 땀 흘리며 달리다가 넘어져 가물가물 사라지는 햇빛처럼 바랄 수가 없었네.
글을 지어 부처를 비방하고 군왕(君王)을 비판하였으니, 이는 남해(南海)를 구경하고 형상(衡湘)을 엿보며 순(舜)임금의 묘가 있는 구의산(九疑山)을 지나 아황(娥皇)과 여영(女英)에게 조문하려 해서였네.
축융(祝融)이 앞에서 몰고 해약(海若)이 숨으니, 악어를 단속하기를 양 떼를 몰듯이 하였네.
균천(鈞天)에 사람 없어 상제(上帝)가 슬퍼하니, 노래 읊으며 공(公)을 불러오라고 아래로 무양(巫陽)을 보내왔네.
들소의 희생을 올리고 닭 뼈로 점을 치며 우리 술잔 올리니, 아!
찬란한 붉은 여지(荔枝)와 황금색 향초(香蕉)라오.
공(公)이 조금도 머물지 않아 우리들 눈물 흘리니, 편연(翩然)히 머리 풀어 산발하고 대황(大荒)에 내려오시는 듯.","공(公)이 옛날 백운향(白雲鄕)에서 용을 타고 손으로 운한(雲漢)을 열어 천장(天章)을 나누니, 천손(天孫)이 운금(雲錦)의 치마를 짜주었네.
표연(飄然)히 바람을 타고 상제(上帝)의 곁에 와서 아래로 탁세(濁世)의 비강(粃糠)을 쓸어주었네.
서쪽으로 함지(咸池)에 노닐고 부상(扶桑)을 스쳐가니, 초목(草木)들도 모두 밝은 광채를 입었네.
이백(李白)과 두보(杜甫)를 따라 함께 날아오르니, 장적(張籍)과 황보식(皇甫湜) 등은 땀 흘리며 달리다가 넘어져 가물가물 사라지는 햇빛처럼 바랄 수가 없었네.
글을 지어 부처를 비방하고 군왕(君王)을 비판하였으니,
이는 남해(南海)를 구경하고 형상(衡湘)을 엿보며 순(舜)임금의 묘가 있는 구의산(九疑山)을 지나 아황(娥皇)과 여영(女英)에게 조문하려 해서였네.
축융(祝融)이 앞에서 몰고 해약(海若)이 숨으니, 악어를 단속하기를 양 떼를 몰듯이 하였네.
균천(鈞天)에 사람 없어 상제(上帝)가 슬퍼하니, 노래 읊으며 공(公)을 불러오라고 아래로 무양(巫陽)을 보내왔네.
들소의 희생을 올리고 닭 뼈로 점을 치며 우리 술잔 올리니, 아! 찬란한 붉은 여지(荔枝)와 황금색 향초(香蕉)라오.
공(公)이 조금도 머물지 않아 우리들 눈물 흘리니, 편연(翩然)히 머리 풀어 산발하고 대황(大荒)에 내려오시는 듯."
3,당송팔대가문초소철1,226,whitespace_only,10,11,"옛날 부자(夫子)(공자(孔子))께서 살아계실 때에 부자(夫子)를 따라 유학(遊學)하는 자들이 대개 3천여 명이나 되었습니다.
이 3천여 명은 모두 그 스승에게 배워서 얻은 것이 있었습니다.
이 때문에 부자를 따라 바삐 돌아다녀, 송(宋)나라와 노(魯)나라에서는 쫓겨나고, 진(陳)나라와 채(蔡)나라에서는 굶주림을 당하는 등 갖은 곤액(困厄)을 겪었지만 부자의 곁을 떠나는 자가 없었으니, 이는 확실히 배워 얻은 바가 있었던 것입니다.
안연(顔淵)은 부자(夫子)를 뵙고 나와서 사람에게 고(告)하기를 “나는 부자(夫子)의 사상을 잘 알았다. ”고 하였고, 자로(子路)‧자공(子貢)‧염유(冉有)는 나와서 사람에게 고(告)하되 역시 “나는 부자(夫子)의 사상을 알았다. ”고 하였습니다.
아래로 규손(邽巽)‧공충(孔忠)‧공서여(公西輿)‧공서잠(公西箴) 등에 이르기까지 이 몇 사람은 문인(門人)의 하등에 속한 자들인지라, 도덕(道德)의 광화(光華)를 가만히 엿보고 의론(議論)의 말단을 들은 것이 있어서, 모두 한 세대에 얻은 것이 있었습니다.
그 뒤에 전자방(田子方)과 단간목(段干木)의 무리는 부자의 학설을 연구한 것이 상세하지 못하여 슬그머니 허무담박(虛無淡泊)한 학설을 펼쳤고, 오기(吳起)와 금골리(禽滑釐)의 무리는 또 독창적인 학설로 전국시대에 맹렬한 기세를 떨쳤습니다.
대개 부자(夫子)의 도(道)가 사방으로 전파하니, 후세 사람 중에 그 유파(遺波)와 여택(餘澤)을 얻은 자가 이와 같은 지경에 이르렀습니다.
양주(楊朱)‧묵적(墨翟)‧장주(莊周)‧추연(鄒衍)‧전병(田騈)‧신도(愼到)‧한비(韓非)‧신불해(申不害)의 무리는 또 부자(夫子)의 대도(大道)를 보지 못하여 허둥대고 미혹(迷惑)하고 혼란(混亂)하여 어쩔 줄을 몰랐으니, 비유하자면 대택(大澤) 가에 푹 빠졌는데,
형진(荊榛)과 극자(棘茨)가 우거져서 작은 길이 멸절(滅絶)되었으니, 스스로 사통팔달한 거리에 이르기를 바라지만 그렇게 될 수가 없어서, 이에 가시덤불을 무릅쓰고 비탈과 계곡을 걷는데, 도로가 평탄하지 못하고 구불구불해서 걸음을 멈출 수가 없는 것과 같습니다.
왜냐하면, 저들 또한 자기들이 공자 학설의 정수에 도달하였다고 여겼기 때문입니다.","옛날 부자(夫子)(공자(孔子))께서 살아계실 때에 부자(夫子)를 따라 유학(遊學)하는 자들이 대개 3천여 명이나 되었습니다.
이 3천여 명은 모두 그 스승에게 배워서 얻은 것이 있었습니다.
이 때문에 부자를 따라 바삐 돌아다녀, 송(宋)나라와 노(魯)나라에서는 쫓겨나고, 진(陳)나라와 채(蔡)나라에서는 굶주림을 당하는 등 갖은 곤액(困厄)을 겪었지만 부자의 곁을 떠나는 자가 없었으니, 이는 확실히 배워 얻은 바가 있었던 것입니다.
안연(顔淵)은 부자(夫子)를 뵙고 나와서 사람에게 고(告)하기를 “나는 부자(夫子)의 사상을 잘 알았다. ”고 하였고, 자로(子路)‧자공(子貢)‧염유(冉有)는 나와서 사람에게 고(告)하되 역시 “나는 부자(夫子)의 사상을 알았다. ”고 하였습니다.
아래로 규손(邽巽)‧공충(孔忠)‧공서여(公西輿)‧공서잠(公西箴) 등에 이르기까지 이 몇 사람은 문인(門人)의 하등에 속한 자들인지라, 도덕(道德)의 광화(光華)를 가만히 엿보고 의론(議論)의 말단을 들은 것이 있어서, 모두 한 세대에 얻은 것이 있었습니다.
그 뒤에 전자방(田子方)과 단간목(段干木)의 무리는 부자의 학설을 연구한 것이 상세하지 못하여 슬그머니 허무담박(虛無淡泊)한 학설을 펼쳤고, 오기(吳起)와 금골리(禽滑釐)의 무리는 또 독창적인 학설로 전국시대에 맹렬한 기세를 떨쳤습니다.
대개 부자(夫子)의 도(道)가 사방으로 전파하니, 후세 사람 중에 그 유파(遺波)와 여택(餘澤)을 얻은 자가 이와 같은 지경에 이르렀습니다.
양주(楊朱)‧묵적(墨翟)‧장주(莊周)‧추연(鄒衍)‧전병(田騈)‧신도(愼到)‧한비(韓非)‧신불해(申不害)의 무리는 또 부자(夫子)의 대도(大道)를 보지 못하여 허둥대고 미혹(迷惑)하고 혼란(混亂)하여 어쩔 줄을 몰랐으니,
비유하자면 대택(大澤) 가에 푹 빠졌는데, 형진(荊榛)과 극자(棘茨)가 우거져서 작은 길이 멸절(滅絶)되었으니,
스스로 사통팔달한 거리에 이르기를 바라지만 그렇게 될 수가 없어서, 이에 가시덤불을 무릅쓰고 비탈과 계곡을 걷는데, 도로가 평탄하지 못하고 구불구불해서 걸음을 멈출 수가 없는 것과 같습니다.
왜냐하면, 저들 또한 자기들이 공자 학설의 정수에 도달하였다고 여겼기 때문입니다."
3,당송팔대가문초소철2,67,whitespace_only,18,19,"≪노자(老子)≫에 이르기를 “유한 것이 억센 것을 이기고, 약한 것이 강한 것을 이긴다. ”고 하였다.
한(漢) 문제(文帝)가 유한 마음으로 천하를 통치하니, 굳세고 강한 자들이 모두 바람을 따라 쓰러지듯이 감화되었다.
위타(尉佗)가 남월(南越)에서 참람하게 ‘제호(帝號)’를 칭하자, 문제(文帝)가 그 부모의 분묘(墳墓)를 잘 보살펴주고, 그 형제들을 불러서 높은 벼슬을 시키니, 위타(尉佗)는 제호(帝號)를 제거하고 부복(俯伏)하여 ‘신(臣)’이라 칭하였다.
흉노(匈奴)가 사납고 드세어 중국(中國)을 능가(陵駕)하자, 문제(文帝)는 몸을 낮추어 서신(書信)을 보내고 증서(繒絮)(비단과 솜)를 후하게 주었으니, 비록 그들을 항복시키지는 못했다 하더라도 병혁(兵革)의 화(禍)는 무제(武帝) 세대에 비하여 10분의 1, 2밖에 안 되었다.
오왕(吳王) 비(濞)가 화심(禍心)을 품고 병(病)을 핑계로 조회하러 오지 않자, 문제(文帝)가 그에게 궤장(几杖)을 하사하였더니, 비(濞)는 화를 내지 않았고, 따라서 난(亂)이 일어나지 않았다.
가사 문제(文帝)가 아직 살아 있고 10년을 넘기지 않아 비(濞) 또한 이미 늙어 죽었더라면 동남(東南)의 난(亂)은 말미암아 일어날 길이 없었을 것이다.
경제(景帝)에 이르러 능히 인내(忍耐)하지 못하고 조조(鼂錯)의 계책을 써서 제후(諸侯)의 땅을 삭탈(削奪)하니, 비(濞)가 7국(國)을 불러서 서쪽으로 향하여 관중(關中)에 들어갔다.
한(漢)나라가 36명의 장군(將軍)을 파견하고 천하(天下)의 힘을 다 기울여서 겨우 격파하였다.
조조(鼂錯)가 말하기를 “제후(諸侯)가 강대(强大)하니 삭탈(削奪)해도 배반하고, 삭탈(削奪)하지 않아도 배반할 것이지만, 삭탈(削奪)하면 배반은 빨라지는 대신 화(禍)는 작을 것이고,
삭탈(削奪)하지 않으면 배반은 더딘 대신 화(禍)는 클 것이다. ”라고 하니, 세상 사람들은 모두 그 말을 믿을 만한 말이라고 하였으나 나는 그렇게 생각하지 않는다, 참으로 문제(文帝)처럼 꾹 참고 삭탈(削奪)하지 않았더라면 비(濞)는 반드시 배반하지 못했을 것이다.
몇 해를 미루어온 뒤에 변고(變故)가 일어남이 하나뿐이 아니었으니, 서서히 그 변고를 인하여 준비를 하였더라면 제어할 방책은 얼마든지 많았을 것이다.
맹호(猛虎)가 산에 있어 날마다 우양(牛羊)을 잡아먹으면 사람들은 견딜 수 없어서 창을 메고 가서 찌를 것이다.
다행히 〈성사할 경우는〉 범이 죽을 것이고, 불행히 〈성사하지 못할 경우는〉 사람이 죽을 것이니, 그 해(害)는 빨리 결판이 날 것이다.
조조(鼂錯)의 계책이 이와 무엇이 다르겠는가?
만일 원장(垣牆)을 높이 쌓고 함정(陷穽)을 깊이 파서 수시로 망을 보아 조심스레 방어한다면 범이 어떻게 반드시 해가 될 수 있겠는가?
이것은 바로 문제(文帝)가 오(吳)나라를 방비한 방책이다.
아!
천하(天下)를 위할 목적으로 우환(憂患)을 염려하여 이름을 좋아하고 이익을 탐하는 소장부(小丈夫)로 하여금 제어하게 한다면 조조(鼂錯)처럼 되지 않을 자가 적을 것이다.","≪노자(老子)≫에 이르기를 “유한 것이 억센 것을 이기고, 약한 것이 강한 것을 이긴다. ”고 하였다.
한(漢) 문제(文帝)가 유한 마음으로 천하를 통치하니, 굳세고 강한 자들이 모두 바람을 따라 쓰러지듯이 감화되었다.
위타(尉佗)가 남월(南越)에서 참람하게 ‘제호(帝號)’를 칭하자, 문제(文帝)가 그 부모의 분묘(墳墓)를 잘 보살펴주고, 그 형제들을 불러서 높은 벼슬을 시키니, 위타(尉佗)는 제호(帝號)를 제거하고 부복(俯伏)하여 ‘신(臣)’이라 칭하였다.
흉노(匈奴)가 사납고 드세어 중국(中國)을 능가(陵駕)하자, 문제(文帝)는 몸을 낮추어 서신(書信)을 보내고 증서(繒絮)(비단과 솜)를 후하게 주었으니, 비록 그들을 항복시키지는 못했다 하더라도 병혁(兵革)의 화(禍)는 무제(武帝) 세대에 비하여 10분의 1, 2밖에 안 되었다.
오왕(吳王) 비(濞)가 화심(禍心)을 품고 병(病)을 핑계로 조회하러 오지 않자, 문제(文帝)가 그에게 궤장(几杖)을 하사하였더니, 비(濞)는 화를 내지 않았고, 따라서 난(亂)이 일어나지 않았다.
가사 문제(文帝)가 아직 살아 있고 10년을 넘기지 않아 비(濞) 또한 이미 늙어 죽었더라면 동남(東南)의 난(亂)은 말미암아 일어날 길이 없었을 것이다.
경제(景帝)에 이르러 능히 인내(忍耐)하지 못하고 조조(鼂錯)의 계책을 써서 제후(諸侯)의 땅을 삭탈(削奪)하니, 비(濞)가 7국(國)을 불러서 서쪽으로 향하여 관중(關中)에 들어갔다.
한(漢)나라가 36명의 장군(將軍)을 파견하고 천하(天下)의 힘을 다 기울여서 겨우 격파하였다.
조조(鼂錯)가 말하기를 “제후(諸侯)가 강대(强大)하니 삭탈(削奪)해도 배반하고, 삭탈(削奪)하지 않아도 배반할 것이지만, 삭탈(削奪)하면 배반은 빨라지는 대신 화(禍)는 작을 것이고, 삭탈(削奪)하지 않으면 배반은 더딘 대신 화(禍)는 클 것이다. ”라고 하니,
세상 사람들은 모두 그 말을 믿을 만한 말이라고 하였으나 나는 그렇게 생각하지 않는다,
참으로 문제(文帝)처럼 꾹 참고 삭탈(削奪)하지 않았더라면 비(濞)는 반드시 배반하지 못했을 것이다.
몇 해를 미루어온 뒤에 변고(變故)가 일어남이 하나뿐이 아니었으니, 서서히 그 변고를 인하여 준비를 하였더라면 제어할 방책은 얼마든지 많았을 것이다.
맹호(猛虎)가 산에 있어 날마다 우양(牛羊)을 잡아먹으면 사람들은 견딜 수 없어서 창을 메고 가서 찌를 것이다.
다행히 〈성사할 경우는〉 범이 죽을 것이고, 불행히 〈성사하지 못할 경우는〉 사람이 죽을 것이니, 그 해(害)는 빨리 결판이 날 것이다.
조조(鼂錯)의 계책이 이와 무엇이 다르겠는가?
만일 원장(垣牆)을 높이 쌓고 함정(陷穽)을 깊이 파서 수시로 망을 보아 조심스레 방어한다면 범이 어떻게 반드시 해가 될 수 있겠는가?
이것은 바로 문제(文帝)가 오(吳)나라를 방비한 방책이다.
아!
천하(天下)를 위할 목적으로 우환(憂患)을 염려하여 이름을 좋아하고 이익을 탐하는 소장부(小丈夫)로 하여금 제어하게 한다면 조조(鼂錯)처럼 되지 않을 자가 적을 것이다."
3,당송팔대가문초왕안석1,347,whitespace_only,9,10,"모(某)는 군주(君主)에게서 명(命)을 받아 법도(法度)를 의론(議論)하고 이를 조정(朝廷)에서 수정(修正)하여 담당관서에 내려 보내 시행하게 하는 것은 해당관서의 고유업무를 침범하는 침관(侵官)이 아니고,
선왕(先王)이 시행하였던 정사(政事)를 다시 일으켜서 이로써 이익을 늘리고 폐단을 제거하는 것은 상법(常法)을 따르지 않게 하여 분란을 일으키는 생사(生事)가 아닙니다.
천하(天下)를 위하여 재화(財貨)를 관리하는 것은 간교한 지혜를 다투며 사리(私利)만을 추구하는 정리(征利)가 아니고, 사악(邪惡)한 주장을 물리치고 간사(奸邪)한 사람을 내보낸 것은 비판하는 사람을 꾸짖고 축출한 거간(拒諫)이 아니라고 생각합니다.
원망과 비방이 많이 일어난 데 이른 것에 대하여서는 진실로 먼저 이와 같을 줄을 알고 있었습니다.
사람들이 계속 그릇된 일에 익숙해진 것이 어제 오늘에 일어난 것이 아니니, 사대부들 가운데 많은 이들이 국사(國事)를 염려하지 않고 세속적 견해에 동화되어 스스로 대중에 영합하는 것을 선(善)으로 여기고 있습니다.
군주(君主)께서 이를 변혁하고자 하시어 모(某)는 반대파의 많고 적음을 헤아리지 않고 힘을 다해 군주를 도와 이들과 맞서고자 하고 있으니, 대중들이 어찌 떠들썩하게 동요하지 않을 수 있겠습니까.
반경(盤庚)이 천도(遷都)하려 할 때에 서로 모여서 원망한 자들이 백성들이었고, 유독 조정(朝廷)의 사대부(士大夫)에 그칠 뿐이 아니었지만, 반경(盤庚)은 원망하는 사람 때문에 기정(旣定) 계획(計劃)을 바꾸지는 않았고, 의리(義理)에 맞는가를 헤아린 이후에 실천하였으니, 이 때문에 후회할 만한 일이 드러나지 않았습니다.
만약 군실(君實)께서 내가 재상의 지위에 오래 있으면서 군주께서 크게 도모하시는 일을 제대로 보좌하여 이 백성들에게 은택을 입히지 못하고 있다고 꾸짖으신다면 모(某)가 그 잘못을 인정하겠지만, 만약 이제 일체의 업무를 담당하고 있으면서 일을 하지 않고 전부터 해오던 일만을 묵수하고 있다고 말씀하신다면, 이런 비판은 모(某)가 감히 알 바가 아닙니다.
서로 만날 기회가 없으므로, 지난날의 지극하셨던 보살핌을 감내하지 못하겠나이다.","모(某)는 군주(君主)에게서 명(命)을 받아 법도(法度)를 의론(議論)하고 이를 조정(朝廷)에서 수정(修正)하여 담당관서에 내려 보내 시행하게 하는 것은 해당관서의 고유업무를 침범하는 침관(侵官)이 아니고,
선왕(先王)이 시행하였던 정사(政事)를 다시 일으켜서 이로써 이익을 늘리고 폐단을 제거하는 것은 상법(常法)을 따르지 않게 하여 분란을 일으키는 생사(生事)가 아닙니다.
천하(天下)를 위하여 재화(財貨)를 관리하는 것은 간교한 지혜를 다투며 사리(私利)만을 추구하는 정리(征利)가 아니고, 사악(邪惡)한 주장을 물리치고 간사(奸邪)한 사람을 내보낸 것은 비판하는 사람을 꾸짖고 축출한 거간(拒諫)이 아니라고 생각합니다.
원망과 비방이 많이 일어난 데 이른 것에 대하여서는 진실로 먼저 이와 같을 줄을 알고 있었습니다.
사람들이 계속 그릇된 일에 익숙해진 것이 어제 오늘에 일어난 것이 아니니, 사대부들 가운데 많은 이들이 국사(國事)를 염려하지 않고 세속적 견해에 동화되어 스스로 대중에 영합하는 것을 선(善)으로 여기고 있습니다.
군주(君主)께서 이를 변혁하고자 하시어 모(某)는 반대파의 많고 적음을 헤아리지 않고 힘을 다해 군주를 도와 이들과 맞서고자 하고 있으니, 대중들이 어찌 떠들썩하게 동요하지 않을 수 있겠습니까.
반경(盤庚)이 천도(遷都)하려 할 때에 서로 모여서 원망한 자들이 백성들이었고, 유독 조정(朝廷)의 사대부(士大夫)에 그칠 뿐이 아니었지만, 반경(盤庚)은 원망하는 사람 때문에 기정(旣定) 계획(計劃)을 바꾸지는 않았고, 의리(義理)에 맞는가를 헤아린 이후에 실천하였으니, 이 때문에 후회할 만한 일이 드러나지 않았습니다.
만약 군실(君實)께서 내가 재상의 지위에 오래 있으면서 군주께서 크게 도모하시는 일을 제대로 보좌하여 이 백성들에게 은택을 입히지 못하고 있다고 꾸짖으신다면 모(某)가 그 잘못을 인정하겠지만,
만약 이제 일체의 업무를 담당하고 있으면서 일을 하지 않고 전부터 해오던 일만을 묵수하고 있다고 말씀하신다면, 이런 비판은 모(某)가 감히 알 바가 아닙니다.
서로 만날 기회가 없으므로, 지난날의 지극하셨던 보살핌을 감내하지 못하겠나이다."
3,당송팔대가문초유종원1,230,whitespace_only,4,3,"계주(桂州)에 영산(靈山)이 많은데 평지에서 곧장 높이 솟아 사방 들판에 숲처럼 늘어서 있고 계주(桂州) 관아의 왼쪽에 흐르는 강을 나수(灕水)라 하니 나수(灕水) 중앙에 자씨(訾氏)가 살던 모래섬이 있다.
영남(嶺南)의 산천이 해변까지 이어져 내려오다가 이곳에서 제 모습을 모두 드러냈는데, 예나 지금이나 이 경관을 제대로 아는 사람이 없었다.
원화(元和) 12년에 어사중승(御史中丞) 배공(裴公)이 이 고장에 부임하여 27개 주(州)의 군정(軍政)과 민사(民事)를 관장하니,
도둑은 자취를 감추고 간교한 자는 마음을 바꾸었으며 은덕으로 교화를 펴자, 한 해 만에 치적이 이루어져 백성들이 부유해지고 인구도 늘었다.","계주(桂州)에 영산(靈山)이 많은데 평지에서 곧장 높이 솟아 사방 들판에 숲처럼 늘어서 있고 계주(桂州) 관아의 왼쪽에 흐르는 강을 나수(灕水)라 하니 나수(灕水) 중앙에 자씨(訾氏)가 살던 모래섬이 있다.
영남(嶺南)의 산천이 해변까지 이어져 내려오다가 이곳에서 제 모습을 모두 드러냈는데, 예나 지금이나 이 경관을 제대로 아는 사람이 없었다.
원화(元和) 12년에 어사중승(御史中丞) 배공(裴公)이 이 고장에 부임하여 27개 주(州)의 군정(軍政)과 민사(民事)를 관장하니, 도둑은 자취를 감추고 간교한 자는 마음을 바꾸었으며 은덕으로 교화를 펴자, 한 해 만에 치적이 이루어져 백성들이 부유해지고 인구도 늘었다."
3,당송팔대가문초한유2,31,normalization_only,5,5,"중세(中世)의 사대부(士大夫)들은 관청을 집으로 삼았으니, 관직에서 물러나면 돌아갈 곳이 없었다.
양후(楊侯)는 약관(弱冠)의 나이에 그 향읍(鄕邑)의 추천을 받아 〈녹명(鹿鳴)〉을 노래하며 〈경사(京師)로 와서 예부시(禮部試)에 응시(應試)하였는데, 〉 지금 돌아가시면 나무를 가리키면서 “아무 나무는 내 선인(先人)께서 심으신 것이고, 아무 물과 아무 언덕은 내가 어릴 적에 낚시질하고 노닐던 곳이다. ”라고 하실 것이다.
그 고장 사람들은 더욱 공경하여, 자손들에게 “양후(楊侯)가 고향을 버리지 않은 것을 본보기로 삼으라. ”고 경계하지 않는 이가 없을 것이다.
옛사람이 이른바 향선생(鄕先生)이 죽으면 사(社)에서 제사 지낸다는 것이 아마 이런 분에 해당할 것이다.
아마 이런 분에 해당할 것이다.","중세(中世)의 사대부(士大夫)들은 관청을 집으로 삼았으니, 관직에서 물러나면 돌아갈 곳이 없었다.
양후(楊侯)는 약관(弱冠)의 나이에 그 향읍(鄕邑)의 추천을 받아 〈녹명(鹿鳴)〉을 노래하며 〈경사(京師)로 와서 예부시(禮部試)에 응시(應試)하였는데, 〉 지금 돌아가시면 나무를 가리키면서 “아무 나무는 내 선인(先人)께서 심으신 것이고, 아무 물과 아무 언덕은 내가 어릴 적에 낚시질하고 노닐던 곳이다. ”라고 하실 것이다. 
그 고장 사람들은 더욱 공경하여, 자손들에게 “양후(楊侯)가 고향을 버리지 않은 것을 본보기로 삼으라. ”고 경계하지 않는 이가 없을 것이다. 
옛사람이 이른바 향선생(鄕先生)이 죽으면 사(社)에서 제사 지낸다는 것이 아마 이런 분에 해당할 것이다.
아마 이런 분에 해당할 것이다."
3,당송팔대가문초한유2,149,whitespace_only,1,9,솜씨 좋은 장인이 산의 돌을 떠다가 가운데를 파내어 음식 삶게 하였네(유사복(劉師服)) 곧은 자루는 저울대로 못 쓰니 입을 막고서 소리 삼킬 뿐이네(후희(侯喜)) 솥발에 새긴 용머리는 버섯처럼 움츠렸고 몸통은 돼지 배처럼 불룩하게 부풀었네(헌원미명(軒轅彌明)) 밖을 감싼 것은 마른 이끼 문양이고 안에는 놀랍게도 어두운 물결 이네(유사복(劉師服)) 차가울 땐 솥발이 절로 편안하다가 불을 지피면 뜻이 더욱 굳세어지네(후희(侯喜)) 어째서 정(鼎)과 내(鼐) 사이에 잘못 놓여 물과 불이 서로 다투게 하였는가(헌원미명(軒轅彌明)) 크기는 열사(烈士)의 쓸개만 하고 둥글기는 전마(戰馬)의 가슴걸이 같네(유사복(劉師服)) 위는 향로처럼 뾰족하고 아래는 거울처럼 평평하네(후희(侯喜)) 가을 오이는 아직 꼭지가 떨어지지 않았는데 겨울 토란은 이제 막 싹이 올라오네(헌원미명(軒轅彌明)) 한 덩이 원기 닫혀 있더니 가는 물줄기 작은 구멍으로 나오네(유사복(劉師服)) 속내 털어놓을 벗을 만나지 못했으니 마음에 품은 생각이 깨끗함을 어이 알 수 있으리(후희(侯喜)) 큰 화로에 불이 한창 이글거릴 때면 작은 그릇이 가득 참을 더욱 알 수 있네(헌원미명(軒轅彌明)) 아무리 보아도 칼 댄 흔적 없고 하늘이 만든 듯이 둥글둥글하네(유사복(劉師服)) 멀리서 보면 거북이 하도(河圖)를 지고서 뭍에 나와 아침 햇볕 쬐는 듯하네(후희(侯喜)) 옆에는 구멍 뚫린 한 쌍의 귀 달렸고 위에는 상투 하나 버티고 서 있네(헌원미명(軒轅彌明)) 어떤 이는 꼬리 짧은 냄비 같다 하고 어떤 이는 발 없는 솥 같다고 하네(유사복(劉師服)) 애석하여라 한식날 차던 공처럼 길가의 구덩이에 이것을 버렸구려(후희(侯喜)) 어찌해야 잿더미에서 벗어날 수 있을까 술병이란 오해를 벗어날 방법 없어라(헌원미명(軒轅彌明)) 재질 누추해도 술 따라 마실 수 있으나 속 좁은 그릇이라 가지고 다니기 부끄럽네(유사복(劉師服)) 어찌 선약(仙藥)을 달일 수 있으리오 양고기 국으로 더럽히지 않았을 뿐이네(후희(侯喜)) 모습은 아낙들도 비웃고 도량은 아이들도 깔보네(헌원미명(軒轅彌明)) 한갓 성질만 굳고 무거울 뿐 용량은 한 되 한 홉들이에 지나지 않네(유사복(劉師服)) 곁에서 보면 망가진 수레바퀴 누운 것 같고 옆에서 보면 부러진 굴대 비껴 있는 것 같네(후희(侯喜)) 이따금 지렁이 굴 같은 작은 구멍에서 쉬파리 울음 같은 날카로운 소리 내네(헌원미명(軒轅彌明)) 그러다가 심하게 끓어 넘쳐서 믿고 맡긴 정성을 저버리누나(유사복(劉師服)) 항상 눈에 뜨이는 곳에 있으니 감히 비밀 누설할 마음 갖겠나(후희(侯喜)) 차라리 뜨거움에 의지해 해질지언정 차가움과 함께하지 않으리(헌원미명(軒轅彌明)) 하찮은 정성을 바쳤을 뿐이니 자잘한 일이라 말할 가치도 없네(후희(侯喜)) 빙빙 돌려도 단정히 앉고 뚜껑 여닫을 때만 소리 내네(유사복(劉師服)) 귀한 호련(瑚璉)보다 훨씬 나으니 호련은 명성만 부질없이 전해지네 어찌 옛 조두(俎豆)에 견주랴 조두는 손으로 만질 수도 없다네 갈고 닦아 모서리를 없애고 윤택하게 정채 드러냈네 바라건대 그대 비웃지 마소 이 물건 바야흐로 쓰일 데가 있을 것이네(헌원미명(軒轅彌明)),"솜씨 좋은 장인이 산의 돌을 떠다가 가운데를 파내어 음식 삶게 하였네(유사복(劉師服)) 곧은 자루는 저울대로 못 쓰니 입을 막고서 소리 삼킬 뿐이네(후희(侯喜)) 솥발에 새긴 용머리는 버섯처럼 움츠렸고 몸통은 돼지 배처럼 불룩하게 부풀었네(헌원미명(軒轅彌明)) 밖을 감싼 것은 마른 이끼 문양이고 안에는 놀랍게도 어두운 물결 이네(유사복(劉師服)) 차가울 땐 솥발이 절로 편안하다가 불을 지피면 뜻이 더욱 굳세어지네(후희(侯喜)) 어째서 정(鼎)과 내(鼐) 사이에 잘못 놓여 물과 불이 서로 다투게 하였는가(헌원미명(軒轅彌明))
크기는 열사(烈士)의 쓸개만 하고 둥글기는 전마(戰馬)의 가슴걸이 같네(유사복(劉師服)) 위는 향로처럼 뾰족하고 아래는 거울처럼 평평하네(후희(侯喜)) 가을 오이는 아직 꼭지가 떨어지지 않았는데 겨울 토란은 이제 막 싹이 올라오네(헌원미명(軒轅彌明))
한 덩이 원기 닫혀 있더니 가는 물줄기 작은 구멍으로 나오네(유사복(劉師服)) 속내 털어놓을 벗을 만나지 못했으니 마음에 품은 생각이 깨끗함을 어이 알 수 있으리(후희(侯喜)) 큰 화로에 불이 한창 이글거릴 때면 작은 그릇이 가득 참을 더욱 알 수 있네(헌원미명(軒轅彌明))
아무리 보아도 칼 댄 흔적 없고 하늘이 만든 듯이 둥글둥글하네(유사복(劉師服)) 멀리서 보면 거북이 하도(河圖)를 지고서 뭍에 나와 아침 햇볕 쬐는 듯하네(후희(侯喜)) 옆에는 구멍 뚫린 한 쌍의 귀 달렸고 위에는 상투 하나 버티고 서 있네(헌원미명(軒轅彌明))
어떤 이는 꼬리 짧은 냄비 같다 하고 어떤 이는 발 없는 솥 같다고 하네(유사복(劉師服)) 애석하여라 한식날 차던 공처럼 길가의 구덩이에 이것을 버렸구려(후희(侯喜)) 어찌해야 잿더미에서 벗어날 수 있을까 술병이란 오해를 벗어날 방법 없어라(헌원미명(軒轅彌明))
재질 누추해도 술 따라 마실 수 있으나 속 좁은 그릇이라 가지고 다니기 부끄럽네(유사복(劉師服)) 어찌 선약(仙藥)을 달일 수 있으리오 양고기 국으로 더럽히지 않았을 뿐이네(후희(侯喜)) 모습은 아낙들도 비웃고 도량은 아이들도 깔보네(헌원미명(軒轅彌明))
한갓 성질만 굳고 무거울 뿐 용량은 한 되 한 홉들이에 지나지 않네(유사복(劉師服)) 곁에서 보면 망가진 수레바퀴 누운 것 같고 옆에서 보면 부러진 굴대 비껴 있는 것 같네(후희(侯喜)) 이따금 지렁이 굴 같은 작은 구멍에서 쉬파리 울음 같은 날카로운 소리 내네(헌원미명(軒轅彌明))
그러다가 심하게 끓어 넘쳐서 믿고 맡긴 정성을 저버리누나(유사복(劉師服)) 항상 눈에 뜨이는 곳에 있으니 감히 비밀 누설할 마음 갖겠나(후희(侯喜)) 차라리 뜨거움에 의지해 해질지언정 차가움과 함께하지 않으리(헌원미명(軒轅彌明)) 하찮은 정성을 바쳤을 뿐이니 자잘한 일이라 말할 가치도 없네(후희(侯喜))
빙빙 돌려도 단정히 앉고 뚜껑 여닫을 때만 소리 내네(유사복(劉師服)) 귀한 호련(瑚璉)보다 훨씬 나으니 호련은 명성만 부질없이 전해지네 어찌 옛 조두(俎豆)에 견주랴 조두는 손으로 만질 수도 없다네 갈고 닦아 모서리를 없애고 윤택하게 정채 드러냈네 바라건대 그대 비웃지 마소 이 물건 바야흐로 쓰일 데가 있을 것이네(헌원미명(軒轅彌明))"
3,당송팔대가문초한유2,318,normalization_only,4,4,"처음에 내가 맹가(孟軻)의 글을 읽은 뒤에 공자(孔子)의 도(道)가 존귀(尊貴)하고, 성인(聖人)의 도(道)가 행(行)하기 쉽고, 왕도(王道)는 왕업(王業)을 이루기가 쉽고, 패도(霸道)는 패업(霸業)을 이루기가 쉽다는 것을 알았다.
〈나는〉 공자(孔子)의 제자들이 세상을 떠난 뒤에 성인(聖人)(공자(孔子))을 존숭(尊崇)한 이로는 맹씨(孟氏)뿐이라고 생각하였다.
뒤에 양웅(楊雄)의 글을 읽고는 더욱 맹씨(孟氏)를 존신(尊信)하였다.
양웅(楊雄)의 글로 인해 맹씨(孟氏)의 위상이 더욱 높아졌으니, 그렇다면 양웅(楊雄) 또한 성인(聖人)의 문도(門徒)이다.","처음에 내가 맹가(孟軻)의 글을 읽은 뒤에 공자(孔子)의 도(道)가 존귀(尊貴)하고, 성인(聖人)의 도(道)가 행(行)하기 쉽고, 왕도(王道)는 왕업(王業)을 이루기가 쉽고, 패도(霸道)는 패업(霸業)을 이루기가 쉽다는 것을 알았다. 
〈나는〉 공자(孔子)의 제자들이 세상을 떠난 뒤에 성인(聖人)(공자(孔子))을 존숭(尊崇)한 이로는 맹씨(孟氏)뿐이라고 생각하였다. 
뒤에 양웅(楊雄)의 글을 읽고는 더욱 맹씨(孟氏)를 존신(尊信)하였다.
양웅(楊雄)의 글로 인해 맹씨(孟氏)의 위상이 더욱 높아졌으니, 그렇다면 양웅(楊雄) 또한 성인(聖人)의 문도(門徒)이다."
3,당시삼백수1,71,whitespace_only,1,3,〈자야사시가 겨울 노래〉 이백 내일 아침 역리(驛吏)가 떠난다기에 하루 밤새 솜 넣어 정포(征袍)를 지었다오 맨손은 바늘을 뽑기에도 시리거늘 가위를 또 어찌 잡으랴 옷을 지어 먼 길에 부치노니 어느 날에나 임조(臨洮)에 당도할까,"〈자야사시가 겨울 노래〉
이백
내일 아침 역리(驛吏)가 떠난다기에 하루 밤새 솜 넣어 정포(征袍)를 지었다오 맨손은 바늘을 뽑기에도 시리거늘 가위를 또 어찌 잡으랴 옷을 지어 먼 길에 부치노니 어느 날에나 임조(臨洮)에 당도할까"
3,당시삼백수3,18,whitespace_only,12,13,"맹호연의 시 ‘춘면불각효(春眠不覺曉) 처처문제조(處處聞啼鳥) 야래풍우성(夜來風雨聲) 화락지다소(花落知多少)’를 후대 사람들은 ‘모자(冒子)’라고 조롱하였다.
내가 생각건대 맹호연은 생전에 세상에서 불우하였는데, 죽어서도 식견 없는 사람들로부터 또다시 비난을 받으니, 여기에서 또한 그의 궁함을 볼 수 있다.
내가 산속에 살면서 날마다 새소리를 들으며 산중 새들의 울음소리를 읊은 옛사람들의 시를 본떠 작품을 짓고 싶었다.
그러나 옛사람들이 이미 말한 문사(文辭)에 모두 그 묘함이 갖춰져 있으니 다시 남은 소재가 없어서 짓지 못하고 있었다.
다만 고사로 대신하여 은자(隱者)와 함께 감상하려 했는데, 또 ‘춘면불각효(春眠不覺曉) 처처문제조(處處聞啼鳥)’라는 시구가 본성에서 우러나와 자연스러운 것만 같지 못하였다.
무릇 새가 우는 것은 날씨에 응해서 우는 것이 있고, 계절을 기다려 우는 것이 있고, …… 꽃을 보고 우는 것이 있고, 달을 보고 우는 것이 있고, 울면 상서로운 것이 있고, 울면 불길한 것이 있으니, 그 울음은 한 가지가 아니다.
풍류와 한아(閑雅)한 아름다움은 진정 많은 말에 담겨 있는 것이 아니다.
옛사람들은 시가 참선과 같다고 말하였다. 이 같은 말은 묘오(妙悟)를 터득한 자가 아니면 말할 수 없는 것이다.
기다리고 상심하는 모습은 규방의 시체(詩體)와 매우 흡사하고, 기운이 완연함은 육조시대의 여풍인데, 다만 골기(骨氣)가 우뚝하지 못하다.
시 전체가 정경(情境)이니, 묘하고 묘하다.
시가 자연스런 경지에 이르러 찾을 수 있는 흔적조차 없다.
꽃이 진다는 구절은 봄을 아쉬워하는 마음이 얼마나 많은지를 담고 있다.","맹호연의 시 ‘춘면불각효(春眠不覺曉) 처처문제조(處處聞啼鳥) 야래풍우성(夜來風雨聲) 화락지다소(花落知多少)’를 후대 사람들은 ‘모자(冒子)’라고 조롱하였다.
내가 생각건대 맹호연은 생전에 세상에서 불우하였는데, 죽어서도 식견 없는 사람들로부터 또다시 비난을 받으니, 여기에서 또한 그의 궁함을 볼 수 있다.
내가 산속에 살면서 날마다 새소리를 들으며 산중 새들의 울음소리를 읊은 옛사람들의 시를 본떠 작품을 짓고 싶었다.
그러나 옛사람들이 이미 말한 문사(文辭)에 모두 그 묘함이 갖춰져 있으니 다시 남은 소재가 없어서 짓지 못하고 있었다.
다만 고사로 대신하여 은자(隱者)와 함께 감상하려 했는데, 또 ‘춘면불각효(春眠不覺曉) 처처문제조(處處聞啼鳥)’라는 시구가 본성에서 우러나와 자연스러운 것만 같지 못하였다.
무릇 새가 우는 것은 날씨에 응해서 우는 것이 있고, 계절을 기다려 우는 것이 있고, …… 꽃을 보고 우는 것이 있고, 달을 보고 우는 것이 있고, 울면 상서로운 것이 있고, 울면 불길한 것이 있으니, 그 울음은 한 가지가 아니다.
풍류와 한아(閑雅)한 아름다움은 진정 많은 말에 담겨 있는 것이 아니다.
옛사람들은 시가 참선과 같다고 말하였다.
이 같은 말은 묘오(妙悟)를 터득한 자가 아니면 말할 수 없는 것이다.
기다리고 상심하는 모습은 규방의 시체(詩體)와 매우 흡사하고, 기운이 완연함은 육조시대의 여풍인데, 다만 골기(骨氣)가 우뚝하지 못하다.
시 전체가 정경(情境)이니, 묘하고 묘하다.
시가 자연스런 경지에 이르러 찾을 수 있는 흔적조차 없다.
꽃이 진다는 구절은 봄을 아쉬워하는 마음이 얼마나 많은지를 담고 있다."
3,예기집설대전2,114,normalization_only,1,1,"주공(周公)이 노(魯)나라에 봉해졌는데 그 자손들이 주(周)나라로 돌아가 장사지내지 않았던 것은 둘째 아들 군진(君陳)이 주나라에 있으면서 대대로 그 채지(采地)를 지켰기 때문이니, 춘추시대(春秋時代) 때 주공이 바로 이러한 경우에 해당한다.","주공(周公)이 노(魯)나라에 봉해졌는데 그 자손들이 주(周)나라로 돌아가 장사지내지 않았던 것은 둘째 아들 군진(君陳)이 주나라에 있으면서 대대로 그 채지(采地)를 지켰기 때문이니,  춘추시대(春秋時代) 때 주공이 바로 이러한 경우에 해당한다. "
3,예기집설대전2,583,whitespace_only,1,2,"≪효경(孝經)≫에서 말하길 “종묘를 건립하여 귀신으로써 제향(祭享)한다. ”고 하였는데, 공자(孔子)께서 은(殷)나라의 부제(祔祭)를 좋게 여기신 것은 그 어버이를 귀신으로 여기는 것을 급하게 여기지 않았기 때문이다.","≪효경(孝經)≫에서 말하길 “종묘를 건립하여 귀신으로써 제향(祭享)한다. ”고 하였는데, 
공자(孔子)께서 은(殷)나라의 부제(祔祭)를 좋게 여기신 것은 그 어버이를 귀신으로 여기는 것을 급하게 여기지 않았기 때문이다."
3,예기집설대전2,659,whitespace_only,8,9,"평공(平公)이 “네가 처음 들어올 때 내가 생각하기에, 네가 반드시 간하고 가르치는 바가 있어서 나를 깨우쳐줄 것이라고 여겼다.
내가 이 때문에 먼저 너와 함께 말을 하지 않은 것인데, 결국은 세 번 술잔에 술을 따른 뒤에 마침내 말도 하지 않고 나가버렸으니, 네가 사광(師曠)에게 벌주(罰酒)를 마시게 한 것은 무엇을 말한 것이냐? ”라고 말한 것이고, 두궤(杜蕢)가 말하기를 “걸(桀)은 을묘일(乙卯日)에 죽었고 주(紂)는 갑자일(甲子日)에 죽었으니, 그날을 불길한 날疾日이라고 이릅니다.
그렇기 때문에 임금이 그날은 음악을 연주하지 않는 것입니다. ”라고 말한 것이다.
‘당(堂)에 있다’는 것은 지도자의 시신이 빈소(殯所)에 있다는 말이다.
더구나 임금은 경(卿)과 대부(大夫)를 위해 장사(葬事)지낼 때까지는 고기를 먹지 아니하고, 졸곡(卒哭)에 이르기까지는 음악을 연주하지 않는 것인데, 도자(悼子)의 시신이 빈소(殯所)에 있는데 음악을 연주하면서 연회를 벌여 술을 마실 수 있겠는가.
걸(桀)과 주(紂)는 시대를 달리하는 군주이고, 도자는 체(體)가 같은 신하이다.
그렇기 때문에 “자일(子日)이나 묘일(卯日)보다 더 중대하다. ”고 한 것이다.
조(詔)는 아룀告이니, 그 아뢰지 않은 죄를 벌준 것이다.","평공(平公)이 “네가 처음 들어올 때 내가 생각하기에, 네가 반드시 간하고 가르치는 바가 있어서 나를 깨우쳐줄 것이라고 여겼다. 
내가 이 때문에 먼저 너와 함께 말을 하지 않은 것인데, 결국은 세 번 술잔에 술을 따른 뒤에 마침내 말도 하지 않고 나가버렸으니, 네가 사광(師曠)에게 벌주(罰酒)를 마시게 한 것은 무엇을 말한 것이냐? ”라고 말한 것이고, 
두궤(杜蕢)가 말하기를 “걸(桀)은 을묘일(乙卯日)에 죽었고 주(紂)는 갑자일(甲子日)에 죽었으니, 그날을 불길한 날疾日이라고 이릅니다.
그렇기 때문에 임금이 그날은 음악을 연주하지 않는 것입니다. ”라고 말한 것이다. 
‘당(堂)에 있다’는 것은 지도자의 시신이 빈소(殯所)에 있다는 말이다. 
더구나 임금은 경(卿)과 대부(大夫)를 위해 장사(葬事)지낼 때까지는 고기를 먹지 아니하고, 졸곡(卒哭)에 이르기까지는 음악을 연주하지 않는 것인데, 도자(悼子)의 시신이 빈소(殯所)에 있는데 음악을 연주하면서 연회를 벌여 술을 마실 수 있겠는가.
걸(桀)과 주(紂)는 시대를 달리하는 군주이고, 도자는 체(體)가 같은 신하이다.
그렇기 때문에 “자일(子日)이나 묘일(卯日)보다 더 중대하다. ”고 한 것이다.
조(詔)는 아룀告이니, 그 아뢰지 않은 죄를 벌준 것이다."
3,예기집설대전2,790,normalization_only,8,8,"우인(虞人)은 산림(山林)과 천택(川澤)을 관장하는 벼슬아치이다.
천자(天子)의 내관(內棺)은 네 겹인데다 외곽(外槨)이 감싸니 또 어찌 많은 재목을 필요로 하겠는가.
기내(畿內) 수많은 고을의 사당에 쓸 만한 나무를 모두 베어서 바친다면 바치는 것이 너무 많지 않겠는가.
기내의 아름다운 재목이 진실로 모자라지 않은데, 어찌 유독 사당에서만 그것을 벤단 말인가.
‘그의 사당을 폐지하고 그 우인의 목을 벤다. ’고 하니, 또 무슨 법이 그리도 준엄(峻嚴)하단 말인가.
예의 제도가 이와 같으니, 그 내용을 자세히 알 수 없다.
일설에는 “반드시 우인에게 명하여 나무를 바치게 해서 명을 따르지 않는 자가 있어야만 그런 뒤에 나라에 떳떳한 형벌이 있는 것이다.
우인은 한 사람이 아니니, 반드시 그들 모두에게 명하는 것은 아닐 것이다. ”라고도 한다.","우인(虞人)은 산림(山林)과 천택(川澤)을 관장하는 벼슬아치이다.
천자(天子)의 내관(內棺)은 네 겹인데다 외곽(外槨)이 감싸니 또 어찌 많은 재목을 필요로 하겠는가.
기내(畿內) 수많은 고을의 사당에 쓸 만한 나무를 모두 베어서 바친다면 바치는 것이 너무 많지 않겠는가.
기내의 아름다운 재목이 진실로 모자라지 않은데, 어찌 유독 사당에서만 그것을 벤단 말인가.
‘그의 사당을 폐지하고 그 우인의 목을 벤다. ’고 하니,  또 무슨 법이 그리도 준엄(峻嚴)하단 말인가.
예의 제도가 이와 같으니, 그 내용을 자세히 알 수 없다.
일설에는 “반드시 우인에게 명하여 나무를 바치게 해서 명을 따르지 않는 자가 있어야만 그런 뒤에 나라에 떳떳한 형벌이 있는 것이다.
우인은 한 사람이 아니니, 반드시 그들 모두에게 명하는 것은 아닐 것이다. ”라고도 한다. "
3,자치통감강목1,246,whitespace_only,5,4,"호씨(胡氏)가 다음과 같이 평하였다.
“군자(君子)가 명예(名譽)를 위하여 선행(善行)을 하면 그 선행은 반드시 진실하지 못하고, 인신(人臣)이 이록(利祿)을 위하여 충성(忠誠)을 바치면 그 충성은 반드시 극진하지 못하다.
가령 지백(智伯)이 후손이 있는데도 예양(豫讓)이 그를 위하여 원수를 갚았다면 그 마음을 알 수 없지마는, 지백이 후손이 없는데도 예양이 국사(國士)로 대우해준 은혜를 잊지 않고 목숨으로 원수를 갚으려고 하여 두 번 세 번씩 시도할수록 더욱 철저하게 하였으니,
이는 알아줄 사람이 없는데도 복수를 한 것이므로 참으로 의로운 사람이라고 할 수 있다.
그러나 조양자(趙襄子)가 이와 같음을 알면서도 끝내 그를 죽였으니 무엇으로 인신(人臣)에게 충성을 권할 수가 있겠는가. ”","호씨(胡氏)가 다음과 같이 평하였다.
“군자(君子)가 명예(名譽)를 위하여 선행(善行)을 하면 그 선행은 반드시 진실하지 못하고, 인신(人臣)이 이록(利祿)을 위하여 충성(忠誠)을 바치면 그 충성은 반드시 극진하지 못하다.
가령 지백(智伯)이 후손이 있는데도 예양(豫讓)이 그를 위하여 원수를 갚았다면 그 마음을 알 수 없지마는, 지백이 후손이 없는데도 예양이 국사(國士)로 대우해준 은혜를 잊지 않고 목숨으로 원수를 갚으려고 하여 두 번 세 번씩 시도할수록 더욱 철저하게 하였으니, 이는 알아줄 사람이 없는데도 복수를 한 것이므로 참으로 의로운 사람이라고 할 수 있다.
그러나 조양자(趙襄子)가 이와 같음을 알면서도 끝내 그를 죽였으니 무엇으로 인신(人臣)에게 충성을 권할 수가 있겠는가. ”"
3,자치통감강목4,122,whitespace_only,15,16,"주보언(主父偃)과 같은 군(郡) 출신인 엄안(嚴安) 또한 글을 올려 다음과 같이 아뢰었다.
“지금 사람들은 재물을 쓰는 것이 사치스러워 수레와 말, 옷과 갖옷과 궁실, 음악과 여색, 맛있는 음식을 모두 다투어 꾸며서 천하에 드러내 보여 사람들이 바라게 하니, 사치하기만 하고 절제함이 없으면 재물이 넉넉하지 못하여 백성들이 본업(本業)(농업(農業))을 버리고 말업(末業)(상공업(商工業))을 추구합니다.
말업도 거저 얻어지는 것이 아니라서 띠에 홀을 꽂은 관리들이 남을 속이는 것을 꺼리지 않고 칼을 찬 무인들이 사람을 죽이고 약탈하는 것을 뽐냅니다.
그런데도 세상 사람들이 부끄러워할 줄을 모르니, 이 때문에 이익을 쫓는 것이 그침이 없어서 법을 범하는 자가 많은 것입니다.
신은 원컨대 백성들을 제어하는 제도를 만들어서 그 음란함(분수에 넘치는 것)을 막고, 가난한 자와 부유한 자들로 하여금 서로 과시하지 않아 그 마음을 온화하게 하고자 하니, 마음과 뜻이 안정되면 도적이 사라지고 형벌이 적어지고 음양이 조화롭게 되어 만물이 번성하게 될 것입니다.
관(觀)은 거성(去聲)이니, 드러내 보여서 사람들로 하여금 사모하고 바라게 하는 것이다.
섬(贍)은 넉넉함이다.
이(離)는 역지(力智)의 절(切)이다.
본(本)은 농업(農業)을 이른다.
요(徼)는 요구함이다.
말(末)은 공상업(工商業)을 이른다.
도(徒)은 한갓이다.
진(搢)은 꽂음이고 신(紳)은 큰 띠이니, “진신(搢紳)”은 홀을 꽂고 큰 띠를 드리우는 것이다.
과(夸)은 과장하고 뽐낸다는 뜻이다.
교(矯)은 속임이다, 요(燿)(빛나다)는 익조(弋照)의 절(切)이다.","주보언(主父偃)과 같은 군(郡) 출신인 엄안(嚴安) 또한 글을 올려 다음과 같이 아뢰었다.
“지금 사람들은 재물을 쓰는 것이 사치스러워 수레와 말, 옷과 갖옷과 궁실, 음악과 여색, 맛있는 음식을 모두 다투어 꾸며서 천하에 드러내 보여 사람들이 바라게 하니, 사치하기만 하고 절제함이 없으면 재물이 넉넉하지 못하여 백성들이 본업(本業)(농업(農業))을 버리고 말업(末業)(상공업(商工業))을 추구합니다.
말업도 거저 얻어지는 것이 아니라서 띠에 홀을 꽂은 관리들이 남을 속이는 것을 꺼리지 않고 칼을 찬 무인들이 사람을 죽이고 약탈하는 것을 뽐냅니다.
그런데도 세상 사람들이 부끄러워할 줄을 모르니, 이 때문에 이익을 쫓는 것이 그침이 없어서 법을 범하는 자가 많은 것입니다.
신은 원컨대 백성들을 제어하는 제도를 만들어서 그 음란함(분수에 넘치는 것)을 막고, 가난한 자와 부유한 자들로 하여금 서로 과시하지 않아 그 마음을 온화하게 하고자 하니, 마음과 뜻이 안정되면 도적이 사라지고 형벌이 적어지고 음양이 조화롭게 되어 만물이 번성하게 될 것입니다.
관(觀)은 거성(去聲)이니, 드러내 보여서 사람들로 하여금 사모하고 바라게 하는 것이다.
섬(贍)은 넉넉함이다.
이(離)는 역지(力智)의 절(切)이다.
본(本)은 농업(農業)을 이른다.
요(徼)는 요구함이다.
말(末)은 공상업(工商業)을 이른다.
도(徒)은 한갓이다.
진(搢)은 꽂음이고 신(紳)은 큰 띠이니, “진신(搢紳)”은 홀을 꽂고 큰 띠를 드리우는 것이다.
과(夸)은 과장하고 뽐낸다는 뜻이다.
교(矯)은 속임이다,
요(燿)(빛나다)는 익조(弋照)의 절(切)이다."
3,자치통감강목4,377,whitespace_only,9,9,"반고(班固)가 다음과 같이 평하였다.
“현도(玄菟)와 낙랑(樂浪)은 본래 기자(箕子)를 봉한 곳이다.
기자가 이 지역 백성들에게 예의(禮義)와 농사짓고 누에치고 비단을 짜는 일을 가르치고, 백성들을 위하여 여덟 조항의 금령(禁令)을 만들어서, 서로 죽이면 당장에 죽음으로 보상하게 하고,
서로 상해를 입히면 곡식으로 보상하게 하고, 서로 도둑질한 자는 적몰(籍沒)하여 그 집안의 노비로 삼되, 스스로 속죄하고자 하는 자는 한 사람당 50만 전(錢)을 내게 하였다.
비록 죄를 면제받아 평민이 되더라도, 풍속에서는 이것을 부끄럽게 여겨서, 〈죄를 지은 자들은〉 딸을 시집보내고 아들을 장가들일 적에 혼인시킬 데가 없었다.
이 때문에 이 나라 백성들이 끝내 서로 도둑질을 하지 아니하여 문을 닫는 일이 없었고, 부인들이 정조와 신의를 지켜서 방탕하고 음란한 짓을 하지 않았으며, 전야(田野)에서는 음식을 마시고 먹을 적에 변두(籩豆)를 사용하고 도읍에서는 자못 관리들을 본받아서 술잔과 그릇을 사용하여 음식을 먹었다.
수(售)는 음이 수(壽)이니, 물건을 팔아 손에서 내놓는 것이다.
벽(辟)(방탕하다)은 벽(僻)으로 읽는다.
관리들이 잔과 그릇을 사용하기 때문에 도읍 사람들도 자못 이것을 모방하여 본받은 것이다.","반고(班固)가 다음과 같이 평하였다.
“현도(玄菟)와 낙랑(樂浪)은 본래 기자(箕子)를 봉한 곳이다.
기자가 이 지역 백성들에게 예의(禮義)와 농사짓고 누에치고 비단을 짜는 일을 가르치고, 백성들을 위하여 여덟 조항의 금령(禁令)을 만들어서,
서로 죽이면 당장에 죽음으로 보상하게 하고, 서로 상해를 입히면 곡식으로 보상하게 하고, 서로 도둑질한 자는 적몰(籍沒)하여 그 집안의 노비로 삼되, 스스로 속죄하고자 하는 자는 한 사람당 50만 전(錢)을 내게 하였다.
비록 죄를 면제받아 평민이 되더라도, 풍속에서는 이것을 부끄럽게 여겨서, 〈죄를 지은 자들은〉 딸을 시집보내고 아들을 장가들일 적에 혼인시킬 데가 없었다.
이 때문에 이 나라 백성들이 끝내 서로 도둑질을 하지 아니하여 문을 닫는 일이 없었고, 부인들이 정조와 신의를 지켜서 방탕하고 음란한 짓을 하지 않았으며, 전야(田野)에서는 음식을 마시고 먹을 적에 변두(籩豆)를 사용하고 도읍에서는 자못 관리들을 본받아서 술잔과 그릇을 사용하여 음식을 먹었다.
수(售)는 음이 수(壽)이니, 물건을 팔아 손에서 내놓는 것이다.
벽(辟)(방탕하다)은 벽(僻)으로 읽는다.
관리들이 잔과 그릇을 사용하기 때문에 도읍 사람들도 자못 이것을 모방하여 본받은 것이다."
3,자치통감강목4,393,whitespace_only,19,18,"상(上)은 유명한 신하와 문무관(文武官)이 다 없어질 것이라고 여겨, 마침내 조령(詔令)을 다음과 같이 내렸다.
“비상한 공(功)이 있으려면 반드시 비상한 사람을 필요로 한다.
그러므로 말이 〈난폭하여〉 혹 치달리고 사람을 발로 차도 천 리를 달릴 수 있고, 선비가 〈방탕하여〉 혹 세속에서 비난받는 잘못이 있어도 공명(功名)을 세울 수 있으니, 수레를 뒤엎는 말과 구속됨이 없이 제멋대로 행동하는 선비도 또한 통제함에 달려 있을 뿐이다.
주군(州郡)으로 하여금 관리와 백성 중에 출중한 재주와 덕행을 소유하여 장수와 정승으로 삼고 먼 나라에 사신 보낼만한 자를 살펴 천거하도록 하라. ”
분(奔)은 달림이다.
제(踶)는 음이 제(第)이니, 발로 차는 것이다.
〈말 중에 성질이 난폭하여〉 사람이 타면 곧 치달리고 서면 사람을 발로 차되 혹 하루에 천 리를 갈 수 있으면, 하찮은 하자로 버려서는 안 되는 것이다.
“부속(負俗)”은 세상에서 비난을 받음을 이른다.
누(累)(잘못)는 역서(力瑞)의 절(切)이다.
이러한 사람도 혹 함께 공명(功名)을 세울 수 있으니, 작은 잘못으로 버려서는 안 되는 것이다.
봉(泛)은 방용(方勇)의 절(切)이다.
본래 봉(覂)으로 쓰는데, 뒤엎는 것이다.
말 중에 뛰어난 기운이 있는 놈은 〈성질이 난폭하여〉 수레를 뒤엎는 경우가 많다.
탁(跅)은 토각(土各)의 절(切)이니 탁(跅)은 탁락(跅落)(방탕)하여 검속함이 없는 것이요, 이(弛)는 식이(式爾)의 절(切)이니 이(弛)는 방탕하고 자포자기하여 예의와 법도를 따르지 않는 것이다.
“재어지(在御之)(통제함에 달려있다.
)”는 사람이 어떻게 제어하고 통제하느냐에 달려 있음을 말한 것이다.
무(茂)는 재주와 덕행이 훌륭함이다.
“이등(異等)”은 등급이 뛰어나고 무리보다 빼어나서 보통사람과 똑같지 않은 것이다.
“절국(絶國)”은 매우 먼 나라이니, 교화가 미치지 않는 외국을 이른다.","상(上)은 유명한 신하와 문무관(文武官)이 다 없어질 것이라고 여겨, 마침내 조령(詔令)을 다음과 같이 내렸다.
“비상한 공(功)이 있으려면 반드시 비상한 사람을 필요로 한다.
그러므로 말이 〈난폭하여〉 혹 치달리고 사람을 발로 차도 천 리를 달릴 수 있고, 선비가 〈방탕하여〉 혹 세속에서 비난받는 잘못이 있어도 공명(功名)을 세울 수 있으니, 수레를 뒤엎는 말과 구속됨이 없이 제멋대로 행동하는 선비도 또한 통제함에 달려 있을 뿐이다.
주군(州郡)으로 하여금 관리와 백성 중에 출중한 재주와 덕행을 소유하여 장수와 정승으로 삼고 먼 나라에 사신 보낼만한 자를 살펴 천거하도록 하라. ”
분(奔)은 달림이다.
제(踶)는 음이 제(第)이니, 발로 차는 것이다.
〈말 중에 성질이 난폭하여〉 사람이 타면 곧 치달리고 서면 사람을 발로 차되 혹 하루에 천 리를 갈 수 있으면, 하찮은 하자로 버려서는 안 되는 것이다.
“부속(負俗)”은 세상에서 비난을 받음을 이른다.
누(累)(잘못)는 역서(力瑞)의 절(切)이다.
이러한 사람도 혹 함께 공명(功名)을 세울 수 있으니, 작은 잘못으로 버려서는 안 되는 것이다.
봉(泛)은 방용(方勇)의 절(切)이다.
본래 봉(覂)으로 쓰는데, 뒤엎는 것이다.
말 중에 뛰어난 기운이 있는 놈은 〈성질이 난폭하여〉 수레를 뒤엎는 경우가 많다.
탁(跅)은 토각(土各)의 절(切)이니 탁(跅)은 탁락(跅落)(방탕)하여 검속함이 없는 것이요, 이(弛)는 식이(式爾)의 절(切)이니 이(弛)는 방탕하고 자포자기하여 예의와 법도를 따르지 않는 것이다.
“재어지(在御之)(통제함에 달려있다. )”는 사람이 어떻게 제어하고 통제하느냐에 달려 있음을 말한 것이다.
무(茂)는 재주와 덕행이 훌륭함이다.
“이등(異等)”은 등급이 뛰어나고 무리보다 빼어나서 보통사람과 똑같지 않은 것이다.
“절국(絶國)”은 매우 먼 나라이니, 교화가 미치지 않는 외국을 이른다."
3,자치통감강목6,839,normalization_only,7,7,"상서(上書)의 내용은 다음과 같다.
“삼가 헤아려보건대, 효성황제(孝成皇帝) 때에 외친(外親)들이 권력을 잡아서 천하(天下)를 혼란시키고 지나치게 사치하여 백성들을 곤궁하게 하였습니다.
이 때문에 일식이 십여 차례에 이르고 혜성(彗星)이 네 번이나 나타났으니, 당시의 위태롭고 멸망할 징조는 폐하께서 직접 보신 바입니다.
그런데 지금 어찌하여 도리어 예전보다 더 심하단 말입니까.
조정의 신하 중에 큰 학자와 강직한 선비로, 논의가 고금을 통달하고 나라 걱정을 기갈(飢渴)이 든 것처럼 하는 자가 없고, 외친(外親)의 어린아이와 총애하는 신하인 동현(董賢) 등을 특별히 우대하여 궁문(宮門) 안에 있게 하시니, 폐하께서 이들과 함께 천지(天地)를 받들어 해내(海內)를 편안히 하고자 하신다면 매우 어려울 것입니다.
옛날에 요(堯)임금이 네 명의 죄인을 추방하자 천하 사람들이 복종하였는데, 지금 한 명의 관리를 제수함에 여러 사람들이 모두 의혹합니다.
옛날에는 사람을 형벌하여도 오히려 복종하였는데, 지금은 사람에게 상(賞)을 내려도 도리어 의혹합니다.","상서(上書)의 내용은 다음과 같다. 
“삼가 헤아려보건대, 효성황제(孝成皇帝) 때에 외친(外親)들이 권력을 잡아서 천하(天下)를 혼란시키고 지나치게 사치하여 백성들을 곤궁하게 하였습니다.
이 때문에 일식이 십여 차례에 이르고 혜성(彗星)이 네 번이나 나타났으니, 당시의 위태롭고 멸망할 징조는 폐하께서 직접 보신 바입니다.
그런데 지금 어찌하여 도리어 예전보다 더 심하단 말입니까.
조정의 신하 중에 큰 학자와 강직한 선비로, 논의가 고금을 통달하고 나라 걱정을 기갈(飢渴)이 든 것처럼 하는 자가 없고,  외친(外親)의 어린아이와 총애하는 신하인 동현(董賢) 등을 특별히 우대하여 궁문(宮門) 안에 있게 하시니, 폐하께서 이들과 함께 천지(天地)를 받들어 해내(海內)를 편안히 하고자 하신다면 매우 어려울 것입니다.
옛날에 요(堯)임금이 네 명의 죄인을 추방하자 천하 사람들이 복종하였는데, 지금 한 명의 관리를 제수함에 여러 사람들이 모두 의혹합니다.
옛날에는 사람을 형벌하여도 오히려 복종하였는데, 지금은 사람에게 상(賞)을 내려도 도리어 의혹합니다."
3,춘추좌씨전1,197,whitespace_only,8,6,"15년 갑술(B.
C.
527) 조평공(曹平公) 수(須) 원년이다.
거공공(莒共公) 경여(庚輿) 원년이다.
오자(吳子) 이말(夷末)이 졸하다.
채(蔡) 조오(朝吳)가 정(鄭)으로 도망가다.
진(晉)이 선우(鮮虞)로 쳐들어가 고(鼓)를 포위하여 고자(鼓子) 연제(鳶鞮)를 잡아가다.
노소공(魯昭公)이 진(晉)에 가다.","15년 갑술(B. C. 527) 조평공(曹平公) 수(須) 원년이다.
거공공(莒共公) 경여(庚輿) 원년이다.
오자(吳子) 이말(夷末)이 졸하다.
채(蔡) 조오(朝吳)가 정(鄭)으로 도망가다.
진(晉)이 선우(鮮虞)로 쳐들어가 고(鼓)를 포위하여 고자(鼓子) 연제(鳶鞮)를 잡아가다.
노소공(魯昭公)이 진(晉)에 가다."
3,춘추좌씨전1,290,whitespace_only,14,9,"그러므로 전(傳)을 기술한 체제(體制)는 세 가지가 있고, 예(例)의 유형(類型)에는 다섯 가지가 있다.
첫째는 문사(文辭)를 세미(細微)하게 기록하여 뜻을 드러낸 것으로 문사(文辭)는 여기에 보이나 일으킨 뜻은 저기에 있는 것이니, “족(族)을 칭한 것은 군명(君命)을 높인 것이다. ”
와 “족(族)을 칭하지 않은 것은 부인(夫人)을 높인 것이다. ”
와, “양(梁)나라가 망하였다. ”
와, “연릉(緣陵)에 성을 쌓았다. ”는 유(類)가 이에 해당한다.
둘째는 사실(史實)을 기록하여 뜻을 심오(深奧)하게 한 것으로 간략한 말로 법제(法制)를 보여 이를 미루어 그 예(例)를 알게 한 것이니, “세 나라 이상의 임금이 회합한 경우에는 회합한 지명(地名)을 칭하지 않는다. ”
와 “모의(謀議)에 참여한 경우에는 급(及)이라고 칭한다. ”는 유(類)가 이에 해당한다.
셋째는 완곡(婉曲)하게 기술하여 장법(章法)(법칙(法則))을 이룬 것으로 문사(文辭)를 완곡하게 기술하여 의훈(義訓)을 따라 대순(大順)의 도리를 보인 것이니, 모든 휘피(諱避)와 “벽(璧)을 주고 허(許)를 빌렸다. ”는 유(類)가 이에 해당한다.
넷째는 사실을 다 기록하여 왜곡(歪曲)하지 않은 것으로 그 사실을 솔직하게 기록하고 문사(文辭)를 구체적으로 만들어 기풍(譏諷)(넌지시 나무람)의 뜻을 보인 것이니, “기둥에 붉은 칠을 하였다. ”
와 “서까래에 조각(彫刻)을 하였다. ”
와 “천왕(天王)이 수레를 요구하였다. ”
와 “제후(齊侯)가 전리품(戰利品)을 바쳤다. ”는 유(類)가 이에 해당한다.
다섯째는 악(惡)을 징계하고 선(善)을 권장한 것으로 명성(名聲)을 구하고자 한 자에게는 그 이름을 묻어버리고, 오명(惡名)을 은폐하고자 한 자에게는 그 이름을 분명히 드러낸 것이니, ‘제표(齊豹)’를 ‘도(盜)’라고 기록한 것과, 세 반인(叛人)의 이름을 기록한 유(類)가 이에 해당한다.
이 다섯 가지 체제(體制)를 미루어 경(經)과 전(傳)의 뜻을 찾아 유사한 일에 미루어 2백 42년 간의 행사(行事)에 대비해 보면 왕도(王道)의 정법(正法)과 인륜(人倫)의 기강(紀綱)이 완비(完備)될 것이다.","그러므로 전(傳)을 기술한 체제(體制)는 세 가지가 있고, 예(例)의 유형(類型)에는 다섯 가지가 있다.
첫째는 문사(文辭)를 세미(細微)하게 기록하여 뜻을 드러낸 것으로 문사(文辭)는 여기에 보이나 일으킨 뜻은 저기에 있는 것이니,
“족(族)을 칭한 것은 군명(君命)을 높인 것이다. ”와 “족(族)을 칭하지 않은 것은 부인(夫人)을 높인 것이다. ”와, “양(梁)나라가 망하였다. ”와, “연릉(緣陵)에 성을 쌓았다. ”는 유(類)가 이에 해당한다.
둘째는 사실(史實)을 기록하여 뜻을 심오(深奧)하게 한 것으로 간략한 말로 법제(法制)를 보여 이를 미루어 그 예(例)를 알게 한 것이니, “세 나라 이상의 임금이 회합한 경우에는 회합한 지명(地名)을 칭하지 않는다. ”와 “모의(謀議)에 참여한 경우에는 급(及)이라고 칭한다. ”는 유(類)가 이에 해당한다.
셋째는 완곡(婉曲)하게 기술하여 장법(章法)(법칙(法則))을 이룬 것으로 문사(文辭)를 완곡하게 기술하여 의훈(義訓)을 따라 대순(大順)의 도리를 보인 것이니, 모든 휘피(諱避)와 “벽(璧)을 주고 허(許)를 빌렸다. ”는 유(類)가 이에 해당한다.
넷째는 사실을 다 기록하여 왜곡(歪曲)하지 않은 것으로 그 사실을 솔직하게 기록하고 문사(文辭)를 구체적으로 만들어 기풍(譏諷)(넌지시 나무람)의 뜻을 보인 것이니,
“기둥에 붉은 칠을 하였다. ”와 “서까래에 조각(彫刻)을 하였다. ”와 “천왕(天王)이 수레를 요구하였다. ”와 “제후(齊侯)가 전리품(戰利品)을 바쳤다. ”는 유(類)가 이에 해당한다.
다섯째는 악(惡)을 징계하고 선(善)을 권장한 것으로 명성(名聲)을 구하고자 한 자에게는 그 이름을 묻어버리고, 오명(惡名)을 은폐하고자 한 자에게는 그 이름을 분명히 드러낸 것이니, ‘제표(齊豹)’를 ‘도(盜)’라고 기록한 것과, 세 반인(叛人)의 이름을 기록한 유(類)가 이에 해당한다.
이 다섯 가지 체제(體制)를 미루어 경(經)과 전(傳)의 뜻을 찾아 유사한 일에 미루어 2백 42년 간의 행사(行事)에 대비해 보면 왕도(王道)의 정법(正法)과 인륜(人倫)의 기강(紀綱)이 완비(完備)될 것이다."
3,춘추좌씨전2,460,whitespace_only,17,19,"겨울에 진문공(晉文公)이 졸(卒)하였다.
경진일(庚辰日)에 곡옥(曲沃)에 빈(殯)하기 위해 강(絳)을 나가는데, 영구(靈柩)에서 소 울음 같은 소리가 났다.
복언(卜偃)이 대부(大夫)들에게 절하게 하며 말하기를 “군(君)께서 대사(大事)를 명하셨다.
장차 서쪽 나라의 군대가 우리나라를 지나갈 것이니 저들을 공격(攻擊)하면 반드시 크게 승리(勝利)할 것이다. ’고 하였다.
기자(杞子)가 정(鄭)나라에서 사람을 보내어 진(秦)나라에 고(告)하기를 “정인(鄭人)이 우리에게 북문(北門)의 열쇠를 맡겼으니, 은밀(隱密)히 군사를 이끌고 온다면 정(鄭)나라를 얻을 수 있다. ”고 하였다.
목공(穆公)이 건숙(蹇叔)을 찾아가서 이 일에 관해 물으니, 건숙(蹇叔)이 말하였다. “군대를 수고롭혀 원방(遠方)의 나라를 습격(襲擊)한다는 말은 들어보지 못하였습니다.
군대는 노고(勞苦)에 지쳐 힘이 고갈(枯渴)될 것이고, 먼 나라(정(鄭)) 임금은 이를 대비(對備)할 것이니 불가(不可)하지 않겠습니까?
우리 군대의 계획을 정(鄭)나라도 반드시 알고 있을 것이니, 군대들이 고생만 하고 얻는 것이 없으면 반드시 원망하는 마음을 가질 것입니다.
그리고 또 천리(千里) 길을 가는데 그 누가 모르겠습니까? ”
공(公)은 그의 말을 듣지 않고 맹명(孟明)‧서걸(西乞)‧백을(白乙)을 불러 군대를 거느리고 동문(東門) 밖에서 출발하게 하였다.
건숙(蹇叔)이 울면서 “맹자(孟子)야, 나는 군대가 나가는 것은 보지만 들어오는 것은 보지 못할 것이다. ”라고 하니, 공(公)이 사람을 보내어 건숙(蹇叔)에게 이르기를 “네가 무엇을 아느냐?
네가 중수(中壽)만 살고 죽었더라도 네 무덤 위에 심은 나무가 이미 한 아름은 되었을 것이다. ”라고 하였다.
이때 건숙(蹇叔)의 아들도 그 군대 속에 끼어 있었다.
건숙(蹇叔)은 울면서 아들을 보내며 말하였다. “진인(晉人)은 반드시 우리 군대를 효산(殽山)에서 막을 것이다.
효산(殽山)에는 두 언덕이 있는데 남쪽 언덕은 하후(夏后) 고(皐)의 무덤이 있는 곳이고, 북쪽 언덕은 문왕(文王)이 풍우(風雨)를 피했던 곳이다.
네가 반드시 이 두 언덕 사이에서 죽을 것이니 내가 그곳으로 가서 너의 뼈를 거두리라. ”
진군(秦軍)은 드디어 동쪽을 향해 출발(出發)하였다.","겨울에 진문공(晉文公)이 졸(卒)하였다.
경진일(庚辰日)에 곡옥(曲沃)에 빈(殯)하기 위해 강(絳)을 나가는데, 영구(靈柩)에서 소 울음 같은 소리가 났다.
복언(卜偃)이 대부(大夫)들에게 절하게 하며 말하기를 “군(君)께서 대사(大事)를 명하셨다.
장차 서쪽 나라의 군대가 우리나라를 지나갈 것이니 저들을 공격(攻擊)하면 반드시 크게 승리(勝利)할 것이다. ’고 하였다.
기자(杞子)가 정(鄭)나라에서 사람을 보내어 진(秦)나라에 고(告)하기를 “정인(鄭人)이 우리에게 북문(北門)의 열쇠를 맡겼으니, 은밀(隱密)히 군사를 이끌고 온다면 정(鄭)나라를 얻을 수 있다. ”고 하였다.
목공(穆公)이 건숙(蹇叔)을 찾아가서 이 일에 관해 물으니, 건숙(蹇叔)이 말하였다.
“군대를 수고롭혀 원방(遠方)의 나라를 습격(襲擊)한다는 말은 들어보지 못하였습니다.
군대는 노고(勞苦)에 지쳐 힘이 고갈(枯渴)될 것이고, 먼 나라(정(鄭)) 임금은 이를 대비(對備)할 것이니 불가(不可)하지 않겠습니까?
우리 군대의 계획을 정(鄭)나라도 반드시 알고 있을 것이니, 군대들이 고생만 하고 얻는 것이 없으면 반드시 원망하는 마음을 가질 것입니다.
그리고 또 천리(千里) 길을 가는데 그 누가 모르겠습니까? ”
공(公)은 그의 말을 듣지 않고 맹명(孟明)‧서걸(西乞)‧백을(白乙)을 불러 군대를 거느리고 동문(東門) 밖에서 출발하게 하였다.
건숙(蹇叔)이 울면서 “맹자(孟子)야, 나는 군대가 나가는 것은 보지만 들어오는 것은 보지 못할 것이다. ”라고 하니, 공(公)이 사람을 보내어 건숙(蹇叔)에게 이르기를 “네가 무엇을 아느냐?
네가 중수(中壽)만 살고 죽었더라도 네 무덤 위에 심은 나무가 이미 한 아름은 되었을 것이다. ”라고 하였다.
이때 건숙(蹇叔)의 아들도 그 군대 속에 끼어 있었다.
건숙(蹇叔)은 울면서 아들을 보내며 말하였다.
“진인(晉人)은 반드시 우리 군대를 효산(殽山)에서 막을 것이다.
효산(殽山)에는 두 언덕이 있는데 남쪽 언덕은 하후(夏后) 고(皐)의 무덤이 있는 곳이고, 북쪽 언덕은 문왕(文王)이 풍우(風雨)를 피했던 곳이다.
네가 반드시 이 두 언덕 사이에서 죽을 것이니 내가 그곳으로 가서 너의 뼈를 거두리라. ”
진군(秦軍)은 드디어 동쪽을 향해 출발(出發)하였다."
3,춘추좌씨전2,638,whitespace_only,4,3,"겨울에 양중(襄仲)이 진(晉)나라 조맹(趙孟)과 만나 형옹(衡雍)에서 결맹(結盟)하였으니,
이는 호(扈)의 회맹(會盟)에 늦게 간 잘못을 보상(報償)한 것이다.
드디어 이락(伊雒)의 융(戎)과 회합(會合)하였다.
경(經)에 ‘공자수(公子遂)’라고 기록하였으니, 이는 그를 존귀하게 여긴 것이다.","겨울에 양중(襄仲)이 진(晉)나라 조맹(趙孟)과 만나 형옹(衡雍)에서 결맹(結盟)하였으니, 이는 호(扈)의 회맹(會盟)에 늦게 간 잘못을 보상(報償)한 것이다.
드디어 이락(伊雒)의 융(戎)과 회합(會合)하였다.
경(經)에 ‘공자수(公子遂)’라고 기록하였으니, 이는 그를 존귀하게 여긴 것이다."
3,춘추좌씨전4,198,whitespace_only,13,10,"여름 4월 무오일(戊午日)에 조(柤)에서 회합(會合)하였다.
진(晉)나라 순언(荀偃)과 사개(士匄)가 핍양(偪陽)을 공벌(攻伐)하여 송(宋)나라 상술(向戌)에게 봉(封)해 주기를 청하니,
순앵(荀罃)이 말하기를 “성(城)이 작지만 견고(堅固)하니 승리(勝利)하여도 무용(武勇)이 되지 못하고, 승리(勝利)하지 못하면 사람들의 비웃음을 사게 될 것이다. ”고 하였다.
그러나 두 사람이 굳이 청(請)하자, 병인일(丙寅日)에 핍양(偪陽)을 포위(包圍)하였으나 승리(勝利)하지 못하였다.
이때 맹씨(孟氏)의 가신(家臣) 진근보(秦菫父)도 중거(重車)를 끌고 전지(戰地)에 갔었다.
핍양인(偪陽人)이 성문(城門)을 열자 제후군(諸侯軍)이 성문(城門)을 공격(攻擊)하니 핍양인(偪陽人)이 기관(機關)을 발동(發動)하여 현문(懸門)을 내렸다.
그러자 추인(郰人) 숙량흘(叔梁紇)이 두 손으로 내려오는 현문(懸門)을 떠받혀 더 이상 내려오지 못하게 하고서 성안으로 들어갔던 군사들을 탈출(脫出)시켰다.
노인(魯人) 적사(狄虒)미(彌)가 대거(大車)의 바퀴를 세우고서 갑옷을 씌워 방패로 삼아 왼손엔 그 방패를 들고 오른손엔 창을 뽑아 들고서 일대(一隊)를 담당(擔當)하니,
맹헌자(孟獻子)가 말하기를 “《시경(詩經)》에 이른바 ‘힘이 범과 같다. ’는 사람이로다. ”고 하였다.
주인(主人)(핍양(偪陽)의 수성장(守城將))이 긴 천을 성(城) 아래로 내려뜨려 〈적군(敵軍)이 올라오도록 유인(誘引)하자, 〉 진근보(秦菫父)가 그 천을 잡고 올라가 성가퀴에 닿으려 할 때 주인(主人)이 그 천을 자르니 진근보(秦菫父)는 땅으로 떨어져 혼절(昏絶)(까무러침)하였다.
주인(主人)이 또 천을 내려뜨리니 진근보(秦菫父)는 깨어나서 다시 올라갔다.
이렇게 세 차례를 반복하니, 주인(主人)은 그 용맹(勇猛)에 탄복(歎服)하여 더 이상 내려뜨리지 않고 물러갔다.
진근보(秦菫父)는 잘린 천을 허리에 두르고서 3일 동안 군중(軍中)을 돌아다니며 과시(誇示)하였다.","여름 4월 무오일(戊午日)에 조(柤)에서 회합(會合)하였다.
진(晉)나라 순언(荀偃)과 사개(士匄)가 핍양(偪陽)을 공벌(攻伐)하여 송(宋)나라 상술(向戌)에게 봉(封)해 주기를 청하니, 순앵(荀罃)이 말하기를 “성(城)이 작지만 견고(堅固)하니 승리(勝利)하여도 무용(武勇)이 되지 못하고, 승리(勝利)하지 못하면 사람들의 비웃음을 사게 될 것이다. ”고 하였다.
그러나 두 사람이 굳이 청(請)하자, 병인일(丙寅日)에 핍양(偪陽)을 포위(包圍)하였으나 승리(勝利)하지 못하였다.
이때 맹씨(孟氏)의 가신(家臣) 진근보(秦菫父)도 중거(重車)를 끌고 전지(戰地)에 갔었다.
핍양인(偪陽人)이 성문(城門)을 열자 제후군(諸侯軍)이 성문(城門)을 공격(攻擊)하니 핍양인(偪陽人)이 기관(機關)을 발동(發動)하여 현문(懸門)을 내렸다.
그러자 추인(郰人) 숙량흘(叔梁紇)이 두 손으로 내려오는 현문(懸門)을 떠받혀 더 이상 내려오지 못하게 하고서 성안으로 들어갔던 군사들을 탈출(脫出)시켰다.
노인(魯人) 적사(狄虒)미(彌)가 대거(大車)의 바퀴를 세우고서 갑옷을 씌워 방패로 삼아 왼손엔 그 방패를 들고 오른손엔 창을 뽑아 들고서 일대(一隊)를 담당(擔當)하니, 맹헌자(孟獻子)가 말하기를 “《시경(詩經)》에 이른바 ‘힘이 범과 같다. ’는 사람이로다. ”고 하였다.
주인(主人)(핍양(偪陽)의 수성장(守城將))이 긴 천을 성(城) 아래로 내려뜨려 〈적군(敵軍)이 올라오도록 유인(誘引)하자, 〉 진근보(秦菫父)가 그 천을 잡고 올라가 성가퀴에 닿으려 할 때 주인(主人)이 그 천을 자르니 진근보(秦菫父)는 땅으로 떨어져 혼절(昏絶)(까무러침)하였다.
주인(主人)이 또 천을 내려뜨리니 진근보(秦菫父)는 깨어나서 다시 올라갔다. 이렇게 세 차례를 반복하니, 주인(主人)은 그 용맹(勇猛)에 탄복(歎服)하여 더 이상 내려뜨리지 않고 물러갔다.
진근보(秦菫父)는 잘린 천을 허리에 두르고서 3일 동안 군중(軍中)을 돌아다니며 과시(誇示)하였다."
3,춘추좌씨전8,52,whitespace_only,6,5,"위후(衛侯)가 언무자(鄢武子)를 보내어 주왕(周王)에게 고(告)하기를 “괴외(蒯聵)가 군부(君父)와 군모(君母)께 죄(罪)를 얻어 진(晉)나라로 도망가니 진(晉)나라는 왕실(王室)이란 이유로 형제(兄弟)를 버리지 않고 괴외(蒯聵)를 하상(河上)에 안치하였습니다.
하늘이 보우(保佑)하사 군위(君位)를 계승(繼承)하여 봉지(封地)를 지키게 되었으니, 하신(下臣) 힐(肸)을 보내어 감히 집사(執事)에게 고(告)하나이다. ”라고 하니,
천왕(天王)이 단평공(單平公)을 보내어 대답하기를 “힐(肸)은 좋은 소식을 가지고 와서 나에게 고(告)하였도다.
돌아가서 숙부(叔父)(위후(衛侯))에게 ‘나는 네가 선세(先世)를 계승(繼承)한 것을 아름답게 여겨 너의 군록(君祿)과 군위(君位)를 회복시키노니 공경할지어다.
그래야 하늘의 복록(福祿)을 보유(保有)할 것이다.
공경하지 않으면 하늘은 복록(福祿)을 주지 않을 것이니 후회한들 어찌 미칠 수 있겠는가? ’라고 이르라. ”고 하였다.","위후(衛侯)가 언무자(鄢武子)를 보내어 주왕(周王)에게 고(告)하기를 “괴외(蒯聵)가 군부(君父)와 군모(君母)께 죄(罪)를 얻어 진(晉)나라로 도망가니 진(晉)나라는 왕실(王室)이란 이유로 형제(兄弟)를 버리지 않고 괴외(蒯聵)를 하상(河上)에 안치하였습니다.
하늘이 보우(保佑)하사 군위(君位)를 계승(繼承)하여 봉지(封地)를 지키게 되었으니, 하신(下臣) 힐(肸)을 보내어 감히 집사(執事)에게 고(告)하나이다. ”라고 하니, 천왕(天王)이 단평공(單平公)을 보내어 대답하기를 “힐(肸)은 좋은 소식을 가지고 와서 나에게 고(告)하였도다.
돌아가서 숙부(叔父)(위후(衛侯))에게 ‘나는 네가 선세(先世)를 계승(繼承)한 것을 아름답게 여겨 너의 군록(君祿)과 군위(君位)를 회복시키노니 공경할지어다.
그래야 하늘의 복록(福祿)을 보유(保有)할 것이다.
공경하지 않으면 하늘은 복록(福祿)을 주지 않을 것이니 후회한들 어찌 미칠 수 있겠는가? ’라고 이르라. ”고 하였다."
4,당송팔대가문초구양수2,136,whitespace_only,7,8,"그러나 만약 관리를 잘 가려 뽑아서 직사(職事)를 처리하고 요행으로 얻는 이익을 제재(制裁)하여 헛된 경비를 줄이며, 좋은 인재를 신중히 뽑고 기계(器械)를 정련(精練)하여 무비(武備)를 도우며,
물가의 고하(高下)를 인하여 조운(漕運)을 소통하여 있는 지역의 물품을 없는 지역으로 옮긴다면, 이와 같은 조처만 진실로 할 수 있어도 오히려 변방의 방어 경비를 다소 넉넉하게 하고 경사(京師)에 비용을 줄일 수 있을 터이니, 이로써 만에 하나라도 도움이 되기를 바랄 뿐입니다.
그러나 이 방법들도 모두 병폐(病弊)가 있으니 이치상 고쳐야 할 터이나, 사목(事目)이 세세하여 편지로는 다 말씀드릴 수 없기에 감히 그 대강의 내용만 갖추어 별지(別紙)에 열거합니다.
삼가 바라건대 특별히 읽어서 그 이해(利害)를 살펴주시고, 혹 저의 말이 크게 어긋나지 않으면 조금 믿고 따라주시어 하는 일을 마칠 수 있게 해 주십시오.
만약 제가 하는 일을 다 마쳐도 끝내 아무런 성과가 없으면 조정의 견책(譴責)을 기다리지 않고 저 자신이 자핵(自劾)하여 떠날 것이지만, 만약 만에 하나라도 도움이 된다면 그만한 다행이 어디 있겠습니까.
삼가 바라건대 총명하신 대감께서는 조금 재택(裁擇)해주소서.
이만 줄입니다.","그러나 만약 관리를 잘 가려 뽑아서 직사(職事)를 처리하고 요행으로 얻는 이익을 제재(制裁)하여 헛된 경비를 줄이며,
좋은 인재를 신중히 뽑고 기계(器械)를 정련(精練)하여 무비(武備)를 도우며, 물가의 고하(高下)를 인하여 조운(漕運)을 소통하여 있는 지역의 물품을 없는 지역으로 옮긴다면,
이와 같은 조처만 진실로 할 수 있어도 오히려 변방의 방어 경비를 다소 넉넉하게 하고 경사(京師)에 비용을 줄일 수 있을 터이니, 이로써 만에 하나라도 도움이 되기를 바랄 뿐입니다.
그러나 이 방법들도 모두 병폐(病弊)가 있으니 이치상 고쳐야 할 터이나, 사목(事目)이 세세하여 편지로는 다 말씀드릴 수 없기에 감히 그 대강의 내용만 갖추어 별지(別紙)에 열거합니다.
삼가 바라건대 특별히 읽어서 그 이해(利害)를 살펴주시고, 혹 저의 말이 크게 어긋나지 않으면 조금 믿고 따라주시어 하는 일을 마칠 수 있게 해 주십시오.
만약 제가 하는 일을 다 마쳐도 끝내 아무런 성과가 없으면 조정의 견책(譴責)을 기다리지 않고 저 자신이 자핵(自劾)하여 떠날 것이지만, 만약 만에 하나라도 도움이 된다면 그만한 다행이 어디 있겠습니까.
삼가 바라건대 총명하신 대감께서는 조금 재택(裁擇)해주소서.
이만 줄입니다."
4,당송팔대가문초구양수4,127,whitespace_only,7,6,"그렇지만 어려서부터 자신을 확립하여 부지런히 힘쓰며 애써 문장을 공부하고 검약(儉約)하게 처신하여 함부로 스스로 진취(進取)를 꾀하지 않았다.
그 공무를 처리하고 처신하는 방도는 한결같이 모두 성인(聖人)의 도(道)를 자신하였고 당시 사람들의 행위는 조금도 돌아보려 하지 않았으며 당시 사람들 역시 덕이 있는 군자(君子)라고 일컬었다.
그래서 부군이 집현원(集賢院)에서 근무한 27년 동안 관서(官署)를 옮기지 않고 태상박사(太常博士)에서 단지 형부낭중(刑部郞中)으로 옮기기만 하였으니, 부군보다 뒤에 환로(宦路)에 들어선 자가 종종 더 현달하기까지 하였다.
부군이 세상과 어긋나며 자신을 지키는 것을 비웃으면서 너무 질박하다고 넌지시 말하여 조금 그 행실을 고치게 하려는 자가 있었는데, 부군이 탄식하면서 “나는 세태(世態)를 배우는 게 아니라 성인(聖人)을 배운다.
이를 통해 여기에 이른 것이니 내가 가진 것을 감히 남에게 드릴 수는 없고 천자(天子)께 직접 아뢴 적은 있었다.
지금 내가 누구에게 붙어서 진취(進取)하고자 하겠는가. ”라고 하였으니,
부군이 매우 독실하게 도를 믿어 굽히지 않았던 것이 이와 같았다.","그렇지만 어려서부터 자신을 확립하여 부지런히 힘쓰며 애써 문장을 공부하고 검약(儉約)하게 처신하여 함부로 스스로 진취(進取)를 꾀하지 않았다.
그 공무를 처리하고 처신하는 방도는 한결같이 모두 성인(聖人)의 도(道)를 자신하였고 당시 사람들의 행위는 조금도 돌아보려 하지 않았으며 당시 사람들 역시 덕이 있는 군자(君子)라고 일컬었다.
그래서 부군이 집현원(集賢院)에서 근무한 27년 동안 관서(官署)를 옮기지 않고 태상박사(太常博士)에서 단지 형부낭중(刑部郞中)으로 옮기기만 하였으니, 부군보다 뒤에 환로(宦路)에 들어선 자가 종종 더 현달하기까지 하였다.
부군이 세상과 어긋나며 자신을 지키는 것을 비웃으면서 너무 질박하다고 넌지시 말하여 조금 그 행실을 고치게 하려는 자가 있었는데,  부군이 탄식하면서 “나는 세태(世態)를 배우는 게 아니라 성인(聖人)을 배운다.
이를 통해 여기에 이른 것이니 내가 가진 것을 감히 남에게 드릴 수는 없고 천자(天子)께 직접 아뢴 적은 있었다.
지금 내가 누구에게 붙어서 진취(進取)하고자 하겠는가. ”라고 하였으니,  부군이 매우 독실하게 도를 믿어 굽히지 않았던 것이 이와 같았다."
4,당송팔대가문초구양수4,164,whitespace_only,7,6,"구양건이 조왕(趙王) 사마륜(司馬倫)의 난리를 만나니, 그 형의 아들인 구양질(歐陽質)이 남쪽 장사(長沙)로 달아났다.
구양질로부터 12세를 지나 구양순(歐陽詢)이 태어나고 구양순이 구양통(歐陽通)을 낳았으니, 구양순과 구양통은 당(唐)나라에 벼슬하였다.
그리고 모두 장사 땅에 거주한 구양씨였으나 오히려 발해(渤海)로 봉작을 받았다.
구양통에서 또 3세를 지나 구양종(歐陽琮)이 태어나니, 구양종이 길주자사(吉州刺史)가 되었기에 자손들이 길주에 살게 되었다.
구양종으로부터 8세를 지나 구양만(歐陽萬)이 태어났고, 구양만이 구양아(歐陽雅)를 낳고, 구양아가 고조(高祖) 휘(諱) 효(效)를 낳고, 고조가 증조(曾祖) 휘(諱) 탁(託)을 낳고,
증조가 황조(皇祖) 무창령(武昌令) 휘(諱) 침(郴)을 낳고, 황조가 공의 부친 증호부시랑(贈戶部侍郞) 휘(諱) 방(倣)을 낳아, 모두 길주에 사니, 또 길주의 구양씨가 되었다.
공 때에 마침내 형남(荊南)으로 이주하고 또 그곳에 장사 지내니, 다시 형남의 구양씨가 되었다.","구양건이 조왕(趙王) 사마륜(司馬倫)의 난리를 만나니, 그 형의 아들인 구양질(歐陽質)이 남쪽 장사(長沙)로 달아났다.
구양질로부터 12세를 지나 구양순(歐陽詢)이 태어나고 구양순이 구양통(歐陽通)을 낳았으니, 구양순과 구양통은 당(唐)나라에 벼슬하였다.
그리고 모두 장사 땅에 거주한 구양씨였으나 오히려 발해(渤海)로 봉작을 받았다.
구양통에서 또 3세를 지나 구양종(歐陽琮)이 태어나니, 구양종이 길주자사(吉州刺史)가 되었기에 자손들이 길주에 살게 되었다.
구양종으로부터 8세를 지나 구양만(歐陽萬)이 태어났고, 구양만이 구양아(歐陽雅)를 낳고, 구양아가 고조(高祖) 휘(諱) 효(效)를 낳고, 고조가 증조(曾祖) 휘(諱) 탁(託)을 낳고, 증조가 황조(皇祖) 무창령(武昌令) 휘(諱) 침(郴)을 낳고, 황조가 공의 부친 증호부시랑(贈戶部侍郞) 휘(諱) 방(倣)을 낳아, 모두 길주에 사니, 또 길주의 구양씨가 되었다.
공 때에 마침내 형남(荊南)으로 이주하고 또 그곳에 장사 지내니, 다시 형남의 구양씨가 되었다."
4,당송팔대가문초구양수4,243,whitespace_only,1,2,당형천(唐荊川)이 말하였다. “이 글은 변화가 지극히 많다. ”,"당형천(唐荊川)이 말하였다.
“이 글은 변화가 지극히 많다. ”"
4,당송팔대가문초구양수4,413,normalization_only,8,8,"경력(慶曆) 3년(1043) 8월 모일(某日)에 부군을 두 부인의 상사(喪事)에 미쳐 강릉(江陵) 용산(龍山)의 동쪽 언덕에 합장(合葬)하였고, 17년 뒤에 여릉(廬陵) 구양수(歐陽脩)가 마침내 다음과 같이 묘표(墓表)를 짓는다.
오호라!
내가 여기에서, 조정에서 신자(臣子)를 총애하고 권면하는 뜻을 보았으니 어찌 두텁지 않겠는가.
또 선을 행한 선비가 비록 민몰되어 암울해지더라도 그 숨은 덕과 행실은 반드시 때가 되면 드러나는 법이니, 그것이 더디고 빠르고 드러나고 숨겨짐은 그 자손들에게 달린 것임을 보았다.
그렇다면 자식 된 자가 스스로 힘쓰지 않을 수 있겠는가.
옛날의 자식 된 자는 녹봉으로 어버이 생전에 봉양하지 못하면 어버이에게 효도를 미칠 방법이 없었다.
그러나 지금의 자식 된 자는 스스로 공적을 세우면 오히려 어버이가 돌아가시고 나서도 어버이에게 영예로운 이름이 내려지는 은총을 받을 수 있으니, 사람들에게 효도를 가르치는 것이 옛날보다 독실함이 깊다.
자방은 당세에 등용되어 어버이를 영예롭게 하는 것이 어디에 그칠지 알 수 없으니, 우선 묘표를 세워놓고 기다리노라.","경력(慶曆) 3년(1043) 8월 모일(某日)에 부군을 두 부인의 상사(喪事)에 미쳐 강릉(江陵) 용산(龍山)의 동쪽 언덕에 합장(合葬)하였고, 17년 뒤에 여릉(廬陵) 구양수(歐陽脩)가 마침내 다음과 같이 묘표(墓表)를 짓는다.
오호라!
내가 여기에서, 조정에서 신자(臣子)를 총애하고 권면하는 뜻을 보았으니 어찌 두텁지 않겠는가.
또 선을 행한 선비가 비록 민몰되어 암울해지더라도 그 숨은 덕과 행실은 반드시 때가 되면 드러나는 법이니, 그것이 더디고 빠르고 드러나고 숨겨짐은 그 자손들에게 달린 것임을 보았다. 
그렇다면 자식 된 자가 스스로 힘쓰지 않을 수 있겠는가.
옛날의 자식 된 자는 녹봉으로 어버이 생전에 봉양하지 못하면 어버이에게 효도를 미칠 방법이 없었다.
그러나 지금의 자식 된 자는 스스로 공적을 세우면 오히려 어버이가 돌아가시고 나서도 어버이에게 영예로운 이름이 내려지는 은총을 받을 수 있으니, 사람들에게 효도를 가르치는 것이 옛날보다 독실함이 깊다.
자방은 당세에 등용되어 어버이를 영예롭게 하는 것이 어디에 그칠지 알 수 없으니, 우선 묘표를 세워놓고 기다리노라."
4,당송팔대가문초구양수5,208,whitespace_only,11,14,"이종가(李從珂)는 절도사(節度使)에서 파면되고 청화리(淸化里)의 저택에서 지내고 있었는데, 안중회(安重誨)가 자주 재상(宰相)에게 넌지시 암시하여 이종가가 직책을 제대로 못하고 있으니 의당 죄를 받아야 한다고 말하였다.
그러자 풍도(馮道)가 이에 아뢰고 법에 따라 처리하기를 청하였다.
명종(明宗)이 노하여 말하기를 “내 아이가 간사한 자에게 중상(中傷)을 받아 사정이 아직 분명하게 가려지지 않았거늘 공들이 이러한 말을 하니,
이는 내 아이가 인간세상에 살아 있기를 바라지 않는 것인가? ”라고 하였다.
조봉(趙鳳)이 이에 아뢰기를 “≪춘추(春秋)≫에 장수에게 책임을 지웠던 뜻은 신하 된 자들을 힘쓰게 하기 위해서입니다. ”라고 하자, 명종이 말하기를 “이는 모두 공들의 뜻이 아니다. ”라고 하니, 풍도 등이 황공해하면서 물러났다.
며칠이 지나 풍도 등이 다시 이 일을 가지고 청하니, 명종이 좌우를 돌아보며 다른 일을 말하였다. 이튿날 안중회가 비로소 직접 이 일을 열거하여 논하니, 명종이 말하기를 “공은 어떻게 처리하려 하는가?
내가 바로 공의 뜻을 따르겠다. ”라고 하니, 안중회가 아뢰기를 “이는 부자(父子) 간의 관계이니 신이 말할 수 있는 문제가 아닙니다.
폐하께서 결정하소서. ”라고 하였다.
명종이 말하기를 “내가 소교(小校)로 있을 적에 입고 먹는 것이 넉넉하지 못했는데 이 아이가 나를 위해 석회(石灰)를 져 오고 말똥을 주워 와서 살아갔었다.
그런데 지금 존귀한 천자가 되어서는 어찌 유독 이 아이를 보호하지 못한단 말인가?
만약 이 아이를 사제(私第)에 가둬두면 또한 공의 일에 어떻게 간섭하겠는가? ”라고 하니, 안중회가 이로 인해 다시 감히 이 일을 말하지 못하였다.","이종가(李從珂)는 절도사(節度使)에서 파면되고 청화리(淸化里)의 저택에서 지내고 있었는데, 안중회(安重誨)가 자주 재상(宰相)에게 넌지시 암시하여 이종가가 직책을 제대로 못하고 있으니 의당 죄를 받아야 한다고 말하였다. 
그러자 풍도(馮道)가 이에 아뢰고 법에 따라 처리하기를 청하였다.
명종(明宗)이 노하여 말하기를 “내 아이가 간사한 자에게 중상(中傷)을 받아 사정이 아직 분명하게 가려지지 않았거늘 공들이 이러한 말을 하니, 이는 내 아이가 인간세상에 살아 있기를 바라지 않는 것인가? ”라고 하였다. 
조봉(趙鳳)이 이에 아뢰기를 “≪춘추(春秋)≫에 장수에게 책임을 지웠던 뜻은 신하 된 자들을 힘쓰게 하기 위해서입니다. ”라고 하자, 
명종이 말하기를 “이는 모두 공들의 뜻이 아니다. ”라고 하니, 
풍도 등이 황공해하면서 물러났다.
며칠이 지나 풍도 등이 다시 이 일을 가지고 청하니, 명종이 좌우를 돌아보며 다른 일을 말하였다.
이튿날 안중회가 비로소 직접 이 일을 열거하여 논하니, 명종이 말하기를 “공은 어떻게 처리하려 하는가?
내가 바로 공의 뜻을 따르겠다. ”라고 하니,  안중회가 아뢰기를 “이는 부자(父子) 간의 관계이니 신이 말할 수 있는 문제가 아닙니다.
폐하께서 결정하소서. ”라고 하였다. 
명종이 말하기를 “내가 소교(小校)로 있을 적에 입고 먹는 것이 넉넉하지 못했는데 이 아이가 나를 위해 석회(石灰)를 져 오고 말똥을 주워 와서 살아갔었다.
그런데 지금 존귀한 천자가 되어서는 어찌 유독 이 아이를 보호하지 못한단 말인가?
만약 이 아이를 사제(私第)에 가둬두면 또한 공의 일에 어떻게 간섭하겠는가? ”라고 하니, 
안중회가 이로 인해 다시 감히 이 일을 말하지 못하였다."
4,당송팔대가문초소순1,99,normalization_only,12,12,"집사(執事)의 문장(文章)은 천하 사람들이 알지 못하는 이가 없으나, 저 스스로는 제가 거기에 대하여 아는 것이 특히 깊어서 천하 사람들보다 더 낫다고 여기고 있습니다.
어째서이겠습니까?
맹자(孟子)의 글은 말은 간략(簡略)하면서도 뜻이 깊어 날카롭고 예리한 말이 아니지만 그 뾰족함을 범할 수가 없습니다.
한유(韓愈)의 글은 마치 장강(長江)과 황하(黃河)가 질펀히 흐르며 돌아 물고기와 큰 자라와 교룡과 용 등이 너무도 기괴하고 정신 못 차리게 하지만, 그것들을 억누르고 막고 가리고 덮어서 스스로 드러나지 않게 하고 있어, 사람들이 그 깊숙한 빛과 푸른 색깔을 바라보고는 또한 스스로 두려워하고 피하면서 감히 가까이 가서 보지 못하는 것과 같습니다.
집사의 글은 이리저리 구부러지며 모든 것을 다 갖추어 왔다갔다 하며 무수히 꺾이되, 조리(條理)가 통하여 거침이 없고 중간에 끊어지는 일이 없으며, 기운(氣韻)을 다하고 말을 다하여 다급히 표현하며 이론(理論)을 다 펴되, 여유(餘裕)가 있고 한가(閑暇)한 듯하여 힘들고 애쓴 것 같은 모양이 없습니다.
이 세 분들은 모두가 틀림없이 스스로 일가(一家)를 이룬 문장입니다.
오직 이고(李翶)의 글은 그 맛이 은은하면서도 길고, 그 빛은 빛나는 듯하면서도 그윽하며, 그 점잖은 움직임에는 집사의 자태(姿態)가 있습니다.
육지(陸贄)의 글은 말의 사용과 뜻의 표현이 정확하고 확실하여 집사의 내용이 있으나, 집사의 재능은 또한 스스로 남보다 뛰어난 점이 있습니다.
대체로 집사의 글은 맹자(孟子)나 한유(韓愈)의 글이 아니라 구양수(歐陽脩) 자신의 글인 것입니다.
남의 훌륭함을 얘기하기 좋아하지만 그것이 아첨이 되지 않는 것은 그 사람이 진실로 이에 해당되기 때문입니다.
그것을 알지 못하는 사람들은 남을 칭찬하여 자신을 좋아하도록 하는 것이라 여기나, 남을 칭찬함으로써 그가 자기를 좋아하도록 바라는 짓은 저 역시 하지 않을 것입니다.
집사의 밝게 빛나는 성대한 덕을 얘기함에 있어서 스스로 멈출 줄 모르는 까닭은, 또한 집사께서 〈사람들이〉 집사를 알고 있다는 것을 아시기 바라서입니다.","집사(執事)의 문장(文章)은 천하 사람들이 알지 못하는 이가 없으나, 저 스스로는 제가 거기에 대하여 아는 것이 특히 깊어서 천하 사람들보다 더 낫다고 여기고 있습니다. 
어째서이겠습니까?
맹자(孟子)의 글은 말은 간략(簡略)하면서도 뜻이 깊어 날카롭고 예리한 말이 아니지만 그 뾰족함을 범할 수가 없습니다.
한유(韓愈)의 글은 마치 장강(長江)과 황하(黃河)가 질펀히 흐르며 돌아 물고기와 큰 자라와 교룡과 용 등이 너무도 기괴하고 정신 못 차리게 하지만, 그것들을 억누르고 막고 가리고 덮어서 스스로 드러나지 않게 하고 있어, 사람들이 그 깊숙한 빛과 푸른 색깔을 바라보고는 또한 스스로 두려워하고 피하면서 감히 가까이 가서 보지 못하는 것과 같습니다. 
집사의 글은 이리저리 구부러지며 모든 것을 다 갖추어 왔다갔다 하며 무수히 꺾이되, 조리(條理)가 통하여 거침이 없고 중간에 끊어지는 일이 없으며, 기운(氣韻)을 다하고 말을 다하여 다급히 표현하며 이론(理論)을 다 펴되, 여유(餘裕)가 있고 한가(閑暇)한 듯하여 힘들고 애쓴 것 같은 모양이 없습니다.
이 세 분들은 모두가 틀림없이 스스로 일가(一家)를 이룬 문장입니다.
오직 이고(李翶)의 글은 그 맛이 은은하면서도 길고, 그 빛은 빛나는 듯하면서도 그윽하며, 그 점잖은 움직임에는 집사의 자태(姿態)가 있습니다.
육지(陸贄)의 글은 말의 사용과 뜻의 표현이 정확하고 확실하여 집사의 내용이 있으나, 집사의 재능은 또한 스스로 남보다 뛰어난 점이 있습니다.
대체로 집사의 글은 맹자(孟子)나 한유(韓愈)의 글이 아니라 구양수(歐陽脩) 자신의 글인 것입니다.
남의 훌륭함을 얘기하기 좋아하지만 그것이 아첨이 되지 않는 것은 그 사람이 진실로 이에 해당되기 때문입니다.
그것을 알지 못하는 사람들은 남을 칭찬하여 자신을 좋아하도록 하는 것이라 여기나, 남을 칭찬함으로써 그가 자기를 좋아하도록 바라는 짓은 저 역시 하지 않을 것입니다.
집사의 밝게 빛나는 성대한 덕을 얘기함에 있어서 스스로 멈출 줄 모르는 까닭은, 또한 집사께서 〈사람들이〉 집사를 알고 있다는 것을 아시기 바라서입니다."
4,당송팔대가문초소식1,235,whitespace_only,2,3,"엎드려 생각하건대, 선제(宣帝)는 한(漢)나라의 영명(英明)한 군주였으나 한마디 말 때문에 양운(楊惲)을 죽였고, 태종(太宗)은 당(唐)나라를 일으킨 현군(賢君)이었으나 한마디 말 때문에 유계(劉洎)를 죽였으니, 예로부터 충신(忠臣)과 열사(烈士)가 좋은 때를 만나고 군주의 신임을 얻었으나 화를 면치 못한 경우를 어찌 다 셀 수 있겠습니까?
그런데 신(臣)은 유독 황제폐하께서 시종 굽어 살피시어 아껴주고 보존해주시는 은혜를 입고 있으니, 폐하의 성스러운 도량이 이미 한(漢)나라 선제(宣帝)와 당(唐)나라 태종(太宗)보다 뛰어나고, 신(臣)이 지우(知遇)를 입은 것이 또한 옛사람에게 일찍이 없었던 바입니다.","엎드려 생각하건대, 선제(宣帝)는 한(漢)나라의 영명(英明)한 군주였으나 한마디 말 때문에 양운(楊惲)을 죽였고, 태종(太宗)은 당(唐)나라를 일으킨 현군(賢君)이었으나 한마디 말 때문에 유계(劉洎)를 죽였으니,
예로부터 충신(忠臣)과 열사(烈士)가 좋은 때를 만나고 군주의 신임을 얻었으나 화를 면치 못한 경우를 어찌 다 셀 수 있겠습니까?
그런데 신(臣)은 유독 황제폐하께서 시종 굽어 살피시어 아껴주고 보존해주시는 은혜를 입고 있으니, 폐하의 성스러운 도량이 이미 한(漢)나라 선제(宣帝)와 당(唐)나라 태종(太宗)보다 뛰어나고, 신(臣)이 지우(知遇)를 입은 것이 또한 옛사람에게 일찍이 없었던 바입니다."
4,당송팔대가문초소식2,186,whitespace_only,1,2,왕승의(王承議)에게 답한 계(啓) 편관(編管) 가던 도중에 옛 지인을 만나서 정의가 간곡하다.,"왕승의(王承議)에게 답한 계(啓)
편관(編管) 가던 도중에 옛 지인을 만나서 정의가 간곡하다."
4,당송팔대가문초소식3,164,whitespace_only,7,6,"성인(聖人)이 저 이단(異端)을 미워하여 힘을 다해서 배척하는 까닭은 이단(異端)이 천하를 어지럽힐 수 있어서가 아니요, 천하의 혼란이 이단(異端)으로 말미암아 나오기 때문이다.
옛날 주(周)나라가 쇠퇴할 적에 노담(老聃), 장주(莊周), 열어구(列禦寇)의 무리가 번갈아 허무(虛無)와 담박(淡泊)을 주장하는 말을 해서 사람들이 그 창광(猖狂)하고 근거없는 말을 전공하여 분분하고 전도되어서 끝내 무유(無有)로 돌아가니, 그 도(道)를 따르는 자들이 너무 넓어서 그 마땅함을 얻지 못하였다.
이 때문에 부귀의 즐거움을 잊고 사생의 분별을 똑같다고 하였으니,
이것은 천하에서 뜻을 얻지 못하고서 세상에 높이 초월하여 멀리 떠나가는 사람들이 마음을 놓아 근심이 없었던 이유이니, 이는 비록 성인(聖人)의 도(道)는 아니나 그 마음 씀은 진실로 또한 천하에 나쁠 것이 없었다.
그런데 노담(老聃)이 죽은 이후로 백여 년 만에 상앙(商鞅)과 한비(韓非)가 책을 지어서 “천하를 다스리는 것은 형명(刑名)보다 더 좋은 것이 없다. ”라고 하였다.
그런데 진(秦)나라 때에 그들의 말을 따랐다가 끝내 진승(陳勝)과 오광(吳廣)의 난이 일어나서 교화(敎化)가 부족하고 법치(法治)가 유여하였다.
진(秦)나라가 이 때문에 망하여 제사받지 못하고 천하가 그 해독을 입었는데, 후세의 학자들은 신불해(申不害)와 한비(韓非)의 죄만 알고 노담(老聃)과 장주(莊周)가 이렇게 만든 것은 알지 못한다.","성인(聖人)이 저 이단(異端)을 미워하여 힘을 다해서 배척하는 까닭은 이단(異端)이 천하를 어지럽힐 수 있어서가 아니요, 천하의 혼란이 이단(異端)으로 말미암아 나오기 때문이다.
옛날 주(周)나라가 쇠퇴할 적에 노담(老聃), 장주(莊周), 열어구(列禦寇)의 무리가 번갈아 허무(虛無)와 담박(淡泊)을 주장하는 말을 해서 사람들이 그 창광(猖狂)하고 근거없는 말을 전공하여 분분하고 전도되어서 끝내 무유(無有)로 돌아가니, 그 도(道)를 따르는 자들이 너무 넓어서 그 마땅함을 얻지 못하였다.
이 때문에 부귀의 즐거움을 잊고 사생의 분별을 똑같다고 하였으니, 이것은 천하에서 뜻을 얻지 못하고서 세상에 높이 초월하여 멀리 떠나가는 사람들이 마음을 놓아 근심이 없었던 이유이니, 이는 비록 성인(聖人)의 도(道)는 아니나 그 마음 씀은 진실로 또한 천하에 나쁠 것이 없었다.
그런데 노담(老聃)이 죽은 이후로 백여 년 만에 상앙(商鞅)과 한비(韓非)가 책을 지어서 “천하를 다스리는 것은 형명(刑名)보다 더 좋은 것이 없다. ”라고 하였다.
그런데 진(秦)나라 때에 그들의 말을 따랐다가 끝내 진승(陳勝)과 오광(吳廣)의 난이 일어나서 교화(敎化)가 부족하고 법치(法治)가 유여하였다.
진(秦)나라가 이 때문에 망하여 제사받지 못하고 천하가 그 해독을 입었는데, 후세의 학자들은 신불해(申不害)와 한비(韓非)의 죄만 알고 노담(老聃)과 장주(莊周)가 이렇게 만든 것은 알지 못한다."
4,당송팔대가문초소식3,286,whitespace_only,1,2,유개(劉愷)와 정홍(丁鴻)이 누가 더 어진가 하는 논(論) 글을 쓴 것이 소소(小蘇)(소철(蘇轍))보다 낫다.,"유개(劉愷)와 정홍(丁鴻)이 누가 더 어진가 하는 논(論)
글을 쓴 것이 소소(小蘇)(소철(蘇轍))보다 낫다."
4,당송팔대가문초소식5,293,whitespace_only,8,9,"그러자 불인(佛印)이 빙그레 웃으며 다음과 같이 말하였다. “심하다!
그대 말의 누추함이여.
내 법안(法眼)을 가지고 보면 바늘구멍 하나하나에 무량세계(無量世界)가 있으니, 이 가운데 가득한 중생들이 가지고 있는 털구멍과 중생들이 입고 있는 옷 중에 바늘구멍과 실 솔기가 모두 무량세계(無量世界)가 된다.
이와 같이 전전하여 불경(佛經) 80권을 반복하여 읽으면 우리 부처의 광명이 비추는 것과 우리 군주(君主)의 성덕(聖德)이 입혀지는 것이 마치 큰 바닷물을 털구멍 하나에 주입하고 대지(大地)로 바늘구멍 하나를 막는 것과 같으니, 어찌 우이(嵎夷)와 매곡(昧谷), 교지(交趾)와 유도(幽都)를 따질 것이 있겠는가?
이 납의(衲衣)는 큰 것도 작은 것도 아니고, 짧은 것도 긴 것도 아니고, 무거운 것도 가벼운 것도 아니고, 얇은 것도 두터운 것도 아니고, 색(色)도 공(空)도 아님을 마땅히 알아야 한다.
모든 세상 사이에 아교가 부러지고 손가락이 떨어져 나가는 추위에도 이 납의(衲衣)를 입으면 춥지 않고, 돌이 삭고 쇠가 녹아 흐르는 무더위에도 이 납의(衲衣)를 입으면 덥지 않고, 다섯 가지 탁류의 물결에도 이 납의(衲衣)는 더러워지지 않고,
겁화(劫火)가 크게 타오르더라도 이 납의(衲衣)는 타버리지 않을 것이니, 어찌하여 사유(思惟)하는 마음을 가지고 낮고 용렬한 생각을 하는가? ”
이에 촉(蜀) 땅 사람인 나 소식(蘇軾)이 듣고 찬(贊)한다.","그러자 불인(佛印)이 빙그레 웃으며 다음과 같이 말하였다.
“심하다!
그대 말의 누추함이여.
내 법안(法眼)을 가지고 보면 바늘구멍 하나하나에 무량세계(無量世界)가 있으니, 이 가운데 가득한 중생들이 가지고 있는 털구멍과 중생들이 입고 있는 옷 중에 바늘구멍과 실 솔기가 모두 무량세계(無量世界)가 된다.
이와 같이 전전하여 불경(佛經) 80권을 반복하여 읽으면 우리 부처의 광명이 비추는 것과 우리 군주(君主)의 성덕(聖德)이 입혀지는 것이 마치 큰 바닷물을 털구멍 하나에 주입하고 대지(大地)로 바늘구멍 하나를 막는 것과 같으니, 어찌 우이(嵎夷)와 매곡(昧谷), 교지(交趾)와 유도(幽都)를 따질 것이 있겠는가?
이 납의(衲衣)는 큰 것도 작은 것도 아니고, 짧은 것도 긴 것도 아니고, 무거운 것도 가벼운 것도 아니고, 얇은 것도 두터운 것도 아니고, 색(色)도 공(空)도 아님을 마땅히 알아야 한다.
모든 세상 사이에 아교가 부러지고 손가락이 떨어져 나가는 추위에도 이 납의(衲衣)를 입으면 춥지 않고, 돌이 삭고 쇠가 녹아 흐르는 무더위에도 이 납의(衲衣)를 입으면 덥지 않고, 다섯 가지 탁류의 물결에도 이 납의(衲衣)는 더러워지지 않고, 겁화(劫火)가 크게 타오르더라도 이 납의(衲衣)는 타버리지 않을 것이니,
어찌하여 사유(思惟)하는 마음을 가지고 낮고 용렬한 생각을 하는가? ”
이에 촉(蜀) 땅 사람인 나 소식(蘇軾)이 듣고 찬(贊)한다."
4,당송팔대가문초소철1,94,whitespace_only,12,10,"소신이 근자에 폐정(弊政)을 수정하여 완전무결하게 만들어서 조정(朝廷)과 뜻을 달리하는 정견(政見)을 불식시킬 것을 주청(奏請)하였습니다.
그 중 첫 번째는 제주(諸州)의 아전(衙前)에 관한 것인데, 소신은 오늘날에 아전(衙前)을 고용(雇用)하는 제도와 옛날에 아전(衙前)을 차용(差用)하던 제도의 이해(利害) 실상에 대해 먼저 논하겠습니다.
대개 향호(鄕戶)로 정차(定差)(담당시킴)한 것은 그들이 일정한 가업(家業)을 가졌으므로 속이고 도망하는 폐단이 부랑(浮浪)한 백성을 고용(雇用)으로 모집(募集)하는 것에 비하면 그 형세가 반드시 적을 것이니, 이 경우는 아전을 차용(差用)하는 쪽이 이롭습니다.
그러나 매양 향호(鄕戶)로 차용(差用)할 때마다 반드시 피면(避免)하는 일과 규결(糾決)하는 일이 있게 되며, 차용(差用)함에 이르러서는 주현(州縣)의 조리(曹吏)가 색취(索取)하는 전재(錢財)를 계산할 수가 없고, 차사(差使)에 피선됨에 이르러서는 먼저 중난전(重難錢)을 지급합니다.
그리고 만일 고용(雇用)으로 모집(募集)한 일에 익숙한 사람은 1분(分)의 비용을 쓴다면 향호(鄕戶)로 차용한 일에 생소한 사람은 2, 3분(分)이 아니면 일을 끝마치지 못하니, 이로 말미암아 가산(家産)을 탕진합니다.
가우(嘉祐)(송(宋) 인종(仁宗)의 연호.
1056~1063) 이전에는 아전(衙前)의 고역을 백성들이 극히 두려워하였으니, 이럴 경우에는 아전(衙前)을 차용(差用)하는 쪽이 해롭습니다.
만일 진정으로 원하는 사람을 고용으로 모집할 경우, 자신이 익숙한 것이 아니면 반드시 기꺼이 투신하지 않을 것이고, 주현(州縣)의 이인(吏人)은 그 익숙한 일을 알기 때문에 색취(索取)하는 전재(錢財)가 자연 적을 것이며,
사무(事務)를 담당할 때에 가서는 으레 기회(機會)와 방편(方便)을 잘 알고 비용에도 또한 일정한 액수가 있으므로 비록 중난(重難)을 겪는다 하더라도 자연 파산(破産)할 걱정이 없으니, 이럴 경우에는 아전(衙前)을 고용하는 쪽이 이롭습니다.
그러나 부랑(浮浪)한 사람은 가산(家産)이 단박(單薄)하니 침점(侵占)하고 도절(盜竊)하는 폐단이 반드시 향호(鄕戶)로 차용(差用)하는 쪽보다 심할 것입니다.
희령(熙寧)(송(宋) 신종(神宗)의 연호.
1068~1077) 이래로 이에 대해 걱정이 많았으니, 이 경우는 아전(衙前)을 고용하는 쪽의 폐단입니다.","소신이 근자에 폐정(弊政)을 수정하여 완전무결하게 만들어서 조정(朝廷)과 뜻을 달리하는 정견(政見)을 불식시킬 것을 주청(奏請)하였습니다.
그 중 첫 번째는 제주(諸州)의 아전(衙前)에 관한 것인데, 소신은 오늘날에 아전(衙前)을 고용(雇用)하는 제도와 옛날에 아전(衙前)을 차용(差用)하던 제도의 이해(利害) 실상에 대해 먼저 논하겠습니다.
대개 향호(鄕戶)로 정차(定差)(담당시킴)한 것은 그들이 일정한 가업(家業)을 가졌으므로 속이고 도망하는 폐단이 부랑(浮浪)한 백성을 고용(雇用)으로 모집(募集)하는 것에 비하면 그 형세가 반드시 적을 것이니, 이 경우는 아전을 차용(差用)하는 쪽이 이롭습니다.
그러나 매양 향호(鄕戶)로 차용(差用)할 때마다 반드시 피면(避免)하는 일과 규결(糾決)하는 일이 있게 되며, 차용(差用)함에 이르러서는 주현(州縣)의 조리(曹吏)가 색취(索取)하는 전재(錢財)를 계산할 수가 없고, 차사(差使)에 피선됨에 이르러서는 먼저 중난전(重難錢)을 지급합니다.
그리고 만일 고용(雇用)으로 모집(募集)한 일에 익숙한 사람은 1분(分)의 비용을 쓴다면 향호(鄕戶)로 차용한 일에 생소한 사람은 2, 3분(分)이 아니면 일을 끝마치지 못하니, 이로 말미암아 가산(家産)을 탕진합니다.
가우(嘉祐)(송(宋) 인종(仁宗)의 연호. 1056~1063) 이전에는 아전(衙前)의 고역을 백성들이 극히 두려워하였으니, 이럴 경우에는 아전(衙前)을 차용(差用)하는 쪽이 해롭습니다.
만일 진정으로 원하는 사람을 고용으로 모집할 경우, 자신이 익숙한 것이 아니면 반드시 기꺼이 투신하지 않을 것이고, 주현(州縣)의 이인(吏人)은 그 익숙한 일을 알기 때문에 색취(索取)하는 전재(錢財)가 자연 적을 것이며,
사무(事務)를 담당할 때에 가서는 으레 기회(機會)와 방편(方便)을 잘 알고 비용에도 또한 일정한 액수가 있으므로 비록 중난(重難)을 겪는다 하더라도 자연 파산(破産)할 걱정이 없으니, 이럴 경우에는 아전(衙前)을 고용하는 쪽이 이롭습니다.
그러나 부랑(浮浪)한 사람은 가산(家産)이 단박(單薄)하니 침점(侵占)하고 도절(盜竊)하는 폐단이 반드시 향호(鄕戶)로 차용(差用)하는 쪽보다 심할 것입니다.
희령(熙寧)(송(宋) 신종(神宗)의 연호. 1068~1077) 이래로 이에 대해 걱정이 많았으니, 이 경우는 아전(衙前)을 고용하는 쪽의 폐단입니다."
4,당송팔대가문초왕안석1,49,whitespace_only,6,5,"천하 사람들이 점차로 잘못된 가르침에 물들고 이렇게 이루어진 습속(習俗)에 동화(同化)되어서, 조정에서 업무를 맡긴 사람이 그 자품과 서열에 맞지 않음을 보게 되면 서로 비평하고 비방하지만, 업무를 맡긴 사람의 재능이 합당하지 않을 때에는 이를 비방하는 사람이 없습니다.
또한 벼슬자리에 있는 사람을 자주 이동(移動)시켜서 한 자리에 오래 있을 수 없게 하니, 그 때문에 윗사람은 그 일을 익숙하도록 익혀 숙지할 수가 없고, 아랫사람은 그의 가르침에 순종하며 안주(安住)할 수가 없으며, 현능(賢能)한 사람도 업적을 이룰 수가 없게 되고, 못난 사람도 그 허물이 드러나지 않게 됩니다.
새 사람을 맞이하고 옛 사람을 전송하는 번거로움과 문서에 일관성이 없게 된 폐단은 본시 그 폐해 가운데 작은 것으로서, 이런 폐단은 이루 다 헤아릴 수도 없습니다.
벼슬자리를 설치하였으면 모두 그 임무를 오랫동안 맡게 해야 마땅하고, 담당한 지역이 멀리 떨어져 있고 맡은 임무가 중하다면 더욱 그 자리에 오래 있게 함이 마땅하니,
그렇게 한 후에야 그가 한 일에 대하여 책임(責任)을 물을 수 있기 때문입니다.
그런데 지금은 더욱 그 관직에 오래 있을 수가 없고, 더러는 수일 만에 갑자기 교체되기도 합니다.","천하 사람들이 점차로 잘못된 가르침에 물들고 이렇게 이루어진 습속(習俗)에 동화(同化)되어서, 조정에서 업무를 맡긴 사람이 그 자품과 서열에 맞지 않음을 보게 되면 서로 비평하고 비방하지만, 업무를 맡긴 사람의 재능이 합당하지 않을 때에는 이를 비방하는 사람이 없습니다.
또한 벼슬자리에 있는 사람을 자주 이동(移動)시켜서 한 자리에 오래 있을 수 없게 하니, 그 때문에 윗사람은 그 일을 익숙하도록 익혀 숙지할 수가 없고, 아랫사람은 그의 가르침에 순종하며 안주(安住)할 수가 없으며, 현능(賢能)한 사람도 업적을 이룰 수가 없게 되고, 못난 사람도 그 허물이 드러나지 않게 됩니다.
새 사람을 맞이하고 옛 사람을 전송하는 번거로움과 문서에 일관성이 없게 된 폐단은 본시 그 폐해 가운데 작은 것으로서, 이런 폐단은 이루 다 헤아릴 수도 없습니다.
벼슬자리를 설치하였으면 모두 그 임무를 오랫동안 맡게 해야 마땅하고, 담당한 지역이 멀리 떨어져 있고 맡은 임무가 중하다면 더욱 그 자리에 오래 있게 함이 마땅하니, 그렇게 한 후에야 그가 한 일에 대하여 책임(責任)을 물을 수 있기 때문입니다.
그런데 지금은 더욱 그 관직에 오래 있을 수가 없고, 더러는 수일 만에 갑자기 교체되기도 합니다."
4,당송팔대가문초왕안석1,255,whitespace_only,7,7,"다만 집사(執事)를 의심하는 사람이 있는데, 비록 모(某)라도 또한 그럴 수 밖에 없습니다.
모(某)의 학문은 집사께서 가르쳐 주신 것이고, 관직에 나아간 것도 집사(執事)께서 권장하고 도와주신 것이니, 집사(執事)께서 모(某)를 알고 계심이 얕고 좁다고 할 수 없습니다.
의심스러운 일이 있는데도 알려 드리지 않는다면 어떻게 집사(執事)의 알아주심에 보답할 수 있겠습니까.
처음 집사(執事)께서 궁전(宮殿)의 낭옥(廊屋) 아래에 앉아서 현량방정과(賢良方正科)의 시험과목인 대책(對策)에 대하여 말씀하실 때에 천하의 이해에 대해 지적하고 꾸짖으시는데 분연히 거리낌이 없으셨습니다.
또 그 자리에서 말씀하시기를, “원하건대 폐하께서 인재를 선발하는데 천하 사람들로 하여금 부정기시험인 제과(制科)가 관직(官職)으로 진출하는 한 방법이 된다고 여기게 하지 마십시오. ”
하셨는데, 바로 이때의 집사(執事)의 생각을 헤아려보면, 어찌 오늘날 이른바 현량방정과라는 것이 명예와 지위만을 취하는 것이라고 지적한 것일 뿐이겠습니까.
아마도 그 뜻을 행해야 된다고 말씀하신 것일 것입니다.","다만 집사(執事)를 의심하는 사람이 있는데, 비록 모(某)라도 또한 그럴 수 밖에 없습니다.
모(某)의 학문은 집사께서 가르쳐 주신 것이고, 관직에 나아간 것도 집사(執事)께서 권장하고 도와주신 것이니, 집사(執事)께서 모(某)를 알고 계심이 얕고 좁다고 할 수 없습니다.
의심스러운 일이 있는데도 알려 드리지 않는다면 어떻게 집사(執事)의 알아주심에 보답할 수 있겠습니까.
처음 집사(執事)께서 궁전(宮殿)의 낭옥(廊屋) 아래에 앉아서 현량방정과(賢良方正科)의 시험과목인 대책(對策)에 대하여 말씀하실 때에 천하의 이해에 대해 지적하고 꾸짖으시는데 분연히 거리낌이 없으셨습니다.
또 그 자리에서 말씀하시기를, “원하건대 폐하께서 인재를 선발하는데 천하 사람들로 하여금 부정기시험인 제과(制科)가 관직(官職)으로 진출하는 한 방법이 된다고 여기게 하지 마십시오. ” 하셨는데,
바로 이때의 집사(執事)의 생각을 헤아려보면, 어찌 오늘날 이른바 현량방정과라는 것이 명예와 지위만을 취하는 것이라고 지적한 것일 뿐이겠습니까.
아마도 그 뜻을 행해야 된다고 말씀하신 것일 것입니다."
4,당송팔대가문초왕안석2,214,whitespace_only,12,12,"공(公)이 장수(將帥) 노릇을 하신 것이 거의 40년인데, 전쟁에 일찍이 패배한 일이 없었고, 서방(西方) 강족(羌族)과의 전쟁에 더욱 공로가 컸다.
전(前)에는 강족(羌族)이 중국 사람을 죽이고서 양이나 말을 바치면 사형을 면해주기를 강족(羌族)의 법(法)대로 하였는데, 공(公)께서는 이와 같이 하는 것은 중국(中國)을 높이고 우리 인민(人民)을 아끼는 도리가 아니라고 여기셔서, 속죄(贖罪)를 허용하지 말 것을 주청하였다.
또 내부(內附)한 여러 강족(羌族)의 추장을 보임(補任)하여 해당 종족(種族)의 상군주(上軍主)로 삼고 훈계(勳階)와 작질(爵秩)을 왕관(王官)에 준(準)하도록 해주기를 청하였는데, 그것이 지금까지 모두 법(法)으로 정해져서 시행되고 있다.
섬서(陝西) 지방에서는 매년 국경(國境)지대에 사는 사람들을 데려다가 궁전수(弓箭手)로 부리면서도 대가(代價)를 지급한 일이 없었는데, 공(公)이 변경(邊境)의 농사를 짓지 않는 땅을 주기로 하고 사람을 모집하여 그 일을 하도록 하고, 약간 묘(畝)를 지급받았으면 병정(兵丁) 한 사람을 내고,
약간 묘(畝)를 지급받았으면 말 한 필(匹)을 내도록 하였는데, 그때에 제정된 세렴(稅斂)과 발병(發兵) 및 수수(戍守)에 관한 제도는 변경(邊境) 지방에서 지금에 이르도록 이를 근거로 시행(施行)하고 있으며, 이렇게 모집한 사람들이 모두 정병(精兵)이 되었다.
지위주(知渭州)로 계실 때에 농외(隴外) 땅을 취(取)하여 농간천(籠干川)에 성(城)을 쌓고 군사를 배치하여 지키게 하고 “뒷날에 마땅히 이 성(城)을 유용(有用)하게 쓸 사람이 있을 것이다. ”
하셨는데, 이원호(李元昊)의 반군(叛軍)이 빈번하게 출몰함에 이르러 마침내 농간천성(籠干川城)이 덕순군(德順軍)의 지휘소(指揮所)가 되었으며, 농성(隴城) 이서(以西) 지방에 공(公)께서 조치해놓으신 일들을 후인(後人)들이 모두 편리하게 활용하였다.
삼도곡(三都谷)의 전투 이후부터 위명(威名)이 온 천하에 진동하니, 곡시라(唃厮囉)까지도 공(公)의 성명(姓名)을 들으면 계신 곳을 향하여 손을 이마에 대고 경의(敬意)를 표하였다.
공(公)께서 지천웅군(知天雄軍)으로 계실 때에, 거란(契丹)의 사신(使臣)이 위주(魏州) 땅을 지나가면서 종자들을 단속하여 큰 소리로 떠들지 못하게 하였고, 급히 말을 몰고 가면서 많은 이들이 공(公)을 두려워하여 감히 쳐다보지도 못하였다.
거란(契丹)이 화약(和約)을 청(請)하자 이를 들어주고는, 진종(眞宗)께서 전쟁에 관한 일을 더욱 신중하게 처리하셔서, 변방(邊方)의 일에 대한 보고가 있게 되면 손수 조서(詔書)를 내려 힐난(詰難)하시면서 십여 차례씩 되돌려 보내셨으나, 공(公)께서 번번이 같은 주장을 고수(固守)하니 끝내 그 뜻을 꺾을 수가 없었다.
진종(眞宗)께서는 그 후에 더욱 신뢰(信賴)하고 건의(建議)를 받아들여, 변방(邊方)의 일에 관한 의론(議論)이 있게 되면 왕왕(往往) 은밀하게 공(公)에게 가부(可否)의 판단을 맡겼다.
공(公)은 글 읽기를 좋아하셔서 가는 곳마다 서적을 몇 수레씩 싣고 갔으며, 《춘추공양전(春秋公羊傳)》, 《춘추곡량전(春秋穀梁傳)》, 《춘추좌씨전(春秋左氏傳)》 등에 두루 능통하였고, 특히 《춘추좌씨전(春秋左氏傳)》에 정통(精通)하셨다.","공(公)이 장수(將帥) 노릇을 하신 것이 거의 40년인데, 전쟁에 일찍이 패배한 일이 없었고, 서방(西方) 강족(羌族)과의 전쟁에 더욱 공로가 컸다.
전(前)에는 강족(羌族)이 중국 사람을 죽이고서 양이나 말을 바치면 사형을 면해주기를 강족(羌族)의 법(法)대로 하였는데, 공(公)께서는 이와 같이 하는 것은 중국(中國)을 높이고 우리 인민(人民)을 아끼는 도리가 아니라고 여기셔서, 속죄(贖罪)를 허용하지 말 것을 주청하였다.
또 내부(內附)한 여러 강족(羌族)의 추장을 보임(補任)하여 해당 종족(種族)의 상군주(上軍主)로 삼고 훈계(勳階)와 작질(爵秩)을 왕관(王官)에 준(準)하도록 해주기를 청하였는데, 그것이 지금까지 모두 법(法)으로 정해져서 시행되고 있다.
섬서(陝西) 지방에서는 매년 국경(國境)지대에 사는 사람들을 데려다가 궁전수(弓箭手)로 부리면서도 대가(代價)를 지급한 일이 없었는데, 공(公)이 변경(邊境)의 농사를 짓지 않는 땅을 주기로 하고 사람을 모집하여 그 일을 하도록 하고, 약간 묘(畝)를 지급받았으면 병정(兵丁) 한 사람을 내고, 약간 묘(畝)를 지급받았으면 말 한 필(匹)을 내도록 하였는데,
그때에 제정된 세렴(稅斂)과 발병(發兵) 및 수수(戍守)에 관한 제도는 변경(邊境) 지방에서 지금에 이르도록 이를 근거로 시행(施行)하고 있으며, 이렇게 모집한 사람들이 모두 정병(精兵)이 되었다.
지위주(知渭州)로 계실 때에 농외(隴外) 땅을 취(取)하여 농간천(籠干川)에 성(城)을 쌓고 군사를 배치하여 지키게 하고 “뒷날에 마땅히 이 성(城)을 유용(有用)하게 쓸 사람이 있을 것이다. ” 하셨는데,
이원호(李元昊)의 반군(叛軍)이 빈번하게 출몰함에 이르러 마침내 농간천성(籠干川城)이 덕순군(德順軍)의 지휘소(指揮所)가 되었으며, 농성(隴城) 이서(以西) 지방에 공(公)께서 조치해놓으신 일들을 후인(後人)들이 모두 편리하게 활용하였다.
삼도곡(三都谷)의 전투 이후부터 위명(威名)이 온 천하에 진동하니, 곡시라(唃厮囉)까지도 공(公)의 성명(姓名)을 들으면 계신 곳을 향하여 손을 이마에 대고 경의(敬意)를 표하였다.
공(公)께서 지천웅군(知天雄軍)으로 계실 때에, 거란(契丹)의 사신(使臣)이 위주(魏州) 땅을 지나가면서 종자들을 단속하여 큰 소리로 떠들지 못하게 하였고, 급히 말을 몰고 가면서 많은 이들이 공(公)을 두려워하여 감히 쳐다보지도 못하였다.
거란(契丹)이 화약(和約)을 청(請)하자 이를 들어주고는, 진종(眞宗)께서 전쟁에 관한 일을 더욱 신중하게 처리하셔서, 변방(邊方)의 일에 대한 보고가 있게 되면 손수 조서(詔書)를 내려 힐난(詰難)하시면서 십여 차례씩 되돌려 보내셨으나, 공(公)께서 번번이 같은 주장을 고수(固守)하니 끝내 그 뜻을 꺾을 수가 없었다.
진종(眞宗)께서는 그 후에 더욱 신뢰(信賴)하고 건의(建議)를 받아들여, 변방(邊方)의 일에 관한 의론(議論)이 있게 되면 왕왕(往往) 은밀하게 공(公)에게 가부(可否)의 판단을 맡겼다.
공(公)은 글 읽기를 좋아하셔서 가는 곳마다 서적을 몇 수레씩 싣고 갔으며, 《춘추공양전(春秋公羊傳)》, 《춘추곡량전(春秋穀梁傳)》, 《춘추좌씨전(春秋左氏傳)》 등에 두루 능통하였고, 특히 《춘추좌씨전(春秋左氏傳)》에 정통(精通)하셨다."
4,당송팔대가문초왕안석2,307,whitespace_only,11,10,"처음 양절전운사(兩浙轉運使)로 부임했을 때에, 간의대부(諫議大夫) 소주지사(蘇州知事)인 위상(魏庠)과 시어사(侍御史) 월주지사(越州知事)인 왕병(王柄)이 정무(政務)를 제대로 처리하지 못하면서 예뻐하는 사람과 미워하는 사람에 맞추어 멋대로 조세를 징수하였다.
위상(魏庠)은 선대(先代)의 은혜로 진출한 사람이고 왕병(王柄)은 황상(皇上)의 총애를 믿고 있었는데, 공(公)이 부임하여 그들의 탄핵(彈劾)을 주청(奏請)하니, 황상(皇上)께서 놀라워하며 말씀하시기를 “증모(曾某)가 감히 위상(魏庠)을 치죄(治罪)하니 두려워할 만한 일이로다. ”
하셨는데, 두려워할 만하다는 것은 경외할 만한 것이니, 말을 에둘러서 그렇게 표현하신 것이며, 이에 위상(魏庠)과 왕병(王柄)은 모두 쫓겨났다.
양윤공(楊允恭)이 양자강(揚子江)의 조운(漕運)을 감독할 때에 일처리에 대하여 말한 여러 가지 가운데 황상(皇上)의 재가(裁可)를 받은 것이 많았으나 사람들이 이를 괴로워하고 싫어하였다.
공(公)은 조서(詔書)를 받을 때마다 말하기를 “전운사(轉運使)가 되어 지방에 있으면서, 오로지 법령의 조문대로만 일을 처리하여 자신(自身)을 보전하는 것은, 내 신조(信條)와는 다르다. ” 하고, 곧 이를 집행하지 않았다.
양윤공(楊允恭)이 이를 위에 보고하자, 황상(皇上)께서 사람을 보내어 공(公)을 힐문(詰問)하니, 공(公)은 자신의 신조대로 대답하였고,
황상께서는 이 때문에 양윤공(楊允恭)을 박대(薄待)하면서 그의 건의를 들어주지 않게 되었다.
건의를 통하여 130여 가지의 가혹한 세금(稅金) 조항(條項)을 폐지하게 하였고, 수주지사(壽州知事)로 옮겼을 때에 수주의 토호들이 재물을 동원하여 권귀(權貴)와 결탁하고 스스로 호족(豪族) 노릇을 하였고,
그 가운데 진씨(陳氏)와 범씨(范氏)는 천하의 이름난 호족들이었는데, 공(公)이 부임한다는 소식을 듣고 모두 나와 맞이하면서 스스로 조심하며 감히 범법행위를 하지 않았으므로, 공(公)도 한 해가 다 지나가도록 범법자를 처벌하는 일이 필요 없게 되었다.
그런 후에 지사(知事)가 교체되자 성(城)이 텅 빌 정도로 모든 사람이 나와서 길을 막고 아쉬워하며 떠나지 못하게 하였으므로, 밤중에 두 군졸만 따르게 하고 말을 달려 성을 벗어났다.
군(郡)의 지사(知事)에서 태상박사(太常博士) 주객원외랑(主客員外郞)으로 전임되었다.","처음 양절전운사(兩浙轉運使)로 부임했을 때에, 간의대부(諫議大夫) 소주지사(蘇州知事)인 위상(魏庠)과 시어사(侍御史) 월주지사(越州知事)인 왕병(王柄)이 정무(政務)를 제대로 처리하지 못하면서 예뻐하는 사람과 미워하는 사람에 맞추어 멋대로 조세를 징수하였다.
위상(魏庠)은 선대(先代)의 은혜로 진출한 사람이고 왕병(王柄)은 황상(皇上)의 총애를 믿고 있었는데, 공(公)이 부임하여 그들의 탄핵(彈劾)을 주청(奏請)하니,
황상(皇上)께서 놀라워하며 말씀하시기를 “증모(曾某)가 감히 위상(魏庠)을 치죄(治罪)하니 두려워할 만한 일이로다. ” 하셨는데, 두려워할 만하다는 것은 경외할 만한 것이니, 말을 에둘러서 그렇게 표현하신 것이며, 이에 위상(魏庠)과 왕병(王柄)은 모두 쫓겨났다.
양윤공(楊允恭)이 양자강(揚子江)의 조운(漕運)을 감독할 때에 일처리에 대하여 말한 여러 가지 가운데 황상(皇上)의 재가(裁可)를 받은 것이 많았으나 사람들이 이를 괴로워하고 싫어하였다.
공(公)은 조서(詔書)를 받을 때마다 말하기를 “전운사(轉運使)가 되어 지방에 있으면서, 오로지 법령의 조문대로만 일을 처리하여 자신(自身)을 보전하는 것은, 내 신조(信條)와는 다르다. ” 하고, 곧 이를 집행하지 않았다.
양윤공(楊允恭)이 이를 위에 보고하자, 황상(皇上)께서 사람을 보내어 공(公)을 힐문(詰問)하니, 공(公)은 자신의 신조대로 대답하였고, 황상께서는 이 때문에 양윤공(楊允恭)을 박대(薄待)하면서 그의 건의를 들어주지 않게 되었다.
건의를 통하여 130여 가지의 가혹한 세금(稅金) 조항(條項)을 폐지하게 하였고,
수주지사(壽州知事)로 옮겼을 때에 수주의 토호들이 재물을 동원하여 권귀(權貴)와 결탁하고 스스로 호족(豪族) 노릇을 하였고, 그 가운데 진씨(陳氏)와 범씨(范氏)는 천하의 이름난 호족들이었는데, 공(公)이 부임한다는 소식을 듣고 모두 나와 맞이하면서 스스로 조심하며 감히 범법행위를 하지 않았으므로, 공(公)도 한 해가 다 지나가도록 범법자를 처벌하는 일이 필요 없게 되었다.
그런 후에 지사(知事)가 교체되자 성(城)이 텅 빌 정도로 모든 사람이 나와서 길을 막고 아쉬워하며 떠나지 못하게 하였으므로, 밤중에 두 군졸만 따르게 하고 말을 달려 성을 벗어났다.
군(郡)의 지사(知事)에서 태상박사(太常博士) 주객원외랑(主客員外郞)으로 전임되었다."
4,당송팔대가문초왕안석2,338,whitespace_only,5,10,"공손씨(公孫氏)와 혼인하여 배필을 이루니 매우 화락하였네.
부인(夫人)은 영강군(永康君)에 봉(封)해졌고, 아들 넷을 낳았으니, 단인(端仁), 단의(端義)와 단례(端禮), 단지(端智)였네.
단인(端仁)은 진사시(進士試)에 급제하여 상주사리(常州司理)로 있고, 단의(端義)는 교사재랑(郊社齋郞)이며, 나머지는 아직 벼슬길에 오르지 않았네.
다섯 딸 가운데 넷은 출가하여 선비의 아내가 되었으니, 석(石)과 단(端)과 우(俁)와 언(彦)이고, 그 가운데 우(俁)는 남편을 사별(死別)하였고, 사위 둘은 범순수(范純粹)와 호승유(胡僧孺)이네.
막내딸은 어려서 아직 출가하지 않았고, 군(君)의 손(孫)이 오인(五人)이니, 손자(孫子)가 절(節), 부(符), 전(籛)이고, 나머지 둘은 손녀(孫女)이네.","공손씨(公孫氏)와 혼인하여 배필을 이루니 매우 화락하였네.
부인(夫人)은 영강군(永康君)에 봉(封)해졌고, 아들 넷을 낳았으니,
단인(端仁), 단의(端義)와 단례(端禮), 단지(端智)였네.
단인(端仁)은 진사시(進士試)에 급제하여 상주사리(常州司理)로 있고,
단의(端義)는 교사재랑(郊社齋郞)이며, 나머지는 아직 벼슬길에 오르지 않았네.
다섯 딸 가운데 넷은 출가하여 선비의 아내가 되었으니,
석(石)과 단(端)과 우(俁)와 언(彦)이고, 그 가운데 우(俁)는 남편을 사별(死別)하였고,
사위 둘은 범순수(范純粹)와 호승유(胡僧孺)이네.
막내딸은 어려서 아직 출가하지 않았고, 군(君)의 손(孫)이 오인(五人)이니,
손자(孫子)가 절(節), 부(符), 전(籛)이고, 나머지 둘은 손녀(孫女)이네."
4,당송팔대가문초유종원1,6,whitespace_only,6,5,"유종원(柳宗元)은 젊었을 적에 세상길에 진취하는 것을 추구하여 공훈과 업적을 이루어낼 수 있을 것으로 생각하였다가, 이미 조정에서 폄적(貶謫)되어 폐기되자 마침내 일어나지 못했다.
그러나 그의 재능은 확실히 높아 이름이 한 시대를 압도하였다.
한유(韓愈)가 그의 문장을 평론하기를 “웅혼(雄渾)하고 심오(深奧)하며 단정(端整)하고 힘이 있는 것은 사마자장(司馬子長)과 비슷하니 최인(崔駰)과 채옹(蔡邕)의 수준으로는 그를 능가하지 못할 것이다. ” 하였다.
유종원(柳宗元)이 죽은 뒤에 유주(柳州) 사람들이 그를 그리워한 나머지 가탁하여 말하기를 ‘그의 신령이 유주(柳州)의 관청마루에 내려왔다. ’
하였고, ‘그를 깔보고 함부로 행동한 자는 반드시 죽는다. ’고 하였다.
또 나지(羅池)에다 사당을 세웠는데 한유(韓愈)가 비문을 통해 그 말들이 사실임을 입증하였다.","유종원(柳宗元)은 젊었을 적에 세상길에 진취하는 것을 추구하여 공훈과 업적을 이루어낼 수 있을 것으로 생각하였다가, 이미 조정에서 폄적(貶謫)되어 폐기되자 마침내 일어나지 못했다.
그러나 그의 재능은 확실히 높아 이름이 한 시대를 압도하였다.
한유(韓愈)가 그의 문장을 평론하기를 “웅혼(雄渾)하고 심오(深奧)하며 단정(端整)하고 힘이 있는 것은 사마자장(司馬子長)과 비슷하니 최인(崔駰)과 채옹(蔡邕)의 수준으로는 그를 능가하지 못할 것이다. ” 하였다.
유종원(柳宗元)이 죽은 뒤에 유주(柳州) 사람들이 그를 그리워한 나머지 가탁하여 말하기를 ‘그의 신령이 유주(柳州)의 관청마루에 내려왔다. ’ 하였고, ‘그를 깔보고 함부로 행동한 자는 반드시 죽는다. ’고 하였다.
또 나지(羅池)에다 사당을 세웠는데 한유(韓愈)가 비문을 통해 그 말들이 사실임을 입증하였다."
4,당송팔대가문초증공1,159,normalization_only,2,2,"이 책은 고유(高誘)가 주석을 단 것이 21편이 있는데, 32편이라고 말하는 자도 있다.
≪숭문총목(崇文總目)≫에 기록된 것은 8편만 있고 현재 보존된 것은 10편이다.","이 책은 고유(高誘)가 주석을 단 것이 21편이 있는데,  32편이라고 말하는 자도 있다. 
≪숭문총목(崇文總目)≫에 기록된 것은 8편만 있고 현재 보존된 것은 10편이다."
4,당송팔대가문초증공1,539,minor_punct_or_typo,3,4,"두 아들 중에 식(軾)은 전중승(殿中丞)과 직사관(直史館)이 되고, 철(轍)은 대명부(大名府)의 추관(推官)이 되었다.
그해에 명윤(明允)의 죽음으로 인해 촉(蜀)으로 돌아가 장사를 지낸 뒤에 구양공(歐陽公)에게 명(銘)을 써줄 것을 부탁하고 또 나에게 사(辭)를 지어 애도해줄 것을 부탁하면서, “명(銘)은 무덤 속에 넣을 것이고 사(辭)는 돌에 새겨 무덤 위에 세울 예정이다. ” 하였다.
나는 사양하였지만 뜻대로 되지 않아 마침내 그 글을 다음과 같이 짓는다.","두 아들 중에 식(軾)은 전중승(殿中丞)과 직사관(直史館)이 되고, 철(轍)은 대명부(大名府)의 추관(推官)이 되었다.
그해에 명윤(明允)의 죽음으로 인해 촉(蜀)으로 돌아가 장사를 지낸 뒤에 구양공(歐陽公)에게 명(銘)을 써줄 것을 부탁하고 또 나에게 사(辭)를 지어 애도해줄 것을 부탁하면서,  “명(銘)은 무덤 속에 넣을 것이고 사(辭)는 돌에 새겨 무덤 위에 세울 예정이다. ” 하였다. 
나는 사양하였지만 뜻대로 되지 않아 마침내 그 글을 다음과 같이 짓는다.
nan"
4,당송팔대가문초한유2,168,whitespace_only,7,5,"말을 타고 서 있는 자가 다섯 사람, 갑옷을 입고서 병기를 메고 말을 타고 있는 자가 열 사람, 큰 기(旗)를 들고 말을 타고서 앞에 서 있는 자가 한 사람, 갑옷을 입고서 병기를 메고 말을 타고 가다가 내려 말을 끌고 가는 자가 열 사람,
짐을 지고서 말을 탄 자가 두 사람, 병기를 들고서 말을 탄 자가 두 사람, 사냥개를 안고서 말을 탄 자가 한 사람, 말을 타고서 말을 끌고 가는 자가 두 사람,
말을 타고서 달려가는 자가 세 사람, 고삐를 잡고 서 있는 자가 두 사람, 말에서 내려 말에 기대어 어깨에 매를 올려놓고 서 있는 자가 한 사람, 말을 타고서 말을 몰아 물을 건너는 자가 두 사람,
걸어가면서 말을 몰아 풀을 뜯기는 자가 두 사람, 앉아서 지휘［指使］하는 자가 한 사람, 갑옷에 투구를 쓰고서 손에 활과 화살을 들고 부월(鈇鉞)을 세우고 있는 자가 일곱 사람,
갑옷에 투구를 쓰고서 깃발을 세우고 있는 자가 열 사람, 짐을 진 자가 일곱 사람, 누워서 쉬는 자가 두 사람, 갑옷에 투구를 쓴 채 앉아서 조는 자가 한 사람, 물을 건너는 자가 한 사람, 앉아서 신발을 벗는 자가 한 사람, 추워서 불을 쬐는 자가 한 사람, 각종 기물을 들고 심부름하는 자가 여덟 사람, 투호(投壺)할 화살을 들고 있는 자가 한 사람,
막사(幕舍)에서 음식을 장만하는 자가 열한 사람, 물을 길어와 용기(容器)에 붓는 자가 네 사람, 소를 끄는 자가 두 사람, 나귀를 모는 자가 네 사람, 지팡이를 짚고 짐을 지고 있는 자가 한 사람, 어린아이를 데리고 수레에 타고 있는 부녀자 중에 보이는 자가 여섯 사람, 수레에 오르고 내리는 자가 세 사람, 장난치는 아이들이 아홉 사람이다.
사람들의 행위를 그린 것이 모두 서른두 가지이고, 어른과 어린아이가 모두 백스물세 사람인데, 같은 것이 하나도 없다.","말을 타고 서 있는 자가 다섯 사람, 갑옷을 입고서 병기를 메고 말을 타고 있는 자가 열 사람, 큰 기(旗)를 들고 말을 타고서 앞에 서 있는 자가 한 사람, 갑옷을 입고서 병기를 메고 말을 타고 가다가 내려 말을 끌고 가는 자가 열 사람, 짐을 지고서 말을 탄 자가 두 사람, 병기를 들고서 말을 탄 자가 두 사람, 사냥개를 안고서 말을 탄 자가 한 사람, 말을 타고서 말을 끌고 가는 자가 두 사람, 말을 타고서 달려가는 자가 세 사람,
고삐를 잡고 서 있는 자가 두 사람, 말에서 내려 말에 기대어 어깨에 매를 올려놓고 서 있는 자가 한 사람, 말을 타고서 말을 몰아 물을 건너는 자가 두 사람, 걸어가면서 말을 몰아 풀을 뜯기는 자가 두 사람, 앉아서 지휘［指使］하는 자가 한 사람,
갑옷에 투구를 쓰고서 손에 활과 화살을 들고 부월(鈇鉞)을 세우고 있는 자가 일곱 사람, 갑옷에 투구를 쓰고서 깃발을 세우고 있는 자가 열 사람, 짐을 진 자가 일곱 사람, 누워서 쉬는 자가 두 사람, 갑옷에 투구를 쓴 채 앉아서 조는 자가 한 사람, 물을 건너는 자가 한 사람, 앉아서 신발을 벗는 자가 한 사람,
추워서 불을 쬐는 자가 한 사람, 각종 기물을 들고 심부름하는 자가 여덟 사람, 투호(投壺)할 화살을 들고 있는 자가 한 사람, 막사(幕舍)에서 음식을 장만하는 자가 열한 사람, 물을 길어와 용기(容器)에 붓는 자가 네 사람, 소를 끄는 자가 두 사람, 나귀를 모는 자가 네 사람, 지팡이를 짚고 짐을 지고 있는 자가 한 사람, 어린아이를 데리고 수레에 타고 있는 부녀자 중에 보이는 자가 여섯 사람, 수레에 오르고 내리는 자가 세 사람, 장난치는 아이들이 아홉 사람이다.
사람들의 행위를 그린 것이 모두 서른두 가지이고, 어른과 어린아이가 모두 백스물세 사람인데, 같은 것이 하나도 없다."
4,당송팔대가문초한유2,231,normalization_only,13,13,"들보 위에서 휘파람 소리가 나기에 즉시 불을 붙여 비춰보니 아무것도 보이지 않았다.
이것이 귀신(鬼神)인가?
내가 말하기를 “아니다.
귀신은 소리가 없다. ”라고 하였다.
당(堂)에 무엇이 서 있는 것 같기에 즉시 가서 보니 아무것도 보이지 않았다.
이것이 귀신인가?
내가 말하기를 “아니다.
귀신은 형체가 없다. ”라고 하였다.
무엇이 내 몸에 와 닿는 것 같기에 즉시 손으로 잡았더니 아무것도 잡히지 않았다.
이것이 귀신인가?
내가 말하기를 “아니다.
귀신은 소리도 없고 형체도 없으니 어찌 기(氣)가 있겠는가? ”
어떤 이가 나에게 “귀신은 소리도 없고 형체도 없고 기(氣)도 없다고 하였으니, 과연 귀신은 없는 것인가? ”라고 묻기에, 내가 말하기를 “물건에는 형체만 있고 소리가 없는 것이 있으니 흙과 돌이 그것이고, 소리만 있고 형체가 없는 것이 있으니 바람과 우레가 그것이고, 소리도 있고 형체도 있는 것이 있으니 사람과 짐승이 그것이고, 소리도 없고 형체도 없는 것이 있으니 귀신이 그것이다. ”라고 대답하였다.","들보 위에서 휘파람 소리가 나기에 즉시 불을 붙여 비춰보니 아무것도 보이지 않았다.
이것이 귀신(鬼神)인가?
내가 말하기를 “아니다.
귀신은 소리가 없다. ”라고 하였다. 
당(堂)에 무엇이 서 있는 것 같기에 즉시 가서 보니 아무것도 보이지 않았다.
이것이 귀신인가?
내가 말하기를 “아니다.
귀신은 형체가 없다. ”라고 하였다. 
무엇이 내 몸에 와 닿는 것 같기에 즉시 손으로 잡았더니 아무것도 잡히지 않았다.
이것이 귀신인가?
내가 말하기를 “아니다.
귀신은 소리도 없고 형체도 없으니 어찌 기(氣)가 있겠는가? ”
어떤 이가 나에게 “귀신은 소리도 없고 형체도 없고 기(氣)도 없다고 하였으니,  과연 귀신은 없는 것인가? ”라고 묻기에,  내가 말하기를 “물건에는 형체만 있고 소리가 없는 것이 있으니  흙과 돌이 그것이고, 소리만 있고 형체가 없는 것이 있으니  바람과 우레가 그것이고, 소리도 있고 형체도 있는 것이 있으니  사람과 짐승이 그것이고, 소리도 없고 형체도 없는 것이 있으니  귀신이 그것이다. ”라고 대답하였다. "
4,당송팔대가문초한유2,352,whitespace_only,3,2,"지금 사람들은 한 가지 선행(善行)만을 행하는 것을 수치로 여기고, 모든 범절(凡節)에 통달해 통재(通才)(모든 것에 달통한 인재(人才))로 칭송되는 것을 부러워하는 자가 많다.
그러나 약삭빠르게 한 가지 일에만 빠져 살다가 늙어 죽는 자가 줄을 이었고, 달리 칭송을 받는 자를 보지 못하였으니,
이것이 어찌 교화(敎化)를 혼란시켜 명예를 훔치는 술법(術法)이 아니겠는가?","지금 사람들은 한 가지 선행(善行)만을 행하는 것을 수치로 여기고, 모든 범절(凡節)에 통달해 통재(通才)(모든 것에 달통한 인재(人才))로 칭송되는 것을 부러워하는 자가 많다.
그러나 약삭빠르게 한 가지 일에만 빠져 살다가 늙어 죽는 자가 줄을 이었고, 달리 칭송을 받는 자를 보지 못하였으니, 이것이 어찌 교화(敎化)를 혼란시켜 명예를 훔치는 술법(術法)이 아니겠는가?"
4,당송팔대가문초한유2,374,whitespace_only,4,3,"상강(湘江) 가에 ‘황릉(黃陵)’이라는 묘(廟)가 있는데, 요(堯)임금의 두 따님으로 순(舜)임금의 두 후비(后妃)가 된 〈아황(娥皇)과 여영(女英)을〉 제사하기 위해 이미 옛날에 세운 것이다.
묘정(廟庭)에 석비(石碑)가 있으나 끊어지고 갈라져서 땅에 여기저기 흩어졌고 글자는 깎이고 이지러져서 〈알아볼 수가 없었다. 〉
도기(圖記)의 말을 상고하건대 “한(漢)나라 형주목사(荊州牧使) 유표(劉表) 경승(景升)이 세운 것인데, ‘湘夫人碑’라고 쓰여 있다. ”고 하였다.
지금 그 비문(碑文)을 검증해보니, 바로 진(晉)나라 태강(太康) 9년이고, 그 비액(碑額)에 ‘우제(虞帝)(우순(虞舜)) 이비(二妃)의 비(碑)’라고 하였으니, 경승(景升)이 세운 것이 아니다.","상강(湘江) 가에 ‘황릉(黃陵)’이라는 묘(廟)가 있는데,   요(堯)임금의 두 따님으로 순(舜)임금의 두 후비(后妃)가 된 〈아황(娥皇)과 여영(女英)을〉 제사하기 위해 이미 옛날에 세운 것이다. 
묘정(廟庭)에 석비(石碑)가 있으나 끊어지고 갈라져서 땅에 여기저기 흩어졌고 글자는 깎이고 이지러져서 〈알아볼 수가 없었다. 〉 도기(圖記)의 말을 상고하건대 “한(漢)나라 형주목사(荊州牧使) 유표(劉表) 경승(景升)이 세운 것인데, ‘湘夫人碑’라고 쓰여 있다. ”고 하였다. 
지금 그 비문(碑文)을 검증해보니, 바로 진(晉)나라 태강(太康) 9년이고, 그 비액(碑額)에 ‘우제(虞帝)(우순(虞舜)) 이비(二妃)의 비(碑)’라고 하였으니, 경승(景升)이 세운 것이 아니다."
4,당시삼백수3,97,whitespace_only,1,3,〈한식〉 한굉 봄날 성에는 꽃이 날리지 않는 곳 없고 한식날 동풍에 궁궐 버들이 휘날린다 날 저물어 한궁(漢宮)에서 초를 전하니 가벼운 연기 오후가(五侯家)로 흩어져 들어간다,"〈한식〉
한굉
봄날 성에는 꽃이 날리지 않는 곳 없고 한식날 동풍에 궁궐 버들이 휘날린다 날 저물어 한궁(漢宮)에서 초를 전하니 가벼운 연기 오후가(五侯家)로 흩어져 들어간다"
4,예기집설대전1,401,whitespace_only,4,3,"여씨(呂氏): 옛날에 공경할 일이 있는 사람은 반드시 재계하였으니,
재계는 밝고 깨끗하며 지극히 정성스러운 덕을 지극하게 만드는 것이다.
즐거워하면 〈이 기(氣)가〉 흩어지고, 슬퍼하면 동요하니, 모두 재계에 해롭다.
즐거워하지 않고, 슬퍼하지도 않는 것은 재계의 뜻을 온전히 하는 것이다.","여씨(呂氏): 옛날에 공경할 일이 있는 사람은 반드시 재계하였으니, 재계는 밝고 깨끗하며 지극히 정성스러운 덕을 지극하게 만드는 것이다.
즐거워하면 〈이 기(氣)가〉 흩어지고, 슬퍼하면 동요하니, 모두 재계에 해롭다.
즐거워하지 않고, 슬퍼하지도 않는 것은 재계의 뜻을 온전히 하는 것이다."
4,예기집설대전2,480,whitespace_only,3,4,"계무자(季武子)가 병으로 누워있자, 교고(蟜固)가 자최복(齊衰服)을 벗지 않고 들어가서 뵙고 말하기를 “이 도(道)가 장차 없어지려나 보다.
사(士)는 오직 임금 대궐 문안에서만 자최(齊衰)를 벗는다. ”라고 하자, 무자(武子)가 말하기를 “또한 좋지 아니한가?
군자(君子)는 미세한 것도 드러낸다. ”라고 하더니, 그의 초상(初喪)에 이르러서 증점(曾點)이 그 문에 기대고서 노래를 불렀다.","계무자(季武子)가 병으로 누워있자, 교고(蟜固)가 자최복(齊衰服)을 벗지 않고 들어가서 뵙고 말하기를 “이 도(道)가 장차 없어지려나 보다.
사(士)는 오직 임금 대궐 문안에서만 자최(齊衰)를 벗는다. ”라고 하자, 
무자(武子)가 말하기를 “또한 좋지 아니한가?
군자(君子)는 미세한 것도 드러낸다. ”라고 하더니,  그의 초상(初喪)에 이르러서 증점(曾點)이 그 문에 기대고서 노래를 불렀다."
4,예기집설대전2,481,whitespace_only,8,9,"계무자(季武子)는 노(魯)나라 대부(大夫) 계손숙(季孫夙)이다.
교고(蟜固)는 사람의 성명이다.
점(點)의 자(字)는 석(晳)으로, 증자(曾子)의 아버지이다.
무자(武子)가 병으로 누워있을 때 교고가 마침 자최(齊衰)의 상복(喪服)을 입던 중이었다.
그래서 마침내 흉복(凶服)(상복)을 입고 가서 문병을 하고, 또 말하기를 “대부(大夫)의 문에서는 마땅히 흉복을 벗지 않아야 하고 오직 임금의 문에서만 벗을 뿐인데, 이러한 예가 장차 없어지게 생겼으니, 내가 흉복을 입은 채로 온 것은 장차 없어지려는 예의를 구제하고자 해서이다. ”라고 하자, 무자(武子)가 그 말을 좋게 여겨 말하기를 “실례(失禮)가 뚜렷하게 드러나는 것은 사람들이 모두 알 수 있지만, 만약 실례가 미세한 경우에는 오직 군자(君子)라야 그것을 분명하게 드러낼 수 있다. ”고 하였다.
무자(武子)가 정권을 장악함에 사람들이 존경하고 두려워하였는데 교고가 이 짓을 한 것은 그렇게 함으로써 당시 사람들의 보고 듣는 것을 바꾸고 싶어서 예(禮)에 근거하여 실행한 것이니, 무자가 비록 유감스럽게 여겼지만 그를 죄줄 수는 없었다.
증점(曾點)이 문에 기대어 노래부른 것과 같은 것은 예가 아니니, 그 또한 광자(狂者)의 한 단면일 것이다.
기록한 사람은 교고가 예를 보존한 것을 좋게 여기고, 증점이 예를 폐기한 것을 기롱한 것이다.","계무자(季武子)는 노(魯)나라 대부(大夫) 계손숙(季孫夙)이다.
교고(蟜固)는 사람의 성명이다.
점(點)의 자(字)는 석(晳)으로, 증자(曾子)의 아버지이다.
무자(武子)가 병으로 누워있을 때 교고가 마침 자최(齊衰)의 상복(喪服)을 입던 중이었다.
그래서 마침내 흉복(凶服)(상복)을 입고 가서 문병을 하고, 또 말하기를 “대부(大夫)의 문에서는 마땅히 흉복을 벗지 않아야 하고 오직 임금의 문에서만 벗을 뿐인데, 이러한 예가 장차 없어지게 생겼으니, 내가 흉복을 입은 채로 온 것은 장차 없어지려는 예의를 구제하고자 해서이다. ”라고 하자, 
무자(武子)가 그 말을 좋게 여겨 말하기를 “실례(失禮)가 뚜렷하게 드러나는 것은 사람들이 모두 알 수 있지만, 만약 실례가 미세한 경우에는 오직 군자(君子)라야 그것을 분명하게 드러낼 수 있다. ”고 하였다. 
무자(武子)가 정권을 장악함에 사람들이 존경하고 두려워하였는데 교고가 이 짓을 한 것은 그렇게 함으로써 당시 사람들의 보고 듣는 것을 바꾸고 싶어서 예(禮)에 근거하여 실행한 것이니, 무자가 비록 유감스럽게 여겼지만 그를 죄줄 수는 없었다.
증점(曾點)이 문에 기대어 노래부른 것과 같은 것은 예가 아니니, 그 또한 광자(狂者)의 한 단면일 것이다.
기록한 사람은 교고가 예를 보존한 것을 좋게 여기고, 증점이 예를 폐기한 것을 기롱한 것이다."
4,예기집설대전2,843,normalization_only,3,3,"숙중피(叔仲皮)가 그 아들 자류(子柳)를 가르쳤는데, 숙중피(叔仲皮)가 죽자 자류의 아내는 노둔한 사람이었으나 시아버지를 위하여 그래도 자최복(齊衰服)을 입고 무질(繆絰)을 하였다.
숙중연(叔仲衍)이 조카인 자류에게 이것을 고하고 그의 아내로 하여금 세최복(繐衰服)을 입고 환질(環絰)을 띠도록 할 것을 요청하면서 말하길 “옛날에 내가 고모의 상을 당했을 때에도 또한 이와 같이 하였지만 나를 금지하는 사람이 없었다. ”라고 하니,
자류가 물러가서 그 아내로 하여금 세최복을 입고 환질을 띠도록 하였다.","숙중피(叔仲皮)가 그 아들 자류(子柳)를 가르쳤는데, 숙중피(叔仲皮)가 죽자 자류의 아내는 노둔한 사람이었으나 시아버지를 위하여 그래도 자최복(齊衰服)을 입고 무질(繆絰)을 하였다.
숙중연(叔仲衍)이 조카인 자류에게 이것을 고하고 그의 아내로 하여금 세최복(繐衰服)을 입고 환질(環絰)을 띠도록 할 것을 요청하면서 말하길 “옛날에 내가 고모의 상을 당했을 때에도 또한 이와 같이 하였지만 나를 금지하는 사람이 없었다. ”라고 하니, 
자류가 물러가서 그 아내로 하여금 세최복을 입고 환질을 띠도록 하였다."
4,자치통감강목4,156,whitespace_only,16,15,"급암(汲黯)은 자주 상(上)의 앞에서 장탕(張湯)을 다음과 같이 질책하였다.
“그대는 정경(正卿)이 되어서 위로는 선제(先帝)의 공업(功業)을 기리지 못하고 아래로는 천하의 사악한 마음을 억누르지 못해서 나라를 편안히 하고 백성을 부유하게 하여 감옥을 텅 비게 하지도 못하면서, 어찌 쓸데없이 고황제(高皇帝) 때의 법령을 가져다가 어지럽게 고치는 것이오?
그대는 이 때문에 자손이 없게 될 것이오. ”
급암이 당시 장탕과 논의할 적에 장탕의 논변이 늘 법조문을 각박하게 적용하고 작은 일에도 가혹하니,
급암은 강직하고 지조가 높았으나 장탕을 굽히지 못하고 분기하여 꾸짖기를 “천하 사람들이 도필리(刀筆吏)를 공경(公卿)으로 삼아서는 안 된다고 하더니, 과연 그렇구나.
장탕은 반드시 천하 사람들로 하여금 〈두려워서〉 발걸음을 조심하여 서고 곁눈질하여 보게 할 것이다. ” 하였다.
삭(數)(자주)은 음이 삭(朔)이다.
질(質)은 상대함이니, 〈“질책(質責)”은〉 대면하여 질책하는 것이다.
혹자는 “질정함이니, 정의(正義)로써 꾸짖는 것이다. ” 하였다.
한(漢)나라 관직에는 구경(九卿) 외에 다시 구경(九卿)의 반열에 있는 자가 있었다.
그러므로 구경(九卿)을 일러 정경(正卿)이라 한 것이다.
〈“분경지위(紛更之爲)”는〉 어찌 분란을 일으켜 고치느냐고 말한 것이다.
〈“이공이차무종의(而公以此無種矣)”는〉 주벌을 당하는 것이 자손에 미침을 말한 것이다.
항(伉)은 굳세고 높다는 뜻이요, 여(厲)는 엄격하다는 뜻이다.
“중족(重足)”은 그 발을 중첩시켜 발걸음을 감히 어지럽게 하지 못하는 것을 이르니, 매우 두려워하고 삼감을 말한다.
이 한 구는 바로 중항열(中行說)이 “한(漢)나라의 우환이 됨은 반드시 나일 것이다. ”라고 말한 것과 문장 형식이 같다.","급암(汲黯)은 자주 상(上)의 앞에서 장탕(張湯)을 다음과 같이 질책하였다.
“그대는 정경(正卿)이 되어서 위로는 선제(先帝)의 공업(功業)을 기리지 못하고 아래로는 천하의 사악한 마음을 억누르지 못해서 나라를 편안히 하고 백성을 부유하게 하여 감옥을 텅 비게 하지도 못하면서, 어찌 쓸데없이 고황제(高皇帝) 때의 법령을 가져다가 어지럽게 고치는 것이오?
그대는 이 때문에 자손이 없게 될 것이오. ”
급암이 당시 장탕과 논의할 적에 장탕의 논변이 늘 법조문을 각박하게 적용하고 작은 일에도 가혹하니,
급암은 강직하고 지조가 높았으나 장탕을 굽히지 못하고 분기하여 꾸짖기를 “천하 사람들이 도필리(刀筆吏)를 공경(公卿)으로 삼아서는 안 된다고 하더니, 과연 그렇구나. 장탕은 반드시 천하 사람들로 하여금 〈두려워서〉 발걸음을 조심하여 서고 곁눈질하여 보게 할 것이다. ” 하였다.
삭(數)(자주)은 음이 삭(朔)이다.
질(質)은 상대함이니, 〈“질책(質責)”은〉 대면하여 질책하는 것이다.
혹자는 “질정함이니, 정의(正義)로써 꾸짖는 것이다. ” 하였다.
한(漢)나라 관직에는 구경(九卿) 외에 다시 구경(九卿)의 반열에 있는 자가 있었다.
그러므로 구경(九卿)을 일러 정경(正卿)이라 한 것이다.
〈“분경지위(紛更之爲)”는〉 어찌 분란을 일으켜 고치느냐고 말한 것이다.
〈“이공이차무종의(而公以此無種矣)”는〉 주벌을 당하는 것이 자손에 미침을 말한 것이다.
항(伉)은 굳세고 높다는 뜻이요, 여(厲)는 엄격하다는 뜻이다.
“중족(重足)”은 그 발을 중첩시켜 발걸음을 감히 어지럽게 하지 못하는 것을 이르니, 매우 두려워하고 삼감을 말한다.
이 한 구는 바로 중항열(中行說)이 “한(漢)나라의 우환이 됨은 반드시 나일 것이다. ”라고 말한 것과 문장 형식이 같다."
4,자치통감강목6,225,normalization_only,1,1,다만 그 공(功)을 취하고 예전의 행실과 소종래(所從來)를 논하지 않음을 말한 것이다.,다만 그 공(功)을 취하고 예전의 행실과 소종래(所從來)를 논하지 않음을 말한 것이다. 
4,자치통감강목6,463,normalization_only,2,2,"삭(削)은 삭제할 내용이 있으면 칼로 간독(簡牘)을 깎아냄을 이르고, 필(筆)은 더 보충할 내용이 있으면 붓으로 간독(簡牘)에 씀을 이른다.
“삭즉삭(削則削) 필즉필(筆則筆)”은 군주의 뜻에 따라 법령(法令)을 변경함을 말한 것이다.","삭(削)은 삭제할 내용이 있으면 칼로 간독(簡牘)을 깎아냄을 이르고,  필(筆)은 더 보충할 내용이 있으면 붓으로 간독(簡牘)에 씀을 이른다. 
“삭즉삭(削則削) 필즉필(筆則筆)”은 군주의 뜻에 따라 법령(法令)을 변경함을 말한 것이다."
4,자치통감강목6,713,normalization_only,1,1,“임직자위승상(任職者爲丞相)”은 어사대부(御史大夫)가 자신의 직무를 잘 수행하면 승진하여 승상(丞相)이 됨을 말한다.,“임직자위승상(任職者爲丞相)”은 어사대부(御史大夫)가 자신의 직무를 잘 수행하면 승진하여 승상(丞相)이 됨을 말한다. 
4,자치통감강목6,1076,normalization_only,3,3,"왕망(王莽)은 황제의 외가인 위씨(衛氏)가 자신의 권세를 빼앗을까 염려하여 태후(太后)에게 아뢰기를 “예전에 애제(哀帝)께서 즉위했을 적에 은혜와 의리를 저버리고 스스로 자기 외가를 귀하게 해서, 하마터면 사직(社稷)이 위태로울 뻔하였습니다.
지금 황제께서 어린 나이로 다시 대종(大宗)을 받드시니, 마땅히 일통(一統)의 뜻을 밝혀서 예전의 일을 경계하여 후대의 법으로 삼아야 합니다. ” 하였다.
마침내 사자(使者)를 보내어 그 자리에서 황제의 어머니인 위희(衛姬)를 제수하여 중산효왕후(中山孝王后)라 하고 황제의 외숙인 위보(衛寶)와 위현(衛玄)에게 관내후(關內侯)의 작위를 하사하여 모두 중산국(中山國)에 남아서 경사(京師)에 오지 못하게 하였다.","왕망(王莽)은 황제의 외가인 위씨(衛氏)가 자신의 권세를 빼앗을까 염려하여 태후(太后)에게 아뢰기를 “예전에 애제(哀帝)께서 즉위했을 적에 은혜와 의리를 저버리고 스스로 자기 외가를 귀하게 해서, 하마터면 사직(社稷)이 위태로울 뻔하였습니다.
지금 황제께서 어린 나이로 다시 대종(大宗)을 받드시니, 마땅히 일통(一統)의 뜻을 밝혀서 예전의 일을 경계하여 후대의 법으로 삼아야 합니다. ” 하였다. 
마침내 사자(使者)를 보내어 그 자리에서 황제의 어머니인 위희(衛姬)를 제수하여 중산효왕후(中山孝王后)라 하고 황제의 외숙인 위보(衛寶)와 위현(衛玄)에게 관내후(關內侯)의 작위를 하사하여 모두 중산국(中山國)에 남아서 경사(京師)에 오지 못하게 하였다."
4,자치통감강목7,110,whitespace_only,3,2,"신사년(辛巳年)(A.
D.
21) 신(新)나라 왕망(王莽) 지황(地皇) 2년이다.","신사년(辛巳年)(A. D. 21)
신(新)나라 왕망(王莽) 지황(地皇) 2년이다."
4,자치통감강목7,513,whitespace_only,4,3,"경인년(庚寅年)(A.
D.
30) 한(漢)나라 세조(世祖) 광무황제(光武皇帝) 건무(建武) 6년이다.
봄 정월에 용릉향(舂陵鄕)을 장릉현(章陵縣)으로 삼고 그 요역(徭役)을 면제하였다.","경인년(庚寅年)(A. D. 30)
한(漢)나라 세조(世祖) 광무황제(光武皇帝) 건무(建武) 6년이다.
봄 정월에 용릉향(舂陵鄕)을 장릉현(章陵縣)으로 삼고 그 요역(徭役)을 면제하였다."
4,춘추좌씨전1,39,whitespace_only,6,4,"9년 병신(B.
C.
685) 제환공(齊桓公) 소백(小白) 원년이다.
제인(齊人)이 무지(無知)를 죽이다.
노장공(魯莊公)이 제대부(齊大夫)와 기(蔇)에서 결맹하다.
노(魯)가 자규(子糾)를 제(齊)의 임금으로 들여보내려 하였으나 성공하지 못하다.","9년 병신(B. C. 685) 제환공(齊桓公) 소백(小白) 원년이다.
제인(齊人)이 무지(無知)를 죽이다.
노장공(魯莊公)이 제대부(齊大夫)와 기(蔇)에서 결맹하다.
노(魯)가 자규(子糾)를 제(齊)의 임금으로 들여보내려 하였으나 성공하지 못하다."
4,춘추좌씨전1,300,whitespace_only,4,5,"정(鄭): 희성(姬姓)이고 백작(伯爵)이다.
환공(桓公)이 처음 봉(封)함을 받았는데 그는 주여왕(周厲王)의 아들이고 선왕(宣王)의 아우이다.
대대로 나라를 전하여 무공(武公)과 장공(莊公)에 이르렀다. 장공(莊公) 원년(元年)에 아우 단(段)을 경(京)에 봉해주고 22년에 언(鄢)에서 단(段)을 이겼다.
이때부터 춘추시대로 들어섰다.","정(鄭): 희성(姬姓)이고 백작(伯爵)이다.
환공(桓公)이 처음 봉(封)함을 받았는데 그는 주여왕(周厲王)의 아들이고 선왕(宣王)의 아우이다.
대대로 나라를 전하여 무공(武公)과 장공(莊公)에 이르렀다.
장공(莊公) 원년(元年)에 아우 단(段)을 경(京)에 봉해주고 22년에 언(鄢)에서 단(段)을 이겼다.
이때부터 춘추시대로 들어섰다."
4,춘추좌씨전5,286,whitespace_only,2,3,"5월에 숙궁(叔弓)이 등성공(滕成公)의 장사(葬事)에 참여하기 위해 등(滕)나라에 갈 때 자복초(子服椒)가 부사(副使)였다.
교외(郊外)에 당도(當到)하여 의백(懿伯)의 기일(忌日)을 만나니, 경자(敬子)(숙궁(叔弓))가 등(滕)나라로 들어가려 하지 않자, 혜백(惠伯)(자복초(子服椒))이 말하기를 “국가(國家)의 일에는 국가(國家)의 이익(利益)만 있고 사가(私家)의 기일(忌日)은 없으니, 내가 먼저 들어가기를 청합니다. ”고 하고서, 먼저 들어가서 수관(受館)(빈관(賓館)을 배정(排定)받음)하니, 경자(敬子)가 그를 따라 들어갔다.","5월에 숙궁(叔弓)이 등성공(滕成公)의 장사(葬事)에 참여하기 위해 등(滕)나라에 갈 때 자복초(子服椒)가 부사(副使)였다.
교외(郊外)에 당도(當到)하여 의백(懿伯)의 기일(忌日)을 만나니, 경자(敬子)(숙궁(叔弓))가 등(滕)나라로 들어가려 하지 않자,
혜백(惠伯)(자복초(子服椒))이 말하기를 “국가(國家)의 일에는 국가(國家)의 이익(利益)만 있고 사가(私家)의 기일(忌日)은 없으니, 내가 먼저 들어가기를 청합니다. ”고 하고서, 먼저 들어가서 수관(受館)(빈관(賓館)을 배정(排定)받음)하니, 경자(敬子)가 그를 따라 들어갔다."
4,춘추좌씨전6,340,whitespace_only,7,7,"정백(鄭伯)(정공(定公))이 진(晉)나라에 갔을 때 자태숙(子太叔)(유길(游吉))이 상(相)이 되었더니, 범헌자(范獻子)(범앙(范鞅))를 알현(謁見)하자, 헌자(獻子)가 “왕실(王室)의 일을 어쩌면 좋겠소. ”라고 묻자, 자태숙(子太叔)이 대답하기를 “이 늙은이는 내 국가(國家)의 일도 걱정할 수 없는데 감히 왕실(王室)의 일을 걱정하겠습니까?
그러나 사람들의 말에 ‘과부(寡婦)가 씨줄이 모자라는 것은 걱정하지 않고 종주(宗周)(주왕실(周王室))가 쇠락(衰落)하는 것을 걱정하는 것은 화(禍)가 장차 자기에게 미칠 것을 두려워해서이다. ’고 하였습니다.
지금 왕실(王室)이 실로 어지러우니 우리 소국(小國)은 두렵습니다.
그러나 이는 대국(大國)의 근심이니 우리가 어찌 알 수 있겠습니까?
그대는 일찍이 방법을 꾀하시기 바랍니다.
시(詩)에 ‘작은 그릇이 비는 것은 큰 그릇의 수치이다. ’고 하였으니, 왕실(王室)이 안녕(安寧)하지 못한 것은 진(晉)나라의 수치(羞恥)입니다. ”고 하니,
헌자(獻子)는 두려워서 선자(宣子)(한기(韓起))와 상의하여 제후(諸侯)를 불러 회합(會合)하기로 하고서 그 시기(時期)를 명년(明年)으로 정하였다.","정백(鄭伯)(정공(定公))이 진(晉)나라에 갔을 때 자태숙(子太叔)(유길(游吉))이 상(相)이 되었더니, 범헌자(范獻子)(범앙(范鞅))를 알현(謁見)하자,
헌자(獻子)가 “왕실(王室)의 일을 어쩌면 좋겠소. ”라고 묻자, 자태숙(子太叔)이 대답하기를 “이 늙은이는 내 국가(國家)의 일도 걱정할 수 없는데 감히 왕실(王室)의 일을 걱정하겠습니까?
그러나 사람들의 말에 ‘과부(寡婦)가 씨줄이 모자라는 것은 걱정하지 않고 종주(宗周)(주왕실(周王室))가 쇠락(衰落)하는 것을 걱정하는 것은 화(禍)가 장차 자기에게 미칠 것을 두려워해서이다. ’고 하였습니다.
지금 왕실(王室)이 실로 어지러우니 우리 소국(小國)은 두렵습니다.
그러나 이는 대국(大國)의 근심이니 우리가 어찌 알 수 있겠습니까?
그대는 일찍이 방법을 꾀하시기 바랍니다.
시(詩)에 ‘작은 그릇이 비는 것은 큰 그릇의 수치이다. ’고 하였으니, 왕실(王室)이 안녕(安寧)하지 못한 것은 진(晉)나라의 수치(羞恥)입니다. ”고 하니, 헌자(獻子)는 두려워서 선자(宣子)(한기(韓起))와 상의하여 제후(諸侯)를 불러 회합(會合)하기로 하고서 그 시기(時期)를 명년(明年)으로 정하였다."
5,당송팔대가문초구양수2,323,whitespace_only,7,7,"오대(五代) 때에 가까워 후당(後唐)의 청태제(淸泰帝)가, 진조(晉祖)가 태원(太原)을 진무(鎭撫)할 적에 지역이 거란(契丹)에 가까워 군대를 믿고 발호할 것을 염려하여, 운주(鄆州)로 옮기고자 의론을 하였는데, 온 조정의 선비들이 모두 간언하여 불가하다고 하였다.
청태제는 속으로 반드시 그를 옮기고자 하여, 늘 함께 도모하던 추밀직학사(樞密直學士) 설문우(薛文遇)를 밤에 불러 그에게 물어서 가부(可否)를 결정하려고 하였는데, 설문우가 대답하기를 “신이 듣기로 도로변에 집을 지으면 3년이 가도 완성하지 못한다고 하였습니다.
이 일은 결단코 폐하에게 달려 있으니, 어찌 굳이 다시 군신(群臣)에게 물어볼 것이 있겠습니까? ”라고 하니,
청태제가 크게 기뻐하여 이르기를 “술자(術者)가 내게, 금년(今年)에는 마땅히 한 사람의 현명한 보좌를 얻어서 나의 중흥(中興)을 돕게 될 것이라고 하더니, 경(卿)이 바로 그 사람이구려. ”라고 하고, 즉시 학사(學士)에게 명하여 제(制)를 기초(起草)하게 하여, 진조(晉祖)를 운주(鄆州)로 옮기게 하였다.
다음날 조서(詔書)가 선포되자, 조정에 있던 신하들이 모두 실색(失色)하였다.
6일 뒤에 진조(晉祖)가 반란을 일으켰다는 글이 이르니, 청태제가 근심하고 두려워하며 어찌할 바를 몰라, 이숭(李崧)에게 이르기를 “내가 마침 설문우(薛文遇)를 만나, 그로 인해 살이 떨릴 지경이 되었으니, 스스로 칼을 뽑아 그를 찌르고 싶다. ”라고 하니,
이숭이 대답하기를 “일이 이미 이 지경에 이르렀으니, 후회해도 소용이 없나이다. ”라고 하고, 다만 군신(君臣)이 서로 돌아보며 눈물을 흘리며 울 따름이었다.","오대(五代) 때에 가까워 후당(後唐)의 청태제(淸泰帝)가, 진조(晉祖)가 태원(太原)을 진무(鎭撫)할 적에 지역이 거란(契丹)에 가까워 군대를 믿고 발호할 것을 염려하여,  운주(鄆州)로 옮기고자 의론을 하였는데, 온 조정의 선비들이 모두 간언하여 불가하다고 하였다.
청태제는 속으로 반드시 그를 옮기고자 하여, 늘 함께 도모하던 추밀직학사(樞密直學士) 설문우(薛文遇)를 밤에 불러 그에게 물어서 가부(可否)를 결정하려고 하였는데, 설문우가 대답하기를 “신이 듣기로 도로변에 집을 지으면 3년이 가도 완성하지 못한다고 하였습니다.
이 일은 결단코 폐하에게 달려 있으니, 어찌 굳이 다시 군신(群臣)에게 물어볼 것이 있겠습니까? ”라고 하니,  청태제가 크게 기뻐하여 이르기를 “술자(術者)가 내게, 금년(今年)에는 마땅히 한 사람의 현명한 보좌를 얻어서 나의 중흥(中興)을 돕게 될 것이라고 하더니,  경(卿)이 바로 그 사람이구려. ”라고 하고, 
즉시 학사(學士)에게 명하여 제(制)를 기초(起草)하게 하여, 진조(晉祖)를 운주(鄆州)로 옮기게 하였다.
다음날 조서(詔書)가 선포되자, 조정에 있던 신하들이 모두 실색(失色)하였다.
6일 뒤에 진조(晉祖)가 반란을 일으켰다는 글이 이르니, 청태제가 근심하고 두려워하며 어찌할 바를 몰라, 이숭(李崧)에게 이르기를 “내가 마침 설문우(薛文遇)를 만나, 그로 인해 살이 떨릴 지경이 되었으니, 스스로 칼을 뽑아 그를 찌르고 싶다. ”라고 하니, 
이숭이 대답하기를 “일이 이미 이 지경에 이르렀으니, 후회해도 소용이 없나이다. ”라고 하고,  다만 군신(君臣)이 서로 돌아보며 눈물을 흘리며 울 따름이었다."
5,당송팔대가문초구양수4,381,normalization_only,8,8,"군은 사람됨이 강직 개결하고 학문을 좋아하였으며 부모를 효성으로 섬기고 벗과 신의로 사귀었다.
관직에 있을 때 청렴결백하여 이르는 곳마다 유능하다는 평판이 있었다.
군이 하남(河南)에 있을 때 나는 서경유수추관(西京留守推官)이었다.
사희심(謝希深), 윤사로(尹師魯)와 함께 한 부중(府中)에 있었으니 함께 종유하던 사람들 중에 다른 연속(掾屬)과 빈객(賓客)들은 재능 있고 어진 이가 많아 젊고 씩씩한 이들이 한때에 활동하였으나 군은 그 속에서 나이가 아직 어렸다.
홀로 비쩍 여위었고 폐병을 앓아 각혈을 한 지 이미 10여 년이었다.
다행히 병세에 조금 차도가 있으면 번번이 제군(諸君)과 술을 마셨는데, 제군이 군을 아껴 술을 그만 마시게 하자, 군은 “내 어찌 오래 살 사람이리오. ”라고 하였다.
비록 다른 사람이 군을 보더라도 얼마 버티지 못할 것 같아 보였다.
그 뒤에 같은 부중에 있던 사람들은 모두 직임을 마치고 떠나가서 사희심과 윤사로 및 당시에 젊고 건장한 몸으로 활동하였던 사람들의 십중팔구는 세상을 떠났으나, 군은 이전과 같이 여윈 채로 각혈을 하다가 그보다 20년 뒤에 비로소 병으로 졸하였다.","군은 사람됨이 강직 개결하고 학문을 좋아하였으며 부모를 효성으로 섬기고 벗과 신의로 사귀었다.
관직에 있을 때 청렴결백하여 이르는 곳마다 유능하다는 평판이 있었다.
군이 하남(河南)에 있을 때 나는 서경유수추관(西京留守推官)이었다.
사희심(謝希深), 윤사로(尹師魯)와 함께 한 부중(府中)에 있었으니 함께 종유하던 사람들 중에 다른 연속(掾屬)과 빈객(賓客)들은 재능 있고 어진 이가 많아 젊고 씩씩한 이들이 한때에 활동하였으나 군은 그 속에서 나이가 아직 어렸다.
홀로 비쩍 여위었고 폐병을 앓아 각혈을 한 지 이미 10여 년이었다.
다행히 병세에 조금 차도가 있으면 번번이 제군(諸君)과 술을 마셨는데, 제군이 군을 아껴 술을 그만 마시게 하자, 군은 “내 어찌 오래 살 사람이리오. ”라고 하였다. 
비록 다른 사람이 군을 보더라도 얼마 버티지 못할 것 같아 보였다.
그 뒤에 같은 부중에 있던 사람들은 모두 직임을 마치고 떠나가서 사희심과 윤사로 및 당시에 젊고 건장한 몸으로 활동하였던 사람들의 십중팔구는 세상을 떠났으나, 군은 이전과 같이 여윈 채로 각혈을 하다가 그보다 20년 뒤에 비로소 병으로 졸하였다."
5,당송팔대가문초구양수5,111,whitespace_only,6,5,"이에 주(周) 태조(太祖)가 왕준(王峻)과 함께 들어가 뵈니, 태후(太后)가 “개봉윤(開封尹) 유승훈(劉承勳)은 고조황제(高祖皇帝)의 아들이니, 마땅히 후사(後嗣)로 세워야 한다. ”라고 하였다.
태후가 유승훈이 오랫동안 병을 앓고 있기 때문에 후사로 삼지 못하니,
태조(太祖)가 군신들과 함께 유승훈을 보고 안부를 살필 수 있게 해달라 청하였다.
태후가 명하여 와탑(臥榻)에 유승훈을 싣고 나와 군신들에게 보이니, 군신들이 이를 보고서야 믿었다.
이에 함께 주청하기를 “서주절도사(徐州節度使) 유빈(劉贇)은 고조(高祖)께서 아껴 아들로 삼았으니 당연히 후사로 세워야 합니다. ”라고 하였다.
이에 태사(太師) 풍도(馮道)를 보내 신하들을 거느리고 가 유빈을 맞이하게 하였다.","이에 주(周) 태조(太祖)가 왕준(王峻)과 함께 들어가 뵈니, 태후(太后)가 “개봉윤(開封尹) 유승훈(劉承勳)은 고조황제(高祖皇帝)의 아들이니, 마땅히 후사(後嗣)로 세워야 한다. ”라고 하였다. 
태후가 유승훈이 오랫동안 병을 앓고 있기 때문에 후사로 삼지 못하니, 태조(太祖)가 군신들과 함께 유승훈을 보고 안부를 살필 수 있게 해달라 청하였다. 
태후가 명하여 와탑(臥榻)에 유승훈을 싣고 나와 군신들에게 보이니, 군신들이 이를 보고서야 믿었다.
이에 함께 주청하기를 “서주절도사(徐州節度使) 유빈(劉贇)은 고조(高祖)께서 아껴 아들로 삼았으니 당연히 후사로 세워야 합니다. ”라고 하였다. 
이에 태사(太師) 풍도(馮道)를 보내 신하들을 거느리고 가 유빈을 맞이하게 하였다. "
5,당송팔대가문초구양수6,39,normalization_only,12,12,"아아!
성쇠(盛衰)의 이치는 비록 천명(天命)이라고는 하나 어찌 사람의 일이 아니겠는가.
후당(後唐) 장종(莊宗)이 천하를 얻은 까닭과 천하를 잃은 까닭을 따져보면 알 수 있다.
세상에서 말하기를, 진왕(晉王)이 임종할 때에 세 개의 화살을 장종에게 주면서 고하기를 “양(梁)나라는 나의 원수이다.
연왕(燕王)은 내가 세워준 사람이고 거란(契丹)은 나와 형제(兄弟)로 맹약하였거늘 모두 진(晉)을 배반하고 양나라에 붙었으니 이 셋은 내가 세상을 떠나면서 풀지 못하고 남기고 가는 한(恨)이다.
너에게 세 개의 화살을 주노니 너는 네 아비의 뜻을 잊지 말지어다. ”라고 하였다.
장종이 화살을 받아 종묘(宗廟)에 보관해두고 그 뒤 군대를 일으킬 때면 종사관을 보내 하나의 소뢰(少牢)로 종묘에 고하여 화살을 내어가겠다고 청하고서 비단 주머니에 화살을 담아 짊어지고 군대의 선봉에서 말을 달려나갔고, 개선하고 와서는 종묘에 다시 넣어두었다.
연왕 부자(父子)를 끈으로 묶고 후량(後梁)의 군신(君臣)들의 머리를 함에 담아 와서 종묘에 들어가 화살을 선왕(先王)에게 돌려드리고 공을 이루었음을 고할 때에는 그 의기(意氣)의 성대함이 장대(壯大)하다고 이를 만하였다.
그러나 원수들이 이미 멸망하고 천하가 안정되고 나서는 한 사내가 야밤에 소리치자 난리를 일으키는 자들이 사방에서 호응하였다.
그리하여 황망히 동쪽으로 나와 적들을 보기도 전에 군사들이 뿔뿔이 흩어져 버리거늘 임금과 신하가 서로 돌아보며 어디로 갈지를 몰라 심지어 하늘에 맹세하며 머리카락을 자르고 눈물을 흘려 옷깃을 적셨으니, 어찌 그리도 쇠잔했던가.
어쩌면 얻기는 어려워도 잃기는 쉬운 것인가.
아니면 그 성공과 패망의 자취를 궁구해볼 때 모두 남에게서 비롯된 것인가.","아아!
성쇠(盛衰)의 이치는 비록 천명(天命)이라고는 하나 어찌 사람의 일이 아니겠는가.
후당(後唐) 장종(莊宗)이 천하를 얻은 까닭과 천하를 잃은 까닭을 따져보면 알 수 있다.
세상에서 말하기를, 진왕(晉王)이 임종할 때에 세 개의 화살을 장종에게 주면서 고하기를 “양(梁)나라는 나의 원수이다.
연왕(燕王)은 내가 세워준 사람이고 거란(契丹)은 나와 형제(兄弟)로 맹약하였거늘 모두 진(晉)을 배반하고 양나라에 붙었으니 이 셋은 내가 세상을 떠나면서 풀지 못하고 남기고 가는 한(恨)이다.
너에게 세 개의 화살을 주노니 너는 네 아비의 뜻을 잊지 말지어다. ”라고 하였다. 
장종이 화살을 받아 종묘(宗廟)에 보관해두고 그 뒤 군대를 일으킬 때면 종사관을 보내 하나의 소뢰(少牢)로 종묘에 고하여 화살을 내어가겠다고 청하고서 비단 주머니에 화살을 담아 짊어지고 군대의 선봉에서 말을 달려나갔고, 개선하고 와서는 종묘에 다시 넣어두었다.
연왕 부자(父子)를 끈으로 묶고 후량(後梁)의 군신(君臣)들의 머리를 함에 담아 와서 종묘에 들어가 화살을 선왕(先王)에게 돌려드리고 공을 이루었음을 고할 때에는 그 의기(意氣)의 성대함이 장대(壯大)하다고 이를 만하였다.
그러나 원수들이 이미 멸망하고 천하가 안정되고 나서는 한 사내가 야밤에 소리치자 난리를 일으키는 자들이 사방에서 호응하였다.
그리하여 황망히 동쪽으로 나와 적들을 보기도 전에 군사들이 뿔뿔이 흩어져 버리거늘 임금과 신하가 서로 돌아보며 어디로 갈지를 몰라 심지어 하늘에 맹세하며 머리카락을 자르고 눈물을 흘려 옷깃을 적셨으니, 어찌 그리도 쇠잔했던가.
어쩌면 얻기는 어려워도 잃기는 쉬운 것인가.
아니면 그 성공과 패망의 자취를 궁구해볼 때 모두 남에게서 비롯된 것인가."
5,당송팔대가문초소순1,144,whitespace_only,16,15,"요(堯)임금 때는 온 천하(天下)를 순(舜)에게 주었고 순(舜)은 요(堯)의 천하(天下)를 얻어 또 우(禹)에게 주었다.
바야흐로 요(堯)임금이 아직 천하를 순(舜)에게 주지 않았을 때 천하(天下)에서는 일찍이 이런 일이 있다는 것을 들어본 적이 없으며, 그 당시의 백성들을 헤아려보건대 매우 괴이하게 생각하지 않음이 없었다.
그러나 순(舜)과 우(禹)는 그것을 받아서 차지하고는 편안하기가 천하를 원래 소유하고 있었고 그 조상들이 이미 다스린 지 수십 세는 되는 것 같이 하며,
일찍이 그 백성들에게 마땅히 천하를 얻어야 하는 까닭을 설명한 적이 없었고, 또한 일찍이 이로움으로 기쁘게 해준 적도 없었으며, 단주(丹朱)와 상균(商均)의 불초함을 설명한 일도 없었다.
그 뜻이 천하의 백성이 내가 마땅히 이 자리에 있어야 한다고 생각하는 것이라면, 또한 하늘을 끌어다 신격화(神格化)하거나 원래 그랬다고 자신을 기리는 것을 기다리지 않을 것이다.
탕(湯)이 걸(桀)을 칠 때는 떠들썩하게 그 죄를 짚어가며 사람들에게 알려 “저 사람에게 죄가 있어 내가 그를 치는 것이 마땅하다. ”고 말하였다.
조금 있다가 또 천하의 백성이 자기를 좋아하지 않는 것을 두려워하여 또 떠들썩하게 말로 그들을 회유하기를 “만방(萬方)에 죄가 있으면 나 한 사람에게 책임이 있고, 나 한 사람에게 죄가 있으면 그대들 만방의 사람들과는 상관이 없는 것이오. ”라 하였는데, 마치 “내가 이렇게 그대들의 임금이 되었으니 그대들은 나를 인정해야 할 따름이다. ”
라 하는 것 같았다.
아!
또한 이미 얼마나 박해졌는가!
무왕(武王)에 이르러 또한 스스로 말하기를 “그 선조부(先祖父)가 모두 현저한 공을 세웠으며, 이미 천명(天命)을 받고 죽었는데 그 대업(大業)을 끝내지 못해서 지금 내가 그 뜻을 받들어 군사를 일으켜 동쪽을 치니 동쪽 나라의 남녀가 비단을 묶어 우리를 맞이하고 주(紂)의 병사가 창을 거꾸로 하여 우리를 받아들였다. ”고 하였다.
아!
또한 심하도다.
마치 “우리 집안이 마땅히 천자(天子)가 된 것이 오래되었으니 이렇게 백성들이 내가 속히 상(商)나라로 들어갔으면 하는구나. ”라 하는 것 같았다.
이윤(伊尹)이 상(商)나라에 있었던 것은 주공(周公)이 주(周)나라에 있었던 것과 같다.
이윤(伊尹)은 3년간 섭정(攝政)을 하면서도 한마디도 스스로 해명하는 말을 하지 않았으나, 주공(周公)은 그렇게 하면서 분분(紛紛)히 그것이 찬탈(簒奪)이 아님을 스스로 알리는 데 급급하였다.","요(堯)임금 때는 온 천하(天下)를 순(舜)에게 주었고 순(舜)은 요(堯)의 천하(天下)를 얻어 또 우(禹)에게 주었다.
바야흐로 요(堯)임금이 아직 천하를 순(舜)에게 주지 않았을 때 천하(天下)에서는 일찍이 이런 일이 있다는 것을 들어본 적이 없으며, 그 당시의 백성들을 헤아려보건대 매우 괴이하게 생각하지 않음이 없었다.
그러나 순(舜)과 우(禹)는 그것을 받아서 차지하고는 편안하기가 천하를 원래 소유하고 있었고 그 조상들이 이미 다스린 지 수십 세는 되는 것 같이 하며,  일찍이 그 백성들에게 마땅히 천하를 얻어야 하는 까닭을 설명한 적이 없었고,  또한 일찍이 이로움으로 기쁘게 해준 적도 없었으며, 단주(丹朱)와 상균(商均)의 불초함을 설명한 일도 없었다. 
그 뜻이 천하의 백성이 내가 마땅히 이 자리에 있어야 한다고 생각하는 것이라면, 또한 하늘을 끌어다 신격화(神格化)하거나 원래 그랬다고 자신을 기리는 것을 기다리지 않을 것이다.
탕(湯)이 걸(桀)을 칠 때는 떠들썩하게 그 죄를 짚어가며 사람들에게 알려  “저 사람에게 죄가 있어 내가 그를 치는 것이 마땅하다. ”고 말하였다. 
조금 있다가 또 천하의 백성이 자기를 좋아하지 않는 것을 두려워하여 또 떠들썩하게 말로 그들을 회유하기를 “만방(萬方)에 죄가 있으면 나 한 사람에게 책임이 있고, 나 한 사람에게 죄가 있으면 그대들 만방의 사람들과는 상관이 없는 것이오. ”라 하였는데, 
마치 “내가 이렇게 그대들의 임금이 되었으니 그대들은 나를 인정해야 할 따름이다. ”라 하는 것 같았다. 
아!
또한 이미 얼마나 박해졌는가!
무왕(武王)에 이르러 또한 스스로 말하기를 “그 선조부(先祖父)가 모두 현저한 공을 세웠으며, 이미 천명(天命)을 받고 죽었는데 그 대업(大業)을 끝내지 못해서 지금 내가 그 뜻을 받들어 군사를 일으켜 동쪽을 치니 동쪽 나라의 남녀가 비단을 묶어 우리를 맞이하고 주(紂)의 병사가 창을 거꾸로 하여 우리를 받아들였다. ”고 하였다. 
아!
또한 심하도다.
마치 “우리 집안이 마땅히 천자(天子)가 된 것이 오래되었으니 이렇게 백성들이 내가 속히 상(商)나라로 들어갔으면 하는구나. ”라 하는 것 같았다. 
이윤(伊尹)이 상(商)나라에 있었던 것은 주공(周公)이 주(周)나라에 있었던 것과 같다.
이윤(伊尹)은 3년간 섭정(攝政)을 하면서도 한마디도 스스로 해명하는 말을 하지 않았으나, 주공(周公)은 그렇게 하면서 분분(紛紛)히 그것이 찬탈(簒奪)이 아님을 스스로 알리는 데 급급하였다."
5,당송팔대가문초소식5,12,whitespace_only,6,5,"옛날에 선비를 뽑고 정사를 논하는 것을 반드시 학궁(學宮)에서 하였으니,
학궁(學宮)이 있는데도 선비를 취하지(선발하지) 않고 정사를 논하지 않는다면 학궁(學宮)이 없는 것과 마찬가지인 것이다.
학교(學校)는 동한시대(東漢時代)보다 더 성한 적이 없다.
선비 수만 명이 마른 나무에 숨을 불어넣어 살게 만들고 산 나무에 숨을 불어넣어 말라 죽게 해서, 삼공(三公)과 구경(九卿)으로부터 모두가 허리를 굽혀 그들에게 몸을 낮추었고, 삼부(三府)에서 사람들을 천거하여 관직을 제수할 적에 항상 그들의 입에서 나왔으니(결정되었으니), 선비를 가려 뽑고 정사를 논한 것이 옛날에 가깝다고 말할 수 있었다.
그러나 끝내 이것이 당고(黨錮)의 화(禍)가 된 것은 어째서인가?
이것은 왕자(王者)의 정사(政事)이니, 왕자(王者)가 나오지 않았는데 선비들이 자기들끼리 아래에서 사사로운 뜻으로 행한다면, 그 화패(禍敗)를 당하는 것이 진실로 당연한 것이다.","옛날에 선비를 뽑고 정사를 논하는 것을 반드시 학궁(學宮)에서 하였으니, 학궁(學宮)이 있는데도 선비를 취하지(선발하지) 않고 정사를 논하지 않는다면 학궁(學宮)이 없는 것과 마찬가지인 것이다.
학교(學校)는 동한시대(東漢時代)보다 더 성한 적이 없다.
선비 수만 명이 마른 나무에 숨을 불어넣어 살게 만들고 산 나무에 숨을 불어넣어 말라 죽게 해서, 삼공(三公)과 구경(九卿)으로부터 모두가 허리를 굽혀 그들에게 몸을 낮추었고, 삼부(三府)에서 사람들을 천거하여 관직을 제수할 적에 항상 그들의 입에서 나왔으니(결정되었으니), 선비를 가려 뽑고 정사를 논한 것이 옛날에 가깝다고 말할 수 있었다.
그러나 끝내 이것이 당고(黨錮)의 화(禍)가 된 것은 어째서인가?
이것은 왕자(王者)의 정사(政事)이니, 왕자(王者)가 나오지 않았는데 선비들이 자기들끼리 아래에서 사사로운 뜻으로 행한다면, 그 화패(禍敗)를 당하는 것이 진실로 당연한 것이다."
5,당송팔대가문초소식5,390,whitespace_only,5,6,"혜중산(嵇中散)(혜강(嵇康))이 〈유분(幽憤)〉 시(詩)를 지었는데 화를 면치 못할 줄을 알면서도 마지막 장(章)에 말하기를 “산언덕에서 고사리를 채취하고, 바위 동굴에서 산발한 채, 길게 휘파람 불고 읊조리면서, 본성을 기르고 수명을 기른다. ”라고 하였으니, 이 뜻을 이루지 못함을 서글퍼한 것이다.
사마경왕(司馬景王)(사마소(司馬昭))이 혜중산(嵇中散)을 죽이고 나서 후회하였으니, 만일 죽이기 전에 잘못을 깨달아서 혜중산(嵇中散)이 죽음을 면할 수 있었다면, 나는 그가 인간 세상에서 자취와 그림자를 지우고 은둔하기를 마치 그물을 빠져나간 토끼가 숲으로 달려가는 것과 같이 할 줄을 아니, 고사리를 채취하고 산발하는 것이 어찌 어려운 일이겠는가?
손진인(孫眞人)(손사막(孫思邈))이 〈대풍악질론(大風惡疾論)〉을 지어 말하기를 “《신선전(神仙傳)》에 기록되어 있는 수십 명의 신선들이 모두 악질(惡疾)로 인하여 신선의 도(道)를 얻었다. ”라고 하였다.
어째서인가?
속세의 얽매임을 끊어버리고 영양(潁陽)의 유풍(遺風)을 생각해서였으니, 이 때문에 화(禍)를 인하여 복(福)을 취(取)한 것이다.","혜중산(嵇中散)(혜강(嵇康))이 〈유분(幽憤)〉 시(詩)를 지었는데 화를 면치 못할 줄을 알면서도 마지막 장(章)에 말하기를 “산언덕에서 고사리를 채취하고, 바위 동굴에서 산발한 채, 길게 휘파람 불고 읊조리면서, 본성을 기르고 수명을 기른다. ”라고 하였으니, 이 뜻을 이루지 못함을 서글퍼한 것이다.
사마경왕(司馬景王)(사마소(司馬昭))이 혜중산(嵇中散)을 죽이고 나서 후회하였으니, 만일 죽이기 전에 잘못을 깨달아서 혜중산(嵇中散)이 죽음을 면할 수 있었다면,
나는 그가 인간 세상에서 자취와 그림자를 지우고 은둔하기를 마치 그물을 빠져나간 토끼가 숲으로 달려가는 것과 같이 할 줄을 아니, 고사리를 채취하고 산발하는 것이 어찌 어려운 일이겠는가?
손진인(孫眞人)(손사막(孫思邈))이 〈대풍악질론(大風惡疾論)〉을 지어 말하기를 “《신선전(神仙傳)》에 기록되어 있는 수십 명의 신선들이 모두 악질(惡疾)로 인하여 신선의 도(道)를 얻었다. ”라고 하였다.
어째서인가?
속세의 얽매임을 끊어버리고 영양(潁陽)의 유풍(遺風)을 생각해서였으니, 이 때문에 화(禍)를 인하여 복(福)을 취(取)한 것이다."
5,당송팔대가문초소철2,129,whitespace_only,9,8,"태종(太宗)이 일찍이 비참(秘讖)을 구득하였더니 거기에 “당(唐)나라가 반드시 중간에 미약해져서 여무(女武)가 대신 왕이 되는 일이 있을 것이다. ”라고 말하였거늘, 이순풍(李淳風)에게 물어서 그 여무(女武)를 찾아 죽이려고 하니,
이순풍(李淳風)이 말하기를 “그 조짐이 이미 이루어져서 궁중(宮中)에 있습니다.
하늘이 명(命)한 것은 제거할 수 없습니다.
한갓 의심스런 살육(殺戮)이 잘못하면 무고한 사람에게 미치게 할 뿐입니다.
또한 이후 40년이 지나면 그 사람이 이미 늙을 것이니, 늙으면 인자(仁慈)할 것입니다.
비록 제위(帝位)를 이어받아 조대(朝代)를 바꾼다 하다라도 반드시 이씨(李氏)를 단절시킬 수는 없을 것입니다.
만일 그를 죽이고 다시 소장(少壯)한 자를 낳아 많이 죽여 원풀이를 한다면 자손(子孫)에 남아날 자가 없을 것입니다. ”라고 하니, 태종이 그 말을 받아들여 중지하였다.
그러나 오히려 의심으로 이군선(李君羨)를 죽였다.
무릇 천명(天命)은 바꿀 수는 없어도 오직 덕(德)을 닦으면 혹 그치게 할 수도 있거늘, 태종은 사람을 죽임으로써 그치게 하려고 하였으니, 곤란한 일이었다.","태종(太宗)이 일찍이 비참(秘讖)을 구득하였더니 거기에 “당(唐)나라가 반드시 중간에 미약해져서 여무(女武)가 대신 왕이 되는 일이 있을 것이다. ”라고 말하였거늘, 이순풍(李淳風)에게 물어서 그 여무(女武)를 찾아 죽이려고 하니, 이순풍(李淳風)이 말하기를 “그 조짐이 이미 이루어져서 궁중(宮中)에 있습니다.
하늘이 명(命)한 것은 제거할 수 없습니다.
한갓 의심스런 살육(殺戮)이 잘못하면 무고한 사람에게 미치게 할 뿐입니다.
또한 이후 40년이 지나면 그 사람이 이미 늙을 것이니, 늙으면 인자(仁慈)할 것입니다.
비록 제위(帝位)를 이어받아 조대(朝代)를 바꾼다 하다라도 반드시 이씨(李氏)를 단절시킬 수는 없을 것입니다.
만일 그를 죽이고 다시 소장(少壯)한 자를 낳아 많이 죽여 원풀이를 한다면 자손(子孫)에 남아날 자가 없을 것입니다. ”라고 하니, 태종이 그 말을 받아들여 중지하였다.
그러나 오히려 의심으로 이군선(李君羨)를 죽였다.
무릇 천명(天命)은 바꿀 수는 없어도 오직 덕(德)을 닦으면 혹 그치게 할 수도 있거늘, 태종은 사람을 죽임으로써 그치게 하려고 하였으니, 곤란한 일이었다."
5,당송팔대가문초소철2,137,whitespace_only,5,6,"그러나 현종(玄宗)이 바야흐로 송경(宋璟)을 임용하였으나 우문융(宇文融)이 괄전(括田)으로써 현종(玄宗)의 총애를 받아 갑자기 재상(宰相)에 이르렀고, 뒤에 비록 공론에 의해 파직되어 갔지만,
현종(玄宗)은 그에 대한 생각이 계속 떠오르자, 재상(宰相)들에게 말하기를 “공들이 우문융(宇文融)의 악한 점을 폭로해서 짐(朕)이 이미 그를 죄주었지만, 국가 재용(財用)이 부족하거늘 장차 어떻게 하겠는가? ”라고 하니, 배광정(裴光庭) 등은 답변하지 못하였다.
우문융(宇文融)이 이미 죽자 이익을 말하는 자들이 앞을 다투어 진출하였다.
위견(韋堅)․양신긍(楊愼矜)․왕홍(王鉷)은 날마다 더욱 심하게 굴었고, 양국충(楊國忠)에 이르러 취렴(聚斂)이 극심하였다.
그러므로 천보(天寶)의 난(亂)에 해내(海內)가 분열되어 다시 통합할 수 없었다.","그러나 현종(玄宗)이 바야흐로 송경(宋璟)을 임용하였으나 우문융(宇文融)이 괄전(括田)으로써 현종(玄宗)의 총애를 받아 갑자기 재상(宰相)에 이르렀고,
뒤에 비록 공론에 의해 파직되어 갔지만, 현종(玄宗)은 그에 대한 생각이 계속 떠오르자, 재상(宰相)들에게 말하기를 “공들이 우문융(宇文融)의 악한 점을 폭로해서 짐(朕)이 이미 그를 죄주었지만, 국가 재용(財用)이 부족하거늘 장차 어떻게 하겠는가? ”라고 하니,
배광정(裴光庭) 등은 답변하지 못하였다.
우문융(宇文融)이 이미 죽자 이익을 말하는 자들이 앞을 다투어 진출하였다.
위견(韋堅)․양신긍(楊愼矜)․왕홍(王鉷)은 날마다 더욱 심하게 굴었고, 양국충(楊國忠)에 이르러 취렴(聚斂)이 극심하였다.
그러므로 천보(天寶)의 난(亂)에 해내(海內)가 분열되어 다시 통합할 수 없었다."
5,당송팔대가문초왕안석1,13,whitespace_only,13,14,"청묘법(靑苗法)은 상평창(常平倉)에서 곡식 매입대금을 민호(民戶)에 대여해 주되, 이식(利息)은 2분(分)으로 하여 봄에 대여해 주고 가을에 회수하는 제도이다.
균수법(均輸法)은 단순히 물자 운송만을 담당했던 발운사(發運使)의 직무를 균수(均輸)로 바꾸고, 내장고(內藏庫)에 저축해 놓은 은전(銀錢)과 상공미(上供米)를 자본으로 하여,
조정에 상공(上供)할 모든 물자 가운데 물가가 높은 지방에서 징수해야 할 것을 물가가 저렴한 지방에 가서 구매하고, 먼 곳에서 바쳐야 할 것을 가까운 곳에서 구매하며, 서울에 있는 창고의 저장량과 앞으로 필요한 양을 미리 계량하여 그 비축과 구매를 적합하게 하는 제도이다.
보갑법(保甲法)은 호적에 등재된 장정 2명에 1인분씩의 병역세(兵役稅)를 징수하고, 10가(家)를 1보(保)로 하며 보정(保丁)들에게 활과 쇠뇌를 지급하여 진치고 전투하는 법을 가르치도록 한 제도이다.
면역법(免役法)은 부역(賦役)을 시키는 대신에, 각 가정의 자금이 많고 적음에 근거하여 징수한 돈으로 부역에 종사할 사람을 고용하여 일을 시키고, 장정이 한 사람뿐이거나 여자만 있는 가정은 부역을 면제(免除)하는 대신, 일률적으로 금전으로 대신 납부하게 하는 제도이다.
장정 한 사람뿐이거나 여자만 있는 가정에서 내는 돈을 조역전(助役錢)이라 하였다.
시역법(市易法)은 사람들이 대여(貸與)를 요청하면 조정의 재화 즉 돈이나 곡식을 대여해 주고, 2분(分)의 이자를 내도록 하며, 기한(期限)이 지나도 갚지 않으면 벌금을 가하는 제도이다.
보마법(保馬法)은 오로(五路)의 의보(義保)로서 군마(軍馬)를 기르기를 원하는 자들에게 양마감(養馬監)에서 기르고 있는 관마(官馬)를 호당 1필씩 대여하거나 혹은 관(官)에서 말을 살 돈을 주어 구입하게 하고, 매년 한 차례씩 말이 제대로 자랐는가, 살이 쪘는가, 말랐는가 등을 조사하고, 죽거나 병이 들었으면 배상(賠償)하도록 하는 제도이다.
방전법(方田法)은 동, 서, 남, 북 천보(千步)를 일방(一方)으로 하여 해마다 그 땅을 계량하고, 비옥한가 척박한가를 따져서 그 등급(等級)을 결정하고, 5등급으로 나누어 납부할 세액을 정하는 제도이다.
이 외에도 면행전(免行錢)이라는 제도가 있었다.
조정에 각종 물자를 납부(納付)하는 행호(行戶)가 수도에 있었는데, 각 항호의 수입의 많고 적음을 헤아려서 돈으로 적정액을 납부하도록 하고 물자로 납부하는 것을 면제한 제도이다.
신법(新法)이 시행되고부터 사방에서 다투어 농전(農田)의 수리(水利)를 건의하였으므로, 오래된 방죽의 파괴된 둑을 모두 힘써 복구하였다.
또 인민들에게 관설 시장인 방장(坊場)을 대여할 때에는 경쟁입찰을 행하여 최고가를 써낸 사람이 낙찰받도록 하여 그 값을 올리고, 다세(茶稅)와 염세(鹽稅)를 증액하였으며, 또 조치하북적편사(措置河北糴便司)를 설치하여 강변의 여러 주현(州縣)에 널리 식량을 쌓아두고 필요할 때에 운송할 수 있도록 대비하였다.","청묘법(靑苗法)은 상평창(常平倉)에서 곡식 매입대금을 민호(民戶)에 대여해 주되, 이식(利息)은 2분(分)으로 하여 봄에 대여해 주고 가을에 회수하는 제도이다.
균수법(均輸法)은 단순히 물자 운송만을 담당했던 발운사(發運使)의 직무를 균수(均輸)로 바꾸고,
내장고(內藏庫)에 저축해 놓은 은전(銀錢)과 상공미(上供米)를 자본으로 하여, 조정에 상공(上供)할 모든 물자 가운데 물가가 높은 지방에서 징수해야 할 것을 물가가 저렴한 지방에 가서 구매하고, 먼 곳에서 바쳐야 할 것을 가까운 곳에서 구매하며, 서울에 있는 창고의 저장량과 앞으로 필요한 양을 미리 계량하여 그 비축과 구매를 적합하게 하는 제도이다.
보갑법(保甲法)은 호적에 등재된 장정 2명에 1인분씩의 병역세(兵役稅)를 징수하고, 10가(家)를 1보(保)로 하며 보정(保丁)들에게 활과 쇠뇌를 지급하여 진치고 전투하는 법을 가르치도록 한 제도이다.
면역법(免役法)은 부역(賦役)을 시키는 대신에, 각 가정의 자금이 많고 적음에 근거하여 징수한 돈으로 부역에 종사할 사람을 고용하여 일을 시키고, 장정이 한 사람뿐이거나 여자만 있는 가정은 부역을 면제(免除)하는 대신, 일률적으로 금전으로 대신 납부하게 하는 제도이다.
장정 한 사람뿐이거나 여자만 있는 가정에서 내는 돈을 조역전(助役錢)이라 하였다.
시역법(市易法)은 사람들이 대여(貸與)를 요청하면 조정의 재화 즉 돈이나 곡식을 대여해 주고, 2분(分)의 이자를 내도록 하며, 기한(期限)이 지나도 갚지 않으면 벌금을 가하는 제도이다.
보마법(保馬法)은 오로(五路)의 의보(義保)로서 군마(軍馬)를 기르기를 원하는 자들에게 양마감(養馬監)에서 기르고 있는 관마(官馬)를 호당 1필씩 대여하거나 혹은 관(官)에서 말을 살 돈을 주어 구입하게 하고,
매년 한 차례씩 말이 제대로 자랐는가, 살이 쪘는가, 말랐는가 등을 조사하고, 죽거나 병이 들었으면 배상(賠償)하도록 하는 제도이다.
방전법(方田法)은 동, 서, 남, 북 천보(千步)를 일방(一方)으로 하여 해마다 그 땅을 계량하고, 비옥한가 척박한가를 따져서 그 등급(等級)을 결정하고, 5등급으로 나누어 납부할 세액을 정하는 제도이다.
이 외에도 면행전(免行錢)이라는 제도가 있었다.
조정에 각종 물자를 납부(納付)하는 행호(行戶)가 수도에 있었는데, 각 항호의 수입의 많고 적음을 헤아려서 돈으로 적정액을 납부하도록 하고 물자로 납부하는 것을 면제한 제도이다.
신법(新法)이 시행되고부터 사방에서 다투어 농전(農田)의 수리(水利)를 건의하였으므로, 오래된 방죽의 파괴된 둑을 모두 힘써 복구하였다.
또 인민들에게 관설 시장인 방장(坊場)을 대여할 때에는 경쟁입찰을 행하여 최고가를 써낸 사람이 낙찰받도록 하여 그 값을 올리고, 다세(茶稅)와 염세(鹽稅)를 증액하였으며, 또 조치하북적편사(措置河北糴便司)를 설치하여 강변의 여러 주현(州縣)에 널리 식량을 쌓아두고 필요할 때에 운송할 수 있도록 대비하였다."
5,당송팔대가문초유종원1,185,whitespace_only,2,3,"당형천(唐荊川)이 말하였다. “이 문장의 체제는 원활하기가 〈오자전(圬者傳)〉보다 못하다.
그러나 문장 중에 아름다운 편에 속한다.","당형천(唐荊川)이 말하였다.
“이 문장의 체제는 원활하기가 〈오자전(圬者傳)〉보다 못하다.
그러나 문장 중에 아름다운 편에 속한다."
5,당송팔대가문초유종원2,144,whitespace_only,1,2,뱀 잡는 자에 관한 해설 공자(孔子)의 ‘학정(虐政)은 호랑이보다도 무섭다. ’고 한 말을 근간으로 삼아 이 문장을 쓴 것이다.,"뱀 잡는 자에 관한 해설
공자(孔子)의 ‘학정(虐政)은 호랑이보다도 무섭다. ’고 한 말을 근간으로 삼아 이 문장을 쓴 것이다."
5,당송팔대가문초증공1,95,normalization_only,6,6,"제가 거상(居喪)하는 동안 감히 세속의 얕은 생각으로 인해 예법을 어기고 찾아가 뵙고 사의(謝意)를 표하지 못하고, 상기(喪期)를 마친 뒤에는 또 저에 대한 큰 은혜를 뭐라고 형용할 방법이 없고 몇 마디 빈말로는 감사하는 저의 정을 표현할 수 없었기에, 이리저리 생각하다가 지금에 이르도록 한 통의 편지조차 올리지 못하였습니다.
하지만 부끄러운 마음이 가슴속으로부터 올라와 잠시라도 떨쳐버릴 수 없었습니다.
삼가 바라건대 명공(明公)께서는 저의 이와 같은 심정을 헤아려주십시오.
대체로 명공(明公)께서는 천하를 가슴에 품는 대의(大義)를 견지하여 한 점의 사심이나 잡념이 없는 줄로 압니다.
그렇다면 제가 명공(明公)께 보답하는 것도 천하를 가슴에 품는 대의(大義)로 할 뿐입니다.
제 마음속으로 다짐하는 것은 그렇습니다만 과연 제대로 그렇게 할 것이라고는 감히 말씀드리지 못합니다.","제가 거상(居喪)하는 동안 감히 세속의 얕은 생각으로 인해 예법을 어기고 찾아가 뵙고 사의(謝意)를 표하지 못하고,  상기(喪期)를 마친 뒤에는 또 저에 대한 큰 은혜를 뭐라고 형용할 방법이 없고 몇 마디 빈말로는 감사하는 저의 정을 표현할 수 없었기에, 이리저리 생각하다가 지금에 이르도록 한 통의 편지조차 올리지 못하였습니다.
하지만 부끄러운 마음이 가슴속으로부터 올라와 잠시라도 떨쳐버릴 수 없었습니다.
삼가 바라건대 명공(明公)께서는 저의 이와 같은 심정을 헤아려주십시오.
대체로 명공(明公)께서는 천하를 가슴에 품는 대의(大義)를 견지하여 한 점의 사심이나 잡념이 없는 줄로 압니다. 
그렇다면 제가 명공(明公)께 보답하는 것도 천하를 가슴에 품는 대의(大義)로 할 뿐입니다.
제 마음속으로 다짐하는 것은 그렇습니다만 과연 제대로 그렇게 할 것이라고는 감히 말씀드리지 못합니다."
5,당송팔대가문초증공1,147,normalization_only,4,4,"“〈양웅(揚雄)이〉 왕망(王莽)에게 벼슬한 것을 기자(箕子)가 구금되어 노예가 된 데에 비교하였으니, 이것도 이미 과장된 것인데 하물며 〈극진미신(劇秦美新)〉에 있어서겠는가.
자고(子固)와 같은 인물로서도 오히려 그 설(說)에 동조하였으니 잘못된 정도가 심하다.
군자(君子)가 천하를 저울질하는 것은 출처(出處)의 도리가 반드시 성인(聖人)의 경지 이른 뒤에 가능할 것이다.
내 생각에 양웅(揚雄)은 분명히 초(楚)의 두 공씨(龔氏) 수준에도 미치지 못한다고 본다. ”","“〈양웅(揚雄)이〉 왕망(王莽)에게 벼슬한 것을 기자(箕子)가 구금되어 노예가 된 데에 비교하였으니, 이것도 이미 과장된 것인데 하물며 〈극진미신(劇秦美新)〉에 있어서겠는가.
자고(子固)와 같은 인물로서도 오히려 그 설(說)에 동조하였으니 잘못된 정도가 심하다.
군자(君子)가 천하를 저울질하는 것은 출처(出處)의 도리가 반드시 성인(聖人)의 경지 이른 뒤에 가능할 것이다. 
내 생각에 양웅(揚雄)은 분명히 초(楚)의 두 공씨(龔氏) 수준에도 미치지 못한다고 본다. ”"
5,당송팔대가문초한유2,81,whitespace_only,1,2,"당형천(唐荆川)이 말하였다. “이 편은 대우(對偶)를 피하기 위해 고의로 글자의 순서를 뒤바꿔가면서［錯綜］ 논리를 세운 것이 이처럼 기묘하니, 창려(昌黎)의 필력(筆力)에 참으로 미칠 수 없다. ”","당형천(唐荆川)이 말하였다.
“이 편은 대우(對偶)를 피하기 위해 고의로 글자의 순서를 뒤바꿔가면서［錯綜］ 논리를 세운 것이 이처럼 기묘하니, 창려(昌黎)의 필력(筆力)에 참으로 미칠 수 없다. ”"
5,당송팔대가문초한유3,50,whitespace_only,11,13,"부인(夫人)의 오빠는 사도(司徒) 유현좌(劉玄佐)인데, 건중(建中)‧정원(貞元) 연간에 공을 세워 선무군절도사(宣武軍節度使)가 되어 변주(汴州)‧송주(宋州)‧박주(亳州)‧영주(潁州) 등 네 주(州)의 땅과 병사 10만 인을 소유하였다.
공은 소년기에 외숙(外叔)(유현좌(劉玄佐))에게 의지해 책읽기와 말타기와 활쏘기를 배웠다.
어버이를 섬김이 효순(孝順)하고 공근(恭謹)하며 몸가짐이 화락하여, 다른 부호가(富豪家)의 자제들처럼 멋대로 사치하며 방탕한 짓을 하지 않고 들고 날 때에 공경하니 군중(軍中) 사람들이 모두 공을 주목하였다.
일찍이 한번 경사(京師)로 가서 명경과(明經科)에 응시한 적이 있는데, 돌아와서 말하기를 “이것으로는 이름을 날리고 사업을 이루기에 부족하다. ”고 하고서 다시 떠나서 외숙에게서 배웠다.
병사 수백 명을 거느리고서 그 병사 중에 누구는 재능이 있고 누구는 비루하고 누구는 겁이 많고 누구는 용감한지를 다 파악하여 반드시 감당할 만한 자를 지정해 일을 맡기니, 사도공(司徒公)은 공의 기재(奇才)에 탄복하고, 사졸(士卒)들도 진심으로 복종하고, 노장(老將)들도 스스로 공에 미칠 수 없다고 여겼다.
사도공(司徒公)(유현좌(劉玄佐))이 졸(卒)하자, 변주(汴州)를 떠나 송주(宋州) 남성(南城)의 장령(將領)이 되었다.
6, 7년 동안 계속 변주(汴州) 군대에 내란이 그치지 않았다.
정원(貞元) 15년(799)에 유일준(劉逸准)이 죽자, 군중(軍中)이 모두 말하기를 “이 군대는 사도공께서 세운 군대이니, 반드시 사도공의 골육(骨肉)(친족(親族)) 중에 사졸들의 앙모(仰慕)와 신뢰(信賴)를 받는 분을 골라 맡겨야 한다.
지금 현재 생존한 분 중에 한생(韓甥)(생질(甥姪) 한홍(韓弘))만 한 이가 없다.
또 그 공로가 가장 크고 재능도 뛰어나다. ”라고 하고는, 즉시 군권(軍權)을 공에게 내어주고서 천자께 한공(韓公)을 임명하기를 청하였다.
그러자 천자께서도 옳게 여기시고서 드디어 대리평사(大理評事)에서 공부상서(工部尙書)에 제수하시어, 유일준(劉逸准)을 대신해 선무군절도사(宣武軍節度使)가 되어 그 외숙(外叔) 사도공이 소유했던 군대와 땅을 모두 갖게 하시니, 군중(軍衆)이 과연 크게 기뻐하며 복종［便］하였다.","부인(夫人)의 오빠는 사도(司徒) 유현좌(劉玄佐)인데, 건중(建中)‧정원(貞元) 연간에 공을 세워 선무군절도사(宣武軍節度使)가 되어 변주(汴州)‧송주(宋州)‧박주(亳州)‧영주(潁州) 등 네 주(州)의 땅과 병사 10만 인을 소유하였다. 
공은 소년기에 외숙(外叔)(유현좌(劉玄佐))에게 의지해 책읽기와 말타기와 활쏘기를 배웠다.
어버이를 섬김이 효순(孝順)하고 공근(恭謹)하며 몸가짐이 화락하여, 다른 부호가(富豪家)의 자제들처럼 멋대로 사치하며 방탕한 짓을 하지 않고 들고 날 때에 공경하니 군중(軍中) 사람들이 모두 공을 주목하였다.
일찍이 한번 경사(京師)로 가서 명경과(明經科)에 응시한 적이 있는데, 돌아와서 말하기를 “이것으로는 이름을 날리고 사업을 이루기에 부족하다. ”고 하고서
다시 떠나서 외숙에게서 배웠다.
병사 수백 명을 거느리고서 그 병사 중에 누구는 재능이 있고 누구는 비루하고 누구는 겁이 많고 누구는 용감한지를 다 파악하여 반드시 감당할 만한 자를 지정해 일을 맡기니, 사도공(司徒公)은 공의 기재(奇才)에 탄복하고, 사졸(士卒)들도 진심으로 복종하고, 노장(老將)들도 스스로 공에 미칠 수 없다고 여겼다.
사도공(司徒公)(유현좌(劉玄佐))이 졸(卒)하자, 변주(汴州)를 떠나 송주(宋州) 남성(南城)의 장령(將領)이 되었다.
6, 7년 동안 계속 변주(汴州) 군대에 내란이 그치지 않았다.
정원(貞元) 15년(799)에 유일준(劉逸准)이 죽자, 군중(軍中)이 모두 말하기를 “이 군대는 사도공께서 세운 군대이니,  반드시 사도공의 골육(骨肉)(친족(親族)) 중에 사졸들의 앙모(仰慕)와 신뢰(信賴)를 받는 분을 골라 맡겨야 한다.
지금 현재 생존한 분 중에 한생(韓甥)(생질(甥姪) 한홍(韓弘))만 한 이가 없다.
또 그 공로가 가장 크고 재능도 뛰어나다. ”라고 하고는, 
즉시 군권(軍權)을 공에게 내어주고서 천자께 한공(韓公)을 임명하기를 청하였다.
그러자 천자께서도 옳게 여기시고서 드디어 대리평사(大理評事)에서 공부상서(工部尙書)에 제수하시어, 유일준(劉逸准)을 대신해 선무군절도사(宣武軍節度使)가 되어 그 외숙(外叔) 사도공이 소유했던 군대와 땅을 모두 갖게 하시니, 군중(軍衆)이 과연 크게 기뻐하며 복종［便］하였다."
5,당송팔대가문초한유3,267,normalization_only,3,3,"5년 뒤에 내가 경조윤(京兆尹)이 되자, 비로소 자제 및 그 유모［姆］에게 명하여 관(棺)‧금(衾)을 바꾸게 하고서 여나(女挐)의 유골을 운반해 와서 하남(河南) 하양(河陽)의 韓氏墓域에 안장(安葬)하였다.
여나(女挐)의 사망일은 원화(元和) 14년(819) 2월 2일이고, 여나(女挐)의 무덤을 파 가지고 돌아온 날은 장경(長慶) 3년(822) 10월 4일이고, 여나(女挐)를 안장(安葬)한 날은 11월 11일이다.
명(銘)은 다음과 같다.","5년 뒤에 내가 경조윤(京兆尹)이 되자, 비로소 자제 및 그 유모［姆］에게 명하여 관(棺)‧금(衾)을 바꾸게 하고서 여나(女挐)의 유골을 운반해 와서 하남(河南) 하양(河陽)의 韓氏墓域에 안장(安葬)하였다.
여나(女挐)의 사망일은 원화(元和) 14년(819) 2월 2일이고, 여나(女挐)의 무덤을 파 가지고 돌아온 날은 장경(長慶) 3년(822) 10월 4일이고, 여나(女挐)를 안장(安葬)한 날은 11월 11일이다.
명(銘)은 다음과 같다. "
5,당시삼백수1,83,whitespace_only,1,6,〈진장보를 전송하며〉 이기 사월에 남풍 부니 보리는 누렇게 익는데 대추 꽃 아직 떨어지지 않고 오동나무 그늘은 짙다 청산은 아침에 이별해도 저녁이면 다시 보리니 말이 울자 문을 나서며 고향을 그리워하네 진후(陳侯)는 사람됨이 어찌 그리 넓고 큰가 규룡의 수염 호랑이 눈썹에 넓은 이마로다 뱃속에 만권의 책 쌓아 두었으니 초야에서 고개 숙이고 있지는 못하리라 동문에서 술을 사 우리들에게 마시게 하던 때 마음으로 세상일 홍모처럼 가볍게 여겼지 취해서 누우면 해가 지는지 알지 못했고 때때로 그저 높이 뜬 외로운 구름 바라보았네 황하의 물결이 검은 하늘에 닿아 나루에 배가 멈춰 건널 수 없으니 정(鄭)나라의 나그네가 집에 이르지 못할까 낙양의 나그네는 공연히 탄식을 하네 듣자하니 고향에 친구가 많다 하는데 어제 벼슬 그만 둔 그대를 어찌 대할지,"〈진장보를 전송하며〉
이기
사월에 남풍 부니 보리는 누렇게 익는데 대추 꽃 아직 떨어지지 않고 오동나무 그늘은 짙다 청산은 아침에 이별해도 저녁이면 다시 보리니 말이 울자 문을 나서며 고향을 그리워하네
진후(陳侯)는 사람됨이 어찌 그리 넓고 큰가 규룡의 수염 호랑이 눈썹에 넓은 이마로다 뱃속에 만권의 책 쌓아 두었으니 초야에서 고개 숙이고 있지는 못하리라
동문에서 술을 사 우리들에게 마시게 하던 때 마음으로 세상일 홍모처럼 가볍게 여겼지 취해서 누우면 해가 지는지 알지 못했고 때때로 그저 높이 뜬 외로운 구름 바라보았네
황하의 물결이 검은 하늘에 닿아 나루에 배가 멈춰 건널 수 없으니 정(鄭)나라의 나그네가 집에 이르지 못할까 낙양의 나그네는 공연히 탄식을 하네 듣자하니 고향에 친구가 많다 하는데 어제 벼슬 그만 둔 그대를 어찌 대할지"
5,당시삼백수2,99,whitespace_only,1,9,〈객사(客舍)에서 친구와 우연히 만나다〉 대숙륜 가을 하늘 달은 또 둥글었는데 도성에는 밤이 천 겹이로구나 강남에서처럼 여기서 다시 만나니 도리어 꿈속에서 만나는 듯 가지에 바람 불어 밤 까치를 놀래키고 이슬 맺힌 풀잎에서 가을 벌레가 흐느낀다 나그네 된 우리 오래도록 취해야 하리 서로 머물고 싶은데 새벽 종소리가 두렵구나 〈이단공(李端公)에게〉 노륜 옛 관문에 시든 풀 널리 널려 있고 이별을 하자니 너무 슬프구나 길은 찬 구름 밖으로 나 있는데 나는 눈 내리는 저녁에야 돌아온다 어려서 아버지 잃고 일찍 떠돌아 어려운 일 많았는데 그대를 늦게 알게 되었지 얼굴 감싸 울며 그저 그대 떠난 곳 바라볼 뿐 풍진 세상 어느 곳에서 또 만나리 〈외사촌 동생을 반갑게 보고 다시 이별을 고하다〉 이익 십 년간 전란으로 떠돈 뒤 장성하여 한 번 만나보니 처음 볼 때 성을 묻고 놀랐는데 이름을 말하니 옛 얼굴이 떠오른다 이별 이후 상전벽해와 같은 지난 일 이야기가 끝날 즈음 저녁 종이 울린다 내일이면 파릉(巴陵)으로 길을 떠난다 하니 가을 산은 또 몇 겹이나 막혀 있을까,"〈객사(客舍)에서 친구와 우연히 만나다〉
대숙륜
가을 하늘 달은 또 둥글었는데 도성에는 밤이 천 겹이로구나 강남에서처럼 여기서 다시 만나니 도리어 꿈속에서 만나는 듯 가지에 바람 불어 밤 까치를 놀래키고 이슬 맺힌 풀잎에서 가을 벌레가 흐느낀다 나그네 된 우리 오래도록 취해야 하리 서로 머물고 싶은데 새벽 종소리가 두렵구나
〈이단공(李端公)에게〉
노륜
옛 관문에 시든 풀 널리 널려 있고 이별을 하자니 너무 슬프구나 길은 찬 구름 밖으로 나 있는데 나는 눈 내리는 저녁에야 돌아온다 어려서 아버지 잃고 일찍 떠돌아 어려운 일 많았는데 그대를 늦게 알게 되었지 얼굴 감싸 울며 그저 그대 떠난 곳 바라볼 뿐 풍진 세상 어느 곳에서 또 만나리
〈외사촌 동생을 반갑게 보고 다시 이별을 고하다〉
이익
십 년간 전란으로 떠돈 뒤 장성하여 한 번 만나보니 처음 볼 때 성을 묻고 놀랐는데 이름을 말하니 옛 얼굴이 떠오른다 이별 이후 상전벽해와 같은 지난 일 이야기가 끝날 즈음 저녁 종이 울린다 내일이면 파릉(巴陵)으로 길을 떠난다 하니 가을 산은 또 몇 겹이나 막혀 있을까"
5,당시삼백수2,184,whitespace_only,38,39,"〈영회고적(詠懷古跡)〉 5수는 각각 하나의 고적(古迹)을 읊었다.
제1수는 고적을 설명하지 않았지만 아마도 유신(庾信)의 집일 것이다.
고적을 빌려 회포를 읊은 것이요, 고적만을 읊은 것이 아니다.
첫 번째 수는 촉(蜀)으로부터 말을 시작했으니, 중원(中原)은 모두 동북(東北)이요, ‘지리(支離)’는 찢겨져 나뉘었다는 것과 같은 말이니 어디에도 속하지 않았다는 뜻이다.
공(公)(두보(杜甫))은 무협에서 서각(西閣)에 거처하였다.
그래서 ‘삼협루대(三峽樓臺)’라고 한 것이며, ‘엄일월(淹日月)’은 체류하는 시간이 길다는 뜻이다.
‘오계의복(五溪衣服)’은 좌임(左袵)과 같은 말이며, ‘공운산(共雲山)’은 동거(同居)를 의미한다.
‘갈호(羯胡)’를 말함으로써 그가 표박(漂泊)하는 까닭을 소급한 것이다.
공은 여기서 자칭 ‘사객(詞客)’이라 하였는데, 대개 스스로를 유신(庾信)에 비유하여 다음 구(句)의 내용을 먼저 이끌어낸 것이며, 자신이 시대를 슬퍼하는 것을 유신이 강남(江南)을 슬퍼한 것에 비기고 있다.
형주(荊州)에 유신(庾信)의 집이 있으니 ‘강관(江關)’은 바로 그곳을 지칭한다.
공은 스스로 쓸쓸해하며 시(詩)를 빌려 성령(性靈)을 도야하였고, 유신(庾信)을 빌려 자신의 회포를 노래하였다.
이것은 회포를 읊은 시로 고적(古跡)과는 관련이 없으며, 아래의 시 네 수와도 관련이 없다.
시 전체는 ‘표박서남(漂泊西南)’으로 주구(主句)를 삼았으며, 수구(首句)에서 그 이유를 미루어 말하였다. 3‧4구는 떠돌아다니는 것을 읊었으며 5‧6구는 유수대(流水對)로 수미(首尾)가 쌍관(雙關)된다.
‘종무뢰(終無賴)’를 통해 ‘지리(支離)’라는 말의 뜻을 펼쳤고, ‘차미환(且未還)’을 통해 ‘소슬(蕭瑟)’의 뜻을 일으켰다.
마지막 구에서는 유신(庾信)의 마음으로써 자기의 마음을 비유하였으니, 자산(子山)(유신(庾信))이 곧 자미(子美)(두보(杜甫))인 것이다.
두보의 다른 오시류(五詩類)를 통해 예전의 논설을 살펴보건대 이 열(說)들은 전혀 안목이 없다.
《두억(杜臆)》에서는 시의 첫 장(章)이 같은 부류가 아니라고 의심하면서 마침내 다섯 수의 총서(總序)로 삼았으니, 그 말이 맞는 듯하지만 틀렸다.
〈영회고적(詠懷古跡)〉 5수는 사람은 각자 그 사람을 읊었고 일은 각자 그 일을 읊어서 〈제장(諸將)〉 5수(首)와 똑같은 종류인데, 〈제장(諸將)〉에만 어떻게 서문(序文)이 없단 말인가.
또 이미 서문이라 말하고 그 고적(古跡)은 유신의 집이라고 말하여 시 한 편에서 두 가지 의미를 썼으니 이것이 무슨 체재인가.
또 시 가운데 유신만을 말하고 그의 집은 말하지 않았으며 집은 또 형주(荊州)에 있는데 공(公)(두보(杜甫)) 자신은 아직 형주에 도착하지 않았으니 어떻게 시를 이와 같이 읊을 수 있는가.
스스로도 적확하지 않다는 것을 알았기 때문에 장차 강릉(江陵)에 도착할 것이라고 말하였으니 어긋남이 매우 심하다.
고신(顧辰)의 경우에는 자기 회포를 통해 고적을 느꼈다고 말하고, 황생(黃生)의 경우에는 고적을 통해 스스로의 감회를 읊었다고 하였으니, 모두 가슴속에서 본장(本章)에 구애되어 벗어나지 못해서 사족을 붙이는 지경에까지 이른 것이다.
나는 다만 시의(詩意)와 시법(詩法)으로 판단한 것뿐인데 세상에서는 혹 그 말을 허황된 것으로 보지 않기도 한다.
첫 장의 ‘영회(詠懷)’는 유신(庾信)으로 자신을 빗대었다.
위의 4구(句)는 떠도는 생활의 경황(景況)을 서술하였고, 아래의 4구(句)는 떠도는 생활의 감회(感懷)를 서술하였다.
5‧6구는 주빈(主賓)이 쌍관(雙關)하니 대개 안녹산이 당(唐)을 배반한 것은 후경(侯景)이 양(梁)을 배반한 것과 같다.
공(公)(두보(杜甫))이 고국(故國)을 그리워함은 유신이 강남(江南)을 슬퍼하는 것과 같다.
첫 장에서 유신(庾信)을 선택한 것은 자서(自敍)의 성격을 띠고 있는 것일 뿐이다.
혹은 유신이 일찍이 강릉에 있는 송옥(宋玉)의 고택에 산 적이 있기 때문에 마침내 시 전체를 통틀어 유신을 가리킨 것일 수도 있다.
생각해보면 자산(子山)(유신(庾信))이 양(梁)에서 주(周)로 사신을 갔다가 억류되어 돌아오지 못했던바, 삼협오계(三峽五溪)에는 그 종적이 닿지 않았으니 견강부회(牽强附會)하는 것은 부당하다.
〈영회고적(詠懷古跡)〉 5수는 고적(古跡)을 빌려 자신의 회포를 읊은 것이다.
유신(庾信)은 난리를 피해 건강(建康)에서 강릉(江陵)으로 갔는데, 비록 촉(蜀) 땅은 아니지만 송옥(宋玉)의 집에 살게 되었다.
공(公)(두보(杜甫))이 떠돌아다니게 된 것도 이와 비슷하다.
그래서 그 일을 빌려 발단(發端)으로 삼은 것이다.
그 다음에는 송옥(宋玉)을 읊으면서 문장(文章)을 가지고 동조상련(同調相憐)하였고, 명비(明妃)를 읊어 높은 재주를 지녔으면서도 만나는 바가 기구함을 개탄하였으며, 선주(先主)와 제갈무후(諸葛武侯)의 경우에는 군신(君臣)의 사이에 느끼는 바를 담았다.
혹자는 시의 첫 수가 고적(古跡)과 맞지 않으니 그것을 잘라서 별도의 한 장(章)으로 해야 하지 않을까 하는데, 얼마나 고루한 생각인가.
다섯 수의 시는 고적(古跡)을 읊으면서 곧 회포를 읊은 것이니, 한 면만으로도 마땅히 양면을 다 보아야 할 것이다.
그 근원은 태충(太沖)(좌사(左思))의 영사(詠史)로부터 나왔다.","〈영회고적(詠懷古跡)〉 5수는 각각 하나의 고적(古迹)을 읊었다.
제1수는 고적을 설명하지 않았지만 아마도 유신(庾信)의 집일 것이다.
고적을 빌려 회포를 읊은 것이요, 고적만을 읊은 것이 아니다.
첫 번째 수는 촉(蜀)으로부터 말을 시작했으니, 중원(中原)은 모두 동북(東北)이요, ‘지리(支離)’는 찢겨져 나뉘었다는 것과 같은 말이니 어디에도 속하지 않았다는 뜻이다.
공(公)(두보(杜甫))은 무협에서 서각(西閣)에 거처하였다.
그래서 ‘삼협루대(三峽樓臺)’라고 한 것이며, ‘엄일월(淹日月)’은 체류하는 시간이 길다는 뜻이다.
‘오계의복(五溪衣服)’은 좌임(左袵)과 같은 말이며, ‘공운산(共雲山)’은 동거(同居)를 의미한다.
‘갈호(羯胡)’를 말함으로써 그가 표박(漂泊)하는 까닭을 소급한 것이다.
공은 여기서 자칭 ‘사객(詞客)’이라 하였는데, 대개 스스로를 유신(庾信)에 비유하여 다음 구(句)의 내용을 먼저 이끌어낸 것이며, 자신이 시대를 슬퍼하는 것을 유신이 강남(江南)을 슬퍼한 것에 비기고 있다.
형주(荊州)에 유신(庾信)의 집이 있으니 ‘강관(江關)’은 바로 그곳을 지칭한다.
공은 스스로 쓸쓸해하며 시(詩)를 빌려 성령(性靈)을 도야하였고, 유신(庾信)을 빌려 자신의 회포를 노래하였다.
이것은 회포를 읊은 시로 고적(古跡)과는 관련이 없으며, 아래의 시 네 수와도 관련이 없다.
시 전체는 ‘표박서남(漂泊西南)’으로 주구(主句)를 삼았으며, 수구(首句)에서 그 이유를 미루어 말하였다.
3‧4구는 떠돌아다니는 것을 읊었으며 5‧6구는 유수대(流水對)로 수미(首尾)가 쌍관(雙關)된다.
‘종무뢰(終無賴)’를 통해 ‘지리(支離)’라는 말의 뜻을 펼쳤고, ‘차미환(且未還)’을 통해 ‘소슬(蕭瑟)’의 뜻을 일으켰다.
마지막 구에서는 유신(庾信)의 마음으로써 자기의 마음을 비유하였으니, 자산(子山)(유신(庾信))이 곧 자미(子美)(두보(杜甫))인 것이다.
두보의 다른 오시류(五詩類)를 통해 예전의 논설을 살펴보건대 이 열(說)들은 전혀 안목이 없다.
《두억(杜臆)》에서는 시의 첫 장(章)이 같은 부류가 아니라고 의심하면서 마침내 다섯 수의 총서(總序)로 삼았으니, 그 말이 맞는 듯하지만 틀렸다.
〈영회고적(詠懷古跡)〉 5수는 사람은 각자 그 사람을 읊었고 일은 각자 그 일을 읊어서 〈제장(諸將)〉 5수(首)와 똑같은 종류인데, 〈제장(諸將)〉에만 어떻게 서문(序文)이 없단 말인가.
또 이미 서문이라 말하고 그 고적(古跡)은 유신의 집이라고 말하여 시 한 편에서 두 가지 의미를 썼으니 이것이 무슨 체재인가.
또 시 가운데 유신만을 말하고 그의 집은 말하지 않았으며 집은 또 형주(荊州)에 있는데 공(公)(두보(杜甫)) 자신은 아직 형주에 도착하지 않았으니 어떻게 시를 이와 같이 읊을 수 있는가.
스스로도 적확하지 않다는 것을 알았기 때문에 장차 강릉(江陵)에 도착할 것이라고 말하였으니 어긋남이 매우 심하다.
고신(顧辰)의 경우에는 자기 회포를 통해 고적을 느꼈다고 말하고, 황생(黃生)의 경우에는 고적을 통해 스스로의 감회를 읊었다고 하였으니, 모두 가슴속에서 본장(本章)에 구애되어 벗어나지 못해서 사족을 붙이는 지경에까지 이른 것이다.
나는 다만 시의(詩意)와 시법(詩法)으로 판단한 것뿐인데 세상에서는 혹 그 말을 허황된 것으로 보지 않기도 한다.
첫 장의 ‘영회(詠懷)’는 유신(庾信)으로 자신을 빗대었다.
위의 4구(句)는 떠도는 생활의 경황(景況)을 서술하였고, 아래의 4구(句)는 떠도는 생활의 감회(感懷)를 서술하였다.
5‧6구는 주빈(主賓)이 쌍관(雙關)하니 대개 안녹산이 당(唐)을 배반한 것은 후경(侯景)이 양(梁)을 배반한 것과 같다.
공(公)(두보(杜甫))이 고국(故國)을 그리워함은 유신이 강남(江南)을 슬퍼하는 것과 같다.
첫 장에서 유신(庾信)을 선택한 것은 자서(自敍)의 성격을 띠고 있는 것일 뿐이다.
혹은 유신이 일찍이 강릉에 있는 송옥(宋玉)의 고택에 산 적이 있기 때문에 마침내 시 전체를 통틀어 유신을 가리킨 것일 수도 있다.
생각해보면 자산(子山)(유신(庾信))이 양(梁)에서 주(周)로 사신을 갔다가 억류되어 돌아오지 못했던바, 삼협오계(三峽五溪)에는 그 종적이 닿지 않았으니 견강부회(牽强附會)하는 것은 부당하다.
〈영회고적(詠懷古跡)〉 5수는 고적(古跡)을 빌려 자신의 회포를 읊은 것이다.
유신(庾信)은 난리를 피해 건강(建康)에서 강릉(江陵)으로 갔는데, 비록 촉(蜀) 땅은 아니지만 송옥(宋玉)의 집에 살게 되었다.
공(公)(두보(杜甫))이 떠돌아다니게 된 것도 이와 비슷하다.
그래서 그 일을 빌려 발단(發端)으로 삼은 것이다.
그 다음에는 송옥(宋玉)을 읊으면서 문장(文章)을 가지고 동조상련(同調相憐)하였고, 명비(明妃)를 읊어 높은 재주를 지녔으면서도 만나는 바가 기구함을 개탄하였으며, 선주(先主)와 제갈무후(諸葛武侯)의 경우에는 군신(君臣)의 사이에 느끼는 바를 담았다.
혹자는 시의 첫 수가 고적(古跡)과 맞지 않으니 그것을 잘라서 별도의 한 장(章)으로 해야 하지 않을까 하는데, 얼마나 고루한 생각인가.
다섯 수의 시는 고적(古跡)을 읊으면서 곧 회포를 읊은 것이니, 한 면만으로도 마땅히 양면을 다 보아야 할 것이다.
그 근원은 태충(太沖)(좌사(左思))의 영사(詠史)로부터 나왔다."
5,당시삼백수3,15,whitespace_only,1,3,〈건덕강에서 투숙하며〉 맹호연 배를 옮겨 안개 낀 모래톱에 대니 날 저물어 나그네의 수심이 새롭다 들은 넓어 하늘은 나무에 나직하고 강은 맑아 달이 사람과 가깝구나,"〈건덕강에서 투숙하며〉
맹호연
배를 옮겨 안개 낀 모래톱에 대니 날 저물어 나그네의 수심이 새롭다 들은 넓어 하늘은 나무에 나직하고 강은 맑아 달이 사람과 가깝구나"
5,당시삼백수3,141,whitespace_only,1,3,〈수나라 궁전〉 이상은 임금이 탄 수레 강남에 노닐어도 경계 엄하지 않으니 구중궁궐에 누가 있어 상소문을 살필까 봄바람 일 때 온 나라는 궁궐 비단 마름질해 절반은 안장 깔개로 절반은 비단 돛을 만든다네,"〈수나라 궁전〉
이상은
임금이 탄 수레 강남에 노닐어도 경계 엄하지 않으니 구중궁궐에 누가 있어 상소문을 살필까 봄바람 일 때 온 나라는 궁궐 비단 마름질해 절반은 안장 깔개로 절반은 비단 돛을 만든다네"
5,예기집설대전2,63,whitespace_only,4,3,"부모의 상(喪)은 귀천(貴賤)에 차이가 없으니, 이것이 천자(天子)로부터 〈서인(庶人)에 이르기까지〉 공통된 이유이다.
장막으로 말할 것 같으면 천자는 흰 명주를 사용하고, 제후(諸侯)는 삼베를 사용하니,
목공(穆公)이 진실로 예(禮)를 행하고자 했다면 이른바 ‘귀천(貴賤)이 똑같은 경우’에는 진실로 똑같이 하는 것이 마땅하고, 이른바 ‘천자와 제후가 다른 경우’에는 진실로 달리 하는 것이 마땅하니, 이 두 마디로 상례(喪禮)를 다 말한 것이다.
또 예문(禮文)의 제도에 대하여 증신(曾申)이 유독 장막만을 거론하고 그 외의 것은 거론하지 않았으니, 나머지는 이것을 미루어 알 수 있다.","부모의 상(喪)은 귀천(貴賤)에 차이가 없으니, 이것이 천자(天子)로부터 〈서인(庶人)에 이르기까지〉 공통된 이유이다.
장막으로 말할 것 같으면 천자는 흰 명주를 사용하고, 제후(諸侯)는 삼베를 사용하니, 목공(穆公)이 진실로 예(禮)를 행하고자 했다면 이른바 ‘귀천(貴賤)이 똑같은 경우’에는 진실로 똑같이 하는 것이 마땅하고, 이른바 ‘천자와 제후가 다른 경우’에는 진실로 달리 하는 것이 마땅하니, 이 두 마디로 상례(喪禮)를 다 말한 것이다.
또 예문(禮文)의 제도에 대하여 증신(曾申)이 유독 장막만을 거론하고 그 외의 것은 거론하지 않았으니, 나머지는 이것을 미루어 알 수 있다."
5,예기집설대전2,255,whitespace_only,7,7,"자류(子柳)의 어머니가 죽자 자석(子碩)이 상사(喪事)의 기물을 마련할 것을 청하였다.
자류(子柳)가 말하기를 “〈재물이 없는데〉 무엇을 가지고 하겠느냐? ”라고 하자, 자석이 말하기를 “청컨대 서제(庶弟)의 어머니를 팝시다. ”라고 하였다.
자류가 말하기를 “어떻게 남의 어머니를 팔아서 자기의 어머니를 장사(葬事)지낼 수 있겠느냐?
안 될 말이다. ”라고 하였다.
이미 장사를 지내고 나서 자석이 부의(賻儀)로 들어온 재물 중에 남은 것을 가지고 제기(祭器)를 장만하려고 하자, 자류가 말하였다.
“안 된다.
내 듣자하니 군자는 상사(喪事)로 인해 생긴 재화로 집안을 이롭게 하지 않는다고 하니, 여러 형제들 중에 가난한 자에게 나누어주도록 하자. ”","자류(子柳)의 어머니가 죽자 자석(子碩)이 상사(喪事)의 기물을 마련할 것을 청하였다.
자류(子柳)가 말하기를 “〈재물이 없는데〉 무엇을 가지고 하겠느냐? ”라고 하자, 
자석이 말하기를 “청컨대 서제(庶弟)의 어머니를 팝시다. ”라고 하였다. 
자류가 말하기를 “어떻게 남의 어머니를 팔아서 자기의 어머니를 장사(葬事)지낼 수 있겠느냐?
안 될 말이다. ”라고 하였다.
이미 장사를 지내고 나서 자석이 부의(賻儀)로 들어온 재물 중에 남은 것을 가지고 제기(祭器)를 장만하려고 하자,  자류가 말하였다. “안 된다.
내 듣자하니 군자는 상사(喪事)로 인해 생긴 재화로 집안을 이롭게 하지 않는다고 하니,  여러 형제들 중에 가난한 자에게 나누어주도록 하자. ”"
5,자치통감강목1,153,whitespace_only,4,3,"무릇 ‘취국(就國)(자기 본국으로 나아감)’과 ‘폄(貶)’, ‘좌천(左遷)’은 또한 파면(罷免)의 범례(凡例)에 따랐다.
세 등급으로 나누어 죄(罪)가 의심스러우면 성명(姓名)을 위에 두었고, 죄(罪)가 드러나면 ‘유죄(有罪)’ 2자를 추가하였고, 무죄(無罪)면 “모인(某人)을 보내어 자기 본국(本國)에 나아가게 하였다. ”
, “모관(某官) 모(某)를 폄직(貶職)시켜 모관(某官)으로 삼았다. ”
, “모(某)를 좌천시켜 모관(某官)으로 삼았다. ”라 하였다.","무릇 ‘취국(就國)(자기 본국으로 나아감)’과 ‘폄(貶)’, ‘좌천(左遷)’은 또한 파면(罷免)의 범례(凡例)에 따랐다.
세 등급으로 나누어 죄(罪)가 의심스러우면 성명(姓名)을 위에 두었고, 죄(罪)가 드러나면 ‘유죄(有罪)’ 2자를 추가하였고, 무죄(無罪)면 “모인(某人)을 보내어 자기 본국(本國)에 나아가게 하였다. ”,
“모관(某官) 모(某)를 폄직(貶職)시켜 모관(某官)으로 삼았다. ”, “모(某)를 좌천시켜 모관(某官)으로 삼았다. ”라 하였다."
5,자치통감강목2,294,whitespace_only,7,8,"항량(項梁)이 재차 진(秦)나라 군대를 격파하고는 더욱더 진(秦)나라 군대를 경시하여 교만한 기색이 있었다.
이에 송의(宋義)가 간하여 말하기를, “전투에 이겼다고 하더라도 장수가 교만해지고 사졸이 나태해질 경우에는 패하는 법입니다.
지금 병졸들이 조금 나태해졌는데, 진(秦)나라의 군사는 날로 불어나고 있으니, 신은 그대를 위하여 이를 두려워합니다. ”라고 하였으나, 항량이 듣지 않았다.
이세황제(二世皇帝)가 모든 군사를 일으켜 장한(章邯)에게 주어 초(楚)나라 군대를 치게 해서 정도(定陶)에서 크게 격파하였는데, 이때 항량이 죽었다.
초(楚) 회왕(懷王)이 팽성(彭城)으로 도읍을 옮기고는 항우(項羽)와 여신(呂臣)의 군사를 아울러서 직접 거느렸다.
그러고는 항우(項羽)를 노공(魯公)이라고 호칭하였다.
≪자치통감(資治通鑑)≫에 이르기를, “항량(項梁)이 이미 동아(東阿)에서 장한(章邯)을 격파하고 군사를 이끌고 서쪽으로 와서 정도(定陶)에 이르러 재차 진(秦)나라 군사를 격파하였다. ”라고 하였다.","항량(項梁)이 재차 진(秦)나라 군대를 격파하고는 더욱더 진(秦)나라 군대를 경시하여 교만한 기색이 있었다.
이에 송의(宋義)가 간하여 말하기를, “전투에 이겼다고 하더라도 장수가 교만해지고 사졸이 나태해질 경우에는
패하는 법입니다.
지금 병졸들이 조금 나태해졌는데, 진(秦)나라의 군사는 날로 불어나고 있으니, 신은 그대를 위하여 이를 두려워합니다. ”라고 하였으나, 항량이 듣지 않았다.
이세황제(二世皇帝)가 모든 군사를 일으켜 장한(章邯)에게 주어 초(楚)나라 군대를 치게 해서 정도(定陶)에서 크게 격파하였는데, 이때 항량이 죽었다.
초(楚) 회왕(懷王)이 팽성(彭城)으로 도읍을 옮기고는 항우(項羽)와 여신(呂臣)의 군사를 아울러서 직접 거느렸다.
그러고는 항우(項羽)를 노공(魯公)이라고 호칭하였다.
≪자치통감(資治通鑑)≫에 이르기를, “항량(項梁)이 이미 동아(東阿)에서 장한(章邯)을 격파하고 군사를 이끌고 서쪽으로 와서 정도(定陶)에 이르러 재차 진(秦)나라 군사를 격파하였다. ”라고 하였다."
5,자치통감강목2,468,whitespace_only,22,21,"아직 출발하지 않았는데 장량(張良)이 와서 알현하거늘, 왕이 한창 밥을 먹다가 전후의 내용을 장량한테 말하였다.
장량이 말하기를 “제가 청컨대 앞의 젓가락을 빌려서 대왕을 위하여 설명을 드리겠습니다.
옛날에 탕(湯)임금과 무왕(武王)이 걸(桀)과 주(紂)의 후예를 봉한 것은 능히 그들의 생사(生死)를 제어할 수 있다는 것을 헤아렸기 때문입니다.
지금 대왕이 능히 항적(項籍)의 생사를 제어할 수 있습니까?
무왕이 은(殷)나라에 들어가서 곡식을 내고 돈을 풀었으며, 전차를 세우고 수레를 탔습니다.
그리고 전쟁에 동원하는 소와 말들을 방목하여 다시는 사용하지 않겠다는 뜻을 보였는데 지금 대왕께서 능히 그렇게 하실 수 있습니까?
천하의 유세하는 선비들이 자신의 친척을 떠나고 조상의 분묘를 버리면서 대왕을 따르는 것은 한갓 한 뼘의 땅이라도 받으려는 기대 때문인데, 지금 다시 육국(六國)의 후예를 세우시면 유세하는 선비들이 각각 돌아가 자기 나라 임금을 섬길 것이니, 대왕께서는 누구와 더불어 천하를 취하시겠습니까?
저 초(楚)나라를 오직 강성하지 않도록 해야 하는데, 초(楚)나라가 강성해지면 육국(六國)이 다시 약해져서 초(楚)나라를 따르게 될 것이니, 그러면 대왕께서 어떻게 그들을 신하로 삼을 수 있겠습니까?
진실로 세객(說客)의 계책을 채용하신다면 대사가 틀어질 것입니다. ”라고 하였다.
한왕(漢王)이 식사를 하다가 말고 입속에 든 음식을 뱉고 말하기를 “못난 선비가 하마터면 너의 어른의 일(내 일)을 망쳐먹을 뻔했구나. ”라고 하며, 빨리 인장을 녹여버리라고 명하였다.
식사에 쓰고 있는 젓가락을 빌려서 손가락으로 가리켜 뜻을 설명할 때 쓸 것을 요청한 것이다.
혁(革)은 전차이고, 헌(軒)은 주헌(朱軒)이나 피헌(皮軒)이다.
〈“언혁위헌(偃革爲軒)(전차를 세우고 수레를 탔다.
)”은〉 전쟁에 쓰는 수레를 폐지하고 평시에 타는 수레를 사용하며 무장을 해제하고 예악으로 다스리는 것을 말한다.
지(咫)는 음이 지(紙)인데 8치를 지(咫)라고 한다.
요(撓)는 약하다는 뜻이다.
오직 마땅히 초(楚)나라로 하여금 강성하지 못하게 해야 하니, 초(楚)나라가 강성해지면 육국(六國)이 약해져서 초(楚)나라를 따르게 된다.
일설에는 “현재 오직 초(楚)나라가 강대하고 강한 나라가 없으니, 만약 육국(六國)을 다시 세운다면 육국(六國)이 모두 약해져서 초나라를 따르게 될 것이다. ”라고 하였다.
철(輟)은 그친다는 뜻이다.
포(哺)는 음이 보(步)이니 입속에 머금고 있는 음식이다.
이(而)는 너이다.
“이공(而公)(너의 어른)”은 한왕(漢王)이 스스로를 높여서 한 말이다.","아직 출발하지 않았는데 장량(張良)이 와서 알현하거늘, 왕이 한창 밥을 먹다가 전후의 내용을 장량한테 말하였다.
장량이 말하기를 “제가 청컨대 앞의 젓가락을 빌려서 대왕을 위하여 설명을 드리겠습니다.
옛날에 탕(湯)임금과 무왕(武王)이 걸(桀)과 주(紂)의 후예를 봉한 것은 능히 그들의 생사(生死)를 제어할 수 있다는 것을 헤아렸기 때문입니다.
지금 대왕이 능히 항적(項籍)의 생사를 제어할 수 있습니까?
무왕이 은(殷)나라에 들어가서 곡식을 내고 돈을 풀었으며, 전차를 세우고 수레를 탔습니다.
그리고 전쟁에 동원하는 소와 말들을 방목하여 다시는 사용하지 않겠다는 뜻을 보였는데 지금 대왕께서 능히 그렇게 하실 수 있습니까?
천하의 유세하는 선비들이 자신의 친척을 떠나고 조상의 분묘를 버리면서 대왕을 따르는 것은 한갓 한 뼘의 땅이라도 받으려는 기대 때문인데, 지금 다시 육국(六國)의 후예를 세우시면 유세하는 선비들이 각각 돌아가 자기 나라 임금을 섬길 것이니, 대왕께서는 누구와 더불어 천하를 취하시겠습니까?
저 초(楚)나라를 오직 강성하지 않도록 해야 하는데, 초(楚)나라가 강성해지면 육국(六國)이 다시 약해져서 초(楚)나라를 따르게 될 것이니, 그러면 대왕께서 어떻게 그들을 신하로 삼을 수 있겠습니까?
진실로 세객(說客)의 계책을 채용하신다면 대사가 틀어질 것입니다. ”라고 하였다.
한왕(漢王)이 식사를 하다가 말고 입속에 든 음식을 뱉고 말하기를 “못난 선비가 하마터면 너의 어른의 일(내 일)을 망쳐먹을 뻔했구나. ”라고 하며, 빨리 인장을 녹여버리라고 명하였다.
식사에 쓰고 있는 젓가락을 빌려서 손가락으로 가리켜 뜻을 설명할 때 쓸 것을 요청한 것이다.
혁(革)은 전차이고, 헌(軒)은 주헌(朱軒)이나 피헌(皮軒)이다.
〈“언혁위헌(偃革爲軒)(전차를 세우고 수레를 탔다. )”은〉 전쟁에 쓰는 수레를 폐지하고 평시에 타는 수레를 사용하며 무장을 해제하고 예악으로 다스리는 것을 말한다.
지(咫)는 음이 지(紙)인데 8치를 지(咫)라고 한다.
요(撓)는 약하다는 뜻이다.
오직 마땅히 초(楚)나라로 하여금 강성하지 못하게 해야 하니, 초(楚)나라가 강성해지면 육국(六國)이 약해져서 초(楚)나라를 따르게 된다.
일설에는 “현재 오직 초(楚)나라가 강대하고 강한 나라가 없으니, 만약 육국(六國)을 다시 세운다면 육국(六國)이 모두 약해져서 초나라를 따르게 될 것이다. ”라고 하였다.
철(輟)은 그친다는 뜻이다.
포(哺)는 음이 보(步)이니 입속에 머금고 있는 음식이다.
이(而)는 너이다.
“이공(而公)(너의 어른)”은 한왕(漢王)이 스스로를 높여서 한 말이다."
5,자치통감강목3,443,whitespace_only,8,8,"주옥(珠玉)과 금은(金銀)은 굶주려도 먹을 수 없고 추워도 입을 수 없으나 그런데도 사람들이 귀하게 여기는 이유는 위에서 이것을 사용하기 때문입니다.
이러한 물건들은 가볍고 작아 보관하기가 쉬워서 손에 갖고 있으면 해내(海內)를 두루 돌아다녀도 굶주리고 추울 근심이 없으니, 이것이 신하들로 하여금 군주를 가볍게 배반하게 하고, 백성들로 하여금 자신의 고향을 쉽게 떠나게 하며, 도적들로 하여금 도둑질을 권장하게 하고 도망자들로 하여금 가벼운 재화를 얻게 하는 것입니다.
곡식과 쌀, 삼베와 비단은 땅에서 생산되고 오랜 시간이 걸려서 자라며 많은 사람들의 힘이 축적된 것이어서 하루아침에 갑자기 이루어지는 것이 아니요,
무게가 여러 석(石)이 되어 보통 사람들은 들 수가 없어서 간사한 자들이 이롭게 여길 수가 없으나 단 하루라도 이것을 얻지 못하면 굶주림과 추위가 뒤따르니, 이 때문에 현명한 군주는 오곡(五穀)을 귀하게 여기고 금옥(金玉)을 천하게 여기는 것입니다.
이(易)(쉽다)는 거성(去聲)이니 아래도 같다.
주(周)는 두루 놀러 다님을 이른다.
“중인(中人)”은 강자와 약자의 중간에 처한 자(보통 사람)이다.
“불승(不勝)”은 감당하여 들지 못함을 이른다.","주옥(珠玉)과 금은(金銀)은 굶주려도 먹을 수 없고 추워도 입을 수 없으나 그런데도 사람들이 귀하게 여기는 이유는 위에서 이것을 사용하기 때문입니다.
이러한 물건들은 가볍고 작아 보관하기가 쉬워서 손에 갖고 있으면 해내(海內)를 두루 돌아다녀도 굶주리고 추울 근심이 없으니, 이것이 신하들로 하여금 군주를 가볍게 배반하게 하고, 백성들로 하여금 자신의 고향을 쉽게 떠나게 하며, 도적들로 하여금 도둑질을 권장하게 하고 도망자들로 하여금 가벼운 재화를 얻게 하는 것입니다.
곡식과 쌀, 삼베와 비단은 땅에서 생산되고 오랜 시간이 걸려서 자라며 많은 사람들의 힘이 축적된 것이어서 하루아침에 갑자기 이루어지는 것이 아니요, 무게가 여러 석(石)이 되어 보통 사람들은 들 수가 없어서 간사한 자들이 이롭게 여길 수가 없으나 단 하루라도 이것을 얻지 못하면 굶주림과 추위가 뒤따르니,
이 때문에 현명한 군주는 오곡(五穀)을 귀하게 여기고 금옥(金玉)을 천하게 여기는 것입니다.
이(易)(쉽다)는 거성(去聲)이니 아래도 같다.
주(周)는 두루 놀러 다님을 이른다.
“중인(中人)”은 강자와 약자의 중간에 처한 자(보통 사람)이다.
“불승(不勝)”은 감당하여 들지 못함을 이른다."
5,자치통감강목3,455,whitespace_only,15,12,"승상(丞相)과 어사(御史)가 법률을 정할 것을 청하여 아뢰기를 “곤(髡)(머리 깎음)에 해당되는 자는 성단(城旦)과 방아를 찧게 하고, 경(黥)(자자함)과 곤(髡)에 해당되는 자는 재갈을 물려 성단(城旦)과 방아를 찧게 하고,
의(劓)(코를 벰)에 해당되는 자는 태형(笞刑) 300대를 치고, 참좌지(斬左止)(왼발을 벰)에 해당되는 자는 태형(笞刑) 500대를 치고,
참우지(斬右止)(오른발을 벰)와 사람을 죽이고 먼저 자수하여 죄를 면제받은 자와 관리로서 뇌물을 받고 법을 부정하게 적용한 자와 현관(縣官)(국가)의 재물(財物)을 맡고서 도둑질한 죄에 걸린 자를 이미 논죄(論罪)하였는데 다시 태형(笞刑)의 죄를 범하였을 경우에는 모두 기시(棄市)하고,
성단(城旦)과 방아를 찧는 경우에는 각각 복역하는 연수(年數)를 두어서 면죄시켜야 합니다. ” 하니, 제(制)하기를 “좋다. ” 하였다.
“당경곤(當黥髡)”은 ≪한서(漢書)≫ 〈형법지(刑法志)〉에 “경(黥)(자자)에 해당되는 자는 머리를 깎았다. ”라고 되어 있다.
지(止)는 지(趾)와 같으니, 발이다.
오른발을 벰에 해당되는 자는 그 죄가 두 번째로 무겁기 때문에 기시(棄市)를 따른 것이다.
“살인선자고(殺人先自告)”는 사람을 죽이고 먼저 자수하여 죄를 면제받은 자를 이른다.
구(賕)는 음이 구(求)이니 뇌물이다.
“이수구왕법(吏受賕枉法)”은 관리가 뇌물을 받고서 공정한 법을 부정하게 적용함을 이르고, “수현관재물이즉도지(守縣官財物而卽盜之)(현관(縣官)의 재물(財物)을 맡고서 도둑질했다.
)”는 바로 법률에 이른바 ‘맡아서 지키는 자가 스스로 도둑질했다. ’는 것이다.
사람을 죽인 것은 폐해가 심하고, 뇌물을 받는 것과 국가의 물건을 도둑질한 것은 장죄(贓罪)를 지은 더러운 몸이다.
그러므로 이 세 가지 죄는 이미 논죄하는 이름을 입었는데 또다시 태형(笞刑)을 범했으면 또한 모두 기시(棄市)하는 것이다.
성단(城旦)과 방아를 찧게 하는 데 복역한 지 만 3년이 되었으면 귀신(鬼薪)과 백찬(白粲)에 복역하게 하며, 1년 동안 귀신과 백찬에 복역하였으면 노비가 되게 하며, 노비를 1년 동안 하였으면 죄를 면하여 서인(庶人)이 되게 한다.
노비를 한 지 만 2년이 되었으면 사구(司寇)에 복역하게 하고, 1년 동안 사구에 복역하였거나 또는 사구처럼 2년 동안 부역하였으면 모두 죄를 면하여 서인(庶人)이 되게 한다.","승상(丞相)과 어사(御史)가 법률을 정할 것을 청하여 아뢰기를 “곤(髡)(머리 깎음)에 해당되는 자는 성단(城旦)과 방아를 찧게 하고, 경(黥)(자자함)과 곤(髡)에 해당되는 자는 재갈을 물려 성단(城旦)과 방아를 찧게 하고, 의(劓)(코를 벰)에 해당되는 자는 태형(笞刑) 300대를 치고, 참좌지(斬左止)(왼발을 벰)에 해당되는 자는 태형(笞刑) 500대를 치고,
참우지(斬右止)(오른발을 벰)와 사람을 죽이고 먼저 자수하여 죄를 면제받은 자와 관리로서 뇌물을 받고 법을 부정하게 적용한 자와 현관(縣官)(국가)의 재물(財物)을 맡고서 도둑질한 죄에 걸린 자를 이미 논죄(論罪)하였는데 다시 태형(笞刑)의 죄를 범하였을 경우에는 모두 기시(棄市)하고, 성단(城旦)과 방아를 찧는 경우에는 각각 복역하는 연수(年數)를 두어서 면죄시켜야 합니다. ” 하니, 제(制)하기를 “좋다. ” 하였다.
“당경곤(當黥髡)”은 ≪한서(漢書)≫ 〈형법지(刑法志)〉에 “경(黥)(자자)에 해당되는 자는 머리를 깎았다. ”라고 되어 있다.
지(止)는 지(趾)와 같으니, 발이다.
오른발을 벰에 해당되는 자는 그 죄가 두 번째로 무겁기 때문에 기시(棄市)를 따른 것이다.
“살인선자고(殺人先自告)”는 사람을 죽이고 먼저 자수하여 죄를 면제받은 자를 이른다.
구(賕)는 음이 구(求)이니 뇌물이다.
“이수구왕법(吏受賕枉法)”은 관리가 뇌물을 받고서 공정한 법을 부정하게 적용함을 이르고, “수현관재물이즉도지(守縣官財物而卽盜之)(현관(縣官)의 재물(財物)을 맡고서 도둑질했다. )”는 바로 법률에 이른바 ‘맡아서 지키는 자가 스스로 도둑질했다. ’는 것이다.
사람을 죽인 것은 폐해가 심하고, 뇌물을 받는 것과 국가의 물건을 도둑질한 것은 장죄(贓罪)를 지은 더러운 몸이다.
그러므로 이 세 가지 죄는 이미 논죄하는 이름을 입었는데 또다시 태형(笞刑)을 범했으면 또한 모두 기시(棄市)하는 것이다.
성단(城旦)과 방아를 찧게 하는 데 복역한 지 만 3년이 되었으면 귀신(鬼薪)과 백찬(白粲)에 복역하게 하며, 1년 동안 귀신과 백찬에 복역하였으면 노비가 되게 하며, 노비를 1년 동안 하였으면 죄를 면하여 서인(庶人)이 되게 한다.
노비를 한 지 만 2년이 되었으면 사구(司寇)에 복역하게 하고, 1년 동안 사구에 복역하였거나 또는 사구처럼 2년 동안 부역하였으면 모두 죄를 면하여 서인(庶人)이 되게 한다."
5,자치통감강목4,210,whitespace_only,10,9,"상(上)이 사대부(士大夫)들을 초청하고 맞이하여 항상 부족한 듯이 하였다.
그러나 성품이 준엄하여 비록 평소 사랑하고 신임하는 자라도 조금만 법을 범하면 번번이 조사하여 죽이니, 급암(汲黯)이 다음과 같이 간(諫)하였다.
“폐하께서 현자(賢者) 구하기를 매우 수고롭게 하시어, 그 재용(才用)을 다 쓰기도 전에 번번이 죽이셔서 한정이 있는 선비들에게 끝없는 주벌(誅罰)을 행하시니, 신(臣)은 천하(天下)에 어질고 재주 있는 자가 장차 다 없어질까 두렵습니다.
이렇게 되면 폐하께서 누구와 함께 정치를 하시겠습니까? ”
급암이 이 말을 하며 매우 노여워하자, 상(上)이 웃으며 타이르기를 “어느 세상인들 인재가 없겠는가마는 사람들이 그 인재를 알아보지 못하는 것이 걱정일 뿐이다.
또 재주는 유용한 그릇과 같다.
재주가 있는데도 다 쓰려고 하지 않는다면 재주가 없는 것과 똑같으니, 죽이지 않고 무엇하겠는가. ” 하였다.
급암은 말하기를 “신이 비록 말로써 폐하를 굽히지는 못하나 마음속으로는 아직도 폐하께서 잘못하신다고 생각합니다.
바라건대 폐하께서는 지금부터 이것을 고치셔서 신(臣)을 어리석어 이치를 알지 못한다고 여기지 마소서. ”
하였는데, 급암은 오랜 뒤에 법에 걸려 면직되었다.","상(上)이 사대부(士大夫)들을 초청하고 맞이하여 항상 부족한 듯이 하였다.
그러나 성품이 준엄하여 비록 평소 사랑하고 신임하는 자라도 조금만 법을 범하면 번번이 조사하여 죽이니, 급암(汲黯)이 다음과 같이 간(諫)하였다.
“폐하께서 현자(賢者) 구하기를 매우 수고롭게 하시어, 그 재용(才用)을 다 쓰기도 전에 번번이 죽이셔서 한정이 있는 선비들에게 끝없는 주벌(誅罰)을 행하시니, 신(臣)은 천하(天下)에 어질고 재주 있는 자가 장차 다 없어질까 두렵습니다.
이렇게 되면 폐하께서 누구와 함께 정치를 하시겠습니까? ”
급암이 이 말을 하며 매우 노여워하자, 상(上)이 웃으며 타이르기를 “어느 세상인들 인재가 없겠는가마는 사람들이 그 인재를 알아보지 못하는 것이 걱정일 뿐이다.
또 재주는 유용한 그릇과 같다.
재주가 있는데도 다 쓰려고 하지 않는다면 재주가 없는 것과 똑같으니, 죽이지 않고 무엇하겠는가. ” 하였다.
급암은 말하기를 “신이 비록 말로써 폐하를 굽히지는 못하나 마음속으로는 아직도 폐하께서 잘못하신다고 생각합니다.
바라건대 폐하께서는 지금부터 이것을 고치셔서 신(臣)을 어리석어 이치를 알지 못한다고 여기지 마소서. ” 하였는데, 급암은 오랜 뒤에 법에 걸려 면직되었다."
5,자치통감강목6,126,normalization_only,2,2,"“처세(處勢)”는 처한 바의 지세를 이른다.
“방근조고(旁近祖考)”는 초릉(初陵)이 위릉(渭陵)과 가깝고 또 서쪽으로 무릉(茂陵)과도 가까움을 이른다.","“처세(處勢)”는 처한 바의 지세를 이른다.
“방근조고(旁近祖考)”는 초릉(初陵)이 위릉(渭陵)과 가깝고 또 서쪽으로 무릉(茂陵)과도 가까움을 이른다. "
5,자치통감강목6,718,normalization_only,1,1,"부태후(傅太后)가 직접 승상(丞相)과 어사(御史)에게 명하기를 “부희(傅喜)가 아랫사람들에게 부화(附和)하여 편들고 윗사람을 기망해서 사단(師丹)과 합심하여 배반하였으니, 그를 봉국(封國)으로 내보내라. ” 하였다.","부태후(傅太后)가 직접 승상(丞相)과 어사(御史)에게 명하기를 “부희(傅喜)가 아랫사람들에게 부화(附和)하여 편들고 윗사람을 기망해서 사단(師丹)과 합심하여 배반하였으니, 그를 봉국(封國)으로 내보내라. ” 하였다. "
5,자치통감강목6,1290,whitespace_only,3,3,"왕망(王莽)은 어미가 죽었으나, 슬퍼하는 뜻이 없었다.
그리하여 스스로 ‘거섭(居攝)하고 천조(踐祚)하여 한(漢)나라의 대종(大宗)의 뒤를 받든다. ’
하여, 공현군(功顯君)을 위하여 시마(緦麻)로 최변(縗弁)을 만들어 쓰고 삼으로 만든 환질(環絰)을 가해서 천자(天子)가 제후(諸侯)에게 조문하는 복식과 똑같게 하고, 모두 한 번 조문하고 상(喪)에 두 번 참여하였는데, 손자인 신도후(新都侯) 왕종(王宗)을 상주로 삼아 삼년복(三年服)을 입게 하였다.","왕망(王莽)은 어미가 죽었으나, 슬퍼하는 뜻이 없었다.
그리하여 스스로 ‘거섭(居攝)하고 천조(踐祚)하여 한(漢)나라의 대종(大宗)의 뒤를 받든다. ’ 하여, 
공현군(功顯君)을 위하여 시마(緦麻)로 최변(縗弁)을 만들어 쓰고 삼으로 만든 환질(環絰)을 가해서 천자(天子)가 제후(諸侯)에게 조문하는 복식과 똑같게 하고, 모두 한 번 조문하고 상(喪)에 두 번 참여하였는데, 손자인 신도후(新都侯) 왕종(王宗)을 상주로 삼아 삼년복(三年服)을 입게 하였다. "
5,자치통감강목7,703,whitespace_only,3,3,"황제가 장릉(章陵)에 행차하여 원묘(園廟)를 수리하고 구택(舊宅)에 제사하고 옛 토지와 집을 구경하고는 술자리를 베풀고 풍악을 연주하게 한 다음 상(賞)을 하사하니, 이때 종실의 백모(伯母),
고모(姑母)들이 술에 취하여 즐거워하면서 서로 말하기를 “문숙(文叔)(황제의 자(字))이 소싯적에는 근신하고 신실하여 사람들과 친하게 지내지 않고 오직 정직하고 유순할 뿐이었는데, 지금은 이와 같도다. ” 하였다.
황제가 이 말을 듣고 크게 웃으며 말하기를 “나는 천하를 다스릴 때에도 유순한 도(道)로 행하고자 합니다. ” 하였다.","황제가 장릉(章陵)에 행차하여 원묘(園廟)를 수리하고 구택(舊宅)에 제사하고 옛 토지와 집을 구경하고는 술자리를 베풀고 풍악을 연주하게 한 다음 상(賞)을 하사하니,
이때 종실의 백모(伯母), 고모(姑母)들이 술에 취하여 즐거워하면서 서로 말하기를 “문숙(文叔)(황제의 자(字))이 소싯적에는 근신하고 신실하여 사람들과 친하게 지내지 않고 오직 정직하고 유순할 뿐이었는데, 지금은 이와 같도다. ” 하였다. 
황제가 이 말을 듣고 크게 웃으며 말하기를 “나는 천하를 다스릴 때에도 유순한 도(道)로 행하고자 합니다. ” 하였다. "
5,춘추좌씨전1,39,whitespace_only,6,4,"9년 병신(B.
C.
685) 제환공(齊桓公) 소백(小白) 원년이다.
제인(齊人)이 무지(無知)를 죽이다.
노장공(魯莊公)이 제대부(齊大夫)와 기(蔇)에서 결맹하다.
노(魯)가 자규(子糾)를 제(齊)의 임금으로 들여보내려 하였으나 성공하지 못하다.","9년 병신(B. C. 685) 제환공(齊桓公) 소백(小白) 원년이다.
제인(齊人)이 무지(無知)를 죽이다.
노장공(魯莊公)이 제대부(齊大夫)와 기(蔇)에서 결맹하다.
노(魯)가 자규(子糾)를 제(齊)의 임금으로 들여보내려 하였으나 성공하지 못하다."
5,춘추좌씨전1,47,whitespace_only,8,6,"17년 갑진(B.
C.
677) 주자(邾子) 원년이다.
진덕공(秦德公) 원년이다.
제인(齊人)이 정(鄭) 첨(詹)을 잡다.
제인(齊人)이 수(遂)에서 섬멸(殲滅)되다.
주희왕(周僖王)이 붕하다.
진무공(晉武公)이 졸하다.","17년 갑진(B. C. 677) 주자(邾子) 원년이다.
진덕공(秦德公) 원년이다.
제인(齊人)이 정(鄭) 첨(詹)을 잡다.
제인(齊人)이 수(遂)에서 섬멸(殲滅)되다.
주희왕(周僖王)이 붕하다.
진무공(晉武公)이 졸하다."
5,춘추좌씨전1,183,whitespace_only,11,9,"소공(昭公) 원년 경신(B.
C.
541) 노소공(魯昭公) 주(稠) 원년이다.
거저구공(莒著丘公) 거질(去疾) 원년이다.
노(魯) 숙손표(叔孫豹)가 제후(諸侯)의 대부(大夫)들과 괵(虢)에서 회견하다.
노(魯)가 거(莒)를 쳐서 운읍(鄆邑)를 취하다.
진백(秦伯)의 아우 침(鍼)이 진(晉)으로 도망가다.
주자(邾子) 화(華)가 졸하다.
진(晉)이 대로(大鹵)에서 적(狄)을 패배시키다.
거(莒) 거질(去疾)이 제(齊)에서 거(莒)로 들어가니 전여(展輿)가 오(吳)로 도망가다.
초(楚) 공자(公子) 위(圍)가 그 임금 균(麇)를 시해하고 스스로 임금이 되어 이름을 건(虔)으로 고치다.","소공(昭公) 원년 경신(B. C. 541) 노소공(魯昭公) 주(稠) 원년이다.
거저구공(莒著丘公) 거질(去疾) 원년이다.
노(魯) 숙손표(叔孫豹)가 제후(諸侯)의 대부(大夫)들과 괵(虢)에서 회견하다.
노(魯)가 거(莒)를 쳐서 운읍(鄆邑)를 취하다.
진백(秦伯)의 아우 침(鍼)이 진(晉)으로 도망가다.
주자(邾子) 화(華)가 졸하다.
진(晉)이 대로(大鹵)에서 적(狄)을 패배시키다.
거(莒) 거질(去疾)이 제(齊)에서 거(莒)로 들어가니 전여(展輿)가 오(吳)로 도망가다.
초(楚) 공자(公子) 위(圍)가 그 임금 균(麇)를 시해하고 스스로 임금이 되어 이름을 건(虔)으로 고치다."
5,춘추좌씨전1,201,whitespace_only,7,5,"19년 무인(B.
C.
523) 조도공(曹悼公) 오(午) 원년이다.
연평공(燕平公) 원년이다.
송(宋)이 주(邾)로 쳐들어가 충읍(蟲邑)에서 결맹하다.
허세자(許世子) 지(止)가 그 임금 매(買)를 시해하다.
제(齊)가 거(莒)를 치다.","19년 무인(B. C. 523) 조도공(曹悼公) 오(午) 원년이다.
연평공(燕平公) 원년이다.
송(宋)이 주(邾)로 쳐들어가 충읍(蟲邑)에서 결맹하다.
허세자(許世子) 지(止)가 그 임금 매(買)를 시해하다.
제(齊)가 거(莒)를 치다."
5,춘추좌씨전2,595,whitespace_only,3,3,"선자(宣子)가 이때에 비로소 국정(國政)이 되어 사전(事典)를 제정(制定)하여 법죄(法罪)를 개정(改正)하고, 옥형(獄刑)을 심리(審理)하며, 포도(逋逃)를 독찰(督察)하고, 질요(質要)를 사용하며,
구오(舊洿)를 다스리고, 질례(秩禮)를 근본으로 되돌리며, 상직(常職)을 존속(存續)시키고, 체엄(滯淹)를 진출(進出)시키는 등의 법제(法制)를 제정(制定)하였다.
이 법제(法制)가 완성(完成)되자 태부(太傅) 양자(陽子)와 태사(太師) 가타(賈佗)에게 주어 진(晉)나라에 시행하여 상법(常法)으로 삼게 하였다.","선자(宣子)가 이때에 비로소 국정(國政)이 되어 사전(事典)를 제정(制定)하여 법죄(法罪)를 개정(改正)하고, 옥형(獄刑)을 심리(審理)하며, 포도(逋逃)를 독찰(督察)하고,
질요(質要)를 사용하며, 구오(舊洿)를 다스리고, 질례(秩禮)를 근본으로 되돌리며, 상직(常職)을 존속(存續)시키고, 체엄(滯淹)를 진출(進出)시키는 등의 법제(法制)를 제정(制定)하였다.
이 법제(法制)가 완성(完成)되자 태부(太傅) 양자(陽子)와 태사(太師) 가타(賈佗)에게 주어 진(晉)나라에 시행하여 상법(常法)으로 삼게 하였다."
5,춘추좌씨전5,286,whitespace_only,2,3,"5월에 숙궁(叔弓)이 등성공(滕成公)의 장사(葬事)에 참여하기 위해 등(滕)나라에 갈 때 자복초(子服椒)가 부사(副使)였다.
교외(郊外)에 당도(當到)하여 의백(懿伯)의 기일(忌日)을 만나니, 경자(敬子)(숙궁(叔弓))가 등(滕)나라로 들어가려 하지 않자, 혜백(惠伯)(자복초(子服椒))이 말하기를 “국가(國家)의 일에는 국가(國家)의 이익(利益)만 있고 사가(私家)의 기일(忌日)은 없으니, 내가 먼저 들어가기를 청합니다. ”고 하고서, 먼저 들어가서 수관(受館)(빈관(賓館)을 배정(排定)받음)하니, 경자(敬子)가 그를 따라 들어갔다.","5월에 숙궁(叔弓)이 등성공(滕成公)의 장사(葬事)에 참여하기 위해 등(滕)나라에 갈 때 자복초(子服椒)가 부사(副使)였다.
교외(郊外)에 당도(當到)하여 의백(懿伯)의 기일(忌日)을 만나니, 경자(敬子)(숙궁(叔弓))가 등(滕)나라로 들어가려 하지 않자,
혜백(惠伯)(자복초(子服椒))이 말하기를 “국가(國家)의 일에는 국가(國家)의 이익(利益)만 있고 사가(私家)의 기일(忌日)은 없으니, 내가 먼저 들어가기를 청합니다. ”고 하고서, 먼저 들어가서 수관(受館)(빈관(賓館)을 배정(排定)받음)하니, 경자(敬子)가 그를 따라 들어갔다."
5,춘추좌씨전5,307,whitespace_only,3,4,"초왕(楚王)이 사람을 보내어 좌사(左師)와 자산(子産)에게 예(禮)를 묻자, 좌사(左師)는 “소국(小國)이 강습(講習)한 예(禮)를 대국(大國)이 사용하려 하시니 감히 들은 바를 말씀드리지 않겠습니까? ”라고 하고서 공(公)이 제후(諸侯)를 회합(會合)하는 예(禮) 여섯 가지를 진언(進言)하고, 자산(子産)은 “소국(小國)은 직무(職務)를 봉행(奉行)해야 하니 감히 지키는 직분(職分)을 말씀드리지 않겠습니까? ”라고 하고서, 백(伯)‧자(子)‧남(男)이 공(公)과 회합(會合)하는 예(禮) 여섯 가지를 진언(進言)하였다.
군자(君子)는 이에 대해 다음과 같이 논평(論評)하였다.
“합좌사(合左師)는 선대(先代)의 예(禮)를 잘 지켰다고 할 수 있고, 자산(子産)은 소국(小國)을 잘 보좌(輔佐)하였다고 할 수 있다. ”","초왕(楚王)이 사람을 보내어 좌사(左師)와 자산(子産)에게 예(禮)를 묻자, 좌사(左師)는 “소국(小國)이 강습(講習)한 예(禮)를 대국(大國)이 사용하려 하시니 감히 들은 바를 말씀드리지 않겠습니까? ”라고 하고서 공(公)이 제후(諸侯)를 회합(會合)하는 예(禮) 여섯 가지를 진언(進言)하고,
자산(子産)은 “소국(小國)은 직무(職務)를 봉행(奉行)해야 하니 감히 지키는 직분(職分)을 말씀드리지 않겠습니까? ”라고 하고서, 백(伯)‧자(子)‧남(男)이 공(公)과 회합(會合)하는 예(禮) 여섯 가지를 진언(進言)하였다.
군자(君子)는 이에 대해 다음과 같이 논평(論評)하였다.
“합좌사(合左師)는 선대(先代)의 예(禮)를 잘 지켰다고 할 수 있고, 자산(子産)은 소국(小國)을 잘 보좌(輔佐)하였다고 할 수 있다. ”"
5,춘추좌씨전7,573,whitespace_only,4,5,"송(宋)나라와 정(鄭)나라 사이에 한전(閒田)이 있으니 미작(彌作), 경구(頃丘), 옥창(玉暢), 암(嵒), 과(戈), 석(錫)이다.
자산(子産)이 송인(宋人)과 화평(和平)을 맺고서 “〈양국(兩國)이 함께〉 이 땅을 점유(占有)하지 말자. ”고 하였다.
송(宋)나라의 평공(平公)과 원공(元公)의 종족(宗族)이 소읍(蕭邑)에서 정(鄭)나라로 출분(出奔)함에 미쳐 정인(鄭人)이 그들을 위해 암(嵒), 과(戈), 석(錫)에 성(城)을 쌓아 거주(居住)하게 하니, 9월에 송(宋)나라 상소(向巢)가 정(鄭)나라를 토벌하여 석(錫)을 점령(占領)하고서 원공(元公)의 손자를 죽이고, 드디어 암(嵒)을 포위하였다.
12월에 정(鄭)나라 한달(罕達)이 암(嵒)을 구원(救援)하기 위해 병신일(丙申日)에 송군(宋軍)을 포위하였다.","송(宋)나라와 정(鄭)나라 사이에 한전(閒田)이 있으니 미작(彌作), 경구(頃丘), 옥창(玉暢), 암(嵒), 과(戈), 석(錫)이다.
자산(子産)이 송인(宋人)과 화평(和平)을 맺고서 “〈양국(兩國)이 함께〉 이 땅을 점유(占有)하지 말자. ”고 하였다.
송(宋)나라의 평공(平公)과 원공(元公)의 종족(宗族)이 소읍(蕭邑)에서 정(鄭)나라로 출분(出奔)함에 미쳐 정인(鄭人)이 그들을 위해 암(嵒), 과(戈), 석(錫)에 성(城)을 쌓아 거주(居住)하게 하니,
9월에 송(宋)나라 상소(向巢)가 정(鄭)나라를 토벌하여 석(錫)을 점령(占領)하고서 원공(元公)의 손자를 죽이고, 드디어 암(嵒)을 포위하였다.
12월에 정(鄭)나라 한달(罕達)이 암(嵒)을 구원(救援)하기 위해 병신일(丙申日)에 송군(宋軍)을 포위하였다."
6,당송팔대가문초구양수1,363,whitespace_only,6,5,"지금 만약 강화를 맺는 것을 허락하지 않더라도 적이 와서 침략할까 지나치게 두려워할 것은 없습니다.
게다가 몇 해 동안 서쪽 변방의 우리 군사들이 적을 만나서 패하였으니,
이는 적이 잘 싸워서가 아니라 대개 우리가 계책을 잘못 세웠기 때문이었습니다.
지금 만약 범중엄(范仲淹)을 보내 변방의 방어를 처리하게 하여 조금도 실수하지 않으면 적과의 승부는 오히려 알 수 없습니다.
저들의 교만한 병사로 우리의 정돈된 군대를 만나서 가사 우리가 승리를 거둔다면 더할 나위 없이 좋겠지만, 단지 양쪽이 모두 피해를 입지 않더라도 이미 적의 예기를 꺾을 것이고, 비록 범중엄이 불행히 조금 패전하더라도 그 손실은 그동안 잘못된 계책과 같은 데 이르지는 않을 것입니다.
이는 강화를 맺은 뒤에 따로 큰 우환이 있는 것에 비하면 손실은 오히려 적을 터이니, 이것은 계책을 잘 세우는 선비와 식견이 원대한 사람이 강화하지 않는 것이 해가 작음을 알아서 강화하지 않는 것을 두려워하지 않는 까닭입니다.","지금 만약 강화를 맺는 것을 허락하지 않더라도 적이 와서 침략할까 지나치게 두려워할 것은 없습니다.
게다가 몇 해 동안 서쪽 변방의 우리 군사들이 적을 만나서 패하였으니, 이는 적이 잘 싸워서가 아니라 대개 우리가 계책을 잘못 세웠기 때문이었습니다.
지금 만약 범중엄(范仲淹)을 보내 변방의 방어를 처리하게 하여 조금도 실수하지 않으면 적과의 승부는 오히려 알 수 없습니다.
저들의 교만한 병사로 우리의 정돈된 군대를 만나서 가사 우리가 승리를 거둔다면 더할 나위 없이 좋겠지만, 단지 양쪽이 모두 피해를 입지 않더라도 이미 적의 예기를 꺾을 것이고, 비록 범중엄이 불행히 조금 패전하더라도 그 손실은 그동안 잘못된 계책과 같은 데 이르지는 않을 것입니다.
이는 강화를 맺은 뒤에 따로 큰 우환이 있는 것에 비하면 손실은 오히려 적을 터이니, 이것은 계책을 잘 세우는 선비와 식견이 원대한 사람이 강화하지 않는 것이 해가 작음을 알아서 강화하지 않는 것을 두려워하지 않는 까닭입니다."
6,당송팔대가문초구양수2,260,normalization_only,1,1,"문장(文章)을 짓는 것은 본래 도(道)를 배우는 데 근본을 두므로, 도가 우세한 자는 문장이 어렵지 않게 절로 지극해진다는 것을 논하였으니, 매우 명확한 논리이다.","문장(文章)을 짓는 것은 본래 도(道)를 배우는 데 근본을 두므로, 도가 우세한 자는 문장이 어렵지 않게 절로 지극해진다는 것을 논하였으니,  매우 명확한 논리이다."
6,당송팔대가문초구양수2,448,whitespace_only,5,6,"삼대(三代) 이전에는 정치가 일(一)에서 나오고 예악(禮樂)이 천하(天下)에 펼쳐졌더니, 삼대(三代) 이후로는 정치가 이(二)에서 나오고 예악(禮樂)이 허명(虛名)이 되었다.
옛날에는 궁실(宮室)과 거여(車輿)에 기거하며 의상(衣裳)과 면변(冕弁)을 착복(着服)하며 존작(尊爵)와 조두(俎豆)를 그릇으로 쓰며 금석(金石)과 사죽(絲竹)을 악기로 써서, 이것으로 교묘(郊廟)에 가며 이것으로 조정(朝廷)에 임하며 이것으로 귀신을 섬기고 백성을 다스렸다.
세시(歲時)에 취회(聚會)할 때 이것으로 조근(朝覲)과 빙문(聘問)을 하며, 반갑게 사귀고 응접할 때 이것으로 사향(射鄕)과 사향(食饗)을 하며, 무리를 모아 일을 일으킬 때 이것으로 사전(師田)과 학교(學校)를 하여, 아래로 이려(里閭)와 전묘(田畝)의 길흉애락(吉凶哀樂)에 이르기까지 모든 백성들의 일이 한결같이 예(禮)에서 나오지 않은 것이 없었다.
이를 통해 백성들에게 효자(孝慈)․우제(友悌)․충신(忠信)․인의(仁義)를 가르치는 것이 항상 거처와 동작과 의복과 음식 사이를 벗어나지 않으니, 대개 아침저녁으로 종사(從事)하는 것이 이것 아님이 없었다.
이것이 이른바 정치가 일(一)에서 나오고 예악이 천하에 펼쳐져, 천하로 하여금 편안히 익히고 행하게 하여, 선(善)으로 옮겨가고 죄(罪)를 멀리하는 줄도 모른 채 저절로 풍속을 이루게 하는 것이다.","삼대(三代) 이전에는 정치가 일(一)에서 나오고 예악(禮樂)이 천하(天下)에 펼쳐졌더니, 삼대(三代) 이후로는 정치가 이(二)에서 나오고 예악(禮樂)이 허명(虛名)이 되었다.
옛날에는 궁실(宮室)과 거여(車輿)에 기거하며 의상(衣裳)과 면변(冕弁)을 착복(着服)하며 존작(尊爵)와 조두(俎豆)를 그릇으로 쓰며 금석(金石)과 사죽(絲竹)을 악기로 써서, 이것으로 교묘(郊廟)에 가며 이것으로 조정(朝廷)에 임하며 이것으로 귀신을 섬기고 백성을 다스렸다.
세시(歲時)에 취회(聚會)할 때 이것으로 조근(朝覲)과 빙문(聘問)을 하며, 반갑게 사귀고 응접할 때 이것으로 사향(射鄕)과 사향(食饗)을 하며, 무리를 모아 일을 일으킬 때 이것으로 사전(師田)과 학교(學校)를 하여,
아래로 이려(里閭)와 전묘(田畝)의 길흉애락(吉凶哀樂)에 이르기까지 모든 백성들의 일이 한결같이 예(禮)에서 나오지 않은 것이 없었다.
이를 통해 백성들에게 효자(孝慈)․우제(友悌)․충신(忠信)․인의(仁義)를 가르치는 것이 항상 거처와 동작과 의복과 음식 사이를 벗어나지 않으니, 대개 아침저녁으로 종사(從事)하는 것이 이것 아님이 없었다.
이것이 이른바 정치가 일(一)에서 나오고 예악이 천하에 펼쳐져, 천하로 하여금 편안히 익히고 행하게 하여, 선(善)으로 옮겨가고 죄(罪)를 멀리하는 줄도 모른 채 저절로 풍속을 이루게 하는 것이다."
6,당송팔대가문초구양수2,519,normalization_only,5,5,"아아!
진(秦)․한(漢) 이래로 학자들이 많이들 상서(祥瑞)를 말하니, 비록 변론(辯論)을 잘하는 선비가 있더라도 그 의혹을 없애줄 수 없다.
내가 《촉서(蜀書)》를 읽어보건대 심지어 거북․용․기린․봉황․추우(騶虞)와 같은, 세상에서 이른바 아름다운 상서(祥瑞)라고 하는 것들이 그 나라에서 모두 출현하지 않은 것이 없으니, 기이한 일이다!
그러나 왕씨(王氏)가 흥망성패(興亡成敗)한 까닭을 살펴보면 알 수 있다.
혹자는 “왕씨 하나만이 이 현상에 해당될 수 없다. ”라 하니, 그렇다면 이 당시 천하의 치란(治亂)을 알 수 있다.","아아!
진(秦)․한(漢) 이래로 학자들이 많이들 상서(祥瑞)를 말하니, 비록 변론(辯論)을 잘하는 선비가 있더라도 그 의혹을 없애줄 수 없다.
내가 《촉서(蜀書)》를 읽어보건대 심지어 거북․용․기린․봉황․추우(騶虞)와 같은, 세상에서 이른바 아름다운 상서(祥瑞)라고 하는 것들이 그 나라에서 모두 출현하지 않은 것이 없으니, 기이한 일이다!
그러나 왕씨(王氏)가 흥망성패(興亡成敗)한 까닭을 살펴보면 알 수 있다.
혹자는 “왕씨 하나만이 이 현상에 해당될 수 없다. ”라 하니,  그렇다면 이 당시 천하의 치란(治亂)을 알 수 있다."
6,당송팔대가문초구양수4,164,whitespace_only,7,6,"구양건이 조왕(趙王) 사마륜(司馬倫)의 난리를 만나니, 그 형의 아들인 구양질(歐陽質)이 남쪽 장사(長沙)로 달아났다.
구양질로부터 12세를 지나 구양순(歐陽詢)이 태어나고 구양순이 구양통(歐陽通)을 낳았으니, 구양순과 구양통은 당(唐)나라에 벼슬하였다.
그리고 모두 장사 땅에 거주한 구양씨였으나 오히려 발해(渤海)로 봉작을 받았다.
구양통에서 또 3세를 지나 구양종(歐陽琮)이 태어나니, 구양종이 길주자사(吉州刺史)가 되었기에 자손들이 길주에 살게 되었다.
구양종으로부터 8세를 지나 구양만(歐陽萬)이 태어났고, 구양만이 구양아(歐陽雅)를 낳고, 구양아가 고조(高祖) 휘(諱) 효(效)를 낳고, 고조가 증조(曾祖) 휘(諱) 탁(託)을 낳고,
증조가 황조(皇祖) 무창령(武昌令) 휘(諱) 침(郴)을 낳고, 황조가 공의 부친 증호부시랑(贈戶部侍郞) 휘(諱) 방(倣)을 낳아, 모두 길주에 사니, 또 길주의 구양씨가 되었다.
공 때에 마침내 형남(荊南)으로 이주하고 또 그곳에 장사 지내니, 다시 형남의 구양씨가 되었다.","구양건이 조왕(趙王) 사마륜(司馬倫)의 난리를 만나니, 그 형의 아들인 구양질(歐陽質)이 남쪽 장사(長沙)로 달아났다.
구양질로부터 12세를 지나 구양순(歐陽詢)이 태어나고 구양순이 구양통(歐陽通)을 낳았으니, 구양순과 구양통은 당(唐)나라에 벼슬하였다.
그리고 모두 장사 땅에 거주한 구양씨였으나 오히려 발해(渤海)로 봉작을 받았다.
구양통에서 또 3세를 지나 구양종(歐陽琮)이 태어나니, 구양종이 길주자사(吉州刺史)가 되었기에 자손들이 길주에 살게 되었다.
구양종으로부터 8세를 지나 구양만(歐陽萬)이 태어났고, 구양만이 구양아(歐陽雅)를 낳고, 구양아가 고조(高祖) 휘(諱) 효(效)를 낳고, 고조가 증조(曾祖) 휘(諱) 탁(託)을 낳고, 증조가 황조(皇祖) 무창령(武昌令) 휘(諱) 침(郴)을 낳고, 황조가 공의 부친 증호부시랑(贈戶部侍郞) 휘(諱) 방(倣)을 낳아, 모두 길주에 사니, 또 길주의 구양씨가 되었다.
공 때에 마침내 형남(荊南)으로 이주하고 또 그곳에 장사 지내니, 다시 형남의 구양씨가 되었다."
6,당송팔대가문초구양수4,243,whitespace_only,1,2,당형천(唐荊川)이 말하였다. “이 글은 변화가 지극히 많다. ”,"당형천(唐荊川)이 말하였다.
“이 글은 변화가 지극히 많다. ”"
6,당송팔대가문초구양수5,340,normalization_only,6,6,"세종(世宗)이 수주(壽州)를 공격하여 성을 몇 겹으로 포위하고 방주(方舟)에 포(礮)를 싣고서 비하(淝河)에서부터 물결을 타고 가 성을 공격하였다.
또 큰 대나무 수십만 그루를 묶어 그 위에 판옥(版屋)을 설치하고서 죽룡(竹龍)이라 이름하고 갑사(甲士)를 태워 공격하였다.
그리고 수채(水寨)를 틔워 그 물결을 비하로 흘러 들어가게 하는 등 갖가지 방법으로 공격하기를 정월부터 4월까지 하였으나 함락시키지 못하였다.
게다가 이 해에 더위가 극심하고 장맛비가 열흘이나 내려 주(周)나라 군대 영채(營寨)의 수심이 몇 자나 되었고 회수(淮水)와 비하(淝河)가 갑자기 범람하여 포(礮)를 실은 배와 죽룡이 모두 남쪽 강기슭으로 떠내려가 이경(李景) 군대에게 불태워져 주(周)나라의 많은 병사들이 죽었다.
세종이 동쪽으로 호량(濠梁)으로 이동하여 이중진(李重進)을 여수도초토사(廬壽都招討使)로 삼으니, 이경 또한 원수(元帥)인 제왕(齊王) 이경달(李景達) 등을 보내 자금산(紫金山) 아래에 성채(城砦)를 벌여 세우게 하고 협도(夾道)를 만들어 성안으로 이어지게 하였다.
이중진과 장영덕(張永德)의 두 군대가 서로 의심하면서 협력하지 못하자, 유인섬이 나가서 싸우기를 여러 번 청하였으나 이경달이 허락하지 않으니, 이로 인하여 울분이 치밀어 병이 생겼다.","세종(世宗)이 수주(壽州)를 공격하여 성을 몇 겹으로 포위하고 방주(方舟)에 포(礮)를 싣고서 비하(淝河)에서부터 물결을 타고 가 성을 공격하였다.
또 큰 대나무 수십만 그루를 묶어 그 위에 판옥(版屋)을 설치하고서 죽룡(竹龍)이라 이름하고 갑사(甲士)를 태워 공격하였다.
그리고 수채(水寨)를 틔워 그 물결을 비하로 흘러 들어가게 하는 등 갖가지 방법으로 공격하기를 정월부터 4월까지 하였으나 함락시키지 못하였다.
게다가 이 해에 더위가 극심하고 장맛비가 열흘이나 내려 주(周)나라 군대 영채(營寨)의 수심이 몇 자나 되었고 회수(淮水)와 비하(淝河)가 갑자기 범람하여 포(礮)를 실은 배와 죽룡이 모두 남쪽 강기슭으로 떠내려가 이경(李景) 군대에게 불태워져 주(周)나라의 많은 병사들이 죽었다.
세종이 동쪽으로 호량(濠梁)으로 이동하여 이중진(李重進)을 여수도초토사(廬壽都招討使)로 삼으니, 이경 또한 원수(元帥)인 제왕(齊王) 이경달(李景達) 등을 보내 자금산(紫金山) 아래에 성채(城砦)를 벌여 세우게 하고 협도(夾道)를 만들어 성안으로 이어지게 하였다. 
이중진과 장영덕(張永德)의 두 군대가 서로 의심하면서 협력하지 못하자, 유인섬이 나가서 싸우기를 여러 번 청하였으나 이경달이 허락하지 않으니, 이로 인하여 울분이 치밀어 병이 생겼다."
6,당송팔대가문초구양수6,243,whitespace_only,8,10,"이때 풍도(馮道)가 재상에서 파직되어 하양(河陽)에 거(居)하고 있었는데 곽위(郭威)가 처음 출병하였을 때 풍도의 집에 들러 계책을 물었다.
풍도가 말하기를 “그대는 도박(賭博)을 아시오? ”라고 하였는데, 곽위는 어릴 때 무뢰배로 도박을 좋아하였으므로 풍도가 자신을 기롱한다고 여겨 불끈 성을 내었다.
풍도가 말하기를 “무릇 도박하는 자는 돈이 많으면 많이 이기고 돈이 적으면 많이 패하는 법이니, 도박을 잘하지 못해서가 아니라 패배의 원인이 판세에 있기 때문이오.
지금 여러 장수의 병사를 합쳐 성 하나를 공격하니, 병력의 많고 적음을 비교해보면 승패를 알 수 있소. ”라고 하니,
곽위가 크게 깨닫고 지구전으로 적을 피곤하게 할 계책을 세웠다.
그리고 마침내 여러 장수들과 병력을 나누어 세 영채를 만들어 성의 세 면에 세우되 그 남쪽은 영채를 세우지 않고서 다섯 현(縣)의 장정을 징발하여 장성(長城)을 쌓아 세 영채와 연결하였다.
이수정이 출병하여 장성을 무너뜨리니 곽위는 그때마다 무너진 곳을 보수하였고 이수정은 그때마다 나와서 싸웠는데 이수정은 항상 병력의 열에 서넛을 잃었다.
이렇게 한 해를 넘기자 이수정의 성 안 병력은 얼마 없게 되었고 식량마저 다 떨어져 사람을 죽여 먹으니, 곽위가 “되었다. ”라고 하고는 마침내 날을 정해 병사를 독려하여 사면에서 공격하여 이수정을 격파하였다.","이때 풍도(馮道)가 재상에서 파직되어 하양(河陽)에 거(居)하고 있었는데 곽위(郭威)가 처음 출병하였을 때 풍도의 집에 들러 계책을 물었다.
풍도가 말하기를 “그대는 도박(賭博)을 아시오? ”라고 하였는데, 
곽위는 어릴 때 무뢰배로 도박을 좋아하였으므로 풍도가 자신을 기롱한다고 여겨 불끈 성을 내었다.
풍도가 말하기를 “무릇 도박하는 자는 돈이 많으면 많이 이기고 돈이 적으면 많이 패하는 법이니, 도박을 잘하지 못해서가 아니라 패배의 원인이 판세에 있기 때문이오. 
지금 여러 장수의 병사를 합쳐 성 하나를 공격하니, 병력의 많고 적음을 비교해보면 승패를 알 수 있소. ”라고 하니, 
곽위가 크게 깨닫고 지구전으로 적을 피곤하게 할 계책을 세웠다.
그리고 마침내 여러 장수들과 병력을 나누어 세 영채를 만들어 성의 세 면에 세우되 그 남쪽은 영채를 세우지 않고서 다섯 현(縣)의 장정을 징발하여 장성(長城)을 쌓아 세 영채와 연결하였다.
이수정이 출병하여 장성을 무너뜨리니 곽위는 그때마다 무너진 곳을 보수하였고 이수정은 그때마다 나와서 싸웠는데 이수정은 항상 병력의 열에 서넛을 잃었다.
이렇게 한 해를 넘기자 이수정의 성 안 병력은 얼마 없게 되었고 식량마저 다 떨어져 사람을 죽여 먹으니, 곽위가 “되었다. ”라고 하고는
마침내 날을 정해 병사를 독려하여 사면에서 공격하여 이수정을 격파하였다."
6,당송팔대가문초소순1,3,normalization_only,2,2,"지난달 5일에 본주(本州) 관서에서 중서성(中書省)의 차자(箚子)를 받고 이어서 신을 불러들이는 공문을 받자오니, 한림학사(翰林學士) 구양수(歐陽脩)가 신이 지은 〈권서(權書)〉, 〈형론(衡論)〉, 〈기책(幾策)〉 등 22편을 양제(兩制)에서 의논하여 심사해서 채택하기를 청하는 글을 올려서입니다.
폐하께서 과분하게 들으시고 신을 불러 사인원(舍人院)에서 책론(策論)을 시험하기 위하여 본주(本州)에 명령하여 신을 대궐에 이르라 하셨습니다.","지난달 5일에 본주(本州) 관서에서 중서성(中書省)의 차자(箚子)를 받고 이어서 신을 불러들이는 공문을 받자오니,  한림학사(翰林學士) 구양수(歐陽脩)가 신이 지은 〈권서(權書)〉, 〈형론(衡論)〉, 〈기책(幾策)〉 등 22편을 양제(兩制)에서 의논하여 심사해서 채택하기를 청하는 글을 올려서입니다. 
폐하께서 과분하게 들으시고 신을 불러 사인원(舍人院)에서 책론(策論)을 시험하기 위하여 본주(本州)에 명령하여 신을 대궐에 이르라 하셨습니다."
6,당송팔대가문초소순1,307,whitespace_only,12,9,"아아!
항우(項羽)는 백전백승(百戰百勝)의 재능을 가지고 있었으나 해하(垓下)에서 죽었으니, 의아해할 것이 없다.
나는 거록(鉅鹿)에서 그가 한 싸움을 관찰해보았는데, 그의 책략이 장구하지도 않고 도량도 크지 않음을 보고서, 그가 그렇게 늦게 해하(垓下)에서 죽은 것을 괴이하게 여기지 않은 적이 없었다.
항우(項羽)가 황하(黃河)를 건너고 있을 때에, 유방(劉邦)은 비로소 군대를 정돈하여 함곡관(函谷關)으로 향하기 시작하였으니,
항우(項羽)가 이때에 서둘러 군대를 이끌고 진(秦)나라로 나아가, 병사의 사기가 충만했을 때에 용병(用兵)을 했더라면 함양(咸陽)을 차지하여 천하를 제압할 수 있었을 것이다.
이러한 계책을 낼 줄도 모르고 속 좁게 진(秦)나라 장군과 보잘것없는 승부를 다투고, 이미 거록(鉅鹿)을 온전히 차지하고서도 하남(河南)․신안(新安) 사이를 배회하다가 함곡관(函谷關)에 이르니, 유방(劉邦)은 함양(咸陽)에 입성한 지가 수개월이나 되었다.
진(秦)나라 사람들은 이미 유방(劉邦)에게 편안함을 느끼고 항우(項羽)에게는 적개심을 느꼈으니, 그렇다면 그 형세상 〈진(秦)나라 사람을〉 항우(項羽)에게 억지로 복종시킬 수가 없었다.
그래서 항우(項羽)는 비록 유방(劉邦)을 한중(漢中) 땅으로 옮기기는 하였지만, 그는 끝내 팽성(彭城)에 도읍을 정함으로써 유방(劉邦)이 다시 삼진(三秦)을 평정할 수 있게 하였으니,
그렇다면 천하의 대세는 한(漢)나라에 있었지 초(楚)나라에 있지 않았다.
초(楚)나라가 비록 백전백승할 수 있더라도 오히려 무슨 이익이 있겠는가!
그러므로 “해하(垓下)에서 죽음이 예견된 것은 거록(鉅鹿)의 싸움이었다. ”
하겠다.","아아!
항우(項羽)는 백전백승(百戰百勝)의 재능을 가지고 있었으나 해하(垓下)에서 죽었으니, 의아해할 것이 없다.
나는 거록(鉅鹿)에서 그가 한 싸움을 관찰해보았는데, 그의 책략이 장구하지도 않고 도량도 크지 않음을 보고서,  그가 그렇게 늦게 해하(垓下)에서 죽은 것을 괴이하게 여기지 않은 적이 없었다.
항우(項羽)가 황하(黃河)를 건너고 있을 때에, 유방(劉邦)은 비로소 군대를 정돈하여 함곡관(函谷關)으로 향하기 시작하였으니, 항우(項羽)가 이때에 서둘러 군대를 이끌고 진(秦)나라로 나아가, 병사의 사기가 충만했을 때에 용병(用兵)을 했더라면 함양(咸陽)을 차지하여 천하를 제압할 수 있었을 것이다.
이러한 계책을 낼 줄도 모르고 속 좁게 진(秦)나라 장군과 보잘것없는 승부를 다투고, 이미 거록(鉅鹿)을 온전히 차지하고서도 하남(河南)․신안(新安) 사이를 배회하다가 함곡관(函谷關)에 이르니, 유방(劉邦)은 함양(咸陽)에 입성한 지가 수개월이나 되었다.
진(秦)나라 사람들은 이미 유방(劉邦)에게 편안함을 느끼고 항우(項羽)에게는 적개심을 느꼈으니, 그렇다면 그 형세상 〈진(秦)나라 사람을〉 항우(項羽)에게 억지로 복종시킬 수가 없었다.
그래서 항우(項羽)는 비록 유방(劉邦)을 한중(漢中) 땅으로 옮기기는 하였지만, 그는 끝내 팽성(彭城)에 도읍을 정함으로써 유방(劉邦)이 다시 삼진(三秦)을 평정할 수 있게 하였으니, 그렇다면 천하의 대세는 한(漢)나라에 있었지 초(楚)나라에 있지 않았다.
초(楚)나라가 비록 백전백승할 수 있더라도 오히려 무슨 이익이 있겠는가!
그러므로  “해하(垓下)에서 죽음이 예견된 것은 거록(鉅鹿)의 싸움이었다. ” 하겠다. "
6,당송팔대가문초소순1,365,normalization_only,4,4,"선왕(先王)께서는 천(賤)한 사람이 귀(貴)한 사람을 능멸하고 아랫사람이 윗사람에게 주제넘게 행동하는 것을 걱정하였다.
그래서 관복(冠服)․그릇 등을 모두 작위(爵位)의 서열에 따라 차등을 매겨서 길이와 크기를 제한하지 않음이 없었다.
지금은 공인(工人)이나 상인(商人)의 집에서도 명주비단 옷과 채색비단 옷을 땅에 끌고 다니고 몸에는 주옥(珠玉)을 차고 다니니, 한 사람의 몸에 머리에 쓴 것에서부터 발에 신은 신발에 이르기까지 법을 어긴 것이 열에 아홉이나 된다.
이것 또한 온 천하가 다 알고 있지만, 지금까지 기이하게 여긴 적이 없는 것의 세 번째이다.","선왕(先王)께서는 천(賤)한 사람이 귀(貴)한 사람을 능멸하고 아랫사람이 윗사람에게 주제넘게 행동하는 것을 걱정하였다. 
그래서 관복(冠服)․그릇 등을 모두 작위(爵位)의 서열에 따라 차등을 매겨서 길이와 크기를 제한하지 않음이 없었다.
지금은 공인(工人)이나 상인(商人)의 집에서도 명주비단 옷과 채색비단 옷을 땅에 끌고 다니고 몸에는 주옥(珠玉)을 차고 다니니, 한 사람의 몸에 머리에 쓴 것에서부터 발에 신은 신발에 이르기까지 법을 어긴 것이 열에 아홉이나 된다.
이것 또한 온 천하가 다 알고 있지만, 지금까지 기이하게 여긴 적이 없는 것의 세 번째이다. "
6,당송팔대가문초소식2,65,whitespace_only,5,4,"근일에 소인들이 유언비어를 함부로 만들어내어 선비들 사이에는 과거를 연기한다는 설이 있고 장사꾼들 사이에는 도성에서 술을 전매(專賣)한다는 의논이 있으며, 관리들은 감봉을 우려하고 병사들은 급양(給養)이 줄 것을 우려하고 있습니다.
이 몇 가지 일은 조정에서 결코 의논한 바가 없는데도 백성들 사이에는 이처럼 분분하니,
또한 이로써 폐하께서 부지런히 구휼하는 은덕이 아래로 백성들에게 신뢰받지 못하고, 유사(有司)들의 가렴주구하는 뜻이 간혹 백성들에게 나타나고 있음을 알 수 있습니다.
그러므로 폐하(陛下)께서는 마땅히 자신을 책망하고 스스로 반성하여 백성들의 사특한 마음과 비방하는 말이 사라지게 해야 하는데, 대간(臺諫)들은 또 폐하에게 엄한 형벌과 사나운 관리를 써서 체포하여 죽일 것을 권하니, 성덕(聖德)을 훼손함이 이보다 더 큰 것이 없습니다.
그런데 또다시 등(燈)을 사는 일로 백성들에게 이로써 비방하는 구실을 만들어주니, 신(臣)은 실로 애석하게 여깁니다.","근일에 소인들이 유언비어를 함부로 만들어내어 선비들 사이에는 과거를 연기한다는 설이 있고 장사꾼들 사이에는 도성에서 술을 전매(專賣)한다는 의논이 있으며, 관리들은 감봉을 우려하고 병사들은 급양(給養)이 줄 것을 우려하고 있습니다.
이 몇 가지 일은 조정에서 결코 의논한 바가 없는데도 백성들 사이에는 이처럼 분분하니, 또한 이로써 폐하께서 부지런히 구휼하는 은덕이 아래로 백성들에게 신뢰받지 못하고, 유사(有司)들의 가렴주구하는 뜻이 간혹 백성들에게 나타나고 있음을 알 수 있습니다.
그러므로 폐하(陛下)께서는 마땅히 자신을 책망하고 스스로 반성하여 백성들의 사특한 마음과 비방하는 말이 사라지게 해야 하는데, 대간(臺諫)들은 또 폐하에게 엄한 형벌과 사나운 관리를 써서 체포하여 죽일 것을 권하니, 성덕(聖德)을 훼손함이 이보다 더 큰 것이 없습니다.
그런데 또다시 등(燈)을 사는 일로 백성들에게 이로써 비방하는 구실을 만들어주니, 신(臣)은 실로 애석하게 여깁니다."
6,당송팔대가문초소식3,253,whitespace_only,1,2,"공자(孔子)는 선진(先進)을 따르셨다는 논(論) 시론(時論) 가운데 매우 묘한 솜씨이니, 그 문체(文體)와 격식(格式)이 지금과 큰 차이가 없다.","공자(孔子)는 선진(先進)을 따르셨다는 논(論)
시론(時論) 가운데 매우 묘한 솜씨이니, 그 문체(文體)와 격식(格式)이 지금과 큰 차이가 없다."
6,당송팔대가문초소식4,102,whitespace_only,5,5,"신(臣)이 일찍이 서한(西漢)의 초기를 살펴보니, 고조(高祖)가 창업하던 즈음에 사변이 또한 너무도 많이 일어났고, 또 고조(高祖)는 항씨(項氏)(항우(項羽))에게 상해를 입은 뒤에 한신(韓信)과 영포(英布)의 무리들과 함께 중원에서 다투어 치달렸으니,
이 예닐곱 명의 장수들은 모두 남보다 뛰어난 자질로 넓은 토지와 갑옷과 병기를 보유하여 그 형세가 충분히 난을 일으킬 수 있었습니다.
그러나 천하(天下)가 끝내 동요되지 않고 마침내 한(漢)나라로 안정되어 10여 대를 전해왔습니다.
그런데 원제(元帝)와 성제(成帝) 그리고 애제(哀帝)와 평제(平帝)에 이르러서는 사방의 오랑캐들이 우리 중국을 사모하여 병기와 갑옷을 동원하지 않았으나 왕망(王莽)이라는 하찮은 녀석이 마침내 천하(天下)를 들어서 제가 차지할 적에 한 치의 병기와 한 자의 쇳조각(조그마한 무력(武力))도 사용하지 않았는데 천하(天下)가 숨을 죽여서 감히 다투지 못했으니,
그 까닭이 무엇이겠습니까?","신(臣)이 일찍이 서한(西漢)의 초기를 살펴보니, 고조(高祖)가 창업하던 즈음에 사변이 또한 너무도 많이 일어났고,
또 고조(高祖)는 항씨(項氏)(항우(項羽))에게 상해를 입은 뒤에 한신(韓信)과 영포(英布)의 무리들과 함께 중원에서 다투어 치달렸으니, 이 예닐곱 명의 장수들은 모두 남보다 뛰어난 자질로 넓은 토지와 갑옷과 병기를 보유하여 그 형세가 충분히 난을 일으킬 수 있었습니다.
그러나 천하(天下)가 끝내 동요되지 않고 마침내 한(漢)나라로 안정되어 10여 대를 전해왔습니다.
그런데 원제(元帝)와 성제(成帝) 그리고 애제(哀帝)와 평제(平帝)에 이르러서는 사방의 오랑캐들이 우리 중국을 사모하여 병기와 갑옷을 동원하지 않았으나
왕망(王莽)이라는 하찮은 녀석이 마침내 천하(天下)를 들어서 제가 차지할 적에 한 치의 병기와 한 자의 쇳조각(조그마한 무력(武力))도 사용하지 않았는데 천하(天下)가 숨을 죽여서 감히 다투지 못했으니, 그 까닭이 무엇이겠습니까?"
6,당송팔대가문초소식5,1,whitespace_only,1,2,인종황제(仁宗皇帝)께서 직접 비백체(飛白體)로 쓰신 어서(御書)에 대한 기문(記文) 담박(澹泊)하고 호탕하여 구속받지 않은 글이다.,"인종황제(仁宗皇帝)께서 직접 비백체(飛白體)로 쓰신 어서(御書)에 대한 기문(記文)
담박(澹泊)하고 호탕하여 구속받지 않은 글이다."
6,당송팔대가문초왕안석2,420,whitespace_only,10,9,"흥조(興祖)는 박식하고 재능이 많았으며, 여러 차례 진사(進士)들과 겨루어서 뛰어난 성적을 발휘하였다.
그리고 열심히 노력하고 맑게 수양하며, 친우들과 돈독하게 지내면서, 개연(慨然)히 업적을 성취하여 세상에 도움을 주고자 하였던 사람이다.
나이 40여 세가 되어 비로소 진사(進士)로 주현(州縣)의 벼슬을 얻어 나아갔다가, 10여 년간 끝내 알아주는 사람을 만나지 못하여 궁곤(窮困)하게 지내다가 사망하였다.
슬프도다!
수명(壽命)은 억지로 연장할 수가 없고, 재능은 스스로 드러나기를 기대하기 어렵게 된 것이 오래되었도다.
그러나 흥조(興祖)는 일찍이 벼슬을 구차하게 추구한 일이 없고, 남의 질고(疾苦)에 대하여 듣게 되면 자신이 겪는 질고(疾苦)처럼 여기며 이에서 벗어나게 해주고자 하였고,
그가 처리하는 일 가운데 비록 하찮은 일이어서 다른 사람은 주의를 기울이지 않는 것도, 반드시 모두 온 정성을 다 기울여 처리하였다.
이렇게 되니 비판하는 많은 사람들이 이를 괴이하게 여기며 “흥조(興祖)는 늙어가면서 주현(州縣)에서 곤궁하게 지내면서도 지성(至誠)으로 근무하기를 이와 같이 하고 있다. ” 하였다.
내가 말하기를 “이것이 바로 내가 흥조(興祖)에게 기대하는 것이다.
대저 큰 벼슬을 하게 되면 분발하여 노력하고, 낮은 벼슬을 하게 되면 게으르고 소홀하게 처리하여 제대로 다스리지 않는 사람은 덕(德)을 아는 자가 아니다. ” 하니, 흥조(興祖)가 듣고서 나의 말을 옳다고 여겼다.","흥조(興祖)는 박식하고 재능이 많았으며, 여러 차례 진사(進士)들과 겨루어서 뛰어난 성적을 발휘하였다.
그리고 열심히 노력하고 맑게 수양하며, 친우들과 돈독하게 지내면서, 개연(慨然)히 업적을 성취하여 세상에 도움을 주고자 하였던 사람이다.
나이 40여 세가 되어 비로소 진사(進士)로 주현(州縣)의 벼슬을 얻어 나아갔다가, 10여 년간 끝내 알아주는 사람을 만나지 못하여 궁곤(窮困)하게 지내다가 사망하였다.
슬프도다!
수명(壽命)은 억지로 연장할 수가 없고, 재능은 스스로 드러나기를 기대하기 어렵게 된 것이 오래되었도다.
그러나 흥조(興祖)는 일찍이 벼슬을 구차하게 추구한 일이 없고, 남의 질고(疾苦)에 대하여 듣게 되면 자신이 겪는 질고(疾苦)처럼 여기며 이에서 벗어나게 해주고자 하였고, 그가 처리하는 일 가운데 비록 하찮은 일이어서 다른 사람은 주의를 기울이지 않는 것도, 반드시 모두 온 정성을 다 기울여 처리하였다.
이렇게 되니 비판하는 많은 사람들이 이를 괴이하게 여기며 “흥조(興祖)는 늙어가면서 주현(州縣)에서 곤궁하게 지내면서도 지성(至誠)으로 근무하기를 이와 같이 하고 있다. ” 하였다.
내가 말하기를 “이것이 바로 내가 흥조(興祖)에게 기대하는 것이다.
대저 큰 벼슬을 하게 되면 분발하여 노력하고, 낮은 벼슬을 하게 되면 게으르고 소홀하게 처리하여 제대로 다스리지 않는 사람은 덕(德)을 아는 자가 아니다. ” 하니, 흥조(興祖)가 듣고서 나의 말을 옳다고 여겼다."
6,당송팔대가문초왕안석2,524,whitespace_only,9,10,"위씨(魏氏)는 그 선조(先祖)가 강녕인(江寧人)이었다.
태군(太君)의 증조(曾祖) 휘(諱) 모(某)는 광록시경(光祿寺卿)이었으며, 조부(祖父) 휘(諱) 모(某)는 지주자사(池州刺史)였고, 선고(先考) 휘(諱) 모(某)는 태자유덕(太子諭德)이었는데, 이들이 벼슬한 것은 모두 강남(江南) 땅을 이씨(李氏)가 세운 남당(南唐)이 다스릴 때였다.
이씨(李氏)의 남당(南唐)이 망하자 유덕공(諭德公)은 이름을 거중(居中)으로 바꾸고 상주(常州)로 은퇴하여 살았는데, 따님인 태군(太君)을 현명하다고 여기고 출가할 곳을 고르다가 강음(江陰)의 심군(沈君) 휘(諱) 모(某)를 얻고는 말하기를 “이 사람이 내 딸과 짝이 될 만하다. ” 하고, 이때에 19세 된 태군(太君)을 심씨(沈氏)에게 출가시켰다.
출가한 지 10년에 두 아들을 낳았고, 심군(沈君)은 진사시(進士試)에 갑과(甲科)로 급제하여 광덕군(廣德軍)의 판관(判官)으로 있다가 졸(卒)하였다.
태군(太君)은 《시경(詩經)》, 《논어(論語)》, 《효경(孝經)》 등을 두 아들에게 몸소 가르쳤으므로, 두 아들이 밖에 나가 공부할 때에 겨우 몇 살 되지 않았는데도 이미 이 삼경(三經)을 암송할 수 있었다.
그 후 아들 형(逈)은 진사시(進士試)에 합격하였고, 아들 준(遵)은 전중승(殿中丞)으로 연주군지주(連州軍知州)가 되었는데, 태군(太君)께서 향년 64세로 연주부(連州府)의 정실(正室)에서 사망하니, 그때가 황우(皇祐) 2년 6월 경진일(庚辰日)이었다.
가우(嘉祐) 2년 12월 경신일(庚申日)에 두 아들이 태군(太君)을 강음(江陰) 신항(申港)의 서쪽 회인리(懷仁里)에 안장(安葬)하였다.
이때에 준(遵)은 태상박사(太常博士)로 건주군(建州軍)의 통판지사(通判知事)로 있었으며, 선친(先親) 심군(沈君)도 벼슬이 증직(贈職)되어 태상박사(太常博士)에 이르렀다.
명(銘)은 다음과 같이 지었다.","위씨(魏氏)는 그 선조(先祖)가 강녕인(江寧人)이었다.
태군(太君)의 증조(曾祖) 휘(諱) 모(某)는 광록시경(光祿寺卿)이었으며, 조부(祖父) 휘(諱) 모(某)는 지주자사(池州刺史)였고, 선고(先考) 휘(諱) 모(某)는 태자유덕(太子諭德)이었는데, 이들이 벼슬한 것은 모두 강남(江南) 땅을 이씨(李氏)가 세운 남당(南唐)이 다스릴 때였다.
이씨(李氏)의 남당(南唐)이 망하자 유덕공(諭德公)은 이름을 거중(居中)으로 바꾸고 상주(常州)로 은퇴하여 살았는데,
따님인 태군(太君)을 현명하다고 여기고 출가할 곳을 고르다가 강음(江陰)의 심군(沈君) 휘(諱) 모(某)를 얻고는 말하기를 “이 사람이 내 딸과 짝이 될 만하다. ” 하고, 이때에 19세 된 태군(太君)을 심씨(沈氏)에게 출가시켰다.
출가한 지 10년에 두 아들을 낳았고, 심군(沈君)은 진사시(進士試)에 갑과(甲科)로 급제하여 광덕군(廣德軍)의 판관(判官)으로 있다가 졸(卒)하였다.
태군(太君)은 《시경(詩經)》, 《논어(論語)》, 《효경(孝經)》 등을 두 아들에게 몸소 가르쳤으므로, 두 아들이 밖에 나가 공부할 때에 겨우 몇 살 되지 않았는데도 이미 이 삼경(三經)을 암송할 수 있었다.
그 후 아들 형(逈)은 진사시(進士試)에 합격하였고, 아들 준(遵)은 전중승(殿中丞)으로 연주군지주(連州軍知州)가 되었는데, 태군(太君)께서 향년 64세로 연주부(連州府)의 정실(正室)에서 사망하니, 그때가 황우(皇祐) 2년 6월 경진일(庚辰日)이었다.
가우(嘉祐) 2년 12월 경신일(庚申日)에 두 아들이 태군(太君)을 강음(江陰) 신항(申港)의 서쪽 회인리(懷仁里)에 안장(安葬)하였다.
이때에 준(遵)은 태상박사(太常博士)로 건주군(建州軍)의 통판지사(通判知事)로 있었으며, 선친(先親) 심군(沈君)도 벼슬이 증직(贈職)되어 태상박사(太常博士)에 이르렀다.
명(銘)은 다음과 같이 지었다."
6,당송팔대가문초유종원1,160,whitespace_only,7,8,"도성(都城)으로 가는 이위(李渭)를 송별하는 서문 문장이 비통하고 쓸쓸한 것 같다.
동정호(洞庭湖)를 건너고 상강(湘江)을 거슬러 올라오는 지역은 죄가 있어 좌천된 자가 아니면서 찾아오는 경우는 드물다.
또 게다가 임원령(臨源嶺)을 넘고 나수(灕水)를 따라 내려와 여포현(荔浦縣)으로 나오는 경우는 이름이 형부(刑部)에 올라 지방관리로 좌천되어 온 자가 아니면 그런 일이 더 적은 것은 당연하다.
이전에 내가 쫓겨나 영주(永州)에 거주하고 있을 때 이군(李君)이 그곳에 왔는데, 그때 나는 이군(李君)이 좋은 벼슬을 버리고 나쁜 곳으로 온 것이 사실 이상하였다.
아무도 그를 속박한 일이 없었는데도 스스로 장독(瘴毒)이 있는 곳을 취했기 때문이다.
뒤에 내가 유주자사(柳州刺史)로 폄적(貶謫)되어 계주(桂州)에 이르렀는데 이군(李君)이 또 그곳에 있으면서 보잘것없는 관리생활을 하고 있었다.
아, 어찌 이처럼 자신을 고달프게 한단 말인가.","도성(都城)으로 가는 이위(李渭)를 송별하는 서문
문장이 비통하고 쓸쓸한 것 같다.
동정호(洞庭湖)를 건너고 상강(湘江)을 거슬러 올라오는 지역은 죄가 있어 좌천된 자가 아니면서 찾아오는 경우는 드물다.
또 게다가 임원령(臨源嶺)을 넘고 나수(灕水)를 따라 내려와 여포현(荔浦縣)으로 나오는 경우는 이름이 형부(刑部)에 올라 지방관리로 좌천되어 온 자가 아니면 그런 일이 더 적은 것은 당연하다.
이전에 내가 쫓겨나 영주(永州)에 거주하고 있을 때 이군(李君)이 그곳에 왔는데, 그때 나는 이군(李君)이 좋은 벼슬을 버리고 나쁜 곳으로 온 것이 사실 이상하였다.
아무도 그를 속박한 일이 없었는데도 스스로 장독(瘴毒)이 있는 곳을 취했기 때문이다.
뒤에 내가 유주자사(柳州刺史)로 폄적(貶謫)되어 계주(桂州)에 이르렀는데 이군(李君)이 또 그곳에 있으면서 보잘것없는 관리생활을 하고 있었다.
아, 어찌 이처럼 자신을 고달프게 한단 말인가."
6,당송팔대가문초증공1,216,normalization_only,4,4,"서간(徐幹)은 자(字)가 위장(偉長)이고 북해(北海) 사람인데 한(漢)나라와 위(魏)나라 시대에 걸쳐 살았다.
위(魏) 문제(文帝)는 “서간(徐幹)은 우아하면서도 질박하고 담박하고 욕심이 적어 세상을 피해 은거하려는 뜻이 있다. ”고 하였다.
≪선현행장(先賢行狀)≫에도 “서간(徐幹)은 행실을 독실하게 하고 도(道)를 체득하였으며 세상의 영화를 즐기지 않았다.
위(魏) 태조(太祖)가 특별히 표창하여 불렀으나 질병을 핑계대며 나아가지 않았고, 뒤에 상애현(上艾縣) 수령으로 삼았으나 또 질병을 이유로 부임하지 않았다. ”라고 하였다.","서간(徐幹)은 자(字)가 위장(偉長)이고 북해(北海) 사람인데 한(漢)나라와 위(魏)나라 시대에 걸쳐 살았다.
위(魏) 문제(文帝)는 “서간(徐幹)은 우아하면서도 질박하고 담박하고 욕심이 적어 세상을 피해 은거하려는 뜻이 있다. ”고 하였다. 
≪선현행장(先賢行狀)≫에도 “서간(徐幹)은 행실을 독실하게 하고 도(道)를 체득하였으며 세상의 영화를 즐기지 않았다.
위(魏) 태조(太祖)가 특별히 표창하여 불렀으나 질병을 핑계대며 나아가지 않았고, 뒤에 상애현(上艾縣) 수령으로 삼았으나 또 질병을 이유로 부임하지 않았다. ”라고 하였다. "
6,당송팔대가문초증공1,414,whitespace_only,7,6,"윤공(尹公)의 행실이 일로 드러난 것과 말이 글로 드러난 것은 본디 이미 성대하게 사람들을 감동시키고 있다.
그런데 이공(李公)이 이때에 또 그 유적을 잘 꾸며 확대하였으니,
이는 어찌 한때 흠모하는 수주(隨州) 사람들의 마음만 위로하여 그들과 그 즐거움을 함께한 것일 뿐이겠는가.
더 나아가 장차 멀리 떨어져 있는 지역을, 견문(見聞)이 닿지 않는 먼 후대 사람에게까지 그 이름을 전하고 그 유적을 관람하게 함으로써 누구나 고개 숙여 추억하고 흠모하도록 하려는 것이다.
아마도 윤공(尹公)의 명성과 기절(氣節)이 시대가 멀어질수록 더욱 새로워지게 될 것이니, 이는 다른 사람과 그 좋아하는 마음을 함께한 것이라고 말할 수 있을 것이다.
그렇다면 이공(李公)의 이름이 후세에 전해가는 것 역시 어찌 한량이 있겠는가.
때문에 내가 이 문장을 쓰니, 때는 희령(熙寧) 원년 정월 어느 날이다.","윤공(尹公)의 행실이 일로 드러난 것과 말이 글로 드러난 것은 본디 이미 성대하게 사람들을 감동시키고 있다.
그런데 이공(李公)이 이때에 또 그 유적을 잘 꾸며 확대하였으니, 이는 어찌 한때 흠모하는 수주(隨州) 사람들의 마음만 위로하여 그들과 그 즐거움을 함께한 것일 뿐이겠는가. 
더 나아가 장차 멀리 떨어져 있는 지역을, 견문(見聞)이 닿지 않는 먼 후대 사람에게까지 그 이름을 전하고 그 유적을 관람하게 함으로써 누구나 고개 숙여 추억하고 흠모하도록 하려는 것이다. 
아마도 윤공(尹公)의 명성과 기절(氣節)이 시대가 멀어질수록 더욱 새로워지게 될 것이니, 이는 다른 사람과 그 좋아하는 마음을 함께한 것이라고 말할 수 있을 것이다.
그렇다면 이공(李公)의 이름이 후세에 전해가는 것 역시 어찌 한량이 있겠는가.
때문에 내가 이 문장을 쓰니, 때는 희령(熙寧) 원년 정월 어느 날이다."
6,당송팔대가문초증공1,462,normalization_only,4,4,"상어가 출몰하고 물살이 거세게 치솟으며 급류에 바위가 구르는 하천을 건너고, 깎아지른 산비탈에 잡초와 수목이 우거져 맹수와 독사들이 우글거리는 곳을 지나가기도 하고, 또 비가 내리다가 맑았다가 추웠다가 따뜻했다 하는 변덕스러운 날씨 속에 풍파가 갑자기 일어나거나 독한 안개가 잔뜩 끼는 등 예측할 수 없는 위험을 경험하기도 하였다.
이것은 내가 집을 떠나 혈혈단신으로 멀리 돌아다니면서 겪은 고초이다.
의복․음식․약품과 집․가구에서부터 키와 광주리 등 자질구레한 것들은 곧 내 힘으로 마련하여 가족을 부양했던 물건들이다.
아버지가 돌아가셨을 때 나 혼자 타향에서 통곡하고 수천 리 밖에서 영구를 모시고 남쪽으로 돌아와 장시간의 노고와 고통을 겪은 뒤에 비로소 대사(大事)를 마쳤으니, 이것은 내가 큰 화를 만나 어려움에 처했던 정황이다.","상어가 출몰하고 물살이 거세게 치솟으며 급류에 바위가 구르는 하천을 건너고,  깎아지른 산비탈에 잡초와 수목이 우거져 맹수와 독사들이 우글거리는 곳을 지나가기도 하고,  또 비가 내리다가 맑았다가 추웠다가 따뜻했다 하는 변덕스러운 날씨 속에 풍파가 갑자기 일어나거나 독한 안개가 잔뜩 끼는 등 예측할 수 없는 위험을 경험하기도 하였다. 
이것은 내가 집을 떠나 혈혈단신으로 멀리 돌아다니면서 겪은 고초이다.
의복․음식․약품과 집․가구에서부터 키와 광주리 등 자질구레한 것들은 곧 내 힘으로 마련하여 가족을 부양했던 물건들이다.
아버지가 돌아가셨을 때 나 혼자 타향에서 통곡하고 수천 리 밖에서 영구를 모시고 남쪽으로 돌아와 장시간의 노고와 고통을 겪은 뒤에 비로소 대사(大事)를 마쳤으니, 이것은 내가 큰 화를 만나 어려움에 처했던 정황이다."
6,당송팔대가문초한유3,40,normalization_only,10,10,"원화(元和) 초년에 재덕(才德)이 뛰어난 인재(人才)를 모을 때에 공을 불러 이부원외랑(吏部員外郞)에 제수하였고, 얼마 되지 않아 직방낭중(職方郞中) 지제고(知制誥)에 임명하였다.
왕공의 벗이 죄를 얻어 축출된 뒤로는 그 집안의 친척이나 지인(知人)들도 그 집 앞을 지날 적이면 목을 움츠리고 감히 바라보지도 못하였는데, 왕공은 홀로 가서 형편과 안부를 물었으며, 벗을 위해 계획하고 논의하여 벗의 억울함을 풀어주었다.
이로 인해 외직(外職)으로 나가 협주자사(峽州刺史)가 되었다가 여주자사(廬州刺史)로 전직(轉職)되었는데, 부임하기 전에 모친상(母親喪)을 당하였다.
상기(喪期)를 마친 뒤에 또 무주자사(婺州刺史)에 임명되었다.
이때 역병(疫病)과 가뭄이 심하여 사람들이 거의 다 죽게 되었는데, 왕공은 부임하자마자 여러 방법으로 구활(救活)하였다.
드디어 비가 내리고 역병도 진정되어 몇 년 전에 비해 민간의 생활이 완전히 회복되었다.
황제의 사자(使者)가 순시(巡視)를 나오자, 사람들이 길을 가득 메울 정도로 많이 나와서 사자를 맞이해 왕공의 공덕(功德)을 칭송하였다.
사자가 이 일을 구체적으로 아뢰니, 황제께서는 즉시 공에게 추가로 금자(金紫)의 관위(官位)를 내리셨다.
소주자사(蘇州刺史)로 옮겨가서는 가옥(家屋)의 형태를 변경하여 불이 번지는 것을 끊고, 송강(松江)에 제방을 쌓아 길을 만들어서 길이 막혀 생기는 피해를 없앴다.
가을과 여름에 부세를 징수할 때에는 직접 문서를 만들어 사람들에게 기한을 정해주어, 관리(官吏)가 찾아가지 않아도 백성이 스스로 와서 바치게 하니, 정사(政事)의 성적이 천하의 자사(刺史) 중에 으뜸이었다.","원화(元和) 초년에 재덕(才德)이 뛰어난 인재(人才)를 모을 때에 공을 불러 이부원외랑(吏部員外郞)에 제수하였고, 얼마 되지 않아 직방낭중(職方郞中) 지제고(知制誥)에 임명하였다.
왕공의 벗이 죄를 얻어 축출된 뒤로는 그 집안의 친척이나 지인(知人)들도 그 집 앞을 지날 적이면 목을 움츠리고 감히 바라보지도 못하였는데, 왕공은 홀로 가서 형편과 안부를 물었으며, 벗을 위해 계획하고 논의하여 벗의 억울함을 풀어주었다.
이로 인해 외직(外職)으로 나가 협주자사(峽州刺史)가 되었다가 여주자사(廬州刺史)로 전직(轉職)되었는데, 부임하기 전에 모친상(母親喪)을 당하였다.
상기(喪期)를 마친 뒤에 또 무주자사(婺州刺史)에 임명되었다.
이때 역병(疫病)과 가뭄이 심하여 사람들이 거의 다 죽게 되었는데, 왕공은 부임하자마자 여러 방법으로 구활(救活)하였다.
드디어 비가 내리고 역병도 진정되어 몇 년 전에 비해 민간의 생활이 완전히 회복되었다.
황제의 사자(使者)가 순시(巡視)를 나오자, 사람들이 길을 가득 메울 정도로 많이 나와서 사자를 맞이해 왕공의 공덕(功德)을 칭송하였다.
사자가 이 일을 구체적으로 아뢰니, 황제께서는 즉시 공에게 추가로 금자(金紫)의 관위(官位)를 내리셨다. 
소주자사(蘇州刺史)로 옮겨가서는 가옥(家屋)의 형태를 변경하여 불이 번지는 것을 끊고, 송강(松江)에 제방을 쌓아 길을 만들어서 길이 막혀 생기는 피해를 없앴다.
가을과 여름에 부세를 징수할 때에는 직접 문서를 만들어 사람들에게 기한을 정해주어, 관리(官吏)가 찾아가지 않아도 백성이 스스로 와서 바치게 하니,  정사(政事)의 성적이 천하의 자사(刺史) 중에 으뜸이었다."
6,예기집설대전2,255,whitespace_only,7,7,"자류(子柳)의 어머니가 죽자 자석(子碩)이 상사(喪事)의 기물을 마련할 것을 청하였다.
자류(子柳)가 말하기를 “〈재물이 없는데〉 무엇을 가지고 하겠느냐? ”라고 하자, 자석이 말하기를 “청컨대 서제(庶弟)의 어머니를 팝시다. ”라고 하였다.
자류가 말하기를 “어떻게 남의 어머니를 팔아서 자기의 어머니를 장사(葬事)지낼 수 있겠느냐?
안 될 말이다. ”라고 하였다.
이미 장사를 지내고 나서 자석이 부의(賻儀)로 들어온 재물 중에 남은 것을 가지고 제기(祭器)를 장만하려고 하자, 자류가 말하였다.
“안 된다.
내 듣자하니 군자는 상사(喪事)로 인해 생긴 재화로 집안을 이롭게 하지 않는다고 하니, 여러 형제들 중에 가난한 자에게 나누어주도록 하자. ”","자류(子柳)의 어머니가 죽자 자석(子碩)이 상사(喪事)의 기물을 마련할 것을 청하였다.
자류(子柳)가 말하기를 “〈재물이 없는데〉 무엇을 가지고 하겠느냐? ”라고 하자, 
자석이 말하기를 “청컨대 서제(庶弟)의 어머니를 팝시다. ”라고 하였다. 
자류가 말하기를 “어떻게 남의 어머니를 팔아서 자기의 어머니를 장사(葬事)지낼 수 있겠느냐?
안 될 말이다. ”라고 하였다.
이미 장사를 지내고 나서 자석이 부의(賻儀)로 들어온 재물 중에 남은 것을 가지고 제기(祭器)를 장만하려고 하자,  자류가 말하였다. “안 된다.
내 듣자하니 군자는 상사(喪事)로 인해 생긴 재화로 집안을 이롭게 하지 않는다고 하니,  여러 형제들 중에 가난한 자에게 나누어주도록 하자. ”"
6,예기집설대전2,519,whitespace_only,9,8,"정현(鄭玄)의 주(註)에 ≪국어(國語)≫를 인용하여 사자(使者)가 공자(公子) 집(縶)이라는 것을 알 수 있으니, 집의 자가 자현(子顯)이다.
그러므로 현(顯)을 현(韅)으로 읽어야 한다.
상례(喪禮)에 먼저 이마를 조아린 뒤에 절을 하는 것을 성배(成拜)라고 하는데, 후사(後嗣)가 된 사람이 성배하는 것은 조문한 예(禮)의 정중함에 감사를 드리기 위한 것이다.
그런데 지금 공자는 아직 후사가 되지 못한 까닭에 성배하지 못한 것이다.
애부(愛父)는 그 아버지를 애통해한다는 말과 같다.
사사로이 사자(使者)와 더불어 말하지 않은 것은 귀국하려는 뜻이 없었기 때문이니, 이는 이익을 멀리한 것이다.
아버지를 사랑하고 이익을 멀리함은 모두 인자(仁者)의 일이다.
그렇기 때문에 그를 일컬어 “어질구나.
공자(公子) 중이(重耳)여! ”라고 한 것이다.","정현(鄭玄)의 주(註)에 ≪국어(國語)≫를 인용하여 사자(使者)가 공자(公子) 집(縶)이라는 것을 알 수 있으니, 집의 자가 자현(子顯)이다.
그러므로 현(顯)을 현(韅)으로 읽어야 한다.
상례(喪禮)에 먼저 이마를 조아린 뒤에 절을 하는 것을 성배(成拜)라고 하는데, 후사(後嗣)가 된 사람이 성배하는 것은 조문한 예(禮)의 정중함에 감사를 드리기 위한 것이다.
그런데 지금 공자는 아직 후사가 되지 못한 까닭에 성배하지 못한 것이다.
애부(愛父)는 그 아버지를 애통해한다는 말과 같다.
사사로이 사자(使者)와 더불어 말하지 않은 것은 귀국하려는 뜻이 없었기 때문이니,  이는 이익을 멀리한 것이다.
아버지를 사랑하고 이익을 멀리함은 모두 인자(仁者)의 일이다.
그렇기 때문에 그를 일컬어 “어질구나. 공자(公子) 중이(重耳)여! ”라고 한 것이다. "
6,예기집설대전2,661,normalization_only,1,1,이조(李調)가 임금을 가까이 모시는 친숙한 신하가 되었으면서 한 번 마시고 한 번 먹는 것을 탐하여 임금이 예(禮)를 어기는 잘못을 잊어버렸기 때문에 그에게 벌주(罰酒)를 마시게 한 것이라는 말이다.,이조(李調)가 임금을 가까이 모시는 친숙한 신하가 되었으면서 한 번 마시고 한 번 먹는 것을 탐하여 임금이 예(禮)를 어기는 잘못을 잊어버렸기 때문에 그에게 벌주(罰酒)를 마시게 한 것이라는 말이다. 
6,자치통감강목1,18,whitespace_only,11,12,"금화각본(金華刻本)에 실려 있는 왕로재(王魯齋) 백(栢)의 후어(後語) 《자치통감강목(資治通鑑綱目)》이 후학(後學)들에게 도움을 준 것이 오래되었다.
이과재(李果齋)(이방자(李方子))의 후어(後語)에 “저서(著書)의 범례(凡例)와 입언(立言)의 이동(異同)은 또 그 뒤에 나열해 붙였다. ”라고 하였다.
그런데 이 말은 있었지만 이 글은 보지 못하였다.
50여 년이 지났으므로 그 상세한 사정을 알 수 없어서 일찍이 책을 어루만지며 한숨 쉬면서 이에 대하여 생각을 하지 않음이 없었다.
아, 춘추필법(春秋筆法)이 끊어져 사법(史法)이 무너졌으므로 사마온공(司馬溫公)이 옛일을 거울삼아 세 제후(諸侯)가 참명(僭命)한 것을 처음으로 삼았는데,
이로부터 권모(權謀)와 변사(變詐)하는 습속이 날로 심해져서 군사(軍士)를 파묻고 나라를 멸망시키며 정통(正統)을 간섭하고 종족(宗族)을 주멸(誅滅)하는 것이 서로 이어 분주히 하여 흥폐(興廢)와 이합(離合)이 1, 362년 동안이나 어지러웠으니 그 실마리가 매우 많았다.
주자(朱子)가 혈구(絜矩)의 도(道)를 미루고 권형(權衡)의 붓에 붙여서 큰 글자로 쓴 강(綱)과 두 줄로 분주(分註)한 목(目)이 서로 섞여 있어서 경전(經傳)의 체제를 갖추었는데, 사마천(司馬遷) 이래로 처음 있는 일이었다.
진실로 발범(發凡)과 석례(釋例)로 하나의 이치를 꿰뚫어 말하지 않았다면 술작(述作)의 뜻을 누가 밝히고, 권선징악(勸善懲惡)의 뜻을 누가 구분하며,
대경대법(大經大法)이 천륜(天倫)을 부지하고 인욕(人欲)을 막아 백왕(百王)의 궤도(軌度)를 닦아서 만세(萬世)의 준승(準繩)이 되는 것을 어찌 직서(直書)하고 숨기지 않는 실상에서 드러내었겠는가.
이것이 어찌 글줄을 찾고 글자를 세며 억지로 찾는 자가 그 비슷한 것을 얻을 수 있겠는가.
후학(後學)이 크게 한스러운 것이 마땅하다.","금화각본(金華刻本)에 실려 있는 왕로재(王魯齋) 백(栢)의 후어(後語)
《자치통감강목(資治通鑑綱目)》이 후학(後學)들에게 도움을 준 것이 오래되었다.
이과재(李果齋)(이방자(李方子))의 후어(後語)에 “저서(著書)의 범례(凡例)와 입언(立言)의 이동(異同)은 또 그 뒤에 나열해 붙였다. ”라고 하였다.
그런데 이 말은 있었지만 이 글은 보지 못하였다.
50여 년이 지났으므로 그 상세한 사정을 알 수 없어서 일찍이 책을 어루만지며 한숨 쉬면서 이에 대하여 생각을 하지 않음이 없었다.
아, 춘추필법(春秋筆法)이 끊어져 사법(史法)이 무너졌으므로 사마온공(司馬溫公)이 옛일을 거울삼아 세 제후(諸侯)가 참명(僭命)한 것을 처음으로 삼았는데,
이로부터 권모(權謀)와 변사(變詐)하는 습속이 날로 심해져서 군사(軍士)를 파묻고 나라를 멸망시키며 정통(正統)을 간섭하고 종족(宗族)을 주멸(誅滅)하는 것이 서로 이어 분주히 하여 흥폐(興廢)와 이합(離合)이 1, 362년 동안이나 어지러웠으니 그 실마리가 매우 많았다.
주자(朱子)가 혈구(絜矩)의 도(道)를 미루고 권형(權衡)의 붓에 붙여서 큰 글자로 쓴 강(綱)과 두 줄로 분주(分註)한 목(目)이 서로 섞여 있어서 경전(經傳)의 체제를 갖추었는데, 사마천(司馬遷) 이래로 처음 있는 일이었다.
진실로 발범(發凡)과 석례(釋例)로 하나의 이치를 꿰뚫어 말하지 않았다면 술작(述作)의 뜻을 누가 밝히고, 권선징악(勸善懲惡)의 뜻을 누가 구분하며,
대경대법(大經大法)이 천륜(天倫)을 부지하고 인욕(人欲)을 막아 백왕(百王)의 궤도(軌度)를 닦아서 만세(萬世)의 준승(準繩)이 되는 것을 어찌 직서(直書)하고 숨기지 않는 실상에서 드러내었겠는가.
이것이 어찌 글줄을 찾고 글자를 세며 억지로 찾는 자가 그 비슷한 것을 얻을 수 있겠는가.
후학(後學)이 크게 한스러운 것이 마땅하다."
6,자치통감강목4,122,whitespace_only,15,16,"주보언(主父偃)과 같은 군(郡) 출신인 엄안(嚴安) 또한 글을 올려 다음과 같이 아뢰었다.
“지금 사람들은 재물을 쓰는 것이 사치스러워 수레와 말, 옷과 갖옷과 궁실, 음악과 여색, 맛있는 음식을 모두 다투어 꾸며서 천하에 드러내 보여 사람들이 바라게 하니, 사치하기만 하고 절제함이 없으면 재물이 넉넉하지 못하여 백성들이 본업(本業)(농업(農業))을 버리고 말업(末業)(상공업(商工業))을 추구합니다.
말업도 거저 얻어지는 것이 아니라서 띠에 홀을 꽂은 관리들이 남을 속이는 것을 꺼리지 않고 칼을 찬 무인들이 사람을 죽이고 약탈하는 것을 뽐냅니다.
그런데도 세상 사람들이 부끄러워할 줄을 모르니, 이 때문에 이익을 쫓는 것이 그침이 없어서 법을 범하는 자가 많은 것입니다.
신은 원컨대 백성들을 제어하는 제도를 만들어서 그 음란함(분수에 넘치는 것)을 막고, 가난한 자와 부유한 자들로 하여금 서로 과시하지 않아 그 마음을 온화하게 하고자 하니, 마음과 뜻이 안정되면 도적이 사라지고 형벌이 적어지고 음양이 조화롭게 되어 만물이 번성하게 될 것입니다.
관(觀)은 거성(去聲)이니, 드러내 보여서 사람들로 하여금 사모하고 바라게 하는 것이다.
섬(贍)은 넉넉함이다.
이(離)는 역지(力智)의 절(切)이다.
본(本)은 농업(農業)을 이른다.
요(徼)는 요구함이다.
말(末)은 공상업(工商業)을 이른다.
도(徒)은 한갓이다.
진(搢)은 꽂음이고 신(紳)은 큰 띠이니, “진신(搢紳)”은 홀을 꽂고 큰 띠를 드리우는 것이다.
과(夸)은 과장하고 뽐낸다는 뜻이다.
교(矯)은 속임이다, 요(燿)(빛나다)는 익조(弋照)의 절(切)이다.","주보언(主父偃)과 같은 군(郡) 출신인 엄안(嚴安) 또한 글을 올려 다음과 같이 아뢰었다.
“지금 사람들은 재물을 쓰는 것이 사치스러워 수레와 말, 옷과 갖옷과 궁실, 음악과 여색, 맛있는 음식을 모두 다투어 꾸며서 천하에 드러내 보여 사람들이 바라게 하니, 사치하기만 하고 절제함이 없으면 재물이 넉넉하지 못하여 백성들이 본업(本業)(농업(農業))을 버리고 말업(末業)(상공업(商工業))을 추구합니다.
말업도 거저 얻어지는 것이 아니라서 띠에 홀을 꽂은 관리들이 남을 속이는 것을 꺼리지 않고 칼을 찬 무인들이 사람을 죽이고 약탈하는 것을 뽐냅니다.
그런데도 세상 사람들이 부끄러워할 줄을 모르니, 이 때문에 이익을 쫓는 것이 그침이 없어서 법을 범하는 자가 많은 것입니다.
신은 원컨대 백성들을 제어하는 제도를 만들어서 그 음란함(분수에 넘치는 것)을 막고, 가난한 자와 부유한 자들로 하여금 서로 과시하지 않아 그 마음을 온화하게 하고자 하니, 마음과 뜻이 안정되면 도적이 사라지고 형벌이 적어지고 음양이 조화롭게 되어 만물이 번성하게 될 것입니다.
관(觀)은 거성(去聲)이니, 드러내 보여서 사람들로 하여금 사모하고 바라게 하는 것이다.
섬(贍)은 넉넉함이다.
이(離)는 역지(力智)의 절(切)이다.
본(本)은 농업(農業)을 이른다.
요(徼)는 요구함이다.
말(末)은 공상업(工商業)을 이른다.
도(徒)은 한갓이다.
진(搢)은 꽂음이고 신(紳)은 큰 띠이니, “진신(搢紳)”은 홀을 꽂고 큰 띠를 드리우는 것이다.
과(夸)은 과장하고 뽐낸다는 뜻이다.
교(矯)은 속임이다,
요(燿)(빛나다)는 익조(弋照)의 절(切)이다."
6,자치통감강목6,94,whitespace_only,6,8,"왕봉(王鳳)이 죽을 적에 왕망(王莽)을 태후(太后)와 황제(皇帝)에게 부탁하여 황문랑(黃門郞)에 제수하게 하였는데, 오랜 뒤에 성도후(成都侯) 왕상(王商)이 또다시 청하여 자신의 봉호(封戶)와 고을을 나누어 왕망에게 봉하게 하였고, 당세의 명사(名士)인 대숭(戴崇)과 김섭(金涉), 진탕(陳湯)이 또한 모두 왕망을 위하여 말하였다.
왕망은 이로 말미암아 신도후(新都侯)에 봉해져서 기도위(騎都尉)와 광록대부(光祿大夫), 시중(侍中)으로 승진하였는데, 숙위(宿衛)하기를 매우 삼가고 관작과 지위가 높아질수록 절행(節行)이 더욱 겸손하였으며, 빈객(賓客)들을 구휼하고 은혜를 베풀어서 집에 남은 것이 없었고, 유명한 선비들을 거두어 봉양하고 장수와 정승들과 서로 사귀고 결탁하였다.
그러므로 지위에 있는 자들이 번갈아 그를 추천하니, 헛된 명예가 융성하고 두루 퍼져서 여러 백부(伯父)와 숙부(叔父)들을 압도하였다.
왕망은 격렬하고 기발한 행실을 감행하면서도 태연하여 부끄러워하지 않았다.
일찍이 시종하는 계집종을 사오자 형제들이 괴이하게 여겼는데, 왕망은 인하여 말하기를 “후장군(後將軍) 주자원(朱子元)이 아들이 없다.
내 들으니 이 아이가 아들을 잘 낳는다 하므로 그를 위하여 사왔다. ” 하고, 바로 그날 그 계집종을 주박(朱博)에게 받들어 올렸으니, 실정을 숨기고 명성을 구함이 이와 같았다.","왕봉(王鳳)이 죽을 적에 왕망(王莽)을 태후(太后)와 황제(皇帝)에게 부탁하여 황문랑(黃門郞)에 제수하게 하였는데,
오랜 뒤에 성도후(成都侯) 왕상(王商)이 또다시 청하여 자신의 봉호(封戶)와 고을을 나누어 왕망에게 봉하게 하였고, 당세의 명사(名士)인 대숭(戴崇)과 김섭(金涉), 진탕(陳湯)이 또한 모두 왕망을 위하여 말하였다.
왕망은 이로 말미암아 신도후(新都侯)에 봉해져서 기도위(騎都尉)와 광록대부(光祿大夫), 시중(侍中)으로 승진하였는데,
숙위(宿衛)하기를 매우 삼가고 관작과 지위가 높아질수록 절행(節行)이 더욱 겸손하였으며, 빈객(賓客)들을 구휼하고 은혜를 베풀어서 집에 남은 것이 없었고, 유명한 선비들을 거두어 봉양하고 장수와 정승들과 서로 사귀고 결탁하였다.
그러므로 지위에 있는 자들이 번갈아 그를 추천하니, 헛된 명예가 융성하고 두루 퍼져서 여러 백부(伯父)와 숙부(叔父)들을 압도하였다.
왕망은 격렬하고 기발한 행실을 감행하면서도 태연하여 부끄러워하지 않았다.
일찍이 시종하는 계집종을 사오자 형제들이 괴이하게 여겼는데, 왕망은 인하여 말하기를 “후장군(後將軍) 주자원(朱子元)이 아들이 없다.
내 들으니 이 아이가 아들을 잘 낳는다 하므로 그를 위하여 사왔다. ” 하고,  바로 그날 그 계집종을 주박(朱博)에게 받들어 올렸으니, 실정을 숨기고 명성을 구함이 이와 같았다."
6,자치통감강목6,460,normalization_only,3,3,"벽(辟)은 벽(璧)과 통하고 옹(雍)은 못이니, 벽옹(辟雍)은 천자(天子)의 태학(太學)으로 대사례(大射禮)를 행하는 곳이다.
물이 언덕을 도는 것이 벽옥(璧玉)과 같아서 구경하는 자들을 통제하였으므로 벽옹이라 이름한 것이다.
일설에 “벽(辟)은 밝음이요 옹(雍)은 화(和)함이니, 천하(天下)에 화합(和合)함을 밝히는 것이다. ” 하였다.","벽(辟)은 벽(璧)과 통하고 옹(雍)은 못이니, 벽옹(辟雍)은 천자(天子)의 태학(太學)으로 대사례(大射禮)를 행하는 곳이다.
물이 언덕을 도는 것이 벽옥(璧玉)과 같아서 구경하는 자들을 통제하였으므로 벽옹이라 이름한 것이다.
일설에 “벽(辟)은 밝음이요 옹(雍)은 화(和)함이니, 천하(天下)에 화합(和合)함을 밝히는 것이다. ” 하였다. "
6,자치통감강목6,1255,normalization_only,3,3,"안중후(安衆侯) 유숭(劉崇)이 국상(國相)인 장소(張紹)와 함께 모의하기를 “왕망(王莽)이 반드시 유씨(劉氏)를 위태롭게 할 것이므로 천하가 그를 나쁘게 여기나 감히 먼저 거병(擧兵)하는 자가 없으니, 이야말로 종실(宗室)의 수치이다.
내가 종족들을 거느리고 선도가 되면 해내(海內)가 반드시 호응할 것이다. ” 하였다.
따르는 자가 백여 명이었는데, 마침내 완현(宛縣)으로 진공(進攻)하였으나 들어가지 못하고 패하였다.","안중후(安衆侯) 유숭(劉崇)이 국상(國相)인 장소(張紹)와 함께 모의하기를 “왕망(王莽)이 반드시 유씨(劉氏)를 위태롭게 할 것이므로 천하가 그를 나쁘게 여기나 감히 먼저 거병(擧兵)하는 자가 없으니, 이야말로 종실(宗室)의 수치이다.
내가 종족들을 거느리고 선도가 되면 해내(海內)가 반드시 호응할 것이다. ” 하였다. 
따르는 자가 백여 명이었는데, 마침내 완현(宛縣)으로 진공(進攻)하였으나 들어가지 못하고 패하였다."
6,자치통감강목7,408,normalization_only,5,5,"적미(赤眉)의 남은 무리가 동쪽으로 의양(宜陽)을 향해 오자, 황제가 친히 육군(六軍)을 무장하고 진영을 엄히 정돈하고서 적을 기다렸다.
적미는 갑자기 광무제(光武帝)의 대군을 만나고는, 놀라서 유공(劉恭)을 보내 항복을 청하며 말하기를 “유분자(劉盆子)가 백만 명의 군대를 거느리고 폐하께 항복할 것이니, 어떻게 대우하시겠습니까? ” 하였다.
황제는 “너희를 죽이지 않음으로 대할 뿐이다. ” 하였다.
병오일(丙午日)에 유분자와 승상(丞相) 서선(徐宣) 이하가 웃통을 벗고 항복하고는 얻었던 전국새(傳國璽)와 인끈을 올렸다.
적미의 병력이 아직도 십여만 명이었는데, 황제는 의양현(宜陽縣)의 음식을 만드는 관원에게 명하여 이들 모두에게 음식을 하사하게 하였다.","적미(赤眉)의 남은 무리가 동쪽으로 의양(宜陽)을 향해 오자, 황제가 친히 육군(六軍)을 무장하고 진영을 엄히 정돈하고서 적을 기다렸다.
적미는 갑자기 광무제(光武帝)의 대군을 만나고는, 놀라서 유공(劉恭)을 보내 항복을 청하며 말하기를 “유분자(劉盆子)가 백만 명의 군대를 거느리고 폐하께 항복할 것이니, 어떻게 대우하시겠습니까? ” 하였다. 
황제는 “너희를 죽이지 않음으로 대할 뿐이다. ” 하였다.
병오일(丙午日)에 유분자와 승상(丞相) 서선(徐宣) 이하가 웃통을 벗고 항복하고는 얻었던 전국새(傳國璽)와 인끈을 올렸다.
적미의 병력이 아직도 십여만 명이었는데, 황제는 의양현(宜陽縣)의 음식을 만드는 관원에게 명하여 이들 모두에게 음식을 하사하게 하였다."
6,춘추좌씨전2,12,whitespace_only,5,5,"기(杞): 두씨연표(杜氏年表)에 의하면 무공(武公) 11년부터 춘추시대(春秋時代)로 접어들었는데, 노희공(魯僖公) 23년에서야 비로소 기성공(杞成公)의 졸(卒)과 아우 환공(桓公) 고용(姑容)의 즉위를 기재(記載)하였다.
≪사기(史記)≫를 상고하면 무공(武公)‧정공(靖公)‧공공(共公)‧덕공(德公)으로부터 환공(桓公) 고용(姑容)이 즉위하기까지 모두 96년이고, 중간에 성공(成公) 한 대(代)가 없다.
〈세본(世本)〉과 초주(譙周)와 《사기색은(史記索隱)》과 서광(徐廣)의 설(說)에는 또 “혜공(惠公)이 성공(成公)과 환공(桓公)을 낳았다. ”고 하였으니, 《사기(史記)》의 기록과 이름이 서로 다르다.
또 《춘추(春秋)》에 기재(記載)된 노은공(魯隱公) 4년에 기(杞)를 토벌하고, 노환공(魯桓公) 2년에 기후(杞侯)가 와서 조현(朝見)하고, 3년에 환공(桓公)이 기후(杞侯)와 회합(會合)하고,
노장공(魯莊公) 25년에 백희(伯姬)가 기(杞)나라로 시집간 것 등에 대해 전(傳)에 모두 어떤 공(公)(임금)이라고 기록하지 않았으니, 이제는 다만 《좌전(左傳)》에 환공(桓公)이 성공(成公)의 아우라는 설과 〈두씨연표(杜氏年表)〉의 기록을 정설(正說)로 삼을 뿐이다.","기(杞): 두씨연표(杜氏年表)에 의하면 무공(武公) 11년부터 춘추시대(春秋時代)로 접어들었는데, 노희공(魯僖公) 23년에서야 비로소 기성공(杞成公)의 졸(卒)과 아우 환공(桓公) 고용(姑容)의 즉위를 기재(記載)하였다.
≪사기(史記)≫를 상고하면 무공(武公)‧정공(靖公)‧공공(共公)‧덕공(德公)으로부터 환공(桓公) 고용(姑容)이 즉위하기까지 모두 96년이고, 중간에 성공(成公) 한 대(代)가 없다.
〈세본(世本)〉과 초주(譙周)와 《사기색은(史記索隱)》과 서광(徐廣)의 설(說)에는 또 “혜공(惠公)이 성공(成公)과 환공(桓公)을 낳았다. ”고 하였으니, 《사기(史記)》의 기록과 이름이 서로 다르다.
또 《춘추(春秋)》에 기재(記載)된 노은공(魯隱公) 4년에 기(杞)를 토벌하고, 노환공(魯桓公) 2년에 기후(杞侯)가 와서 조현(朝見)하고, 3년에 환공(桓公)이 기후(杞侯)와 회합(會合)하고, 노장공(魯莊公) 25년에 백희(伯姬)가 기(杞)나라로 시집간 것 등에 대해 전(傳)에 모두 어떤 공(公)(임금)이라고 기록하지 않았으니,
이제는 다만 《좌전(左傳)》에 환공(桓公)이 성공(成公)의 아우라는 설과 〈두씨연표(杜氏年表)〉의 기록을 정설(正說)로 삼을 뿐이다."
6,춘추좌씨전2,600,whitespace_only,17,16,"8월 을해일(乙亥日)에 진양공(晉襄公)이 졸(卒)하였다.
그 태자(太子) 영공(靈公)이 아직 어리니 진인(晉人)은 환난(患難) 때문에 나이 많은 사람을 임금으로 세우고자 하였다.
조맹(趙孟)이 말하기를 “공자(公子) 옹(雍)을 세워야 한다.
그는 선(善)을 좋아하고 나이가 많은 데다가 선군(先君)(문공(文公))이 총애(寵愛)하였으며 또 진(秦)나라와 친근(親近)하니 진(秦)나라는 우리의 오랜 우호국(友好國)이다.
선(善)한 사람을 임금으로 세우면 나라가 공고(鞏固)해지고, 나이 많은 사람을 임금으로 섬기면 순리(順理)가 되고, 선군(先君)이 사랑한 사람을 세우면 효도(孝道)가 되고, 오랜 우호국(友好國)과 친분(親分)을 맺으면 나라가 편안해진다.
환난(患難) 때문에 나이 많은 임금을 세우고자 한다면 이러한 네 가지 덕이 있는 사람을 세워야만 반드시 환난(患難)이 제거될 것이다. ”고 하니,
가계(賈季)가 말하기를 “공자(公子) 악(樂)을 세우는 것만 못하다.
신영(辰嬴)이 두 임금에게 사랑을 받았으니, 그 아들을 임금으로 세우면 백성들이 반드시 안정(安定)될 것이다. ”고 하였다.
조맹(趙孟)이 말하기를 “신영(辰嬴)은 신분(身分)이 미천(微賤)하여 부인(夫人) 중에 서열(序列)이 아홉 번째이니 그 아들이 무슨 위엄(威嚴)이 있겠는가?
그리고 또 두 임금에게 사랑을 받은 것은 음탕(淫蕩)해서이고, 선군(先君)의 아들이 되어 대국(大國)으로 가서 벼슬을 구하지 않고 작은 나라로 가서 있는 것은 성정(性情)이 편벽되고 식견(識見)이 고루(固陋)(벽루(僻陋))해서이다.
어미는 음탕하고 아들은 벽루(僻陋)하니 위엄이 없고, 진(陳)나라는 작은 나라로 멀리 있으니 우리의 도움이 되지 못할 것이데, 장차 무엇으로 백성을 안정시킨다는 말인가?
두기(杜祁)는 양공(襄公) 때문에 핍길(偪姞)에게 서열(序列)을 사양하여 자기의 위가 되게 하고, 적인(狄人) 때문에 계외(季隗)에게 서열을 사양하고 자기는 그 다음이 되었다.
그러므로 서열이 4위(位)가 된 것이다.
선군(先君)께서 이 때문에 그 아들을 총애(寵愛)하여 진(秦)나라로 보내 벼슬시켜 아경(亞卿)이 되게 하셨다.
진(秦)나라는 큰 나라로서 가까운 거리에 있으니 충분히 우리의 도움이 될 수 있고, 어머니는 의롭고 아들은 선군(先君)의 총애를 받았으니 충분히 백성을 위복(威服)시킬 수 있다.
그를 세우는 것이 옳지 않겠는가? ”라 하고서, 선멸(先蔑)과 사회(士會)를 보내어 진(秦)나라로 가서 공자(公子) 옹(雍)을 맞이해 오게 하였다.
가계(賈季)도 진(陳)나라로 사람을 보내어 공자(公子) 악(樂)을 불러오게 하였는데 조맹(趙孟)이 사람을 보내어 공자(公子) 악(樂)을 비(郫)에서 죽였다.","8월 을해일(乙亥日)에 진양공(晉襄公)이 졸(卒)하였다.
그 태자(太子) 영공(靈公)이 아직 어리니 진인(晉人)은 환난(患難) 때문에 나이 많은 사람을 임금으로 세우고자 하였다.
조맹(趙孟)이 말하기를 “공자(公子) 옹(雍)을 세워야 한다.
그는 선(善)을 좋아하고 나이가 많은 데다가 선군(先君)(문공(文公))이 총애(寵愛)하였으며 또 진(秦)나라와 친근(親近)하니 진(秦)나라는 우리의 오랜 우호국(友好國)이다.
선(善)한 사람을 임금으로 세우면 나라가 공고(鞏固)해지고, 나이 많은 사람을 임금으로 섬기면 순리(順理)가 되고, 선군(先君)이 사랑한 사람을 세우면 효도(孝道)가 되고, 오랜 우호국(友好國)과 친분(親分)을 맺으면 나라가 편안해진다.
환난(患難) 때문에 나이 많은 임금을 세우고자 한다면 이러한 네 가지 덕이 있는 사람을 세워야만 반드시 환난(患難)이 제거될 것이다. ”고 하니, 가계(賈季)가 말하기를 “공자(公子) 악(樂)을 세우는 것만 못하다.
신영(辰嬴)이 두 임금에게 사랑을 받았으니, 그 아들을 임금으로 세우면 백성들이 반드시 안정(安定)될 것이다. ”고 하였다.
조맹(趙孟)이 말하기를 “신영(辰嬴)은 신분(身分)이 미천(微賤)하여 부인(夫人) 중에 서열(序列)이 아홉 번째이니 그 아들이 무슨 위엄(威嚴)이 있겠는가?
그리고 또 두 임금에게 사랑을 받은 것은 음탕(淫蕩)해서이고, 선군(先君)의 아들이 되어 대국(大國)으로 가서 벼슬을 구하지 않고 작은 나라로 가서 있는 것은 성정(性情)이 편벽되고 식견(識見)이 고루(固陋)(벽루(僻陋))해서이다.
어미는 음탕하고 아들은 벽루(僻陋)하니 위엄이 없고, 진(陳)나라는 작은 나라로 멀리 있으니 우리의 도움이 되지 못할 것이데, 장차 무엇으로 백성을 안정시킨다는 말인가?
두기(杜祁)는 양공(襄公) 때문에 핍길(偪姞)에게 서열(序列)을 사양하여 자기의 위가 되게 하고, 적인(狄人) 때문에 계외(季隗)에게 서열을 사양하고 자기는 그 다음이 되었다.
그러므로 서열이 4위(位)가 된 것이다.
선군(先君)께서 이 때문에 그 아들을 총애(寵愛)하여 진(秦)나라로 보내 벼슬시켜 아경(亞卿)이 되게 하셨다.
진(秦)나라는 큰 나라로서 가까운 거리에 있으니 충분히 우리의 도움이 될 수 있고, 어머니는 의롭고 아들은 선군(先君)의 총애를 받았으니 충분히 백성을 위복(威服)시킬 수 있다.
그를 세우는 것이 옳지 않겠는가? ”라 하고서, 선멸(先蔑)과 사회(士會)를 보내어 진(秦)나라로 가서 공자(公子) 옹(雍)을 맞이해 오게 하였다.
가계(賈季)도 진(陳)나라로 사람을 보내어 공자(公子) 악(樂)을 불러오게 하였는데 조맹(趙孟)이 사람을 보내어 공자(公子) 악(樂)을 비(郫)에서 죽였다."
6,춘추좌씨전3,206,whitespace_only,10,11,"초자(楚子)가 또 사자(使者)를 보내어 진(晉)나라에 화친(和親)하기를 요구(要求)하니,
진인(晉人)이 허락(許諾)하고서 결맹(結盟)할 날짜를 정(定)하였다.
그런데 초(楚)나라 허백(許伯)이 악백(樂伯)의 병거(兵車)에 어(御)가 되고, 섭숙(攝叔)이 거우(車右)가 되어 진군(晉軍)에 치사(致師)(도전(挑戰))하였다.
허백(許伯)은 “내가 듣건대 치사(致師)하는 자는 어(御)가 깃발이 쏠리도록 급히 달려 적진(敵陣) 가까이까지 갔다가 돌아온다고 하더라. ”고 하고, 악백(樂伯)은 “내가 듣건대 치사(致師)하는 자는 거좌(車左)가 좋은 화살로 적(敵)을 쏘고서 어(御)를 대신해 고삐를 잡으면 어(御)는 병거(兵車)에서 내려 두 말을 가지런히 정리하고 말의 가슴걸이를 바르게 매고서 돌아온다고 하더라. ”
고 하고, 섭숙(攝叔)은 “내가 듣건대 치사(致師)하는 자는 거우(車右)는 적진(敵陣)으로 들어가 적(敵)을 죽여 그 귀를 자르고 적(敵)을 생포(生捕)해 돌아온다고 하더라. ”고 하고서, 모두 자기들이 들은 대로 실행(實行)하고서 돌아오니, 진인(晉人)(포계(鮑癸)를 이름)은 이들을 추격(追擊)하고, 또 군대를 좌우(左右) 양쪽으로 펼쳐 협공(挾攻)하였다.
그러자 악백(樂伯)이 왼쪽으로 그 말을 쏘고, 오른쪽으로 그 사람을 쏘니, 진군(晉軍)의 양각(兩角)이 가까이 오지 못하였다.
악백(樂伯)에게는 한 대의 화살만이 남았을 뿐인데, 갑자기 사슴 한 마리가 앞에 튀어나오자 그 사슴을 쏘니 화살이 사슴의 등에 꽂혔다.
이때 진(晉)나라 포계(鮑癸)가 그 뒤를 바싹 추격(追擊)하고 있었는데, 악백(樂伯)이 섭숙(攝叔)을 시켜 이 사슴을 포계(鮑癸)에게 주며 말하기를, “철이 아직 사냥할 때가 되지 않아 바치는 금수(禽獸)가 이르지 않았을 것이니, 이 사슴을 종자(從者)들의 반찬거리로 올립니다. ”고 하니,
포계(鮑癸)가 그 부하(部下)들에게 추격(追擊)을 멈추게 하며 말하기를, “저들의 거좌(車左)는 활을 잘 쏘고, 거우(車右)는 말을 잘하니 모두 군자(君子)이다. ”고 하였다.
이로 인해 세 사람은 모두 포로(捕虜)가 되는 것을 면(免)하였다.","초자(楚子)가 또 사자(使者)를 보내어 진(晉)나라에 화친(和親)하기를 요구(要求)하니, 진인(晉人)이 허락(許諾)하고서 결맹(結盟)할 날짜를 정(定)하였다.
그런데 초(楚)나라 허백(許伯)이 악백(樂伯)의 병거(兵車)에 어(御)가 되고, 섭숙(攝叔)이 거우(車右)가 되어 진군(晉軍)에 치사(致師)(도전(挑戰))하였다.
허백(許伯)은 “내가 듣건대 치사(致師)하는 자는 어(御)가 깃발이 쏠리도록 급히 달려 적진(敵陣) 가까이까지 갔다가 돌아온다고 하더라. ”고 하고,
악백(樂伯)은 “내가 듣건대 치사(致師)하는 자는 거좌(車左)가 좋은 화살로 적(敵)을 쏘고서 어(御)를 대신해 고삐를 잡으면 어(御)는 병거(兵車)에서 내려 두 말을 가지런히 정리하고 말의 가슴걸이를 바르게 매고서 돌아온다고 하더라. ”고 하고,
섭숙(攝叔)은 “내가 듣건대 치사(致師)하는 자는 거우(車右)는 적진(敵陣)으로 들어가 적(敵)을 죽여 그 귀를 자르고 적(敵)을 생포(生捕)해 돌아온다고 하더라. ”고 하고서,
모두 자기들이 들은 대로 실행(實行)하고서 돌아오니, 진인(晉人)(포계(鮑癸)를 이름)은 이들을 추격(追擊)하고, 또 군대를 좌우(左右) 양쪽으로 펼쳐 협공(挾攻)하였다.
그러자 악백(樂伯)이 왼쪽으로 그 말을 쏘고, 오른쪽으로 그 사람을 쏘니, 진군(晉軍)의 양각(兩角)이 가까이 오지 못하였다.
악백(樂伯)에게는 한 대의 화살만이 남았을 뿐인데, 갑자기 사슴 한 마리가 앞에 튀어나오자 그 사슴을 쏘니 화살이 사슴의 등에 꽂혔다.
이때 진(晉)나라 포계(鮑癸)가 그 뒤를 바싹 추격(追擊)하고 있었는데, 악백(樂伯)이 섭숙(攝叔)을 시켜 이 사슴을 포계(鮑癸)에게 주며 말하기를, “철이 아직 사냥할 때가 되지 않아 바치는 금수(禽獸)가 이르지 않았을 것이니, 이 사슴을 종자(從者)들의 반찬거리로 올립니다. ”고 하니,
포계(鮑癸)가 그 부하(部下)들에게 추격(追擊)을 멈추게 하며 말하기를, “저들의 거좌(車左)는 활을 잘 쏘고, 거우(車右)는 말을 잘하니 모두 군자(君子)이다. ”고 하였다.
이로 인해 세 사람은 모두 포로(捕虜)가 되는 것을 면(免)하였다."
6,춘추좌씨전3,209,whitespace_only,10,11,"진군(晉軍)은 황하(黃河)를 향해 오른쪽으로 이동(移動)하였으되, 상군(上軍)은 움직이지 않았다.
초(楚)나라 공윤(工尹) 제(齊)가 우거(右拒)(오른쪽 방진(方陣))의 군졸(軍卒)을 거느리고서 진(晉)나라 하군(下軍)을 추격(追擊)하였다.
전쟁(戰爭)하기에 앞서 초자(楚子)가 당교(唐狡)와 채구거(蔡鳩居)를 보내어 당혜후(唐惠侯)에게 고(告)하기를, “내가 덕(德)도 없으면서 탐욕(貪慾)을 부렸다가 강대(强大)한 적(敵)을 만났으니, 나의 죄(罪)입니다.
그러나 초(楚)나라가 승리(勝利)하지 못한다면 군(君)(당후(唐侯)를 가리킴)의 수치(羞恥)도 될 것이니, 감히 군(君)의 위령(威靈)(명성(名聲)과 권위(權威))을 빌려 우리 초군(楚軍)이 승리(勝利)하기를 바랍니다. ”고 하였다.
이때 초자(楚子)는 반당(潘黨)을 보내어 대기(待期)하고 있는 병거(兵車) 40승(乘)을 거느리고 가서 당후(唐侯)를 따라가 좌거(左拒)(왼쪽 방진(方陣))를 만들어 진(晉)나라 상군(上軍)을 추격(追擊)하게 하니, 진(晉)나라 구백(駒伯)이 “저들을 방어(防禦)하리까? ”라고 묻자, 수계(隨季)가 말하기를, “초군(楚軍)의 사기(士氣)가 바야흐로 왕성(旺盛)하니, 병력(兵力)을 집중(集中)해 우리를 공격(攻擊)한다면 우리 군대는 반드시 전멸(全滅)할 것이다.
그러니 철수(撤收)해 돌아가는 것만 못하다.
비난(非難)을 분담(分擔)하고 군대를 살리는 것이 좋지 않겠는가? ”라고 하고서 상군(上軍)의 군졸(軍卒)로 후군(後軍)을 삼고서 후퇴(後退)하였다.
그러므로 패배(敗北)하지 않았다.
초왕(楚王)이 우광(右廣)의 군거(君車)를 보고서 그 수레로 옮겨 타려 하자, 좌광(左廣)의 거우(車右) 굴탕(屈蕩)이 저지(沮止)하며 말하기를, “군왕(君王)께서 이 수레를 타고 전투(戰鬪)를 시작하셨으니, 이 수레를 타고 전투(戰鬪)를 종결(終結)하소서. ”라고 하였다.
이때부터 초(楚)나라 승광(乘廣)은 좌광(左廣)을 상위(上位)로 삼았다.","진군(晉軍)은 황하(黃河)를 향해 오른쪽으로 이동(移動)하였으되, 상군(上軍)은 움직이지 않았다.
초(楚)나라 공윤(工尹) 제(齊)가 우거(右拒)(오른쪽 방진(方陣))의 군졸(軍卒)을 거느리고서 진(晉)나라 하군(下軍)을 추격(追擊)하였다.
전쟁(戰爭)하기에 앞서 초자(楚子)가 당교(唐狡)와 채구거(蔡鳩居)를 보내어 당혜후(唐惠侯)에게 고(告)하기를, “내가 덕(德)도 없으면서 탐욕(貪慾)을 부렸다가 강대(强大)한 적(敵)을 만났으니, 나의 죄(罪)입니다.
그러나 초(楚)나라가 승리(勝利)하지 못한다면 군(君)(당후(唐侯)를 가리킴)의 수치(羞恥)도 될 것이니, 감히 군(君)의 위령(威靈)(명성(名聲)과 권위(權威))을 빌려 우리 초군(楚軍)이 승리(勝利)하기를 바랍니다. ”고 하였다.
이때 초자(楚子)는 반당(潘黨)을 보내어 대기(待期)하고 있는 병거(兵車) 40승(乘)을 거느리고 가서 당후(唐侯)를 따라가 좌거(左拒)(왼쪽 방진(方陣))를 만들어 진(晉)나라 상군(上軍)을 추격(追擊)하게 하니, 진(晉)나라 구백(駒伯)이 “저들을 방어(防禦)하리까? ”라고 묻자,
수계(隨季)가 말하기를, “초군(楚軍)의 사기(士氣)가 바야흐로 왕성(旺盛)하니, 병력(兵力)을 집중(集中)해 우리를 공격(攻擊)한다면 우리 군대는 반드시 전멸(全滅)할 것이다.
그러니 철수(撤收)해 돌아가는 것만 못하다.
비난(非難)을 분담(分擔)하고 군대를 살리는 것이 좋지 않겠는가? ”라고 하고서 상군(上軍)의 군졸(軍卒)로 후군(後軍)을 삼고서 후퇴(後退)하였다.
그러므로 패배(敗北)하지 않았다.
초왕(楚王)이 우광(右廣)의 군거(君車)를 보고서 그 수레로 옮겨 타려 하자, 좌광(左廣)의 거우(車右) 굴탕(屈蕩)이 저지(沮止)하며 말하기를, “군왕(君王)께서 이 수레를 타고 전투(戰鬪)를 시작하셨으니, 이 수레를 타고 전투(戰鬪)를 종결(終結)하소서. ”라고 하였다.
이때부터 초(楚)나라 승광(乘廣)은 좌광(左廣)을 상위(上位)로 삼았다."
7,당송팔대가문초구양수1,14,whitespace_only,20,21,"대저 관서(關西)에 방비(防備)가 느슨해지고 백성들이 병란(兵亂)을 보지 못한 지가 2, 30년입니다.
가사 적이 병란이 싹튼 당초에 모습을 감추고 계책을 숨기고 있다가 갑자기 공격해 온다고 해보겠습니다.
이러한 때를 당해서 우리 변방(邊方)에 둔치고 있는 군사들은 숫자가 적고 약하며, 성곽(城郭)과 보루(堡壘)는 완전하지 못하고, 백성들은 오래도록 편안한 데 익숙해져서 쉽게 놀라며, 장수는 평소 선발한 사람이 아니라 겁이 많습니다.
그러니 양을 몰고 돼지가 치달리듯 적이 쳐들어온다면 기세를 떨치며 깊숙이 쳐들어올 수 있을 것입니다.
그러나 국가의 위세가 아직 꺾이지 않았고 백성의 기운이 아직 지치지 않았으니, 저들이 성을 빼앗아 차지하고 있더라도 오래도록 지키지 못하고, 노략질을 하고 떠나가면 돌아가는 적군을 요격할 수 있을 것입니다.
이는 하책(下策)입니다.
그러므로 적이 알고도 하지 않은 것입니다.
융적(戎狄)이 변방을 침입하는 것은 예로부터 우환거리이니, 성곽을 공격하고 들판을 노략질할 때 패배하면 달아나고 승리하면 쳐들어오는 것은 늘 있는 일입니다.
이것은 중책(中策)입니다.
그러므로 적이 겸하여 쓰는 것입니다.
저 천자(天子)의 명호(名號)를 참람(僭濫)되게 사용하여 자기 무리들에게 위세를 부리고, 우리 쪽의 취하기 쉬운 한두 곳을 먼저 공격하여 자기 무리들의 마음을 즐겁게 하고, 그런 뒤에 정예병(精銳兵)을 훈련해 양성하여 장구한 계책을 도모합니다.
그런 까닭에 저들이 올 때에 비록 승리해도 앞으로 나아오지 않고 패배하지 않아도 스스로 퇴각하니, 이는 우리 군사를 유인하여 수고롭게 하는 것입니다.
혹은 우리의 동쪽을 치고 혹은 우리의 서쪽을 쳐서 언뜻 나왔다가 언뜻 들어가니, 이는 우리 군사로 하여금 나누어 방비할 곳을 많게 하여 병력(兵力)을 줄이거나 휴식(休息)하지 못하게 하는 것입니다.
우리들이 속공(速攻)하고자 하면 저들은 사기충천(士氣衝天)한 신예(新銳)이고, 우리들이 앉아서 싸움을 걸어오기를 기다리면 저들은 오지 않습니다.
이와 같이 서로 버틴 지 3, 4년도 못 되어서 우리 군사는 이미 쇠약해지고 백성들의 힘은 이미 지쳤습니다.
게다가 불행히도 홍수와 가뭄의 재해를 만나 조세(租稅)는 감당하지 못하고 도적은 떼 지어 일어나니, 저들은 바야흐로 온전한 예기(銳氣)를 떨쳐 곤폐(困弊)한 우리를 공격할 수도 있을 것이고, 가사 우리가 곤폐함을 견디지 못해 분노하여 나와서 공격하여 일전(一戰)을 결행하더라도 저들은 편안히 쉰 군사를 가지고 지친 우리를 기다릴 수 있을 것이고,
우리가 전쟁에 지친 나머지 아무런 대책을 낼 수 없는 것을 다행으로 여겨 마침내 화친을 청해 세시(歲時)의 뇌물을 요구하거나 우리의 사정이 곤궁하고 급박하여 따르지 않을 수 없음을 헤아릴 수 있을 것입니다.
이는 우리의 힘이 한 번 곤궁해지면 적의 계책은 어느 쪽이든 불가할 게 없는 것입니다.
이것이 병법에서 이른바 ‘싸우지도 않고 남의 병력을 지치게 한다. ’는 것이니, 상책(上策)입니다.
적이 바야흐로 쓰고 있습니다.","대저 관서(關西)에 방비(防備)가 느슨해지고 백성들이 병란(兵亂)을 보지 못한 지가 2, 30년입니다.
가사 적이 병란이 싹튼 당초에 모습을 감추고 계책을 숨기고 있다가 갑자기 공격해 온다고 해보겠습니다.
이러한 때를 당해서 우리 변방(邊方)에 둔치고 있는 군사들은 숫자가 적고 약하며, 성곽(城郭)과 보루(堡壘)는 완전하지 못하고, 백성들은 오래도록 편안한 데 익숙해져서 쉽게 놀라며, 장수는 평소 선발한 사람이 아니라 겁이 많습니다.
그러니 양을 몰고 돼지가 치달리듯 적이 쳐들어온다면 기세를 떨치며 깊숙이 쳐들어올 수 있을 것입니다.
그러나 국가의 위세가 아직 꺾이지 않았고 백성의 기운이 아직 지치지 않았으니, 저들이 성을 빼앗아 차지하고 있더라도 오래도록 지키지 못하고, 노략질을 하고 떠나가면 돌아가는 적군을 요격할 수 있을 것입니다.
이는 하책(下策)입니다.
그러므로 적이 알고도 하지 않은 것입니다.
융적(戎狄)이 변방을 침입하는 것은 예로부터 우환거리이니, 성곽을 공격하고 들판을 노략질할 때 패배하면 달아나고 승리하면 쳐들어오는 것은 늘 있는 일입니다.
이것은 중책(中策)입니다.
그러므로 적이 겸하여 쓰는 것입니다.
저 천자(天子)의 명호(名號)를 참람(僭濫)되게 사용하여 자기 무리들에게 위세를 부리고, 우리 쪽의 취하기 쉬운 한두 곳을 먼저 공격하여 자기 무리들의 마음을 즐겁게 하고, 그런 뒤에 정예병(精銳兵)을 훈련해 양성하여 장구한 계책을 도모합니다.
그런 까닭에 저들이 올 때에 비록 승리해도 앞으로 나아오지 않고 패배하지 않아도 스스로 퇴각하니, 이는 우리 군사를 유인하여 수고롭게 하는 것입니다.
혹은 우리의 동쪽을 치고 혹은 우리의 서쪽을 쳐서 언뜻 나왔다가 언뜻 들어가니, 이는 우리 군사로 하여금 나누어 방비할 곳을 많게 하여 병력(兵力)을 줄이거나 휴식(休息)하지 못하게 하는 것입니다.
우리들이 속공(速攻)하고자 하면 저들은 사기충천(士氣衝天)한 신예(新銳)이고, 우리들이 앉아서 싸움을 걸어오기를 기다리면 저들은 오지 않습니다.
이와 같이 서로 버틴 지 3, 4년도 못 되어서 우리 군사는 이미 쇠약해지고 백성들의 힘은 이미 지쳤습니다.
게다가 불행히도 홍수와 가뭄의 재해를 만나 조세(租稅)는 감당하지 못하고 도적은 떼 지어 일어나니, 저들은 바야흐로 온전한 예기(銳氣)를 떨쳐 곤폐(困弊)한 우리를 공격할 수도 있을 것이고,
가사 우리가 곤폐함을 견디지 못해 분노하여 나와서 공격하여 일전(一戰)을 결행하더라도 저들은 편안히 쉰 군사를 가지고 지친 우리를 기다릴 수 있을 것이고,
우리가 전쟁에 지친 나머지 아무런 대책을 낼 수 없는 것을 다행으로 여겨 마침내 화친을 청해 세시(歲時)의 뇌물을 요구하거나 우리의 사정이 곤궁하고 급박하여 따르지 않을 수 없음을 헤아릴 수 있을 것입니다.
이는 우리의 힘이 한 번 곤궁해지면 적의 계책은 어느 쪽이든 불가할 게 없는 것입니다.
이것이 병법에서 이른바 ‘싸우지도 않고 남의 병력을 지치게 한다. ’는 것이니, 상책(上策)입니다.
적이 바야흐로 쓰고 있습니다."
7,당송팔대가문초구양수2,168,normalization_only,6,6,"아!
후문(候問)․청사(請謝)는 공적인 일이 아니니, 장(狀)․첩(牒)의 격식을 갖추어 고관(高官)이나 장리(長吏)에게 베풀더라도 오히려 “옛날에는 마땅히 쓸 예(禮)가 아니었다. ”라고 할 터인데, 하물며 또한 비슷한 나이로 어울려 함께 서로 무릎을 꿇어 절하고 기거하여 마치 형제와 같은 사이에 이런 예(禮)를 써서야 되겠습니까.
어쩌면 족하께서 도의(道義)의 벗으로 나를 기대하지 않아 수서(手書)를 보내주시길 아까워하는 것은 아닌지요?
아니면 세속에 이끌리고 오랜 습속에 물든 사람으로 기대하여 우선 세속의 예(禮)로써 나를 정성스레 대우하시는 것입니까?
그렇지 않다면 이는 승려들이 겉으로만 사람을 존중하는 것입니다.
이런 까닭에 지성스런 마음을 이기지 못해 공(公)에게 이렇게 말씀드립니다.","아!
후문(候問)․청사(請謝)는 공적인 일이 아니니, 장(狀)․첩(牒)의 격식을 갖추어 고관(高官)이나 장리(長吏)에게 베풀더라도 오히려 “옛날에는 마땅히 쓸 예(禮)가 아니었다. ”라고 할 터인데, 하물며 또한 비슷한 나이로 어울려 함께 서로 무릎을 꿇어 절하고 기거하여 마치 형제와 같은 사이에 이런 예(禮)를 써서야 되겠습니까. 
어쩌면 족하께서 도의(道義)의 벗으로 나를 기대하지 않아 수서(手書)를 보내주시길 아까워하는 것은 아닌지요?
아니면 세속에 이끌리고 오랜 습속에 물든 사람으로 기대하여 우선 세속의 예(禮)로써 나를 정성스레 대우하시는 것입니까?
그렇지 않다면 이는 승려들이 겉으로만 사람을 존중하는 것입니다.
이런 까닭에 지성스런 마음을 이기지 못해 공(公)에게 이렇게 말씀드립니다."
7,당송팔대가문초구양수2,260,normalization_only,1,1,"문장(文章)을 짓는 것은 본래 도(道)를 배우는 데 근본을 두므로, 도가 우세한 자는 문장이 어렵지 않게 절로 지극해진다는 것을 논하였으니, 매우 명확한 논리이다.","문장(文章)을 짓는 것은 본래 도(道)를 배우는 데 근본을 두므로, 도가 우세한 자는 문장이 어렵지 않게 절로 지극해진다는 것을 논하였으니,  매우 명확한 논리이다."
7,당송팔대가문초구양수4,274,normalization_only,2,2,"군이 백성을 다스릴 때에 “정사(政事)라는 것은 백성들을 편안하게 하려는 것이니 그들을 번거롭게 하는 일이 없게 할 뿐이다. ”라고 말하였다.
그래서 부임하는 곳마다 백성들이 군의 간이(簡易)한 정사를 좋아하였거니와 의혹을 분변하고 송사(訟事)를 판결할 때에는 간혹 여러 수단을 상황에 따라 사용하여 모두 적중하지 않은 적이 없었지만 상용하지는 않았으며 또한 스스로 이러한 일로 유능하다고 여기지 않았다.","군이 백성을 다스릴 때에 “정사(政事)라는 것은 백성들을 편안하게 하려는 것이니 그들을 번거롭게 하는 일이 없게 할 뿐이다. ”라고 말하였다. 
그래서 부임하는 곳마다 백성들이 군의 간이(簡易)한 정사를 좋아하였거니와 의혹을 분변하고 송사(訟事)를 판결할 때에는 간혹 여러 수단을 상황에 따라 사용하여 모두 적중하지 않은 적이 없었지만 상용하지는 않았으며 또한 스스로 이러한 일로 유능하다고 여기지 않았다."
7,당송팔대가문초구양수4,530,normalization_only,4,4,"또 이를테면 식혜와 젓갈의 발효품과 장조림 만든 것을 제철에 미쳐 거두어 보관하여 신중하게 병과 항아리를 꼼꼼히 막아두었는데도 결국에 많은 수의 힘으로 공격하고 뚫어서 온갖 방법을 다하여 틈을 엿본다.
그리고 커다란 고깃점과 살진 희생, 좋은 안주와 맛있는 음식의 경우에는 덮고 보관한 것이 조금이라도 틈을 드러내거나 지키는 이가 혹시라도 졸음이 와서 〈지키는 데〉 조금이라도 소홀히 하기만 하면 벌써 이놈들이 그 새끼들을 뿌려놓아 자라나고 번성하여 흐물거리고 부패해지지 않음이 없다.
그래서 벗들이 갑자기 찾아올 때 쓸쓸하여 기쁘지 않게 되고 종들이 걱정을 품고서 이 때문에 죄를 얻게 되니, 이것이 그 해를 끼치는 것 가운데 세 번째 일이다.
이는 모두 〈쉬파리의 해 가운데〉 큰 것들이니 나머지는 일일이 말하기 어렵다.","또 이를테면 식혜와 젓갈의 발효품과 장조림 만든 것을 제철에 미쳐 거두어 보관하여 신중하게 병과 항아리를 꼼꼼히 막아두었는데도 결국에 많은 수의 힘으로 공격하고 뚫어서 온갖 방법을 다하여 틈을 엿본다.
그리고 커다란 고깃점과 살진 희생, 좋은 안주와 맛있는 음식의 경우에는 덮고 보관한 것이 조금이라도 틈을 드러내거나 지키는 이가 혹시라도 졸음이 와서 〈지키는 데〉 조금이라도 소홀히 하기만 하면 벌써 이놈들이 그 새끼들을 뿌려놓아 자라나고 번성하여 흐물거리고 부패해지지 않음이 없다. 
그래서 벗들이 갑자기 찾아올 때 쓸쓸하여 기쁘지 않게 되고 종들이 걱정을 품고서 이 때문에 죄를 얻게 되니, 이것이 그 해를 끼치는 것 가운데 세 번째 일이다.
이는 모두 〈쉬파리의 해 가운데〉 큰 것들이니 나머지는 일일이 말하기 어렵다."
7,당송팔대가문초구양수5,111,normalization_only,5,5,"이에 주(周) 태조(太祖)가 왕준(王峻)과 함께 들어가 뵈니, 태후(太后)가 “개봉윤(開封尹) 유승훈(劉承勳)은 고조황제(高祖皇帝)의 아들이니, 마땅히 후사(後嗣)로 세워야 한다. ”라고 하였다.
태후가 유승훈이 오랫동안 병을 앓고 있기 때문에 후사로 삼지 못하니, 태조(太祖)가 군신들과 함께 유승훈을 보고 안부를 살필 수 있게 해달라 청하였다.
태후가 명하여 와탑(臥榻)에 유승훈을 싣고 나와 군신들에게 보이니, 군신들이 이를 보고서야 믿었다.
이에 함께 주청하기를 “서주절도사(徐州節度使) 유빈(劉贇)은 고조(高祖)께서 아껴 아들로 삼았으니 당연히 후사로 세워야 합니다. ”라고 하였다.
이에 태사(太師) 풍도(馮道)를 보내 신하들을 거느리고 가 유빈을 맞이하게 하였다.","이에 주(周) 태조(太祖)가 왕준(王峻)과 함께 들어가 뵈니, 태후(太后)가 “개봉윤(開封尹) 유승훈(劉承勳)은 고조황제(高祖皇帝)의 아들이니, 마땅히 후사(後嗣)로 세워야 한다. ”라고 하였다. 
태후가 유승훈이 오랫동안 병을 앓고 있기 때문에 후사로 삼지 못하니, 태조(太祖)가 군신들과 함께 유승훈을 보고 안부를 살필 수 있게 해달라 청하였다. 
태후가 명하여 와탑(臥榻)에 유승훈을 싣고 나와 군신들에게 보이니, 군신들이 이를 보고서야 믿었다.
이에 함께 주청하기를 “서주절도사(徐州節度使) 유빈(劉贇)은 고조(高祖)께서 아껴 아들로 삼았으니 당연히 후사로 세워야 합니다. ”라고 하였다. 
이에 태사(太師) 풍도(馮道)를 보내 신하들을 거느리고 가 유빈을 맞이하게 하였다. "
7,당송팔대가문초구양수6,4,normalization_only,3,3,"정오의 절조가 드높은지라 난세를 만나 영예와 이익에 물들지 않고서 처자를 버리고 돌아보지도 않고 떠나기까지 하였으니, 어찌 세상과 단절하고 일신(一身)만 몹시도 아낀 자가 아니겠는가.
그러나 정오는 음주와 바둑을 좋아하였고 때때로 시문(詩文)을 지어 그 시문이 인간 세상에 남아 있으니 사람들이 그 글을 흰 명주 비단에 많이 베껴 서로 선물하면서 보배로 여겼다.
어떤 사람은 그 형상을 그림으로 그려 집 벽에다 걸어두고 완상하기까지 하였으니 그의 자취는 비록 멀어졌어도 그 이름은 더욱 드러나 석문(石門)의 문지기나 하조장인(荷蓧丈人)의 무리와는 달랐다.","정오의 절조가 드높은지라 난세를 만나 영예와 이익에 물들지 않고서 처자를 버리고 돌아보지도 않고 떠나기까지 하였으니,  어찌 세상과 단절하고 일신(一身)만 몹시도 아낀 자가 아니겠는가.
그러나 정오는 음주와 바둑을 좋아하였고 때때로 시문(詩文)을 지어 그 시문이 인간 세상에 남아 있으니 사람들이 그 글을 흰 명주 비단에 많이 베껴 서로 선물하면서 보배로 여겼다.
어떤 사람은 그 형상을 그림으로 그려 집 벽에다 걸어두고 완상하기까지 하였으니 그의 자취는 비록 멀어졌어도 그 이름은 더욱 드러나 석문(石門)의 문지기나 하조장인(荷蓧丈人)의 무리와는 달랐다."
7,당송팔대가문초소순1,275,normalization_only,7,7,"용병(用兵)이 비록 교묘한 속임수의 방법이지만, 정도(正道)에 근본을 두면 종국에는 또한 반드시 승리한다.
지금 다섯 가지 간첩의 운용은 그 귀착점은 속임수에 있으니, 성공하면 이익(利益)이 되겠지만 실패하면 화(禍)가 된다.
아울러 우리가 남에게 속임수를 쓰면, 남도 장차 우리를 속일 것이다.
그러므로 간첩을 이용해서 이기면 또한 때로는 간첩 때문에 실패하게 될 것이다.
우리의 간첩이 충성스럽지 못하여 도리어 적에게 이용되는 것이 첫 번째 실패 요인이요, 적의 실상을 얻지 못하고 적이 거짓으로 보여준 것을 얻고서 사실로 여기는 것이 두 번째 실패 요인이며, 우리의 재물을 받고 적의 은밀한 계획을 정탐하지 못하자 두려워 거짓으로 나에게 보고하는 것이 세 번째 실패 요인이다.
대저 정도(正道)에 마음을 쏟으면 강령(綱領) 하나를 들어 올림에 모든 그물코가 딸려 올라오듯 순조로울 것이고, 속임수에 마음을 쏟으면 백 군데를 기워도 천 군데가 새어 결국 실패할 것이다.
여기에 지혜를 쓰면 믿을 수가 없다.","용병(用兵)이 비록 교묘한 속임수의 방법이지만, 정도(正道)에 근본을 두면 종국에는 또한 반드시 승리한다.
지금 다섯 가지 간첩의 운용은 그 귀착점은 속임수에 있으니, 성공하면 이익(利益)이 되겠지만 실패하면 화(禍)가 된다.
아울러 우리가 남에게 속임수를 쓰면, 남도 장차 우리를 속일 것이다.
그러므로 간첩을 이용해서 이기면 또한 때로는 간첩 때문에 실패하게 될 것이다.
우리의 간첩이 충성스럽지 못하여 도리어 적에게 이용되는 것이 첫 번째 실패 요인이요, 적의 실상을 얻지 못하고 적이 거짓으로 보여준 것을 얻고서 사실로 여기는 것이 두 번째 실패 요인이며, 우리의 재물을 받고 적의 은밀한 계획을 정탐하지 못하자 두려워 거짓으로 나에게 보고하는 것이 세 번째 실패 요인이다.
대저 정도(正道)에 마음을 쏟으면 강령(綱領) 하나를 들어 올림에 모든 그물코가 딸려 올라오듯 순조로울 것이고,  속임수에 마음을 쏟으면 백 군데를 기워도 천 군데가 새어 결국 실패할 것이다.
여기에 지혜를 쓰면 믿을 수가 없다."
7,당송팔대가문초소식1,134,whitespace_only,5,6,"옛날 한(漢)나라 무제(武帝) 때에 재력이 고갈되자, 장사꾼인 상홍양(桑弘羊)의 말을 따라 곡식이 쌀 때에 사서 비쌀 때에 팔고 이것을 균수(均輸)라 하니, 이때에 상고(商賈)들이 통행하지 않고 도적이 더욱 많아져 거의 혼란한 지경에 이르게 됐습니다.
효소제(孝昭帝)가 즉위한 뒤에 학자들이 다투어 상홍양(桑弘羊)의 주장을 배척하자, 곽광(霍光)이 백성들이 원하는 바를 따라 허락해주니, 천하의 인심이 돌아와서 마침내 무사하게 되었습니다.
그런데 뜻밖에 오늘 이러한 의논이 다시 일어나게 되었습니다.
법(法)을 확립하는 초기에는 그 주장이 아직 깊지 않아서 다만 “비싼 물건을 수송하여 싼 곳으로 옮겨가고 가까운 지역의 물건을 먼 지방의 물건과 교환한다. ”라고 말합니다.
그러나 관리들을 널리 두고 민전(緡錢)을 많이 내게 하니, 큰 상고(商賈)들이 모두 의심하여 감히 움직이지 않으면서 말하기를 “비록 국가에서 물건을 판매(販賣)한다고 분명히 말하지는 않으나 이미 지금의 제도를 바꿀 것을 허락하였으니, 변역(變易)한 법(法)이 이미 시행되는데 장사꾼들과 이익을 다투지 않는다는 말은 듣지 못했다. ”라고 합니다.","옛날 한(漢)나라 무제(武帝) 때에 재력이 고갈되자, 장사꾼인 상홍양(桑弘羊)의 말을 따라 곡식이 쌀 때에 사서 비쌀 때에 팔고 이것을 균수(均輸)라 하니, 이때에 상고(商賈)들이 통행하지 않고 도적이 더욱 많아져 거의 혼란한 지경에 이르게 됐습니다.
효소제(孝昭帝)가 즉위한 뒤에 학자들이 다투어 상홍양(桑弘羊)의 주장을 배척하자, 곽광(霍光)이 백성들이 원하는 바를 따라 허락해주니, 천하의 인심이 돌아와서 마침내 무사하게 되었습니다.
그런데 뜻밖에 오늘 이러한 의논이 다시 일어나게 되었습니다.
법(法)을 확립하는 초기에는 그 주장이 아직 깊지 않아서 다만 “비싼 물건을 수송하여 싼 곳으로 옮겨가고 가까운 지역의 물건을 먼 지방의 물건과 교환한다. ”라고 말합니다.
그러나 관리들을 널리 두고 민전(緡錢)을 많이 내게 하니,
큰 상고(商賈)들이 모두 의심하여 감히 움직이지 않으면서 말하기를 “비록 국가에서 물건을 판매(販賣)한다고 분명히 말하지는 않으나 이미 지금의 제도를 바꿀 것을 허락하였으니, 변역(變易)한 법(法)이 이미 시행되는데 장사꾼들과 이익을 다투지 않는다는 말은 듣지 못했다. ”라고 합니다."
7,당송팔대가문초소식2,186,whitespace_only,1,2,왕승의(王承議)에게 답한 계(啓) 편관(編管) 가던 도중에 옛 지인을 만나서 정의가 간곡하다.,"왕승의(王承議)에게 답한 계(啓)
편관(編管) 가던 도중에 옛 지인을 만나서 정의가 간곡하다."
7,당송팔대가문초소식2,235,whitespace_only,1,2,황주(黃州)에서 문로공(文潞公)에게 올린 글 오열하는 듯하고 또한 정성스러운 정이 간곡하다.,"황주(黃州)에서 문로공(文潞公)에게 올린 글
오열하는 듯하고 또한 정성스러운 정이 간곡하다."
7,당송팔대가문초왕안석2,19,whitespace_only,3,2,"맹자(孟子)께서 백이(伯夷)․이윤(伊尹)․유하혜(柳下惠) 등을 평(評)하시면서 모두 “성인(聖人)이다. ”
하시고, 또 “백이(伯夷)는 마음이 좁고 유하혜(柳下惠)는 공손(恭遜)하지 못했는데, 마음씀이 좁은 것과 공손하지 않은 것을 군자(君子)는 따르지 않는다. ” 하셨다.
대저 움직이고, 말하고, 보고, 듣는 것이 진실로 예(禮)에 합치되지 않으면 대현인(大賢人)이 되기에도 부족한데, 성인(聖人)이라는 명칭은 대현인(大賢人)도 이와 비견할 수가 없으니, 어찌 마음이 좁은 사람과 공손하지 못한 사람이 참람(僭濫)되게 그 칭호를 얻을 수 있겠는가.","맹자(孟子)께서 백이(伯夷)․이윤(伊尹)․유하혜(柳下惠) 등을 평(評)하시면서 모두 “성인(聖人)이다. ” 하시고, 또 “백이(伯夷)는 마음이 좁고 유하혜(柳下惠)는 공손(恭遜)하지 못했는데, 마음씀이 좁은 것과 공손하지 않은 것을 군자(君子)는 따르지 않는다. ” 하셨다.
대저 움직이고, 말하고, 보고, 듣는 것이 진실로 예(禮)에 합치되지 않으면 대현인(大賢人)이 되기에도 부족한데, 성인(聖人)이라는 명칭은 대현인(大賢人)도 이와 비견할 수가 없으니, 어찌 마음이 좁은 사람과 공손하지 못한 사람이 참람(僭濫)되게 그 칭호를 얻을 수 있겠는가."
7,당송팔대가문초왕안석2,307,whitespace_only,10,10,"처음 양절전운사(兩浙轉運使)로 부임했을 때에, 간의대부(諫議大夫) 소주지사(蘇州知事)인 위상(魏庠)과 시어사(侍御史) 월주지사(越州知事)인 왕병(王柄)이 정무(政務)를 제대로 처리하지 못하면서 예뻐하는 사람과 미워하는 사람에 맞추어 멋대로 조세를 징수하였다.
위상(魏庠)은 선대(先代)의 은혜로 진출한 사람이고 왕병(王柄)은 황상(皇上)의 총애를 믿고 있었는데, 공(公)이 부임하여 그들의 탄핵(彈劾)을 주청(奏請)하니, 황상(皇上)께서 놀라워하며 말씀하시기를 “증모(曾某)가 감히 위상(魏庠)을 치죄(治罪)하니 두려워할 만한 일이로다. ”
하셨는데, 두려워할 만하다는 것은 경외할 만한 것이니, 말을 에둘러서 그렇게 표현하신 것이며, 이에 위상(魏庠)과 왕병(王柄)은 모두 쫓겨났다.
양윤공(楊允恭)이 양자강(揚子江)의 조운(漕運)을 감독할 때에 일처리에 대하여 말한 여러 가지 가운데 황상(皇上)의 재가(裁可)를 받은 것이 많았으나 사람들이 이를 괴로워하고 싫어하였다.
공(公)은 조서(詔書)를 받을 때마다 말하기를 “전운사(轉運使)가 되어 지방에 있으면서, 오로지 법령의 조문대로만 일을 처리하여 자신(自身)을 보전하는 것은, 내 신조(信條)와는 다르다. ” 하고, 곧 이를 집행하지 않았다.
양윤공(楊允恭)이 이를 위에 보고하자, 황상(皇上)께서 사람을 보내어 공(公)을 힐문(詰問)하니, 공(公)은 자신의 신조대로 대답하였고, 황상께서는 이 때문에 양윤공(楊允恭)을 박대(薄待)하면서 그의 건의를 들어주지 않게 되었다.
건의를 통하여 130여 가지의 가혹한 세금(稅金) 조항(條項)을 폐지하게 하였고, 수주지사(壽州知事)로 옮겼을 때에 수주의 토호들이 재물을 동원하여 권귀(權貴)와 결탁하고 스스로 호족(豪族) 노릇을 하였고,
그 가운데 진씨(陳氏)와 범씨(范氏)는 천하의 이름난 호족들이었는데, 공(公)이 부임한다는 소식을 듣고 모두 나와 맞이하면서 스스로 조심하며 감히 범법행위를 하지 않았으므로, 공(公)도 한 해가 다 지나가도록 범법자를 처벌하는 일이 필요 없게 되었다.
그런 후에 지사(知事)가 교체되자 성(城)이 텅 빌 정도로 모든 사람이 나와서 길을 막고 아쉬워하며 떠나지 못하게 하였으므로, 밤중에 두 군졸만 따르게 하고 말을 달려 성을 벗어났다.
군(郡)의 지사(知事)에서 태상박사(太常博士) 주객원외랑(主客員外郞)으로 전임되었다.","처음 양절전운사(兩浙轉運使)로 부임했을 때에, 간의대부(諫議大夫) 소주지사(蘇州知事)인 위상(魏庠)과 시어사(侍御史) 월주지사(越州知事)인 왕병(王柄)이 정무(政務)를 제대로 처리하지 못하면서 예뻐하는 사람과 미워하는 사람에 맞추어 멋대로 조세를 징수하였다.
위상(魏庠)은 선대(先代)의 은혜로 진출한 사람이고 왕병(王柄)은 황상(皇上)의 총애를 믿고 있었는데, 공(公)이 부임하여 그들의 탄핵(彈劾)을 주청(奏請)하니,
황상(皇上)께서 놀라워하며 말씀하시기를 “증모(曾某)가 감히 위상(魏庠)을 치죄(治罪)하니 두려워할 만한 일이로다. ” 하셨는데, 두려워할 만하다는 것은 경외할 만한 것이니, 말을 에둘러서 그렇게 표현하신 것이며, 이에 위상(魏庠)과 왕병(王柄)은 모두 쫓겨났다.
양윤공(楊允恭)이 양자강(揚子江)의 조운(漕運)을 감독할 때에 일처리에 대하여 말한 여러 가지 가운데 황상(皇上)의 재가(裁可)를 받은 것이 많았으나 사람들이 이를 괴로워하고 싫어하였다.
공(公)은 조서(詔書)를 받을 때마다 말하기를 “전운사(轉運使)가 되어 지방에 있으면서, 오로지 법령의 조문대로만 일을 처리하여 자신(自身)을 보전하는 것은, 내 신조(信條)와는 다르다. ” 하고, 곧 이를 집행하지 않았다.
양윤공(楊允恭)이 이를 위에 보고하자, 황상(皇上)께서 사람을 보내어 공(公)을 힐문(詰問)하니, 공(公)은 자신의 신조대로 대답하였고, 황상께서는 이 때문에 양윤공(楊允恭)을 박대(薄待)하면서 그의 건의를 들어주지 않게 되었다.
건의를 통하여 130여 가지의 가혹한 세금(稅金) 조항(條項)을 폐지하게 하였고,
수주지사(壽州知事)로 옮겼을 때에 수주의 토호들이 재물을 동원하여 권귀(權貴)와 결탁하고 스스로 호족(豪族) 노릇을 하였고, 그 가운데 진씨(陳氏)와 범씨(范氏)는 천하의 이름난 호족들이었는데, 공(公)이 부임한다는 소식을 듣고 모두 나와 맞이하면서 스스로 조심하며 감히 범법행위를 하지 않았으므로, 공(公)도 한 해가 다 지나가도록 범법자를 처벌하는 일이 필요 없게 되었다.
그런 후에 지사(知事)가 교체되자 성(城)이 텅 빌 정도로 모든 사람이 나와서 길을 막고 아쉬워하며 떠나지 못하게 하였으므로, 밤중에 두 군졸만 따르게 하고 말을 달려 성을 벗어났다.
군(郡)의 지사(知事)에서 태상박사(太常博士) 주객원외랑(主客員外郞)으로 전임되었다."
7,당송팔대가문초유종원1,16,whitespace_only,12,12,"예로부터 어진 덕을 지닌 사람과 재능이 있는 선비 중에 이상(理想)을 견지하고 본분(本分)을 지키다가 남들의 비방을 당해 자기의 무고함을 스스로 해명하지 못한 자들이 무려 수백 명에 이릅니다.
그래서 형이 없는데 형수를 훔쳤다느니, 아버지를 여윈 딸에게 장가들었는데 장인을 때렸다느니 하는 비방을 받은 자들이 있었습니다.
그러나 당대의 호걸이 그 무고함을 분명하게 가려내주어 마침내 역사서에 빛이 나게 하였습니다.
관중(管仲)은 도적을 만났지만 그를 천거하여 공신이 되게 하였고, 광장(匡章)은 불효자란 이름을 얻었지만 맹자(孟子)가 그를 예우하였습니다.
그런데 지금 저는 옛사람의 그와 같은 내실은 없으면서 비방만 있으니, 세상의 어떤 사람이 저의 무고함을 밝혀주길 기대하더라도 결코 그렇게 될 수 없을 것입니다.
직불의(直不疑)는 금(金)을 사서 같은 방의 동료에게 갚았고, 유관(劉寬)은 수레에서 내려 소를 시골사람에게 돌려주었으니, 이로써 진위(眞僞)의 구별이 애매모호하여 가려낼 수 없는 일은 입으로 해결할 수 있는 것이 아니라는 것을 확실히 알 수 있습니다.
정첨(鄭詹)은 진(晉)나라에 구속되었다가 마침내 죽지 않았고, 종의(鍾儀)는 남방의 음악을 연주하였다가 결국 조국으로 돌아왔고, 숙향(叔向)은 옥중에 갇혔다가 화를 면하게 될 것을 스스로 예견하였고,
범좌(范座)는 지붕 용마루에 걸터앉았다가 죽을 처지에서 살아났고, 괴통(蒯通)은 팽형(烹刑)을 당하기 직전 솥귀를 부여잡고 있다가 제(齊)나라의 상객(上客)이 되었습니다.
그리고 장창(張蒼)과 한신(韓信)은 도끼로 참형에 처해질 처지에 놓였다가 마침내 장수며 재상 자리를 거머쥐었고, 추양(鄒陽)은 옥중에서 편지를 올려 스스로 살아났고, 가생(賈生)은 쫓겨났다가 다시 선실(宣室)로 불려 들어갔고,
예관(倪寬)은 북방으로 배척되어 죽을 고생을 하다가 나중에 어사대부(御史大夫)에 이르렀고, 동중서(董仲舒)와 유향(劉向)은 하옥되어 사형을 당할 뻔하다가 한(漢)나라 유학(儒學)의 종장(宗匠)이 되었습니다.
이들은 모두 품성과 재능이 뛰어나 논변이 거침없으며 사고가 기발하고 건실한 인물들이라 스스로 역경을 빠져나왔습니다.
그러나 저는 지금 겁이 많아 나약한 기질과 볼품없는 재능에다 또 두려움으로 심장이 떨리는 고질에까지 걸렸으니, 비록 용기를 내 팔소매를 걷어 올리고 스스로 옛사람처럼 똑같이 해보고 싶지만 그럴수록 더욱 어색할 뿐입니다.","예로부터 어진 덕을 지닌 사람과 재능이 있는 선비 중에 이상(理想)을 견지하고 본분(本分)을 지키다가 남들의 비방을 당해 자기의 무고함을 스스로 해명하지 못한 자들이 무려 수백 명에 이릅니다.
그래서 형이 없는데 형수를 훔쳤다느니, 아버지를 여윈 딸에게 장가들었는데 장인을 때렸다느니 하는 비방을 받은 자들이 있었습니다.
그러나 당대의 호걸이 그 무고함을 분명하게 가려내주어 마침내 역사서에 빛이 나게 하였습니다.
관중(管仲)은 도적을 만났지만 그를 천거하여 공신이 되게 하였고, 광장(匡章)은 불효자란 이름을 얻었지만 맹자(孟子)가 그를 예우하였습니다.
그런데 지금 저는 옛사람의 그와 같은 내실은 없으면서 비방만 있으니, 세상의 어떤 사람이 저의 무고함을 밝혀주길 기대하더라도 결코 그렇게 될 수 없을 것입니다.
직불의(直不疑)는 금(金)을 사서 같은 방의 동료에게 갚았고, 유관(劉寬)은 수레에서 내려 소를 시골사람에게 돌려주었으니, 이로써 진위(眞僞)의 구별이 애매모호하여 가려낼 수 없는 일은 입으로 해결할 수 있는 것이 아니라는 것을 확실히 알 수 있습니다.
정첨(鄭詹)은 진(晉)나라에 구속되었다가 마침내 죽지 않았고, 종의(鍾儀)는 남방의 음악을 연주하였다가 결국 조국으로 돌아왔고,
숙향(叔向)은 옥중에 갇혔다가 화를 면하게 될 것을 스스로 예견하였고, 범좌(范座)는 지붕 용마루에 걸터앉았다가 죽을 처지에서 살아났고, 괴통(蒯通)은 팽형(烹刑)을 당하기 직전 솥귀를 부여잡고 있다가 제(齊)나라의 상객(上客)이 되었습니다.
그리고 장창(張蒼)과 한신(韓信)은 도끼로 참형에 처해질 처지에 놓였다가 마침내 장수며 재상 자리를 거머쥐었고, 추양(鄒陽)은 옥중에서 편지를 올려 스스로 살아났고,
가생(賈生)은 쫓겨났다가 다시 선실(宣室)로 불려 들어갔고, 예관(倪寬)은 북방으로 배척되어 죽을 고생을 하다가 나중에 어사대부(御史大夫)에 이르렀고, 동중서(董仲舒)와 유향(劉向)은 하옥되어 사형을 당할 뻔하다가 한(漢)나라 유학(儒學)의 종장(宗匠)이 되었습니다.
이들은 모두 품성과 재능이 뛰어나 논변이 거침없으며 사고가 기발하고 건실한 인물들이라 스스로 역경을 빠져나왔습니다.
그러나 저는 지금 겁이 많아 나약한 기질과 볼품없는 재능에다 또 두려움으로 심장이 떨리는 고질에까지 걸렸으니, 비록 용기를 내 팔소매를 걷어 올리고 스스로 옛사람처럼 똑같이 해보고 싶지만 그럴수록 더욱 어색할 뿐입니다."
7,당시삼백수2,184,whitespace_only,38,39,"〈영회고적(詠懷古跡)〉 5수는 각각 하나의 고적(古迹)을 읊었다.
제1수는 고적을 설명하지 않았지만 아마도 유신(庾信)의 집일 것이다.
고적을 빌려 회포를 읊은 것이요, 고적만을 읊은 것이 아니다.
첫 번째 수는 촉(蜀)으로부터 말을 시작했으니, 중원(中原)은 모두 동북(東北)이요, ‘지리(支離)’는 찢겨져 나뉘었다는 것과 같은 말이니 어디에도 속하지 않았다는 뜻이다.
공(公)(두보(杜甫))은 무협에서 서각(西閣)에 거처하였다.
그래서 ‘삼협루대(三峽樓臺)’라고 한 것이며, ‘엄일월(淹日月)’은 체류하는 시간이 길다는 뜻이다.
‘오계의복(五溪衣服)’은 좌임(左袵)과 같은 말이며, ‘공운산(共雲山)’은 동거(同居)를 의미한다.
‘갈호(羯胡)’를 말함으로써 그가 표박(漂泊)하는 까닭을 소급한 것이다.
공은 여기서 자칭 ‘사객(詞客)’이라 하였는데, 대개 스스로를 유신(庾信)에 비유하여 다음 구(句)의 내용을 먼저 이끌어낸 것이며, 자신이 시대를 슬퍼하는 것을 유신이 강남(江南)을 슬퍼한 것에 비기고 있다.
형주(荊州)에 유신(庾信)의 집이 있으니 ‘강관(江關)’은 바로 그곳을 지칭한다.
공은 스스로 쓸쓸해하며 시(詩)를 빌려 성령(性靈)을 도야하였고, 유신(庾信)을 빌려 자신의 회포를 노래하였다.
이것은 회포를 읊은 시로 고적(古跡)과는 관련이 없으며, 아래의 시 네 수와도 관련이 없다.
시 전체는 ‘표박서남(漂泊西南)’으로 주구(主句)를 삼았으며, 수구(首句)에서 그 이유를 미루어 말하였다. 3‧4구는 떠돌아다니는 것을 읊었으며 5‧6구는 유수대(流水對)로 수미(首尾)가 쌍관(雙關)된다.
‘종무뢰(終無賴)’를 통해 ‘지리(支離)’라는 말의 뜻을 펼쳤고, ‘차미환(且未還)’을 통해 ‘소슬(蕭瑟)’의 뜻을 일으켰다.
마지막 구에서는 유신(庾信)의 마음으로써 자기의 마음을 비유하였으니, 자산(子山)(유신(庾信))이 곧 자미(子美)(두보(杜甫))인 것이다.
두보의 다른 오시류(五詩類)를 통해 예전의 논설을 살펴보건대 이 열(說)들은 전혀 안목이 없다.
《두억(杜臆)》에서는 시의 첫 장(章)이 같은 부류가 아니라고 의심하면서 마침내 다섯 수의 총서(總序)로 삼았으니, 그 말이 맞는 듯하지만 틀렸다.
〈영회고적(詠懷古跡)〉 5수는 사람은 각자 그 사람을 읊었고 일은 각자 그 일을 읊어서 〈제장(諸將)〉 5수(首)와 똑같은 종류인데, 〈제장(諸將)〉에만 어떻게 서문(序文)이 없단 말인가.
또 이미 서문이라 말하고 그 고적(古跡)은 유신의 집이라고 말하여 시 한 편에서 두 가지 의미를 썼으니 이것이 무슨 체재인가.
또 시 가운데 유신만을 말하고 그의 집은 말하지 않았으며 집은 또 형주(荊州)에 있는데 공(公)(두보(杜甫)) 자신은 아직 형주에 도착하지 않았으니 어떻게 시를 이와 같이 읊을 수 있는가.
스스로도 적확하지 않다는 것을 알았기 때문에 장차 강릉(江陵)에 도착할 것이라고 말하였으니 어긋남이 매우 심하다.
고신(顧辰)의 경우에는 자기 회포를 통해 고적을 느꼈다고 말하고, 황생(黃生)의 경우에는 고적을 통해 스스로의 감회를 읊었다고 하였으니, 모두 가슴속에서 본장(本章)에 구애되어 벗어나지 못해서 사족을 붙이는 지경에까지 이른 것이다.
나는 다만 시의(詩意)와 시법(詩法)으로 판단한 것뿐인데 세상에서는 혹 그 말을 허황된 것으로 보지 않기도 한다.
첫 장의 ‘영회(詠懷)’는 유신(庾信)으로 자신을 빗대었다.
위의 4구(句)는 떠도는 생활의 경황(景況)을 서술하였고, 아래의 4구(句)는 떠도는 생활의 감회(感懷)를 서술하였다.
5‧6구는 주빈(主賓)이 쌍관(雙關)하니 대개 안녹산이 당(唐)을 배반한 것은 후경(侯景)이 양(梁)을 배반한 것과 같다.
공(公)(두보(杜甫))이 고국(故國)을 그리워함은 유신이 강남(江南)을 슬퍼하는 것과 같다.
첫 장에서 유신(庾信)을 선택한 것은 자서(自敍)의 성격을 띠고 있는 것일 뿐이다.
혹은 유신이 일찍이 강릉에 있는 송옥(宋玉)의 고택에 산 적이 있기 때문에 마침내 시 전체를 통틀어 유신을 가리킨 것일 수도 있다.
생각해보면 자산(子山)(유신(庾信))이 양(梁)에서 주(周)로 사신을 갔다가 억류되어 돌아오지 못했던바, 삼협오계(三峽五溪)에는 그 종적이 닿지 않았으니 견강부회(牽强附會)하는 것은 부당하다.
〈영회고적(詠懷古跡)〉 5수는 고적(古跡)을 빌려 자신의 회포를 읊은 것이다.
유신(庾信)은 난리를 피해 건강(建康)에서 강릉(江陵)으로 갔는데, 비록 촉(蜀) 땅은 아니지만 송옥(宋玉)의 집에 살게 되었다.
공(公)(두보(杜甫))이 떠돌아다니게 된 것도 이와 비슷하다.
그래서 그 일을 빌려 발단(發端)으로 삼은 것이다.
그 다음에는 송옥(宋玉)을 읊으면서 문장(文章)을 가지고 동조상련(同調相憐)하였고, 명비(明妃)를 읊어 높은 재주를 지녔으면서도 만나는 바가 기구함을 개탄하였으며, 선주(先主)와 제갈무후(諸葛武侯)의 경우에는 군신(君臣)의 사이에 느끼는 바를 담았다.
혹자는 시의 첫 수가 고적(古跡)과 맞지 않으니 그것을 잘라서 별도의 한 장(章)으로 해야 하지 않을까 하는데, 얼마나 고루한 생각인가.
다섯 수의 시는 고적(古跡)을 읊으면서 곧 회포를 읊은 것이니, 한 면만으로도 마땅히 양면을 다 보아야 할 것이다.
그 근원은 태충(太沖)(좌사(左思))의 영사(詠史)로부터 나왔다.","〈영회고적(詠懷古跡)〉 5수는 각각 하나의 고적(古迹)을 읊었다.
제1수는 고적을 설명하지 않았지만 아마도 유신(庾信)의 집일 것이다.
고적을 빌려 회포를 읊은 것이요, 고적만을 읊은 것이 아니다.
첫 번째 수는 촉(蜀)으로부터 말을 시작했으니, 중원(中原)은 모두 동북(東北)이요, ‘지리(支離)’는 찢겨져 나뉘었다는 것과 같은 말이니 어디에도 속하지 않았다는 뜻이다.
공(公)(두보(杜甫))은 무협에서 서각(西閣)에 거처하였다.
그래서 ‘삼협루대(三峽樓臺)’라고 한 것이며, ‘엄일월(淹日月)’은 체류하는 시간이 길다는 뜻이다.
‘오계의복(五溪衣服)’은 좌임(左袵)과 같은 말이며, ‘공운산(共雲山)’은 동거(同居)를 의미한다.
‘갈호(羯胡)’를 말함으로써 그가 표박(漂泊)하는 까닭을 소급한 것이다.
공은 여기서 자칭 ‘사객(詞客)’이라 하였는데, 대개 스스로를 유신(庾信)에 비유하여 다음 구(句)의 내용을 먼저 이끌어낸 것이며, 자신이 시대를 슬퍼하는 것을 유신이 강남(江南)을 슬퍼한 것에 비기고 있다.
형주(荊州)에 유신(庾信)의 집이 있으니 ‘강관(江關)’은 바로 그곳을 지칭한다.
공은 스스로 쓸쓸해하며 시(詩)를 빌려 성령(性靈)을 도야하였고, 유신(庾信)을 빌려 자신의 회포를 노래하였다.
이것은 회포를 읊은 시로 고적(古跡)과는 관련이 없으며, 아래의 시 네 수와도 관련이 없다.
시 전체는 ‘표박서남(漂泊西南)’으로 주구(主句)를 삼았으며, 수구(首句)에서 그 이유를 미루어 말하였다.
3‧4구는 떠돌아다니는 것을 읊었으며 5‧6구는 유수대(流水對)로 수미(首尾)가 쌍관(雙關)된다.
‘종무뢰(終無賴)’를 통해 ‘지리(支離)’라는 말의 뜻을 펼쳤고, ‘차미환(且未還)’을 통해 ‘소슬(蕭瑟)’의 뜻을 일으켰다.
마지막 구에서는 유신(庾信)의 마음으로써 자기의 마음을 비유하였으니, 자산(子山)(유신(庾信))이 곧 자미(子美)(두보(杜甫))인 것이다.
두보의 다른 오시류(五詩類)를 통해 예전의 논설을 살펴보건대 이 열(說)들은 전혀 안목이 없다.
《두억(杜臆)》에서는 시의 첫 장(章)이 같은 부류가 아니라고 의심하면서 마침내 다섯 수의 총서(總序)로 삼았으니, 그 말이 맞는 듯하지만 틀렸다.
〈영회고적(詠懷古跡)〉 5수는 사람은 각자 그 사람을 읊었고 일은 각자 그 일을 읊어서 〈제장(諸將)〉 5수(首)와 똑같은 종류인데, 〈제장(諸將)〉에만 어떻게 서문(序文)이 없단 말인가.
또 이미 서문이라 말하고 그 고적(古跡)은 유신의 집이라고 말하여 시 한 편에서 두 가지 의미를 썼으니 이것이 무슨 체재인가.
또 시 가운데 유신만을 말하고 그의 집은 말하지 않았으며 집은 또 형주(荊州)에 있는데 공(公)(두보(杜甫)) 자신은 아직 형주에 도착하지 않았으니 어떻게 시를 이와 같이 읊을 수 있는가.
스스로도 적확하지 않다는 것을 알았기 때문에 장차 강릉(江陵)에 도착할 것이라고 말하였으니 어긋남이 매우 심하다.
고신(顧辰)의 경우에는 자기 회포를 통해 고적을 느꼈다고 말하고, 황생(黃生)의 경우에는 고적을 통해 스스로의 감회를 읊었다고 하였으니, 모두 가슴속에서 본장(本章)에 구애되어 벗어나지 못해서 사족을 붙이는 지경에까지 이른 것이다.
나는 다만 시의(詩意)와 시법(詩法)으로 판단한 것뿐인데 세상에서는 혹 그 말을 허황된 것으로 보지 않기도 한다.
첫 장의 ‘영회(詠懷)’는 유신(庾信)으로 자신을 빗대었다.
위의 4구(句)는 떠도는 생활의 경황(景況)을 서술하였고, 아래의 4구(句)는 떠도는 생활의 감회(感懷)를 서술하였다.
5‧6구는 주빈(主賓)이 쌍관(雙關)하니 대개 안녹산이 당(唐)을 배반한 것은 후경(侯景)이 양(梁)을 배반한 것과 같다.
공(公)(두보(杜甫))이 고국(故國)을 그리워함은 유신이 강남(江南)을 슬퍼하는 것과 같다.
첫 장에서 유신(庾信)을 선택한 것은 자서(自敍)의 성격을 띠고 있는 것일 뿐이다.
혹은 유신이 일찍이 강릉에 있는 송옥(宋玉)의 고택에 산 적이 있기 때문에 마침내 시 전체를 통틀어 유신을 가리킨 것일 수도 있다.
생각해보면 자산(子山)(유신(庾信))이 양(梁)에서 주(周)로 사신을 갔다가 억류되어 돌아오지 못했던바, 삼협오계(三峽五溪)에는 그 종적이 닿지 않았으니 견강부회(牽强附會)하는 것은 부당하다.
〈영회고적(詠懷古跡)〉 5수는 고적(古跡)을 빌려 자신의 회포를 읊은 것이다.
유신(庾信)은 난리를 피해 건강(建康)에서 강릉(江陵)으로 갔는데, 비록 촉(蜀) 땅은 아니지만 송옥(宋玉)의 집에 살게 되었다.
공(公)(두보(杜甫))이 떠돌아다니게 된 것도 이와 비슷하다.
그래서 그 일을 빌려 발단(發端)으로 삼은 것이다.
그 다음에는 송옥(宋玉)을 읊으면서 문장(文章)을 가지고 동조상련(同調相憐)하였고, 명비(明妃)를 읊어 높은 재주를 지녔으면서도 만나는 바가 기구함을 개탄하였으며, 선주(先主)와 제갈무후(諸葛武侯)의 경우에는 군신(君臣)의 사이에 느끼는 바를 담았다.
혹자는 시의 첫 수가 고적(古跡)과 맞지 않으니 그것을 잘라서 별도의 한 장(章)으로 해야 하지 않을까 하는데, 얼마나 고루한 생각인가.
다섯 수의 시는 고적(古跡)을 읊으면서 곧 회포를 읊은 것이니, 한 면만으로도 마땅히 양면을 다 보아야 할 것이다.
그 근원은 태충(太沖)(좌사(左思))의 영사(詠史)로부터 나왔다."
7,당시삼백수2,189,whitespace_only,1,3,〈옛 자취를 읊으며 심회를 적다 네 번째 시〉 두보 촉주(蜀主)가 오나라를 엿보아 삼협(三峽)까지 나갔었고 세상을 떠난 해에도 영안궁(永安宮)에 있었지 천자의 깃발 빈산 가운데 상상할 수 있건만 아름다운 궁전 야사(野寺) 되어 사라져버렸구나 오래된 묘당(廟堂)의 삼나무 소나무엔 학이 둥지를 틀고 세시(歲時)를 맞은 여름 겨울에 촌로(村老)들 모여든다 무후(武侯)의 사당 항상 이웃에 있어 군신(君臣)을 일체로 여겨 함께 제사 올린다네,"〈옛 자취를 읊으며 심회를 적다 네 번째 시〉
두보
촉주(蜀主)가 오나라를 엿보아 삼협(三峽)까지 나갔었고 세상을 떠난 해에도 영안궁(永安宮)에 있었지 천자의 깃발 빈산 가운데 상상할 수 있건만 아름다운 궁전 야사(野寺) 되어 사라져버렸구나 오래된 묘당(廟堂)의 삼나무 소나무엔 학이 둥지를 틀고 세시(歲時)를 맞은 여름 겨울에 촌로(村老)들 모여든다 무후(武侯)의 사당 항상 이웃에 있어 군신(君臣)을 일체로 여겨 함께 제사 올린다네"
7,예기집설대전1,728,split_merge_boundary,2,1,"사(士)의 아들의 〈나이를〉 물으면 장성했으면 “전알(典謁)의 일을 할 만하다. ”고 하고, 어리면 “아직 전알의 일을 맡아볼 수 없다. ”
고 대답한다.","사(士)의 아들의 〈나이를〉 물으면 장성했으면 “전알(典謁)의 일을 할 만하다. ”고 하고, 어리면 “아직 전알의 일을 맡아볼 수 없다. ”고 대답한다."
7,예기집설대전2,481,whitespace_only,8,9,"계무자(季武子)는 노(魯)나라 대부(大夫) 계손숙(季孫夙)이다.
교고(蟜固)는 사람의 성명이다.
점(點)의 자(字)는 석(晳)으로, 증자(曾子)의 아버지이다.
무자(武子)가 병으로 누워있을 때 교고가 마침 자최(齊衰)의 상복(喪服)을 입던 중이었다.
그래서 마침내 흉복(凶服)(상복)을 입고 가서 문병을 하고, 또 말하기를 “대부(大夫)의 문에서는 마땅히 흉복을 벗지 않아야 하고 오직 임금의 문에서만 벗을 뿐인데, 이러한 예가 장차 없어지게 생겼으니, 내가 흉복을 입은 채로 온 것은 장차 없어지려는 예의를 구제하고자 해서이다. ”라고 하자, 무자(武子)가 그 말을 좋게 여겨 말하기를 “실례(失禮)가 뚜렷하게 드러나는 것은 사람들이 모두 알 수 있지만, 만약 실례가 미세한 경우에는 오직 군자(君子)라야 그것을 분명하게 드러낼 수 있다. ”고 하였다.
무자(武子)가 정권을 장악함에 사람들이 존경하고 두려워하였는데 교고가 이 짓을 한 것은 그렇게 함으로써 당시 사람들의 보고 듣는 것을 바꾸고 싶어서 예(禮)에 근거하여 실행한 것이니, 무자가 비록 유감스럽게 여겼지만 그를 죄줄 수는 없었다.
증점(曾點)이 문에 기대어 노래부른 것과 같은 것은 예가 아니니, 그 또한 광자(狂者)의 한 단면일 것이다.
기록한 사람은 교고가 예를 보존한 것을 좋게 여기고, 증점이 예를 폐기한 것을 기롱한 것이다.","계무자(季武子)는 노(魯)나라 대부(大夫) 계손숙(季孫夙)이다.
교고(蟜固)는 사람의 성명이다.
점(點)의 자(字)는 석(晳)으로, 증자(曾子)의 아버지이다.
무자(武子)가 병으로 누워있을 때 교고가 마침 자최(齊衰)의 상복(喪服)을 입던 중이었다.
그래서 마침내 흉복(凶服)(상복)을 입고 가서 문병을 하고, 또 말하기를 “대부(大夫)의 문에서는 마땅히 흉복을 벗지 않아야 하고 오직 임금의 문에서만 벗을 뿐인데, 이러한 예가 장차 없어지게 생겼으니, 내가 흉복을 입은 채로 온 것은 장차 없어지려는 예의를 구제하고자 해서이다. ”라고 하자, 
무자(武子)가 그 말을 좋게 여겨 말하기를 “실례(失禮)가 뚜렷하게 드러나는 것은 사람들이 모두 알 수 있지만, 만약 실례가 미세한 경우에는 오직 군자(君子)라야 그것을 분명하게 드러낼 수 있다. ”고 하였다. 
무자(武子)가 정권을 장악함에 사람들이 존경하고 두려워하였는데 교고가 이 짓을 한 것은 그렇게 함으로써 당시 사람들의 보고 듣는 것을 바꾸고 싶어서 예(禮)에 근거하여 실행한 것이니, 무자가 비록 유감스럽게 여겼지만 그를 죄줄 수는 없었다.
증점(曾點)이 문에 기대어 노래부른 것과 같은 것은 예가 아니니, 그 또한 광자(狂者)의 한 단면일 것이다.
기록한 사람은 교고가 예를 보존한 것을 좋게 여기고, 증점이 예를 폐기한 것을 기롱한 것이다."
7,자치통감강목1,195,split_merge_boundary,2,1,"지금 간본에, 당(唐)나라 무종(武宗) 회창(會昌) 3년조에 “소의절도사(昭義節度使) 유종간(劉從諫)이 훙(薨)했다. ”고 썼으며, 희종(僖宗) 건부(乾符) 원년에 “동평장사(同平章事) 유첨(劉瞻)이 훙(薨)했다. ”
고 썼으니, 모두 훙(薨)을 잘못 쓴 것이다.","지금 간본에, 당(唐)나라 무종(武宗) 회창(會昌) 3년조에 “소의절도사(昭義節度使) 유종간(劉從諫)이 훙(薨)했다. ”고 썼으며, 희종(僖宗) 건부(乾符) 원년에 “동평장사(同平章事) 유첨(劉瞻)이 훙(薨)했다. ”고 썼으니, 모두 훙(薨)을 잘못 쓴 것이다."
7,자치통감강목2,294,whitespace_only,7,8,"항량(項梁)이 재차 진(秦)나라 군대를 격파하고는 더욱더 진(秦)나라 군대를 경시하여 교만한 기색이 있었다.
이에 송의(宋義)가 간하여 말하기를, “전투에 이겼다고 하더라도 장수가 교만해지고 사졸이 나태해질 경우에는 패하는 법입니다.
지금 병졸들이 조금 나태해졌는데, 진(秦)나라의 군사는 날로 불어나고 있으니, 신은 그대를 위하여 이를 두려워합니다. ”라고 하였으나, 항량이 듣지 않았다.
이세황제(二世皇帝)가 모든 군사를 일으켜 장한(章邯)에게 주어 초(楚)나라 군대를 치게 해서 정도(定陶)에서 크게 격파하였는데, 이때 항량이 죽었다.
초(楚) 회왕(懷王)이 팽성(彭城)으로 도읍을 옮기고는 항우(項羽)와 여신(呂臣)의 군사를 아울러서 직접 거느렸다.
그러고는 항우(項羽)를 노공(魯公)이라고 호칭하였다.
≪자치통감(資治通鑑)≫에 이르기를, “항량(項梁)이 이미 동아(東阿)에서 장한(章邯)을 격파하고 군사를 이끌고 서쪽으로 와서 정도(定陶)에 이르러 재차 진(秦)나라 군사를 격파하였다. ”라고 하였다.","항량(項梁)이 재차 진(秦)나라 군대를 격파하고는 더욱더 진(秦)나라 군대를 경시하여 교만한 기색이 있었다.
이에 송의(宋義)가 간하여 말하기를, “전투에 이겼다고 하더라도 장수가 교만해지고 사졸이 나태해질 경우에는
패하는 법입니다.
지금 병졸들이 조금 나태해졌는데, 진(秦)나라의 군사는 날로 불어나고 있으니, 신은 그대를 위하여 이를 두려워합니다. ”라고 하였으나, 항량이 듣지 않았다.
이세황제(二世皇帝)가 모든 군사를 일으켜 장한(章邯)에게 주어 초(楚)나라 군대를 치게 해서 정도(定陶)에서 크게 격파하였는데, 이때 항량이 죽었다.
초(楚) 회왕(懷王)이 팽성(彭城)으로 도읍을 옮기고는 항우(項羽)와 여신(呂臣)의 군사를 아울러서 직접 거느렸다.
그러고는 항우(項羽)를 노공(魯公)이라고 호칭하였다.
≪자치통감(資治通鑑)≫에 이르기를, “항량(項梁)이 이미 동아(東阿)에서 장한(章邯)을 격파하고 군사를 이끌고 서쪽으로 와서 정도(定陶)에 이르러 재차 진(秦)나라 군사를 격파하였다. ”라고 하였다."
7,자치통감강목4,339,whitespace_only,12,13,"천자(天子)가 돌아오면서 명당(明堂)(옛날 명당의 터)에 앉으니, 여러 신하들이 축수(祝壽)를 올리자, 조령(詔令)을 내려 개원(改元)하였다.
천자(天子)가 태산(泰山)을 봉(封)한 뒤에 심한 비바람이 없으니, 방사(方士)들이 번갈아 봉래산(蓬萊山)의 여러 신선(神仙)을 장차 만날 수 있을 것이라고 말하였다.
이에 상(上)은 기뻐하여 행여 신선을 만날까 해서 다시 동쪽으로 해상(海上)에 이르러 직접 바다를 항해하여 봉래산(蓬萊山)을 찾고자 하니, 여러 신하들이 간(諫)하였으나 만류할 수 없었다.
이에 동방삭(東方朔)이 다음과 같이 아뢰었다.
“신선은 자연스레 만나지는 것이니, 굳이 조급하게 찾을 필요가 없습니다.
만약 만날 수 있는 방도가 있다면 만나지 못함을 근심할 필요가 없을 것이요, 만약 방도가 없다면 비록 봉래산에 가서 신선을 만나려 하시더라도 또한 무익할 것입니다.
신은 폐하께서 다만 환궁하여 고요히 거처하면서 기다리시기를 원하오니, 이렇게 하시면 신선이 장차 스스로 찾아올 것입니다. ”
상(上)이 이에 돌아왔다.
이번 걸음에 두루 순행한 것이 모두 18, 000리였다.
신찬(臣瓉)이 말하였다. “≪한서(漢書)≫ 〈교사지(郊祀志)〉에 ‘처음 천자(天子)가 태산(太山)(태산(泰山))을 봉하니, 태산의 동북쪽 기슭은 옛날 명당(明堂)이 있던 곳이다. ’ 하였으니, 바로 황제가 이곳에 앉은 것이다.
다음 해 가을에야 비로소 명당(明堂)을 지었다. ”
제(第)는 다만이요, 수(須)는 기다림이다.","천자(天子)가 돌아오면서 명당(明堂)(옛날 명당의 터)에 앉으니, 여러 신하들이 축수(祝壽)를 올리자, 조령(詔令)을 내려 개원(改元)하였다.
천자(天子)가 태산(泰山)을 봉(封)한 뒤에 심한 비바람이 없으니, 방사(方士)들이 번갈아 봉래산(蓬萊山)의 여러 신선(神仙)을 장차 만날 수 있을 것이라고 말하였다.
이에 상(上)은 기뻐하여 행여 신선을 만날까 해서 다시 동쪽으로 해상(海上)에 이르러 직접 바다를 항해하여 봉래산(蓬萊山)을 찾고자 하니, 여러 신하들이 간(諫)하였으나 만류할 수 없었다.
이에 동방삭(東方朔)이 다음과 같이 아뢰었다.
“신선은 자연스레 만나지는 것이니, 굳이 조급하게 찾을 필요가 없습니다.
만약 만날 수 있는 방도가 있다면 만나지 못함을 근심할 필요가 없을 것이요, 만약 방도가 없다면 비록 봉래산에 가서 신선을 만나려 하시더라도 또한 무익할 것입니다.
신은 폐하께서 다만 환궁하여 고요히 거처하면서 기다리시기를 원하오니, 이렇게 하시면 신선이 장차 스스로 찾아올 것입니다. ”
상(上)이 이에 돌아왔다.
이번 걸음에 두루 순행한 것이 모두 18, 000리였다.
신찬(臣瓉)이 말하였다.
“≪한서(漢書)≫ 〈교사지(郊祀志)〉에 ‘처음 천자(天子)가 태산(太山)(태산(泰山))을 봉하니, 태산의 동북쪽 기슭은 옛날 명당(明堂)이 있던 곳이다. ’ 하였으니, 바로 황제가 이곳에 앉은 것이다.
다음 해 가을에야 비로소 명당(明堂)을 지었다. ”
제(第)는 다만이요, 수(須)는 기다림이다."
7,자치통감강목6,529,whitespace_only,4,5,"집략(輯略)은 여러 책의 총요(總要)를 이른다.
집(輯)은 집(集)과 같다.
육예(六藝)는 육경(六經)이고 제자(諸子)는 바로 아래에 보이는 구류(九流)가 이것이다.
시부(詩賦)는 굴원(屈原)과 순경(荀卿)으로부터 양웅(揚雄) 등에 이르기까지 그들이 지은 글이고, 병서(兵書)는 권모(權謀)ㆍ기교(技巧)ㆍ형세(形勢)ㆍ음양(陰陽)의 책이고, 술수(術數)는 천문(天文)ㆍ역보(歷譜)ㆍ오행(五行)ㆍ시귀(蓍龜)ㆍ잡점(雜占)ㆍ형법(形法)의 책이고, 방기(方技)는 의경(醫經)ㆍ경방(經方)ㆍ방중(房中)ㆍ신선(神仙)의 책이다.","집략(輯略)은 여러 책의 총요(總要)를 이른다.
집(輯)은 집(集)과 같다.
육예(六藝)는 육경(六經)이고 제자(諸子)는 바로 아래에 보이는 구류(九流)가 이것이다.
시부(詩賦)는 굴원(屈原)과 순경(荀卿)으로부터 양웅(揚雄) 등에 이르기까지 그들이 지은 글이고, 병서(兵書)는 권모(權謀)ㆍ기교(技巧)ㆍ형세(形勢)ㆍ음양(陰陽)의 책이고,
술수(術數)는 천문(天文)ㆍ역보(歷譜)ㆍ오행(五行)ㆍ시귀(蓍龜)ㆍ잡점(雜占)ㆍ형법(形法)의 책이고, 방기(方技)는 의경(醫經)ㆍ경방(經方)ㆍ방중(房中)ㆍ신선(神仙)의 책이다."
7,자치통감강목7,142,normalization_only,2,2,"유연(劉縯)은 성품이 강직하고 굳세고 호방하였으며 큰 절개가 있어서 항상 비분강개하여 사직(社稷)을 회복할 생각을 품고, 집안 식구들의 살림살이에는 관심을 두지 않고 온 힘을 쏟고 재산을 털어 천하의 영웅호걸들과 교제해서 긴밀한 관계를 유지하였다.
유수(劉秀)는 코가 높고 이마가 해처럼 솟아 있었는데, 일찍이 장안(長安)에서 ≪상서(尙書)≫를 수학하여 대의(大義)를 대략 통하였고, 성품이 부지런하여 농사에 진력하니, 유연이 항상 비웃으면서 고조(高祖)의 형인 유중(劉仲)에게 견주었다.","유연(劉縯)은 성품이 강직하고 굳세고 호방하였으며 큰 절개가 있어서 항상 비분강개하여 사직(社稷)을 회복할 생각을 품고, 집안 식구들의 살림살이에는 관심을 두지 않고 온 힘을 쏟고 재산을 털어 천하의 영웅호걸들과 교제해서 긴밀한 관계를 유지하였다.
유수(劉秀)는 코가 높고 이마가 해처럼 솟아 있었는데, 일찍이 장안(長安)에서 ≪상서(尙書)≫를 수학하여 대의(大義)를 대략 통하였고, 성품이 부지런하여 농사에 진력하니,  유연이 항상 비웃으면서 고조(高祖)의 형인 유중(劉仲)에게 견주었다."
7,자치통감강목7,459,whitespace_only,5,8,"외효(隗囂)가 마원(馬援)과 함께 기거(起居)하면서 동방(東方)(낙양)의 일을 묻자, 마원이 대답하기를 “지난번 한(漢)나라 조정에 갔을 적에 상(上)이 수십 차례 인견(引見)하였고 매양 접견하여 편안히 말씀할 적에 저녁부터 새벽까지 이어졌는데, 재주와 총명, 용맹과 지략은 평범한 사람이 대적할 바가 아니었습니다.
또 마음을 열어 진실을 보여서 숨기는 바가 없었으니, 활달하여 큰 절개를 중시하는 것은 대략 고제(高帝)와 같고, 경학(經學)과 박람(博覽), 정사(政事)와 문변(文辯)은 전대에 비할 자가 없었습니다. ” 하였다.
외효가 묻기를 “경(卿)은 고제(高帝)와 비교하여 어떻다고 생각하는가? ”
하자, 마원이 말하기를 “고제(高帝)만은 못합니다.
고제(高帝)는 가(可)함도 없고 불가(不可)함도 없지만, 금상(今上)은 정사(政事)를 처리하기 좋아하고 모든 일을 절도대로 하며 또 술 마시기를 좋아하지 않습니다. ” 하니, 외효가 속으로 기뻐하지 않으면서 말하기를 “경(卿)의 말과 같다면 도리어 고제(高帝)보다 더 낫단 말인가. ” 하였다.","외효(隗囂)가 마원(馬援)과 함께 기거(起居)하면서 동방(東方)(낙양)의 일을 묻자, 마원이 대답하기를 “지난번 한(漢)나라 조정에 갔을 적에 상(上)이 수십 차례 인견(引見)하였고 매양 접견하여 편안히 말씀할 적에 저녁부터 새벽까지 이어졌는데,
재주와 총명, 용맹과 지략은 평범한 사람이 대적할 바가 아니었습니다.
또 마음을 열어 진실을 보여서 숨기는 바가 없었으니, 활달하여 큰 절개를 중시하는 것은 대략 고제(高帝)와 같고,
경학(經學)과 박람(博覽), 정사(政事)와 문변(文辯)은 전대에 비할 자가 없었습니다. ” 하였다. 
외효가 묻기를 “경(卿)은 고제(高帝)와 비교하여 어떻다고 생각하는가? ” 하자, 
마원이 말하기를 “고제(高帝)만은 못합니다.
고제(高帝)는 가(可)함도 없고 불가(不可)함도 없지만, 금상(今上)은 정사(政事)를 처리하기 좋아하고 모든 일을 절도대로 하며 또 술 마시기를 좋아하지 않습니다. ” 하니, 
외효가 속으로 기뻐하지 않으면서 말하기를 “경(卿)의 말과 같다면 도리어 고제(高帝)보다 더 낫단 말인가. ” 하였다. "
7,자치통감강목7,496,whitespace_only,3,4,"후패(侯霸)는 태원(太原)의 민중숙(閔仲叔)의 명성을 듣고 그를 불러왔는데, 민중숙이 오자 후패는 정사는 언급하지 않고 다만 노고를 위로할 뿐이었다.
민중숙이 한탄하기를 “처음에는 아름다운 명을 받고 기쁘기도 하고 두렵기도 하였는데, 이제 명공(明公)을 보니 기쁨과 두려움이 모두 사라졌다.
나를 물을 만한 사람이 못 된다고 여겼다면 마땅히 부르지 않았어야 할 것이요, 부르고서 묻지 않으니 이는 사람을 버리는 것이다. ” 하고는, 마침내 하직하고 나가서 자신을 탄핵하는 글을 남기고 떠나갔다.","후패(侯霸)는 태원(太原)의 민중숙(閔仲叔)의 명성을 듣고 그를 불러왔는데, 민중숙이 오자 후패는 정사는 언급하지 않고 다만 노고를 위로할 뿐이었다.
민중숙이 한탄하기를 “처음에는 아름다운 명을 받고 기쁘기도 하고 두렵기도 하였는데, 이제 명공(明公)을 보니 기쁨과 두려움이 모두 사라졌다.
나를 물을 만한 사람이 못 된다고 여겼다면 마땅히 부르지 않았어야 할 것이요, 부르고서 묻지 않으니 이는 사람을 버리는 것이다. ” 하고는, 
마침내 하직하고 나가서 자신을 탄핵하는 글을 남기고 떠나갔다."
7,자치통감강목7,523,whitespace_only,6,6,"공손술(公孫述)은 형감(荊邯)의 말을 옳게 여기고 군대를 총동원하여 연잠(延岑)과 전융(田戎)으로 하여금 두 길로 나누어 출동해서 한중(漢中)의 장수들과 병력을 연합하고 세력을 규합하고자 하였는데,
촉(蜀)의 사람과 그의 아우 공손광(公孫光)이 나라를 비우고 천 리 밖으로 나가 한 번에 성패를 결정해서는 안 된다고 굳게 간쟁하니, 공손술이 마침내 중지하였다.
연잠과 전융 또한 여러 번 군대를 출동하여 공을 세울 것을 청하였으나, 공손술은 끝내 의심하여 신하들의 말을 듣지 않고 오직 공손씨(公孫氏)에게 일을 맡겼다.
또 공손술이 행하는 정사는 마치 청수령(淸水令)으로 있을 때와 같이 까다롭고 꼼꼼하여 작은 일만 살필 뿐이었다.
공손술은 자기의 두 아들을 세워 건위(犍爲)와 광한(廣漢)에서 각각 몇 현(縣)을 식읍으로 삼게 하니, 혹자가 간하기를 “아직 성패를 알 수 없고 병사들이 풍찬노숙(風餐露宿)을 하고 있는데, 먼저 사랑하는 아들을 왕으로 삼는 것은 큰 뜻이 없는 것을 보이는 것입니다. ”
하였으나, 공손술이 따르지 않으니, 이로 말미암아 대신(大臣)들이 모두 원망하였다.","공손술(公孫述)은 형감(荊邯)의 말을 옳게 여기고 군대를 총동원하여 연잠(延岑)과 전융(田戎)으로 하여금 두 길로 나누어 출동해서 한중(漢中)의 장수들과 병력을 연합하고 세력을 규합하고자 하였는데, 
촉(蜀)의 사람과 그의 아우 공손광(公孫光)이 나라를 비우고 천 리 밖으로 나가 한 번에 성패를 결정해서는 안 된다고 굳게 간쟁하니, 공손술이 마침내 중지하였다.
연잠과 전융 또한 여러 번 군대를 출동하여 공을 세울 것을 청하였으나, 공손술은 끝내 의심하여 신하들의 말을 듣지 않고 오직 공손씨(公孫氏)에게 일을 맡겼다.
또 공손술이 행하는 정사는 마치 청수령(淸水令)으로 있을 때와 같이 까다롭고 꼼꼼하여 작은 일만 살필 뿐이었다. 
공손술은 자기의 두 아들을 세워 건위(犍爲)와 광한(廣漢)에서 각각 몇 현(縣)을 식읍으로 삼게 하니, 혹자가 간하기를 “아직 성패를 알 수 없고 병사들이 풍찬노숙(風餐露宿)을 하고 있는데, 먼저 사랑하는 아들을 왕으로 삼는 것은 큰 뜻이 없는 것을 보이는 것입니다. ” 하였으나, 
공손술이 따르지 않으니, 이로 말미암아 대신(大臣)들이 모두 원망하였다."
7,춘추좌씨전1,71,whitespace_only,8,6,"7년 무진(B.
C.
653) 제인(齊人)이 정(鄭)을 치다.
소주(小邾)가 노(魯)에 와서 조현하다.
정(鄭)이 그 대부(大夫) 신후(申侯)를 죽이다.
노희공(魯僖公)이 제후(諸侯)와 회합하여 영모(寗母)에서 결맹하다.
조백(曹伯) 반(班)이 졸하다.
노(魯) 공자(公子) 우(友)가 제(齊)에 가다.","7년 무진(B. C. 653) 제인(齊人)이 정(鄭)을 치다.
소주(小邾)가 노(魯)에 와서 조현하다.
정(鄭)이 그 대부(大夫) 신후(申侯)를 죽이다.
노희공(魯僖公)이 제후(諸侯)와 회합하여 영모(寗母)에서 결맹하다.
조백(曹伯) 반(班)이 졸하다.
노(魯) 공자(公子) 우(友)가 제(齊)에 가다."
7,춘추좌씨전3,68,whitespace_only,4,4,"송문공(宋文公)이 즉위(卽位)한 지 3년이 되던 해에 모제(母弟) 수(須)와 소공(昭公)의 아들을 죽였다.
수(須)의 반란(叛亂)이 무씨(武氏)의 계략(計略)에서 나왔다 하여, 대공(戴公)과 환공(桓公)의 족인(族人)(자손(子孫))을 사마(司馬) 자백(子伯)의 관사(館舍)로 보내어 무씨(武氏)를 공격(攻擊)하게 하고,
무공(武公)과 목공(穆公)의 족인(族人)을 모두 축출(逐出)하니, 무공(武公)과 목공(穆公)의 족인(族人)이 조(曹)나라의 군대를 거느리고 와서 송(宋)나라를 쳤다.
가을에 송군(宋軍)이 조(曹)나라를 포위(包圍)하였으니, 이는 무씨(武氏)의 반란(叛亂)을 도운 것을 보복(報復)하기 위함이었다.","송문공(宋文公)이 즉위(卽位)한 지 3년이 되던 해에 모제(母弟) 수(須)와 소공(昭公)의 아들을 죽였다.
수(須)의 반란(叛亂)이 무씨(武氏)의 계략(計略)에서 나왔다 하여, 대공(戴公)과 환공(桓公)의 족인(族人)(자손(子孫))을 사마(司馬) 자백(子伯)의 관사(館舍)로 보내어 무씨(武氏)를 공격(攻擊)하게 하고, 무공(武公)과 목공(穆公)의 족인(族人)을 모두 축출(逐出)하니,
무공(武公)과 목공(穆公)의 족인(族人)이 조(曹)나라의 군대를 거느리고 와서 송(宋)나라를 쳤다.
가을에 송군(宋軍)이 조(曹)나라를 포위(包圍)하였으니, 이는 무씨(武氏)의 반란(叛亂)을 도운 것을 보복(報復)하기 위함이었다."
8,당송팔대가문초구양수2,263,whitespace_only,2,3,"대저 학문은 애초에 도(道)를 위한 것이 아닌 것은 아니지만 그 도에 이르는 자는 드무니, 도가 사람에게 먼 것이 아니라 학자가 어딘가 함닉(陷溺)된 곳이 있는 것입니다.
대개 문장으로 말하자면 잘 지어 남들이 좋아할 만하게 되기는 어렵고 기뻐하여 스스로 만족하기는 쉬우니, 세상의 문장을 공부하는 자들이 왕왕 여기에 함닉되어 한번 자기의 문장이 잘 지어지면 “나의 공부가 충분하다. ” 하고, 심한 경우에는 모든 일을 팽개쳐 마음에 두지 않으면서 말하기를 “나는 문사(文士)이니, 문장을 짓는 일만 하면 된다. ”라고 하니, 이것이 문장의 도에 이르는 사람이 드문 까닭입니다.","대저 학문은 애초에 도(道)를 위한 것이 아닌 것은 아니지만 그 도에 이르는 자는 드무니, 도가 사람에게 먼 것이 아니라 학자가 어딘가 함닉(陷溺)된 곳이 있는 것입니다.
대개 문장으로 말하자면 잘 지어 남들이 좋아할 만하게 되기는 어렵고 기뻐하여 스스로 만족하기는 쉬우니,
세상의 문장을 공부하는 자들이 왕왕 여기에 함닉되어 한번 자기의 문장이 잘 지어지면 “나의 공부가 충분하다. ” 하고, 심한 경우에는 모든 일을 팽개쳐 마음에 두지 않으면서 말하기를 “나는 문사(文士)이니, 문장을 짓는 일만 하면 된다. ”라고 하니,  이것이 문장의 도에 이르는 사람이 드문 까닭입니다."
8,당송팔대가문초구양수3,254,whitespace_only,3,3,"우리 집안은 대대로 길주에서 살았고 조정에서 관직이 분수에 넘쳤으되, 나아가서는 천자의 성대하고 아름다운 덕을 선양(宣揚)하지 못했고 물러나서는 제생(諸生)들과 그곳에서 읍양(揖讓)의 예를 행하지 못하였다.
그러나 내가 듣기로 교학(敎學)의 방법은 사람의 성품에 근본해서 연마하고 변화시켜 선을 추구하도록 만드는 것이니, 사람을 권면하는 것은 부지런히 하고 사람을 감화시키기는 것은 점차적으로 하므로,
잘 가르치는 자가 게을리하지 않는 뜻을 가지고서 장구(長久)하게 공력을 들여 예양(禮讓)이 흥기하여 유행하고 풍속이 순수하고 아름다워지는 데 이른 연후에야 학문이 완성된다고 하였다.","우리 집안은 대대로 길주에서 살았고 조정에서 관직이 분수에 넘쳤으되, 나아가서는 천자의 성대하고 아름다운 덕을 선양(宣揚)하지 못했고 물러나서는 제생(諸生)들과 그곳에서 읍양(揖讓)의 예를 행하지 못하였다.
그러나 내가 듣기로 교학(敎學)의 방법은 사람의 성품에 근본해서 연마하고 변화시켜 선을 추구하도록 만드는 것이니,
사람을 권면하는 것은 부지런히 하고 사람을 감화시키기는 것은 점차적으로 하므로, 잘 가르치는 자가 게을리하지 않는 뜻을 가지고서 장구(長久)하게 공력을 들여 예양(禮讓)이 흥기하여 유행하고 풍속이 순수하고 아름다워지는 데 이른 연후에야 학문이 완성된다고 하였다."
8,당송팔대가문초구양수4,164,whitespace_only,7,6,"구양건이 조왕(趙王) 사마륜(司馬倫)의 난리를 만나니, 그 형의 아들인 구양질(歐陽質)이 남쪽 장사(長沙)로 달아났다.
구양질로부터 12세를 지나 구양순(歐陽詢)이 태어나고 구양순이 구양통(歐陽通)을 낳았으니, 구양순과 구양통은 당(唐)나라에 벼슬하였다.
그리고 모두 장사 땅에 거주한 구양씨였으나 오히려 발해(渤海)로 봉작을 받았다.
구양통에서 또 3세를 지나 구양종(歐陽琮)이 태어나니, 구양종이 길주자사(吉州刺史)가 되었기에 자손들이 길주에 살게 되었다.
구양종으로부터 8세를 지나 구양만(歐陽萬)이 태어났고, 구양만이 구양아(歐陽雅)를 낳고, 구양아가 고조(高祖) 휘(諱) 효(效)를 낳고, 고조가 증조(曾祖) 휘(諱) 탁(託)을 낳고,
증조가 황조(皇祖) 무창령(武昌令) 휘(諱) 침(郴)을 낳고, 황조가 공의 부친 증호부시랑(贈戶部侍郞) 휘(諱) 방(倣)을 낳아, 모두 길주에 사니, 또 길주의 구양씨가 되었다.
공 때에 마침내 형남(荊南)으로 이주하고 또 그곳에 장사 지내니, 다시 형남의 구양씨가 되었다.","구양건이 조왕(趙王) 사마륜(司馬倫)의 난리를 만나니, 그 형의 아들인 구양질(歐陽質)이 남쪽 장사(長沙)로 달아났다.
구양질로부터 12세를 지나 구양순(歐陽詢)이 태어나고 구양순이 구양통(歐陽通)을 낳았으니, 구양순과 구양통은 당(唐)나라에 벼슬하였다.
그리고 모두 장사 땅에 거주한 구양씨였으나 오히려 발해(渤海)로 봉작을 받았다.
구양통에서 또 3세를 지나 구양종(歐陽琮)이 태어나니, 구양종이 길주자사(吉州刺史)가 되었기에 자손들이 길주에 살게 되었다.
구양종으로부터 8세를 지나 구양만(歐陽萬)이 태어났고, 구양만이 구양아(歐陽雅)를 낳고, 구양아가 고조(高祖) 휘(諱) 효(效)를 낳고, 고조가 증조(曾祖) 휘(諱) 탁(託)을 낳고, 증조가 황조(皇祖) 무창령(武昌令) 휘(諱) 침(郴)을 낳고, 황조가 공의 부친 증호부시랑(贈戶部侍郞) 휘(諱) 방(倣)을 낳아, 모두 길주에 사니, 또 길주의 구양씨가 되었다.
공 때에 마침내 형남(荊南)으로 이주하고 또 그곳에 장사 지내니, 다시 형남의 구양씨가 되었다."
8,당송팔대가문초구양수4,377,normalization_only,5,5,"처사가 졸한 때로부터 지금까지 20년이다.
응산의 장로들로 처사를 아는 자들과 공 덕분에 생활할 수 있었던 현 사람들이 왕왕 아직도 다 살아 있으니, 그 자제(子弟)와 후생(後生)들이 처사의 풍모를 듣는 것이 여전히 멀지 않다.
만일 서너 세대가 지나 손자와 증손 대에 이르러 처사에 관한 이야기가 간혹 실전된다면, 응산 사람들이 다시는 처사에 대해 상세하게 알게 되지 못할까 두렵다.
이에 묘표를 지어 후세 사람들에게 고한다.
경력(慶曆) 8년(1048) 윤정월(閏正月) 1일에 여릉(廬陵) 구양수(歐陽脩)는 쓰노라.","처사가 졸한 때로부터 지금까지 20년이다.
응산의 장로들로 처사를 아는 자들과 공 덕분에 생활할 수 있었던 현 사람들이 왕왕 아직도 다 살아 있으니, 그 자제(子弟)와 후생(後生)들이 처사의 풍모를 듣는 것이 여전히 멀지 않다.
만일 서너 세대가 지나 손자와 증손 대에 이르러 처사에 관한 이야기가 간혹 실전된다면, 응산 사람들이 다시는 처사에 대해 상세하게 알게 되지 못할까 두렵다. 
이에 묘표를 지어 후세 사람들에게 고한다.
경력(慶曆) 8년(1048) 윤정월(閏正月) 1일에 여릉(廬陵) 구양수(歐陽脩)는 쓰노라."
8,당송팔대가문초소순1,291,normalization_only,4,4,"육국(六國)이 파멸한 것은 병기(兵器)가 날카롭지 않아서도 아니요, 싸움을 잘못하여서도 아니며, 그 폐단이 진(秦)나라에 땅을 뇌물(賂物)로 바친 데에 있다.
진(秦)나라에 땅을 뇌물로 바쳐서 그 국력(國力)이 결핍된 것이 멸망의 길이 되었다.
어떤 사람이 “육국(六國)이 서로 망한 것은 모두가 진(秦)나라에 땅을 뇌물로 바쳐서인가? ”라고 하니, “땅을 뇌물로 바치지 않았던 나라도 뇌물을 바친 나라 때문에 망하였으니, 대개 강력한 원조를 잃어 홀로 자기 나라를 완전하게 보전할 수가 없었기 때문이다. ”라고 하였다.
그래서 “폐단이 진(秦)나라에 땅을 뇌물로 바친 데에 있다. ”라고 말한 것이다.","육국(六國)이 파멸한 것은 병기(兵器)가 날카롭지 않아서도 아니요, 싸움을 잘못하여서도 아니며, 그 폐단이 진(秦)나라에 땅을 뇌물(賂物)로 바친 데에 있다.
진(秦)나라에 땅을 뇌물로 바쳐서 그 국력(國力)이 결핍된 것이 멸망의 길이 되었다.
어떤 사람이 “육국(六國)이 서로 망한 것은 모두가 진(秦)나라에 땅을 뇌물로 바쳐서인가? ”라고 하니,   “땅을 뇌물로 바치지 않았던 나라도 뇌물을 바친 나라 때문에 망하였으니, 대개 강력한 원조를 잃어 홀로 자기 나라를 완전하게 보전할 수가 없었기 때문이다. ”라고 하였다. 
그래서  “폐단이 진(秦)나라에 땅을 뇌물로 바친 데에 있다. ”라고 말한 것이다. "
8,당송팔대가문초소식1,147,whitespace_only,4,4,"예로부터 사람을 등용할 적에는 반드시 여러 번 시험을 거쳐서 비록 탁월한 기국(器局)이 있더라도 반드시 이미 이룬 공로가 있어야 하였으니,
한편으로는 그로 하여금 변고(變故)를 겪게 하여 어려운 줄을 알아서 가볍게 일을 만들지 않게 하고, 한편으로는 공이 높고 명망이 중해지기를 기다려서 사람들이 저절로 비방하는 말이 없어지게 하고자 한 것이었습니다.
옛날 촉한(蜀漢)의 선주(先主)가 황충(黃忠)을 후장군(後將軍)으로 승진시키자, 제갈량(諸葛亮)이 그 불가함을 우려하여 아뢰기를 “황충(黃忠)의 명망은 평소 관우(關羽), 장비(張飛)의 무리와 같은 등급이 아니니, 만약 반작(班爵)이 갑자기 같아지면 반드시 저들이 기뻐하지 않을 것입니다. ”라고 하였는데, 그 후 관우(關羽)가 과연 이것을 말하였습니다.
황충(黃忠)의 호걸스럽고 용맹한 자품과 선주(先主)의 군신(君臣)간의 절친한 사이로도 오히려 이것을 우려했으니, 하물며 다른 사람에 있어서이겠습니까?","예로부터 사람을 등용할 적에는 반드시 여러 번 시험을 거쳐서 비록 탁월한 기국(器局)이 있더라도 반드시 이미 이룬 공로가 있어야 하였으니, 한편으로는 그로 하여금 변고(變故)를 겪게 하여 어려운 줄을 알아서 가볍게 일을 만들지 않게 하고, 한편으로는 공이 높고 명망이 중해지기를 기다려서 사람들이 저절로 비방하는 말이 없어지게 하고자 한 것이었습니다.
옛날 촉한(蜀漢)의 선주(先主)가 황충(黃忠)을 후장군(後將軍)으로 승진시키자, 제갈량(諸葛亮)이 그 불가함을 우려하여 아뢰기를 “황충(黃忠)의 명망은 평소 관우(關羽), 장비(張飛)의 무리와 같은 등급이 아니니, 만약 반작(班爵)이 갑자기 같아지면 반드시 저들이 기뻐하지 않을 것입니다. ”라고 하였는데,
그 후 관우(關羽)가 과연 이것을 말하였습니다.
황충(黃忠)의 호걸스럽고 용맹한 자품과 선주(先主)의 군신(君臣)간의 절친한 사이로도 오히려 이것을 우려했으니, 하물며 다른 사람에 있어서이겠습니까?"
8,당송팔대가문초소식2,65,whitespace_only,5,4,"근일에 소인들이 유언비어를 함부로 만들어내어 선비들 사이에는 과거를 연기한다는 설이 있고 장사꾼들 사이에는 도성에서 술을 전매(專賣)한다는 의논이 있으며, 관리들은 감봉을 우려하고 병사들은 급양(給養)이 줄 것을 우려하고 있습니다.
이 몇 가지 일은 조정에서 결코 의논한 바가 없는데도 백성들 사이에는 이처럼 분분하니,
또한 이로써 폐하께서 부지런히 구휼하는 은덕이 아래로 백성들에게 신뢰받지 못하고, 유사(有司)들의 가렴주구하는 뜻이 간혹 백성들에게 나타나고 있음을 알 수 있습니다.
그러므로 폐하(陛下)께서는 마땅히 자신을 책망하고 스스로 반성하여 백성들의 사특한 마음과 비방하는 말이 사라지게 해야 하는데, 대간(臺諫)들은 또 폐하에게 엄한 형벌과 사나운 관리를 써서 체포하여 죽일 것을 권하니, 성덕(聖德)을 훼손함이 이보다 더 큰 것이 없습니다.
그런데 또다시 등(燈)을 사는 일로 백성들에게 이로써 비방하는 구실을 만들어주니, 신(臣)은 실로 애석하게 여깁니다.","근일에 소인들이 유언비어를 함부로 만들어내어 선비들 사이에는 과거를 연기한다는 설이 있고 장사꾼들 사이에는 도성에서 술을 전매(專賣)한다는 의논이 있으며, 관리들은 감봉을 우려하고 병사들은 급양(給養)이 줄 것을 우려하고 있습니다.
이 몇 가지 일은 조정에서 결코 의논한 바가 없는데도 백성들 사이에는 이처럼 분분하니, 또한 이로써 폐하께서 부지런히 구휼하는 은덕이 아래로 백성들에게 신뢰받지 못하고, 유사(有司)들의 가렴주구하는 뜻이 간혹 백성들에게 나타나고 있음을 알 수 있습니다.
그러므로 폐하(陛下)께서는 마땅히 자신을 책망하고 스스로 반성하여 백성들의 사특한 마음과 비방하는 말이 사라지게 해야 하는데, 대간(臺諫)들은 또 폐하에게 엄한 형벌과 사나운 관리를 써서 체포하여 죽일 것을 권하니, 성덕(聖德)을 훼손함이 이보다 더 큰 것이 없습니다.
그런데 또다시 등(燈)을 사는 일로 백성들에게 이로써 비방하는 구실을 만들어주니, 신(臣)은 실로 애석하게 여깁니다."
8,당송팔대가문초소식2,74,whitespace_only,7,8,"지난해 항주(杭州)의 쌀값은 매 1두(斗)마다 8, 9십 전(錢)에 이르렀다가 금년 정월 이래로 날마다 점점 값이 내렸는데, 5, 6월 사이에 절서(浙西)의 몇 고을에 큰 비가 멈추지 않아서 태호(太湖)가 범람하여 곳곳마다 농사를 망치게 되자, 6월초 사이에 쌀값이 다시 올라서 7월초에는 쌀값이 두(斗)당 족맥(足陌) 백 전(錢)에 이르렀습니다.
현재 햅쌀이 이미 나왔으나 상평창(常平倉)의 방출을 감히 멈추지 못하니, 재상(災傷)의 형편이 지난해보다 심한 듯합니다.
어째서이겠습니까?
지난해의 재상(災傷)은 사람이 처음 병들 때와 같고 금년의 재상(災傷)은 병이 재발한 것과 같으니, 병의 증상은 비록 똑같으나 기력이 쇠약해져서 지탱하기가 어려울 듯합니다.
또 봄과 여름 사이에 비가 고르게 내리자, 절강(浙江) 지방 사람들은 풍년이 들 것을 미리 기뻐하여 집집마다 전당을 잡히고 물건을 팔며 이식을 주고 빚을 내어서 전지의 농사를 일삼았습니다.
수차로 물을 퍼 올리고 제방을 쌓아서 높은 지역과 낮은 지역이 모두 이와 같이 농사를 지어, 본전을 계산하면 이미 많았습니다.
이에 날짜를 꼽으며 곡식이 익기를 기다리고 있었는데, 큰비와 풍랑이 일어 일거에 곡식을 망치니, 백성들이 곤궁하고 고통스러움이 실로 작년의 곱절이 됩니다.","지난해 항주(杭州)의 쌀값은 매 1두(斗)마다 8, 9십 전(錢)에 이르렀다가 금년 정월 이래로 날마다 점점 값이 내렸는데,
5, 6월 사이에 절서(浙西)의 몇 고을에 큰 비가 멈추지 않아서 태호(太湖)가 범람하여 곳곳마다 농사를 망치게 되자, 6월초 사이에 쌀값이 다시 올라서 7월초에는 쌀값이 두(斗)당 족맥(足陌) 백 전(錢)에 이르렀습니다.
현재 햅쌀이 이미 나왔으나 상평창(常平倉)의 방출을 감히 멈추지 못하니, 재상(災傷)의 형편이 지난해보다 심한 듯합니다.
어째서이겠습니까?
지난해의 재상(災傷)은 사람이 처음 병들 때와 같고 금년의 재상(災傷)은 병이 재발한 것과 같으니, 병의 증상은 비록 똑같으나 기력이 쇠약해져서 지탱하기가 어려울 듯합니다.
또 봄과 여름 사이에 비가 고르게 내리자, 절강(浙江) 지방 사람들은 풍년이 들 것을 미리 기뻐하여 집집마다 전당을 잡히고 물건을 팔며 이식을 주고 빚을 내어서 전지의 농사를 일삼았습니다.
수차로 물을 퍼 올리고 제방을 쌓아서 높은 지역과 낮은 지역이 모두 이와 같이 농사를 지어, 본전을 계산하면 이미 많았습니다.
이에 날짜를 꼽으며 곡식이 익기를 기다리고 있었는데, 큰비와 풍랑이 일어 일거에 곡식을 망치니, 백성들이 곤궁하고 고통스러움이 실로 작년의 곱절이 됩니다."
8,당송팔대가문초소식2,186,whitespace_only,1,2,왕승의(王承議)에게 답한 계(啓) 편관(編管) 가던 도중에 옛 지인을 만나서 정의가 간곡하다.,"왕승의(王承議)에게 답한 계(啓)
편관(編管) 가던 도중에 옛 지인을 만나서 정의가 간곡하다."
8,당송팔대가문초소철2,137,whitespace_only,5,6,"그러나 현종(玄宗)이 바야흐로 송경(宋璟)을 임용하였으나 우문융(宇文融)이 괄전(括田)으로써 현종(玄宗)의 총애를 받아 갑자기 재상(宰相)에 이르렀고, 뒤에 비록 공론에 의해 파직되어 갔지만,
현종(玄宗)은 그에 대한 생각이 계속 떠오르자, 재상(宰相)들에게 말하기를 “공들이 우문융(宇文融)의 악한 점을 폭로해서 짐(朕)이 이미 그를 죄주었지만, 국가 재용(財用)이 부족하거늘 장차 어떻게 하겠는가? ”라고 하니, 배광정(裴光庭) 등은 답변하지 못하였다.
우문융(宇文融)이 이미 죽자 이익을 말하는 자들이 앞을 다투어 진출하였다.
위견(韋堅)․양신긍(楊愼矜)․왕홍(王鉷)은 날마다 더욱 심하게 굴었고, 양국충(楊國忠)에 이르러 취렴(聚斂)이 극심하였다.
그러므로 천보(天寶)의 난(亂)에 해내(海內)가 분열되어 다시 통합할 수 없었다.","그러나 현종(玄宗)이 바야흐로 송경(宋璟)을 임용하였으나 우문융(宇文融)이 괄전(括田)으로써 현종(玄宗)의 총애를 받아 갑자기 재상(宰相)에 이르렀고,
뒤에 비록 공론에 의해 파직되어 갔지만, 현종(玄宗)은 그에 대한 생각이 계속 떠오르자, 재상(宰相)들에게 말하기를 “공들이 우문융(宇文融)의 악한 점을 폭로해서 짐(朕)이 이미 그를 죄주었지만, 국가 재용(財用)이 부족하거늘 장차 어떻게 하겠는가? ”라고 하니,
배광정(裴光庭) 등은 답변하지 못하였다.
우문융(宇文融)이 이미 죽자 이익을 말하는 자들이 앞을 다투어 진출하였다.
위견(韋堅)․양신긍(楊愼矜)․왕홍(王鉷)은 날마다 더욱 심하게 굴었고, 양국충(楊國忠)에 이르러 취렴(聚斂)이 극심하였다.
그러므로 천보(天寶)의 난(亂)에 해내(海內)가 분열되어 다시 통합할 수 없었다."
8,당송팔대가문초소철3,48,whitespace_only,11,12,"왜냐하면 중신(重臣)이 된 이는 천하 사람들이 자기에게 돌아오는 것을 기대하지 않고, 권신(權臣)이 된 이도 천자(天子)가 자기를 두려워할 것을 일삼는 바가 없습니다.
그러므로 각각 그들이 행하는 일에 따라 그들 뜻의 소재를 관찰하면 천하에 누가 속일 수 있겠습니까?
신(臣)이 그래서 말씀드리기를 “천하를 다스리려고 할진댄 어찌 하루도 중신(重臣)이 없을 수 있겠습니까. ”라고 한 것입니다.
또 지금 가사 천하에 중신(重臣)이 없다면 조정(朝廷)의 일은 오직 천자(天子)가 하는 바여서 가부를 따질 사람이 없습니다.
비록 천자(天子)에게 간언을 받아들일 밝은 지혜가 있다 하더라도 백관(百官)이 두려워서 벌벌 떨기 마련이니, 평소 존중(尊重)하는 형세가 없다면 누가 기휘(忌諱)를 범해 죄려(罪戾)를 받으면서 천하를 위하여 말할 자가 있겠습니까?
소소한 득실관계가 있을 때에는 감히 소장을 올려 시끄럽게 하되 꺼리는 바가 없고, 국가대사의 안위(安危)와 존망(存亡)이 매인 바에 대해서는 장차 입을 다물고 갈 작정이니, 누가 감히 발설하여 그 화(禍)를 받겠습니까?
이것이 바로 군주의 크나큰 걱정거리입니다.
아, 슬픕니다.
후세의 군주는 한갓 천하의 권신(權臣)이 드나들면서 “예예” 하고 순종하는 것만 보고서 예의범절이 있다고 여기고, 이것이 바로 나라를 몰래 파괴하는 것임은 알지 못하며, 한갓 천하 중신(重臣)이 강의(剛毅)하고 과감(果敢)하여 군주의 뜻을 거역하기를 좋아하는 것만 보고서 불손하다고 여기고, 그에게 사직(社稷)에 대한 염려가 있다는 것은 모릅니다.
이 두 가지는 마음에 혼란을 주므로 그 사(邪)와 정(正)을 잘 변별할 수 없습니다.
이러므로 상란(喪亂)이 서로 계속 이어지는데도 그것을 깨닫지 못하니, 얼마나 상심하게 하는 일인지 모르겠습니다.","왜냐하면 중신(重臣)이 된 이는 천하 사람들이 자기에게 돌아오는 것을 기대하지 않고, 권신(權臣)이 된 이도 천자(天子)가 자기를 두려워할 것을 일삼는 바가 없습니다.
그러므로 각각 그들이 행하는 일에 따라 그들 뜻의 소재를 관찰하면 천하에 누가 속일 수 있겠습니까?
신(臣)이 그래서 말씀드리기를 “천하를 다스리려고 할진댄 어찌 하루도 중신(重臣)이 없을 수 있겠습니까. ”라고 한 것입니다.
또 지금 가사 천하에 중신(重臣)이 없다면 조정(朝廷)의 일은 오직 천자(天子)가 하는 바여서 가부를 따질 사람이 없습니다.
비록 천자(天子)에게 간언을 받아들일 밝은 지혜가 있다 하더라도 백관(百官)이 두려워서 벌벌 떨기 마련이니, 평소 존중(尊重)하는 형세가 없다면 누가 기휘(忌諱)를 범해 죄려(罪戾)를 받으면서 천하를 위하여 말할 자가 있겠습니까?
소소한 득실관계가 있을 때에는 감히 소장을 올려 시끄럽게 하되 꺼리는 바가 없고, 국가대사의 안위(安危)와 존망(存亡)이 매인 바에 대해서는 장차 입을 다물고 갈 작정이니, 누가 감히 발설하여 그 화(禍)를 받겠습니까?
이것이 바로 군주의 크나큰 걱정거리입니다.
아, 슬픕니다.
후세의 군주는 한갓 천하의 권신(權臣)이 드나들면서 “예예” 하고 순종하는 것만 보고서 예의범절이 있다고 여기고, 이것이 바로 나라를 몰래 파괴하는 것임은 알지 못하며,
한갓 천하 중신(重臣)이 강의(剛毅)하고 과감(果敢)하여 군주의 뜻을 거역하기를 좋아하는 것만 보고서 불손하다고 여기고, 그에게 사직(社稷)에 대한 염려가 있다는 것은 모릅니다.
이 두 가지는 마음에 혼란을 주므로 그 사(邪)와 정(正)을 잘 변별할 수 없습니다.
이러므로 상란(喪亂)이 서로 계속 이어지는데도 그것을 깨닫지 못하니, 얼마나 상심하게 하는 일인지 모르겠습니다."
8,당송팔대가문초왕안석2,73,whitespace_only,9,9,"군자(君子)가 실수를 범하지 않고자 하는 것이 세 가지 있으니, 남에게 낯빛을 변하는 실수를 범하지 않으려 하고, 남에게 말을 잘못하는 실수를 범하지 않으려 하고, 남에게 거동을 장중하게 하지 못하는 실수를 범하지 않으려 하는 것이다.
낯빛을 변하지 않는다는 것은 용모가 순일(純一)한 것이고, 말을 잘못하지 않는다는 것은 말하고 침묵함이 순일(純一)한 것이며, 처신을 장중하게 하지 못하는 실수를 범하지 않는다는 것은 가고 그침을 순일(純一)하게 하는 것이다.
군자(君子)의 도(道)는 그 큰 것을 말한다면 천지(天地)로도 포용하기에 부족하고, 그 작은 것을 말한다면 가을 터럭의 끝보다도 작아서 보이지 않으며, 그 굳셈을 말한다면 천하에 대적할 상대가 없고, 그 간략함을 말한다면 문자(文字)로 표현하여 전할 수가 없다.
성인(聖人)이 남기신 말씀에 “대례(大禮)는 천지(天地)와 더불어 그 법도(法度)를 함께하고, 대악(大樂)은 천지와 더불어 그 조화(調和)를 함께한다. ” 하였으니, 이는 성(性)에 대하여 말한 것이다.
대례(大禮)는 성(性)의 중도(中道)에 맞는 것이고 대악(大樂)은 성(性)이 조화롭게 발현(發現)된 것이니, 중용(中庸)의 도(道)에 맞고 조화롭게 발현된 인정(人情)은 천지(天地)의 신명(神明)에 통하는 것이다.
그러므로 성인(聖人)이 대례(大禮) 대악(大樂)의 정수(精髓)를 간직하여 이에 맞게 연주하자 봉황(鳳凰)이 내려와 춤을 추었고, 오사(五事)를 잘 닦자 음양(陰陽)이 형통(亨通)하게 되었으며, 이에 천지(天地)가 바르게 자리를 잡고 삼광(三光)이 밝게 빛났으며, 네 계절이 순조롭게 운행되어 만물이 조화를 이루게 되었다고 한 것이다.
≪시경(詩經)≫에 이르기를 “학(鶴)이 굽이굽이 펼쳐진 깊숙한 소택(沼澤)에서 우니, 그 소리가 하늘에까지 들렸노라. ”라고 하였다.
그러므로 맹자(孟子)가 이르기를 “나는 나의 호연지기(浩然之氣)를 잘 기르니 하늘과 땅 사이에 가득 차게 되었다. ”라고 한 것이며, 양자(揚子)가 이르기를 “모(貌)와 언(言)과 시(視)와 청(聽)과 사(思)는 천성(天性)으로 소유(所有)한 것이다. ”라고 하고, “하늘에 마음을 기울이면 하늘의 이치를 알고, 땅에 마음을 기울이면 땅의 이치를 안다. ”
한 것이다.","군자(君子)가 실수를 범하지 않고자 하는 것이 세 가지 있으니, 남에게 낯빛을 변하는 실수를 범하지 않으려 하고, 남에게 말을 잘못하는 실수를 범하지 않으려 하고, 남에게 거동을 장중하게 하지 못하는 실수를 범하지 않으려 하는 것이다.
낯빛을 변하지 않는다는 것은 용모가 순일(純一)한 것이고, 말을 잘못하지 않는다는 것은 말하고 침묵함이 순일(純一)한 것이며, 처신을 장중하게 하지 못하는 실수를 범하지 않는다는 것은 가고 그침을 순일(純一)하게 하는 것이다.
군자(君子)의 도(道)는 그 큰 것을 말한다면 천지(天地)로도 포용하기에 부족하고, 그 작은 것을 말한다면 가을 터럭의 끝보다도 작아서 보이지 않으며, 그 굳셈을 말한다면 천하에 대적할 상대가 없고, 그 간략함을 말한다면 문자(文字)로 표현하여 전할 수가 없다.
성인(聖人)이 남기신 말씀에 “대례(大禮)는 천지(天地)와 더불어 그 법도(法度)를 함께하고, 대악(大樂)은 천지와 더불어 그 조화(調和)를 함께한다. ” 하였으니, 이는 성(性)에 대하여 말한 것이다.
대례(大禮)는 성(性)의 중도(中道)에 맞는 것이고 대악(大樂)은 성(性)이 조화롭게 발현(發現)된 것이니, 중용(中庸)의 도(道)에 맞고 조화롭게 발현된 인정(人情)은 천지(天地)의 신명(神明)에 통하는 것이다.
그러므로 성인(聖人)이 대례(大禮) 대악(大樂)의 정수(精髓)를 간직하여 이에 맞게 연주하자 봉황(鳳凰)이 내려와 춤을 추었고, 오사(五事)를 잘 닦자 음양(陰陽)이 형통(亨通)하게 되었으며, 이에 천지(天地)가 바르게 자리를 잡고 삼광(三光)이 밝게 빛났으며, 네 계절이 순조롭게 운행되어 만물이 조화를 이루게 되었다고 한 것이다.
≪시경(詩經)≫에 이르기를 “학(鶴)이 굽이굽이 펼쳐진 깊숙한 소택(沼澤)에서 우니, 그 소리가 하늘에까지 들렸노라. ”라고 하였다.
그러므로 맹자(孟子)가 이르기를 “나는 나의 호연지기(浩然之氣)를 잘 기르니 하늘과 땅 사이에 가득 차게 되었다. ”라고 한 것이며,
양자(揚子)가 이르기를 “모(貌)와 언(言)과 시(視)와 청(聽)과 사(思)는 천성(天性)으로 소유(所有)한 것이다. ”라고 하고, “하늘에 마음을 기울이면 하늘의 이치를 알고, 땅에 마음을 기울이면 땅의 이치를 안다. ” 한 것이다."
8,당송팔대가문초왕안석2,190,whitespace_only,14,14,"군(君)의 휘(諱)는 항(抗)이고, 자(字)는 화숙(和叔)이며, 성(姓)은 손씨(孫氏)이다.
위(衛)에서 성(姓)을 얻었고, 부춘(富春) 땅에서 인망(人望)을 얻었는데, 군(君)의 고조(高祖) 기(棄)가 손유(孫儒)의 난(亂)을 피하여 광릉(廣陵)에서 이현(黟縣)으로 이주하였고,
군(君)의 증조(曾祖) 휘(諱) 사목(師睦)께서는 생업을 잘 꾸려서 부자(富者)가 되었는데, 흉년(凶年)이 들자 미곡(米穀)을 싼 값으로 몇 말 몇 되씩 여러 사람에게 팔아서, 고장 사람들의 환심을 샀다.
조부(祖父)의 휘(諱)는 단(旦)이니 비로소 그 재산을 다 들여 훌륭한 선비를 모셔서 자식들에게 학문을 가르쳤다.
부친(父親)의 휘(諱)는 수량(遂良)이니 졸(卒)하실 때에 군(君)의 나이는 겨우 10여 세였다.
후(後)에 부친(父親)은 군(君)의 벼슬이 연고가 되어 상서직방원외랑(尙書職方員外郞)에 추증(追贈)되었다.
군(君)께서는 처음 장씨(張氏)와 혼인하셨다가 다시 오씨(吳氏)와 혼인하시고 다시 서씨(舒氏)와 혼인하셨으니, 서씨(舒氏)는 외명부(外命府)의 태강현군(太康縣君)에 봉(封)해졌다.
아들 다섯을 두었으니, 적(適)과 막(邈)과 적(迪)과 괄(适)과 구(遘)이다.
적(適)은 일찍이 나를 따라 공부를 하여, 나이 열넷에 논의(論議)하는 것과 지은 글들이 사람들을 놀라게 하기에 족하였는데, 영주군사추관(永州軍事推官)으로 벼슬을 마쳤다.
막(邈)은 현재 노주(潞州) 상당현령(上黨縣令)이니, 그도 배우기를 좋아하고 글을 잘 짓는다.
군(君)의 행장(行狀)을 지어 가지고 와서 나에게 명(銘)을 지어주기를 청한 사람은 막(邈)이다.
군(君)께서 졸(卒)하실 때에 천자(天子)께서는 괄(适)에게 시비서성교서랑(試秘書省校書郞)을 제수하셨다.
딸 둘을 두었는데 한 딸은 태묘재랑(太廟齋郞) 이간부(李簡夫)에게 출가(出嫁)하였고, 다른 한 딸은 진사(進士) 정안평(鄭安平)에게 출가하였다.
군(君)은 졸(卒)하시던 해 12월 25일에 이현(黟縣) 회원향(懷遠鄕) 상림촌(上林村)에 하장(下葬)하였다.","군(君)의 휘(諱)는 항(抗)이고, 자(字)는 화숙(和叔)이며, 성(姓)은 손씨(孫氏)이다.
위(衛)에서 성(姓)을 얻었고, 부춘(富春) 땅에서 인망(人望)을 얻었는데, 군(君)의 고조(高祖) 기(棄)가 손유(孫儒)의 난(亂)을 피하여 광릉(廣陵)에서 이현(黟縣)으로 이주하였고, 군(君)의 증조(曾祖) 휘(諱) 사목(師睦)께서는 생업을 잘 꾸려서 부자(富者)가 되었는데,
흉년(凶年)이 들자 미곡(米穀)을 싼 값으로 몇 말 몇 되씩 여러 사람에게 팔아서, 고장 사람들의 환심을 샀다.
조부(祖父)의 휘(諱)는 단(旦)이니 비로소 그 재산을 다 들여 훌륭한 선비를 모셔서 자식들에게 학문을 가르쳤다.
부친(父親)의 휘(諱)는 수량(遂良)이니 졸(卒)하실 때에 군(君)의 나이는 겨우 10여 세였다.
후(後)에 부친(父親)은 군(君)의 벼슬이 연고가 되어 상서직방원외랑(尙書職方員外郞)에 추증(追贈)되었다.
군(君)께서는 처음 장씨(張氏)와 혼인하셨다가 다시 오씨(吳氏)와 혼인하시고 다시 서씨(舒氏)와 혼인하셨으니, 서씨(舒氏)는 외명부(外命府)의 태강현군(太康縣君)에 봉(封)해졌다.
아들 다섯을 두었으니, 적(適)과 막(邈)과 적(迪)과 괄(适)과 구(遘)이다.
적(適)은 일찍이 나를 따라 공부를 하여, 나이 열넷에 논의(論議)하는 것과 지은 글들이 사람들을 놀라게 하기에 족하였는데, 영주군사추관(永州軍事推官)으로 벼슬을 마쳤다.
막(邈)은 현재 노주(潞州) 상당현령(上黨縣令)이니, 그도 배우기를 좋아하고 글을 잘 짓는다.
군(君)의 행장(行狀)을 지어 가지고 와서 나에게 명(銘)을 지어주기를 청한 사람은 막(邈)이다.
군(君)께서 졸(卒)하실 때에 천자(天子)께서는 괄(适)에게 시비서성교서랑(試秘書省校書郞)을 제수하셨다.
딸 둘을 두었는데 한 딸은 태묘재랑(太廟齋郞) 이간부(李簡夫)에게 출가(出嫁)하였고, 다른 한 딸은 진사(進士) 정안평(鄭安平)에게 출가하였다.
군(君)은 졸(卒)하시던 해 12월 25일에 이현(黟縣) 회원향(懷遠鄕) 상림촌(上林村)에 하장(下葬)하였다."
8,당송팔대가문초왕안석2,235,whitespace_only,6,6,"공(公)의 휘(諱)는 도보(道輔)이고 자(字)는 후제(厚濟)이다.
처음 진사시(進士試)에 합격하여 포의(布衣)를 면하고 벼슬하기 시작하여 영주군사추관(寧州軍事推官)에 보임(補任)되었는데, 나이가 어린데도 옥사(獄事)를 판단하고 일을 처리하는 것이 노리(老吏)들을 놀라고 두려워하게 할 수 있었다.
대리시승(大理寺丞), 지연주선원현사(知兗州仙源縣事)로 전임(轉任)되자 다시 유능하다는 명성을 얻었다.
그 후 직사관(直史館)과 대제용도각(待制龍圖閣)과 판삼사이흠빙유사(判三司理欠憑由司)와 등문검원(登聞檢院)과 이부유내전(吏部流內銓)과 규찰재경형옥(糾察在京刑獄)과 허(許)․서(徐)․연(兗)․운(鄆)․진(秦) 등 오주(五州)의 지사(知事)를 역임하고,
남경(南京)의 유수(留守)를 지내었으며, 연주(兗州)와 운주(鄆州)의 어사중승(御史中丞)을 두 차례씩 맡기도 하였다.
임소(任所)에 이를 때마다 직무(職務)의 범위(範圍) 내(內)에서 빈번하게 간쟁(諫爭)을 하며 윗사람에게 영합하려 하지 않았으므로, 쫓겨나기도 하고 전근되기도 하였으나 공(公)은 한결같이 절의(節義)를 지키며 일생(一生)을 마쳤고, 일찍이 스스로 처신을 함부로 한 일이 없었다.","공(公)의 휘(諱)는 도보(道輔)이고 자(字)는 후제(厚濟)이다.
처음 진사시(進士試)에 합격하여 포의(布衣)를 면하고 벼슬하기 시작하여 영주군사추관(寧州軍事推官)에 보임(補任)되었는데, 나이가 어린데도 옥사(獄事)를 판단하고 일을 처리하는 것이 노리(老吏)들을 놀라고 두려워하게 할 수 있었다.
대리시승(大理寺丞), 지연주선원현사(知兗州仙源縣事)로 전임(轉任)되자 다시 유능하다는 명성을 얻었다.
그 후 직사관(直史館)과 대제용도각(待制龍圖閣)과 판삼사이흠빙유사(判三司理欠憑由司)와 등문검원(登聞檢院)과 이부유내전(吏部流內銓)과 규찰재경형옥(糾察在京刑獄)과 허(許)․서(徐)․연(兗)․운(鄆)․진(秦) 등 오주(五州)의 지사(知事)를 역임하고, 남경(南京)의 유수(留守)를 지내었으며,
연주(兗州)와 운주(鄆州)의 어사중승(御史中丞)을 두 차례씩 맡기도 하였다.
임소(任所)에 이를 때마다 직무(職務)의 범위(範圍) 내(內)에서 빈번하게 간쟁(諫爭)을 하며 윗사람에게 영합하려 하지 않았으므로, 쫓겨나기도 하고 전근되기도 하였으나 공(公)은 한결같이 절의(節義)를 지키며 일생(一生)을 마쳤고, 일찍이 스스로 처신을 함부로 한 일이 없었다."
8,당송팔대가문초왕안석2,319,whitespace_only,7,7,"양하공(陽夏公)의 네 아드님, 모두 현명하고 재능이 있었네.
막내 아드님이 일찍 사망하여, 내가 그의 무덤에 명(銘)을 지어 부장(附葬)하였는데, 이제 또 셋째 아드님의 명(銘)을 짓게 되었으니, 아아!
슬프도다.
옛말에, 죽는 것은 죽음으로 휴식을 취하는 것이라 하였으나, 아아!
셋째는 아직 강장(强壯)한 나이인데, 어찌 그다지도 빨리 쉬려 하였는가.
밝디밝았던 사람이 서거(逝去)하여, 우뚝하게 드높았던 사람이 유택(幽宅)에 잠들었네.
그를 위해 기록한 것이 여기에 있으니, 이 명(銘)은 없어지지 않으리라.","양하공(陽夏公)의 네 아드님, 모두 현명하고 재능이 있었네.
막내 아드님이 일찍 사망하여, 내가 그의 무덤에 명(銘)을 지어 부장(附葬)하였는데,
이제 또 셋째 아드님의 명(銘)을 짓게 되었으니, 아아! 슬프도다.
옛말에, 죽는 것은 죽음으로 휴식을 취하는 것이라 하였으나,
아아! 셋째는 아직 강장(强壯)한 나이인데, 어찌 그다지도 빨리 쉬려 하였는가.
밝디밝았던 사람이 서거(逝去)하여, 우뚝하게 드높았던 사람이 유택(幽宅)에 잠들었네.
그를 위해 기록한 것이 여기에 있으니, 이 명(銘)은 없어지지 않으리라."
8,당송팔대가문초증공1,47,normalization_only,11,11,"한(漢)나라가 일어나 동중서(董仲舒)의 건의를 받아들여 처음으로 군국(君國)으로 하여금 효(孝)․염(廉)에 각 1인을 천거하게 하였습니다.
그 뒤에 인구를 기준으로 인구 120만 인에서 10만 인 미만까지 단위를 정하고, 〈각 단위별로〉 1년에서 3년 간격으로 6인부터 1인까지 차등을 두고 관찰하여 선발하였습니다.
승상(丞相) 공손홍(公孫弘)과 태상(太常) 공장(孔臧)의 건의를 받아들여 또 태상박사(太常博士)의 제자원(弟子員)을 두었습니다.
군국(郡國)․현관(縣官)에 문헌과 학술을 좋아하며 부모에게 효도하고 어른을 존경하며 사람됨이 신중하고 공손하여 가정에서나 밖에서나 〈그 언행이 법도에〉 어긋나지 않는다고 소문난 사람이 있으면, 현령(縣令)․국상(國相)․현장(縣長)․현승(縣丞)이 그들이 소속된 이천석(二千石)에게 보고합니다.
그러면 이천석(二千石)은 인정할 만한 자를 신중히 관찰한 다음, 〈당초에 추천한 관리와 함께〉 태상(太常)으로 가서 박사(博士)의 제자와 똑같이 수업할 수 있도록 하였습니다.
1년 동안 〈수업을 마치면〉 모두 시험을 보여 하나의 재주 이상을 능통하면 문학(文學)과 장고(掌故)의 결원에 보충하고, 성적이 우수하여 낭중(郞中)이 될 만한 사람은 태상(太常)이 그들의 명단을 작성하여 위로 보고합니다.
만약 뛰어난 수재가 있다면 그 사람의 성명을 특별히 위로 보고하고, 또 치례랑(治禮郞)과 장고(掌故)로 임명할 것을 청합니다.
녹봉(祿俸)이 이백석(二百石) 이상과 백석(百石)에 해당되는 관리들은 우수한 자를 가려 좌우내사(左右內史)․대행(大行)․하군태수(下郡太守)․졸사(卒史)로 임명하되 모두 각 2인이며, 변방 군(郡)은 1인입니다.
〈인원이〉 부족하면 장고(掌故) 중에서 선발하여 중이천석(中二千石) 등에 보임하고, 문학(文學)과 장고(掌故)는 군(郡) 등에 보임하여 정원수를 충당하게 합니다.
이는 군국(郡國)에서 선비를 천거하고 태상(太常)이 시험하여 선발하는 법으로써 구체적인 내용입니다.
이상은 한(漢)나라 때의 일입니다.","한(漢)나라가 일어나 동중서(董仲舒)의 건의를 받아들여 처음으로 군국(君國)으로 하여금 효(孝)․염(廉)에 각 1인을 천거하게 하였습니다. 
그 뒤에 인구를 기준으로 인구 120만 인에서 10만 인 미만까지 단위를 정하고,  〈각 단위별로〉 1년에서 3년 간격으로 6인부터 1인까지 차등을 두고 관찰하여 선발하였습니다.
승상(丞相) 공손홍(公孫弘)과 태상(太常) 공장(孔臧)의 건의를 받아들여 또 태상박사(太常博士)의 제자원(弟子員)을 두었습니다.
군국(郡國)․현관(縣官)에 문헌과 학술을 좋아하며 부모에게 효도하고 어른을 존경하며 사람됨이 신중하고 공손하여 가정에서나 밖에서나 〈그 언행이 법도에〉 어긋나지 않는다고 소문난 사람이 있으면,  현령(縣令)․국상(國相)․현장(縣長)․현승(縣丞)이 그들이 소속된 이천석(二千石)에게 보고합니다.
그러면 이천석(二千石)은 인정할 만한 자를 신중히 관찰한 다음,  〈당초에 추천한 관리와 함께〉 태상(太常)으로 가서 박사(博士)의 제자와 똑같이 수업할 수 있도록 하였습니다. 
1년 동안 〈수업을 마치면〉 모두 시험을 보여 하나의 재주 이상을 능통하면 문학(文學)과 장고(掌故)의 결원에 보충하고, 성적이 우수하여 낭중(郞中)이 될 만한 사람은 태상(太常)이 그들의 명단을 작성하여 위로 보고합니다.
만약 뛰어난 수재가 있다면 그 사람의 성명을 특별히 위로 보고하고, 또 치례랑(治禮郞)과 장고(掌故)로 임명할 것을 청합니다.
녹봉(祿俸)이 이백석(二百石) 이상과 백석(百石)에 해당되는 관리들은 우수한 자를 가려 좌우내사(左右內史)․대행(大行)․하군태수(下郡太守)․졸사(卒史)로 임명하되 모두 각 2인이며, 변방 군(郡)은 1인입니다.
〈인원이〉 부족하면 장고(掌故) 중에서 선발하여 중이천석(中二千石) 등에 보임하고, 문학(文學)과 장고(掌故)는 군(郡) 등에 보임하여 정원수를 충당하게 합니다.
이는 군국(郡國)에서 선비를 천거하고 태상(太常)이 시험하여 선발하는 법으로써 구체적인 내용입니다.
이상은 한(漢)나라 때의 일입니다."
8,당송팔대가문초증공1,463,normalization_only,6,6,"모친께서 바라시는 일과 아우와 누이들의 혼인, 춘추 사계절의 제사, 친족 및 외척간의 안부, 나라 세금을 납부하는 일 등을 실현하는 것은 내가 한 해 내내 바쁘게 서두르더라도 완수하지 못할 형편이다.
나는 이로 인해 기진맥진하였고 또 몸이 허약하여 병이 많았다.
이상 기술한 내용은 수많은 일 가운데 한두 가지 대략적인 정황일 뿐이다.
다만 잠시 한가로운 때가 있으면 책을 끼고 공부를 하고 있지만, 자신을 수양하고 남을 다스리는 도리와 세상의 변화에 응용할 수완에 관해서는 살펴보고 이해하지 못하는 부분이 적지 않다.
그러므로 정력을 집중하고 사색을 기울여 문장을 다듬어서 내 마음속의 표현하기 어려운 감정을 담아내고 아울러 고금의 작가를 힘껏 추격하여 그들과 어깨를 나란히 함으로써 그들을 사랑하고 좋아하는 내 마음을 충족시키지를 못한다.
이것이 곧 내가 나 자신을 돌아볼 때 부족하여 탄식하는 이유이다.","모친께서 바라시는 일과 아우와 누이들의 혼인, 춘추 사계절의 제사, 친족 및 외척간의 안부, 나라 세금을 납부하는 일 등을 실현하는 것은 내가 한 해 내내 바쁘게 서두르더라도 완수하지 못할 형편이다.
나는 이로 인해 기진맥진하였고 또 몸이 허약하여 병이 많았다.
이상 기술한 내용은 수많은 일 가운데 한두 가지 대략적인 정황일 뿐이다.
다만 잠시 한가로운 때가 있으면 책을 끼고 공부를 하고 있지만, 자신을 수양하고 남을 다스리는 도리와 세상의 변화에 응용할 수완에 관해서는 살펴보고 이해하지 못하는 부분이 적지 않다. 
그러므로 정력을 집중하고 사색을 기울여 문장을 다듬어서 내 마음속의 표현하기 어려운 감정을 담아내고 아울러 고금의 작가를 힘껏 추격하여 그들과 어깨를 나란히 함으로써 그들을 사랑하고 좋아하는 내 마음을 충족시키지를 못한다. 
이것이 곧 내가 나 자신을 돌아볼 때 부족하여 탄식하는 이유이다."
8,당송팔대가문초한유1,278,whitespace_only,1,2,후계(侯繼)에게 답한 편지 문장은 평온하고 조용하지만 자부(自負)는 범상(凡常)하지 않다.,"후계(侯繼)에게 답한 편지
문장은 평온하고 조용하지만 자부(自負)는 범상(凡常)하지 않다."
8,당송팔대가문초한유2,39,normalization_only,4,4,"그해 겨울에 한중화(韓重華)가 조정으로 와서 황제를 알현하고서 아뢰기를 “둔전(屯田) 4천 경(頃)을 더 개간하면 변경(邊境) 다섯 성(城)의 군량을 모두 공급할 수 있습니다.
둔전(屯田) 5천 경(頃)을 개간하려면 규정에 7천 인을 쓰도록 되어 있습니다.
신(臣)이 군리(軍吏)들에게 명하여 일이 없을 때는 군사들을 독려하여 활쏘기를 익혀 전수(戰守)에 대비하게 하면 이로 인해 오랑캐를 제압할 수 있을 것이요, 이른바 ‘병사(兵事)와 농사(農事)는 겸하여 하는 일이니 한 가지를 힘쓰면 두 가지를 얻을 수 있다. ’는 것에 가깝습니다. ”라고 하였다.
그러나 대신(大臣)은 도리어［方］ 그 건의를 협제(挾制)(권세로 내려 누름)하였다.","그해 겨울에 한중화(韓重華)가 조정으로 와서 황제를 알현하고서 아뢰기를 “둔전(屯田) 4천 경(頃)을 더 개간하면 변경(邊境) 다섯 성(城)의 군량을 모두 공급할 수 있습니다.
둔전(屯田) 5천 경(頃)을 개간하려면 규정에 7천 인을 쓰도록 되어 있습니다.
신(臣)이 군리(軍吏)들에게 명하여 일이 없을 때는 군사들을 독려하여 활쏘기를 익혀 전수(戰守)에 대비하게 하면 이로 인해 오랑캐를 제압할 수 있을 것이요, 이른바 ‘병사(兵事)와 농사(農事)는 겸하여 하는 일이니 한 가지를 힘쓰면 두 가지를 얻을 수 있다. ’는 것에 가깝습니다. ”라고 하였다. 
그러나 대신(大臣)은 도리어［方］ 그 건의를 협제(挾制)(권세로 내려 누름)하였다."
8,당송팔대가문초한유2,164,whitespace_only,18,16,"영정(永貞) 원년(805)에 나는 양산현령(陽山縣令)에서 강릉부법조참군(江陵府法曹參軍)으로 양이(量移)되어 하동공(河東公)(배균(裵均))을 섬겼다.
공(公)이 언젠가 공(公)의 종사(從事)(막료(幕僚))들과 다음과 같이 말한 적이 있다.
“건중(建中) 초기에 천자(天子)께서 비로소 연대를 기록하고 연호(年號)를 고치고서, 백관(百官)에게 명하여 정관(貞觀)과 개원(開元) 때의 공업(功業)［烈］을 열거하게 하시니, 모든 신하들이 두려워하고 조심해 직무를 봉행하고, 인재(人才)를 임명하고 양사(良士)를 등용하였으며, 감히 사사로움으로 인해 천자의 명을 어기지 않았다.
이때 조정의 반열에 끼어 있는 사(士)(고급 관리) 이상으로부터 아래로 모든 관리에 이르기까지 관직(官職)에 한 사람의 결원(缺員)이 생겨 보충하려면 반드시 양사(良士)를 뽑아 보충하였다.
그러나 하남부(河南府)는 동시대(同時代)의 천하(天下)의 다른 곳에 비해 인재가 크게 많아서 유독 장(將)‧상(相) 5인을 얻었다.
그러므로 하남부(河南府)의 참군(參軍)에는 우리 하동공(河東公)을 얻고, 하남부(河南府)의 주부(主簿)에는 고(故) 상국(相國) 범양(范陽) 노공(盧公)을 얻고, 사수(汜水)의 주부(主簿)에는 지금 태자빈객(太子賓客)으로 있는 고(故) 상국(相國) 형양(滎陽) 정공(鄭公)을 얻고,
육혼(陸渾)의 주부(主簿)에는 지금 이부시랑(吏部侍郞)으로 있는 상국(相國) 천수(天水) 조공(趙公)을 얻고, 등봉(登封)의 주부(主簿)에는 고(故) 이부상서(吏部尙書) 동도유수(東都留守) 오군(吳郡) 고공(顧公)을 얻었다.
노공(盧公)은 하남(河南)을 떠나 우보궐(右補闕)이 되었다가 뒤에 상서좌승(尙書左丞)을 거쳐 재상(宰相)에 이르고, 정공(鄭公)은 사수(汜水)를 떠나 감찰어사(監察御史)가 되어 산남군절도사(山南軍節度使)를 보좌하다가 뒤에 공부시랑(工部侍郞)을 거쳐 재상(宰相)에 이르렀는데,
재상에서 파직되었다가 다시 재상이 되었고, 조공(趙公)은 육혼(陸渾)을 떠나 우습유(右拾遺)가 되었다가 뒤에 급사중(給事中)을 거쳐 재상(宰相)이 되었고,
고공(顧公)은 등봉(登封)을 떠나 감찰어사(監察御史)가 되었다가 뒤에 경조윤(京兆尹)을 거쳐 이부상서(吏部尙書) 동도유수(東都留守)에 이르고,
우리 하동공(河東公)은 하남부(河南府)를 떠나 장수위(長水尉)가 되었다가 뒤에 선부낭중(膳部郞中)을 거쳐 형남절도행군사마(荊南節度行軍司馬)가 되고, 마침내 절도사(節度使)가 되었다가 공부상서(工部尙書)를 거쳐 이부상서(吏部尙書)에 이르렀다.
세 상국(相國)의 공로는 사책(史冊)에 실려 있다.
고이부(顧吏部)는 직무를 처리함에 삼가고 조심하여 당시에 명성이 있었다.
우리 하동공(河東公)은 성실하고 깨끗하며［愿潔］ 침착(沈着)하고 엄밀(嚴密)하며［沈密］ 속이 트이고 보는 눈이 밝아서［開亮］ 종족(宗族) 중에서 덕행(德行)이 우수［茂］하고 관직(官職)에 있을 때에 사적(事績)이 아름다웠으며, 가업(家業)을 계승해 그 조선(祖先)의 〈가르침을〉 어기지 않았다.
형남절도사(荊南節度使)가 되었을 때에는 아름다운 명성이 드러나서 무용(武勇)의 뜻을 이미 드날렸고 문교(文敎)(예악교화(禮樂敎化)) 또한 흥성하였으니, 괴부(槐府)에 올라 천자를 보좌한다면 장차 복경(福慶)이 이를 것이다.
그러므로 옛 일을 말하기 좋아하는 자들은 ‘다섯 공(公)은 처음 벼슬길로 들어간 정황도 같고, 뒤에 승진(升進)하여 함께 대관(大官)이 된 것도 같으며, 명신(名臣)으로 칭송되는 것도 같고,
관직(官職)은 비록 다르지만 공덕(功德)에 대소의 차이가 있고 국가에 충성하고 노고(勞苦)한 것은 같으니, 이는 뒤에 같아지려고 처음부터 먼저 같았던 것인 듯하다. ’고 하였다. ”
이 말을 듣고 묻는 자가 있기에 이에 위에서 한 말을 기록하였다.","영정(永貞) 원년(805)에 나는 양산현령(陽山縣令)에서 강릉부법조참군(江陵府法曹參軍)으로 양이(量移)되어 하동공(河東公)(배균(裵均))을 섬겼다.
공(公)이 언젠가 공(公)의 종사(從事)(막료(幕僚))들과 다음과 같이 말한 적이 있다.
“건중(建中) 초기에 천자(天子)께서 비로소 연대를 기록하고 연호(年號)를 고치고서, 백관(百官)에게 명하여 정관(貞觀)과 개원(開元) 때의 공업(功業)［烈］을 열거하게 하시니, 모든 신하들이 두려워하고 조심해 직무를 봉행하고, 인재(人才)를 임명하고 양사(良士)를 등용하였으며, 감히 사사로움으로 인해 천자의 명을 어기지 않았다.
이때 조정의 반열에 끼어 있는 사(士)(고급 관리) 이상으로부터 아래로 모든 관리에 이르기까지 관직(官職)에 한 사람의 결원(缺員)이 생겨 보충하려면 반드시 양사(良士)를 뽑아 보충하였다. 
그러나 하남부(河南府)는 동시대(同時代)의 천하(天下)의 다른 곳에 비해 인재가 크게 많아서 유독 장(將)‧상(相) 5인을 얻었다.
그러므로 하남부(河南府)의 참군(參軍)에는 우리 하동공(河東公)을 얻고, 하남부(河南府)의 주부(主簿)에는 고(故) 상국(相國) 범양(范陽) 노공(盧公)을 얻고,
사수(汜水)의 주부(主簿)에는 지금 태자빈객(太子賓客)으로 있는 고(故) 상국(相國) 형양(滎陽) 정공(鄭公)을 얻고, 육혼(陸渾)의 주부(主簿)에는 지금 이부시랑(吏部侍郞)으로 있는 상국(相國) 천수(天水) 조공(趙公)을 얻고, 등봉(登封)의 주부(主簿)에는 고(故) 이부상서(吏部尙書) 동도유수(東都留守) 오군(吳郡) 고공(顧公)을 얻었다.
노공(盧公)은 하남(河南)을 떠나 우보궐(右補闕)이 되었다가 뒤에 상서좌승(尙書左丞)을 거쳐 재상(宰相)에 이르고, 정공(鄭公)은 사수(汜水)를 떠나 감찰어사(監察御史)가 되어 산남군절도사(山南軍節度使)를 보좌하다가
뒤에 공부시랑(工部侍郞)을 거쳐 재상(宰相)에 이르렀는데, 재상에서 파직되었다가 다시 재상이 되었고, 조공(趙公)은 육혼(陸渾)을 떠나 우습유(右拾遺)가 되었다가 뒤에 급사중(給事中)을 거쳐 재상(宰相)이 되었고,
고공(顧公)은 등봉(登封)을 떠나 감찰어사(監察御史)가 되었다가 뒤에 경조윤(京兆尹)을 거쳐 이부상서(吏部尙書) 동도유수(東都留守)에 이르고, 우리 하동공(河東公)은 하남부(河南府)를 떠나 장수위(長水尉)가 되었다가 뒤에 선부낭중(膳部郞中)을 거쳐 형남절도행군사마(荊南節度行軍司馬)가 되고, 마침내 절도사(節度使)가 되었다가 공부상서(工部尙書)를 거쳐 이부상서(吏部尙書)에 이르렀다.
세 상국(相國)의 공로는 사책(史冊)에 실려 있다.
고이부(顧吏部)는 직무를 처리함에 삼가고 조심하여 당시에 명성이 있었다.
우리 하동공(河東公)은 성실하고 깨끗하며［愿潔］ 침착(沈着)하고 엄밀(嚴密)하며［沈密］ 속이 트이고 보는 눈이 밝아서［開亮］ 종족(宗族) 중에서 덕행(德行)이 우수［茂］하고 관직(官職)에 있을 때에 사적(事績)이 아름다웠으며, 가업(家業)을 계승해 그 조선(祖先)의 〈가르침을〉 어기지 않았다.
형남절도사(荊南節度使)가 되었을 때에는 아름다운 명성이 드러나서 무용(武勇)의 뜻을 이미 드날렸고 문교(文敎)(예악교화(禮樂敎化)) 또한 흥성하였으니, 괴부(槐府)에 올라 천자를 보좌한다면 장차 복경(福慶)이 이를 것이다.
그러므로 옛 일을 말하기 좋아하는 자들은 ‘다섯 공(公)은 처음 벼슬길로 들어간 정황도 같고, 뒤에 승진(升進)하여 함께 대관(大官)이 된 것도 같으며, 명신(名臣)으로 칭송되는 것도 같고, 관직(官職)은 비록 다르지만 공덕(功德)에 대소의 차이가 있고 국가에 충성하고 노고(勞苦)한 것은 같으니, 이는 뒤에 같아지려고 처음부터 먼저 같았던 것인 듯하다. ’고 하였다. ”
이 말을 듣고 묻는 자가 있기에 이에 위에서 한 말을 기록하였다."
8,당송팔대가문초한유2,320,normalization_only,4,4,"공자(孔子)께서는 ≪시(詩)≫와 ≪서(書)≫를 산삭(刪削)하고 ≪춘추(春秋)≫를 필삭(筆削)하실 적에 도(道)에 부합하는 것은 남겨두고 도(道)에 부합하지 않는 것은 삭제(削除)하셨다.
그러므로 ≪시(詩)≫‧≪서(書)≫‧≪춘추(春秋)≫에는 하자(瑕疵)가 없다.
나는 순씨(荀氏)의 글 중에 〈성인의 도에〉 부합하지 않는 것은 삭제하고서 성인의 경적(經籍)(≪논어(論語)≫와 ≪맹자(孟子)≫) 뒤에 붙이고자 하니, 이 또한 공자(孔子)의 뜻일 것이다.
맹씨(孟氏)는 순수(醇粹)하고도 순수한 분이고, 순자(荀子)와 양웅(楊雄)은 대체(大體)는 순수하나 사소한 하자(瑕疵)가 있다.","공자(孔子)께서는 ≪시(詩)≫와 ≪서(書)≫를 산삭(刪削)하고 ≪춘추(春秋)≫를 필삭(筆削)하실 적에 도(道)에 부합하는 것은 남겨두고 도(道)에 부합하지 않는 것은 삭제(削除)하셨다.
그러므로 ≪시(詩)≫‧≪서(書)≫‧≪춘추(春秋)≫에는 하자(瑕疵)가 없다.
나는 순씨(荀氏)의 글 중에 〈성인의 도에〉 부합하지 않는 것은 삭제하고서 성인의 경적(經籍)(≪논어(論語)≫와 ≪맹자(孟子)≫) 뒤에 붙이고자 하니,  이 또한 공자(孔子)의 뜻일 것이다.
맹씨(孟氏)는 순수(醇粹)하고도 순수한 분이고, 순자(荀子)와 양웅(楊雄)은 대체(大體)는 순수하나 사소한 하자(瑕疵)가 있다."
8,당송팔대가문초한유2,375,whitespace_only,18,22,"진(秦)나라 박사(博士)가 시황제(始皇帝)에게 말하기를 “상군(湘君)은 요(堯)임금의 두 딸이고 순(舜)임금의 두 후비(后妃)입니다. ”라고 하였다.
유향(劉向)과 정현(鄭玄)도 모두 이비(二妃)를 상군(湘君)이라고 하였다.
〈이소(離騷)〉의 〈구가(九歌)〉에 상군장(湘君章)이 있고, 또 상부인장(湘夫人章)이 있는데, 왕일(王逸)의 주해(注解)에 “상군(湘君)은 본래 상강(湘江)의 수신(水神)이고, 상부인(湘夫人)은 바로 두 후비(后妃)이다.
두 후비(后妃)가 남방의 삼묘(三苗)로 간 순(舜)임금을 찾아가다가 이르지 못하고 원강(沅江)과 상강(湘江) 사이의 노상(路上)에서 죽었다. ”라고 하였다.
≪산해경(山海經)≫에 “동정(洞庭)의 산(山)에 제(帝)(요(堯))의 두 따님이 주거(住居)한다. ”라고 하였는데, 곽박(郭璞)은 “이녀(二女)가 제순(帝舜)의 후비(后妃)라면 응당 작은 상수(湘水)로 하강(下降)하여 그 수신(水神)의 부인(夫人)이 되지 않았을 것이다. ”라고 의심하면서 이녀(二女)는 천제(天帝)(하느님)의 딸이라고 하였다.
내 생각에는 곽박(郭璞)과 왕일(王逸)의 설(說)이 모두 옳지 않다.
요(堯)의 장녀(長女) 아황(娥皇)은 순(舜)의 정비(正妃)이기 때문에 ‘君’이라 한 것이고, 그 차녀(次女) 여영(女英)은 응당 스스로 낮추어 ‘부인(夫人)’으로 칭한 것이다.
그러므로 〈구가(九歌)〉의 가사(歌辭)에 아황(娥皇)을 군(君)이라 하고, 여영(女英)을 제자(帝子)라 한 것은 각각 이녀(二女)의 성대한 것을 미루어 말한 것이다.
≪의례(儀禮)≫에 소군(小君)과 군모(君母)란 호칭이 있으니, 이는 정비(正妃)를 군(君)으로 칭할 수 있음을 밝힌 것이다.
≪상서(尙書)≫에 “순(舜)이 순수(巡狩)하다가 죽었다. ”고 하였는데, 공안국(孔安國)의 전(傳)에 “순(舜)이 남방으로 순수하는 길에 올랐다가 죽었다. ”라고 하였고, 혹자는 또 “순(舜)이 죽자 창오산(蒼梧山)에 장사 지냈는데, 두 후비(后妃)가 순(舜)을 따르다가 미치지 못하여 원강(沅江)과 상강(湘江) 사이에 빠져 죽었다. ”라고 하였다.
내가 생각하기에 ≪죽서기년(竹書紀年)≫에 “제왕(帝王)의 죽음을 모두 ‘陟’이라 한다. ”고 하였는데, 陟은 오름이니 하늘에 오름이다.
≪상서(尙書)≫에 “은(殷)나라 예(禮)는 제왕이 죽으면 하늘에 배향(配享)한다. ”고 하였으니, 도(道)로써 죽어 그 덕(德)이 하늘에 부합함을 말한다.
≪상서(尙書)≫에 순(舜)의 죽음을 ‘陟’으로 기록한 것은 ≪죽서기년(竹書紀年)≫ 및 ≪상서(商書)≫ 〈주서(周書)〉의 기록과 글자［文］가 같다.
그 아래에 “方乃死”라 말한 것은 ‘陟’을 ‘죽음’으로 해석한 것이다.
땅의 형세는 동남이 낮으니, 만약 순(舜)이 남순(南巡)하다가 죽은 것을 말했다면 응당 ‘下方’이라고 말했을 것이고 ‘陟方’이라고 말하지 않았을 것이다.
이로써 보면 순(舜)이 죽자 창오산(蒼梧山)에 장사 지냈다는 설(說)과 이때 두 후비(后妃)가 순(舜)을 따르다가 미치지 못하여 물에 빠져 죽었다는 설(說)은 모두 믿을 만하지 못하다.
두 후비(后妃)가 이미 계모(計謀)를 순(舜)에게 말해주어 순(舜)을 곤액(困厄)에서 탈출시켜 순(舜)을 성인(聖人)이 되게 했다고 하였으니, 요(堯)가 죽은 뒤에 순(舜)이 천하를 소유하여 천자가 된 것은 두 후비(后妃)의 힘이므로, 영원히 신(神)이 되어 백성들의 제사를 받는 것이 당연하다.
오늘날 동정호(洞庭湖)와 상강(湘江)을 건너는 사람 중에 묘(廟)에 가서 〈두 후비(后妃)께〉 예를 올리지 않는 자는 없다.","진(秦)나라 박사(博士)가 시황제(始皇帝)에게 말하기를 “상군(湘君)은 요(堯)임금의 두 딸이고 순(舜)임금의 두 후비(后妃)입니다. ”라고 하였다. 
유향(劉向)과 정현(鄭玄)도 모두 이비(二妃)를 상군(湘君)이라고 하였다.
〈이소(離騷)〉의 〈구가(九歌)〉에 상군장(湘君章)이 있고, 또 상부인장(湘夫人章)이 있는데, 왕일(王逸)의 주해(注解)에 “상군(湘君)은 본래 상강(湘江)의 수신(水神)이고, 상부인(湘夫人)은 바로 두 후비(后妃)이다.
두 후비(后妃)가 남방의 삼묘(三苗)로 간 순(舜)임금을 찾아가다가 이르지 못하고 원강(沅江)과 상강(湘江) 사이의 노상(路上)에서 죽었다. ”라고 하였다. 
≪산해경(山海經)≫에 “동정(洞庭)의 산(山)에 제(帝)(요(堯))의 두 따님이 주거(住居)한다. ”라고 하였는데,  곽박(郭璞)은 “이녀(二女)가 제순(帝舜)의 후비(后妃)라면 응당 작은 상수(湘水)로 하강(下降)하여 그 수신(水神)의 부인(夫人)이 되지 않았을 것이다. ”라고 의심하면서
이녀(二女)는 천제(天帝)(하느님)의 딸이라고 하였다.
내 생각에는 곽박(郭璞)과 왕일(王逸)의 설(說)이 모두 옳지 않다.
요(堯)의 장녀(長女) 아황(娥皇)은 순(舜)의 정비(正妃)이기 때문에 ‘君’이라 한 것이고, 그 차녀(次女) 여영(女英)은 응당 스스로 낮추어 ‘부인(夫人)’으로 칭한 것이다.
그러므로 〈구가(九歌)〉의 가사(歌辭)에 아황(娥皇)을 군(君)이라 하고, 여영(女英)을 제자(帝子)라 한 것은 각각 이녀(二女)의 성대한 것을 미루어 말한 것이다.
≪의례(儀禮)≫에 소군(小君)과 군모(君母)란 호칭이 있으니,  이는 정비(正妃)를 군(君)으로 칭할 수 있음을 밝힌 것이다.
≪상서(尙書)≫에 “순(舜)이 순수(巡狩)하다가 죽었다. ”고 하였는데, 
공안국(孔安國)의 전(傳)에 “순(舜)이 남방으로 순수하는 길에 올랐다가 죽었다. ”라고 하였고, 혹자는 또 “순(舜)이 죽자 창오산(蒼梧山)에 장사 지냈는데, 두 후비(后妃)가 순(舜)을 따르다가 미치지 못하여 원강(沅江)과 상강(湘江) 사이에 빠져 죽었다. ”라고 하였다. 
내가 생각하기에 ≪죽서기년(竹書紀年)≫에 “제왕(帝王)의 죽음을 모두 ‘陟’이라 한다. ”고 하였는데, 
陟은 오름이니 하늘에 오름이다.
≪상서(尙書)≫에 “은(殷)나라 예(禮)는 제왕이 죽으면 하늘에 배향(配享)한다. ”고 하였으니, 
도(道)로써 죽어 그 덕(德)이 하늘에 부합함을 말한다. 
≪상서(尙書)≫에 순(舜)의 죽음을 ‘陟’으로 기록한 것은 ≪죽서기년(竹書紀年)≫ 및 ≪상서(商書)≫ 〈주서(周書)〉의 기록과 글자［文］가 같다.
그 아래에 “方乃死”라 말한 것은 ‘陟’을 ‘죽음’으로 해석한 것이다.
땅의 형세는 동남이 낮으니, 만약 순(舜)이 남순(南巡)하다가 죽은 것을 말했다면 응당 ‘下方’이라고 말했을 것이고 ‘陟方’이라고 말하지 않았을 것이다.
이로써 보면 순(舜)이 죽자 창오산(蒼梧山)에 장사 지냈다는 설(說)과 이때 두 후비(后妃)가 순(舜)을 따르다가 미치지 못하여 물에 빠져 죽었다는 설(說)은 모두 믿을 만하지 못하다.
두 후비(后妃)가 이미 계모(計謀)를 순(舜)에게 말해주어 순(舜)을 곤액(困厄)에서 탈출시켜 순(舜)을 성인(聖人)이 되게 했다고 하였으니,  요(堯)가 죽은 뒤에 순(舜)이 천하를 소유하여 천자가 된 것은 두 후비(后妃)의 힘이므로, 영원히 신(神)이 되어 백성들의 제사를 받는 것이 당연하다. 
오늘날 동정호(洞庭湖)와 상강(湘江)을 건너는 사람 중에 묘(廟)에 가서 〈두 후비(后妃)께〉 예를 올리지 않는 자는 없다."
8,당송팔대가문초한유3,331,whitespace_only,19,21,"변주(汴州)에는 대력(大曆)(766~779) 이래로 전쟁이 많아서 유현좌(劉玄佐)가 군사를 늘린 것이 10만에 이르렀다.
유현좌(劉玄佐)가 죽자 아들 유사령(劉士寧)이 아비를 대신해 〈절도사가 되었는데〉 사냥에 빠져 절제가 없으니, 그 수하(手下)의 장수(將帥) 이만영(李萬榮)이 그가 사냥 나간 기회를 이용해 그를 축출하고서 〈스스로 절도사(節度使)가 되었다. 〉
이만영(李萬榮)이 절도사가 된 지 1년이 되던 해에 그 수하의 장수 한유청(韓惟淸)과 장언림(張彦林)이 반란을 일으켜 이만영을 살해(殺害)하려 하였으나 뜻을 이루지 못하였다.
3년째 되던 해에 이만영(李萬榮)이 풍병(風病)에 걸려 정신을 잃어 의식이 없자, 그 아들 이내(李乃)가 다시 전에 유사령(劉士寧)이 했던 것처럼 〈아비를 대신해 절도사가〉 되고자 하였다.
그러자 감군사(監軍使) 구문진(俱文珍)이 이만영(李萬榮) 수하의 장수 등유공(鄧惟恭)과 함께 이내(李乃)를 잡아서 경사(京師)로 보냈고, 이만영(李萬榮)은 죽었다.
〈후임(後任) 절도사(節度使) 임명(任命)에 관한〉 조서(詔書)가 내려오기 전에 등유공(鄧惟恭)이 임시로 군대의 일을 맡아보았다.
동공(董公)이 명을 받고는 드디어 변주(汴州)를 향해 길을 떠날 때, 유종경(劉宗經)과 위홍경(韋弘景), 그리고 나 한유(韓愈)만이 실로 동공(董公)을 따랐고, 병사(兵士)들로 호위시키지 않았다.
정주(鄭州)에 이르렀을 때에 마중을 와야 할 자들이 오지 않으니, 정주(鄭州) 사람들은 동공(董公)을 위해 두려워하였고, 어떤 자는 동공에게 머물러 기다리라고 권하기도 하였다.
변주(汴州)에서 나온 자가 동공에게 “들어가면 안 됩니다. ”라고 하였으나, 공은 대답도 하지 않고 드디어 길을 떠나 포전성(圃田城)에서 묵고, 이튿날 〈30리를 가서〉 중모(中牟)에서 식사를 하는데, 마중꾼들이 왔다.
〈식사를 마친 뒤에 40리를 가서〉 팔각진(八角鎭)에서 묵었다.
이튿날 등유공(鄧惟恭)과 제장(諸將)들이 와서 마침내 동공을 영접해 변주성(汴州城)으로 들어갔다.
외성(外城)에 당도하니 삼군(三軍)은 길에 늘어서서 환호하였고, 백성들 중에 건장한 자들은 환호하고 늙은이들은 눈물을 짓고 부인(婦人)들은 울었다.
드디어 변주로 들어가서 거처하였다.
당초 유현좌(劉玄佐)가 죽었을 때에 오주(吳湊)가 그 후임자(後任者)로 제수되었는데, 공현(鞏縣)에 이르렀을 때 변주(汴州)에 변란이 일어났다는 말을 듣고 되돌아갔다.
유사령(劉士寧)과 이만영(李萬榮)이 모두 스스로 절도사(節度使)가 된 뒤에 조정의 제명(除命)을 받았으니, 군사들은 아마도 이를 당연하게 여겼을 것이다.
그러므로 등유공(鄧惟恭)도 그런 뜻을 가졌으나, 동공이 빨리 왔기 때문에 미처 변란을 꾀하지 못하고 드디어 나아가서 영접한 것이다.
이윽고 등유공(鄧惟恭)은 은밀히 자기 사람에게 동공(董公)이 하는 일을 감시해 보고하게 하였는데, 그 사람이 “동공은 하는 일이 없습니다. ”라고 보고하니, 등유공(鄧惟恭)은 기뻐하면서 동공(董公)이 자기를 해칠 마음이 없음을 알고 마음을 기울였다.
나가서 동공을 만나본 자들은 물러나와서 모두 “공(公)은 인인(仁人)이시다. ”라고 하고, 공(公)의 말을 들은 자들도 모두 “공(公)은 인인(仁人)이시다. ”라고 하면서, 돌려가며 서로에게 일러주었다.
그러므로 크게 화목하였다.","변주(汴州)에는 대력(大曆)(766~779) 이래로 전쟁이 많아서 유현좌(劉玄佐)가 군사를 늘린 것이 10만에 이르렀다.
유현좌(劉玄佐)가 죽자 아들 유사령(劉士寧)이 아비를 대신해 〈절도사가 되었는데〉 사냥에 빠져 절제가 없으니, 그 수하(手下)의 장수(將帥) 이만영(李萬榮)이 그가 사냥 나간 기회를 이용해 그를 축출하고서 〈스스로 절도사(節度使)가 되었다. 〉 이만영(李萬榮)이 절도사가 된 지 1년이 되던 해에 그 수하의 장수 한유청(韓惟淸)과 장언림(張彦林)이 반란을 일으켜 이만영을 살해(殺害)하려 하였으나 뜻을 이루지 못하였다.
3년째 되던 해에 이만영(李萬榮)이 풍병(風病)에 걸려 정신을 잃어 의식이 없자, 그 아들 이내(李乃)가 다시 전에 유사령(劉士寧)이 했던 것처럼 〈아비를 대신해 절도사가〉 되고자 하였다.
그러자 감군사(監軍使) 구문진(俱文珍)이 이만영(李萬榮) 수하의 장수 등유공(鄧惟恭)과 함께 이내(李乃)를 잡아서 경사(京師)로 보냈고, 이만영(李萬榮)은 죽었다.
〈후임(後任) 절도사(節度使) 임명(任命)에 관한〉 조서(詔書)가 내려오기 전에 등유공(鄧惟恭)이 임시로 군대의 일을 맡아보았다.
동공(董公)이 명을 받고는 드디어 변주(汴州)를 향해 길을 떠날 때, 유종경(劉宗經)과 위홍경(韋弘景), 그리고 나 한유(韓愈)만이 실로 동공(董公)을 따랐고, 병사(兵士)들로 호위시키지 않았다.
정주(鄭州)에 이르렀을 때에 마중을 와야 할 자들이 오지 않으니, 정주(鄭州) 사람들은 동공(董公)을 위해 두려워하였고, 어떤 자는 동공에게 머물러 기다리라고 권하기도 하였다.
변주(汴州)에서 나온 자가 동공에게 “들어가면 안 됩니다. ”라고 하였으나, 
공은 대답도 하지 않고 드디어 길을 떠나 포전성(圃田城)에서 묵고, 이튿날 〈30리를 가서〉 중모(中牟)에서 식사를 하는데, 마중꾼들이 왔다.
〈식사를 마친 뒤에 40리를 가서〉 팔각진(八角鎭)에서 묵었다.
이튿날 등유공(鄧惟恭)과 제장(諸將)들이 와서 마침내 동공을 영접해 변주성(汴州城)으로 들어갔다.
외성(外城)에 당도하니 삼군(三軍)은 길에 늘어서서 환호하였고, 백성들 중에 건장한 자들은 환호하고 늙은이들은 눈물을 짓고 부인(婦人)들은 울었다.
드디어 변주로 들어가서 거처하였다.
당초 유현좌(劉玄佐)가 죽었을 때에 오주(吳湊)가 그 후임자(後任者)로 제수되었는데, 공현(鞏縣)에 이르렀을 때 변주(汴州)에 변란이 일어났다는 말을 듣고 되돌아갔다.
유사령(劉士寧)과 이만영(李萬榮)이 모두 스스로 절도사(節度使)가 된 뒤에 조정의 제명(除命)을 받았으니,  군사들은 아마도 이를 당연하게 여겼을 것이다.
그러므로 등유공(鄧惟恭)도 그런 뜻을 가졌으나, 동공이 빨리 왔기 때문에 미처 변란을 꾀하지 못하고 드디어 나아가서 영접한 것이다.
이윽고 등유공(鄧惟恭)은 은밀히 자기 사람에게 동공(董公)이 하는 일을 감시해 보고하게 하였는데, 그 사람이 “동공은 하는 일이 없습니다. ”라고 보고하니, 등유공(鄧惟恭)은 기뻐하면서 동공(董公)이 자기를 해칠 마음이 없음을 알고 마음을 기울였다.
나가서 동공을 만나본 자들은 물러나와서 모두 “공(公)은 인인(仁人)이시다. ”라고 하고, 
공(公)의 말을 들은 자들도 모두 “공(公)은 인인(仁人)이시다. ”라고 하면서, 
돌려가며 서로에게 일러주었다.
그러므로 크게 화목하였다."
8,당시삼백수3,57,whitespace_only,1,3,〈장간행 두 수 중 두 번째 시〉 최호 내 집은 구강에 가까워 구강가를 넘나들었습니다 같은 장간 사람인데 어려서는 서로 몰랐네요,"〈장간행 두 수 중 두 번째 시〉
최호
내 집은 구강에 가까워 구강가를 넘나들었습니다 같은 장간 사람인데 어려서는 서로 몰랐네요"
8,자치통감강목6,975,whitespace_only,3,2,"동현(董賢)을 대사마(大司馬) 위장군(衛將軍)으로 삼고 책서(策書)를 내려 말하기를 “너를 공(公)으로 세워 한(漢)나라의 보필로 삼노니, 모든 정사를 바로잡아서 진실로 그 중도(中道)를 지키라. ” 하니, 이때 동현의 나이가 22세였다.
동현은 비록 삼공(三公)이 되었으나, 항상 급사중(給事中)과 상서(尙書)를 겸하니,
백관들이 동현을 통해 일을 아뢰고, 동현의 친속들이 모두 시중(侍中)으로 조청(朝請)을 받들게 하여 총애가 정씨(丁氏)와 부씨(傅氏)의 위에 있었다.","동현(董賢)을 대사마(大司馬) 위장군(衛將軍)으로 삼고 책서(策書)를 내려 말하기를 “너를 공(公)으로 세워 한(漢)나라의 보필로 삼노니, 모든 정사를 바로잡아서 진실로 그 중도(中道)를 지키라. ” 하니,  이때 동현의 나이가 22세였다.
동현은 비록 삼공(三公)이 되었으나, 항상 급사중(給事中)과 상서(尙書)를 겸하니, 백관들이 동현을 통해 일을 아뢰고, 동현의 친속들이 모두 시중(侍中)으로 조청(朝請)을 받들게 하여 총애가 정씨(丁氏)와 부씨(傅氏)의 위에 있었다."
8,춘추좌씨전6,20,whitespace_only,2,3,"초영왕(楚靈王)이 천봉술(穿封戌)를 진공(陳公)으로 삼으며 말하기를 “성균(城麇)의 전쟁(戰爭) 때 그대가 나에게 아첨하지 않았기 때문이다. ”고 하였다.
천봉술(穿封戌)이 영왕(靈王)을 모시고 술을 마실 때 영왕(靈王)이 말하기를 “성균(城麇)의 전쟁(戰爭) 때 그대가 과인(寡人)이 이에 이를 줄(임금이 될 줄) 알았다면 그대는 아마 과인(寡人)에게 양보하였을 것이다. ”고 하자, 천봉술(穿封戌)은 다음과 같이 대답하였다. “만약 그때 임금님께서 이에 이를 줄 알았다면 신(臣)은 반드시 〈전왕(前王) 겹오(郟敖)를 위해 신하(臣下)의〉 예(禮)를 지켜 죽을힘을 다해 임금님을 죽여 나라를 안정(安定)시켰을 것입니다. ”","초영왕(楚靈王)이 천봉술(穿封戌)를 진공(陳公)으로 삼으며 말하기를 “성균(城麇)의 전쟁(戰爭) 때 그대가 나에게 아첨하지 않았기 때문이다. ”고 하였다.
천봉술(穿封戌)이 영왕(靈王)을 모시고 술을 마실 때 영왕(靈王)이 말하기를 “성균(城麇)의 전쟁(戰爭) 때 그대가 과인(寡人)이 이에 이를 줄(임금이 될 줄) 알았다면 그대는 아마 과인(寡人)에게 양보하였을 것이다. ”고 하자, 천봉술(穿封戌)은 다음과 같이 대답하였다.
“만약 그때 임금님께서 이에 이를 줄 알았다면 신(臣)은 반드시 〈전왕(前王) 겹오(郟敖)를 위해 신하(臣下)의〉 예(禮)를 지켜 죽을힘을 다해 임금님을 죽여 나라를 안정(安定)시켰을 것입니다. ”"
8,춘추좌씨전7,310,whitespace_only,12,12,"진(晉)나라 조앙(趙鞅)이 한단오(邯鄲午)에게 “위(衛)나라가 진공(進貢)한 5백 가(家)를 나에게 돌려달라.
나는 이들을 진양(晉陽)으로 옮기겠다. ”고 하니, 한단오(邯鄲午)가 허락(許諾)하고서 돌아가서 그 부형(父兄)에게 고하자, 부형(父兄)은 모두 “안 된다.
위(衛)나라가 이들로 인해 한단(邯鄲)을 돕는 것인데, 만약 이들을 진양(晉陽)으로 옮긴다면 위(衛)나라와 우호(友好)의 길을 단절(斷絶)하는 것이니, 우선 제(齊)나라를 침공(侵攻)하고 나서 그 일을 꾀하는 것만 못하다. ”고 하였다.
이에 한단오(邯鄲午)는 부형(父兄)의 말과 같이 제(齊)나라를 침공(侵攻)하고 나서 그들을 진양(晉陽)으로 돌려보내기로 하였다.
조맹(趙孟)은 노(怒)하여 한단오(邯鄲午)를 불러 진양(晉陽)에 수금(囚禁)하고, 그 종자(從者)들에게 검(劒)을 풀어놓고 들어오게 하니, 섭빈(涉賓)이 동의(同意)하지 않았다.
그러자 조앙(趙鞅)은 사람을 보내어 한단(邯鄲) 사람들에게 고하기를 “나는 개인적(個人的)으로 한단오(邯鄲午)를 징벌(懲罰)하는 것이니, 그대들은 세우고 싶은 사람을 한단오(邯鄲午)의 후계자(後繼者)로 세우라. ”고 하고서 드디어 한단오(邯鄲午)를 죽이니, 조직(趙稷)과 섭빈(涉賓)이 한단(邯鄲) 사람들을 거느리고서 배반(背叛)하였다.
여름 6월에 상군(上軍) 사마(司馬) 적진(籍秦)이 군대를 거느리고 가서 한단(邯鄲)을 포위하였으나, 한단오(邯鄲午)는 순인(荀寅)의 생질(甥姪)이고,
순인(荀寅)은 범길사(范吉射)의 사돈이어서 서로 화목(和睦)하였으므로 한단(邯鄲)을 포위하는 일에 참여하지 않고 변란(變亂)을 일으키려 하니,
동안우(董安于)가 이 사실을 듣고 조맹(趙孟)에게 “먼저 대비하라. ”고 고(告)하자, 조맹(趙孟)이 말하기를 “진(晉)나라에 명령(命令)이 있으니 화난(禍難)을 먼저 일으킨 자를 사형에 처한다고 하였다.
그러니 저들이 먼저 변란(變亂)을 일으킨 뒤에 대응하는 것이 좋다. ”고 하였다.
그러자 동안우(董安于)가 말하기를 “백성들에게 해(害)를 끼치기보다 차라리 나 혼자 죽겠으니, 〈모든 죄는〉 내가 저지른 것이라고 설명(說明)하십시오. ”라고 하니, 조맹(趙孟)이 허락하지 않았다.
가을 7월에 범씨(范氏)와 중항씨(中行氏)가 조씨(趙氏)의 집을 공격하자 조앙(趙鞅)이 진양(晉陽)으로 도망가니 진인(晉人)이 진양(晉陽)을 포위하였다.","진(晉)나라 조앙(趙鞅)이 한단오(邯鄲午)에게 “위(衛)나라가 진공(進貢)한 5백 가(家)를 나에게 돌려달라.
나는 이들을 진양(晉陽)으로 옮기겠다. ”고 하니, 한단오(邯鄲午)가 허락(許諾)하고서 돌아가서 그 부형(父兄)에게 고하자, 부형(父兄)은 모두 “안 된다.
위(衛)나라가 이들로 인해 한단(邯鄲)을 돕는 것인데, 만약 이들을 진양(晉陽)으로 옮긴다면 위(衛)나라와 우호(友好)의 길을 단절(斷絶)하는 것이니, 우선 제(齊)나라를 침공(侵攻)하고 나서 그 일을 꾀하는 것만 못하다. ”고 하였다.
이에 한단오(邯鄲午)는 부형(父兄)의 말과 같이 제(齊)나라를 침공(侵攻)하고 나서 그들을 진양(晉陽)으로 돌려보내기로 하였다.
조맹(趙孟)은 노(怒)하여 한단오(邯鄲午)를 불러 진양(晉陽)에 수금(囚禁)하고, 그 종자(從者)들에게 검(劒)을 풀어놓고 들어오게 하니, 섭빈(涉賓)이 동의(同意)하지 않았다.
그러자 조앙(趙鞅)은 사람을 보내어 한단(邯鄲) 사람들에게 고하기를 “나는 개인적(個人的)으로 한단오(邯鄲午)를 징벌(懲罰)하는 것이니, 그대들은 세우고 싶은 사람을 한단오(邯鄲午)의 후계자(後繼者)로 세우라. ”고 하고서 드디어 한단오(邯鄲午)를 죽이니,
조직(趙稷)과 섭빈(涉賓)이 한단(邯鄲) 사람들을 거느리고서 배반(背叛)하였다.
여름 6월에 상군(上軍) 사마(司馬) 적진(籍秦)이 군대를 거느리고 가서 한단(邯鄲)을 포위하였으나, 한단오(邯鄲午)는 순인(荀寅)의 생질(甥姪)이고, 순인(荀寅)은 범길사(范吉射)의 사돈이어서 서로 화목(和睦)하였으므로 한단(邯鄲)을 포위하는 일에 참여하지 않고 변란(變亂)을 일으키려 하니,
동안우(董安于)가 이 사실을 듣고 조맹(趙孟)에게 “먼저 대비하라. ”고 고(告)하자, 조맹(趙孟)이 말하기를 “진(晉)나라에 명령(命令)이 있으니 화난(禍難)을 먼저 일으킨 자를 사형에 처한다고 하였다.
그러니 저들이 먼저 변란(變亂)을 일으킨 뒤에 대응하는 것이 좋다. ”고 하였다.
그러자 동안우(董安于)가 말하기를 “백성들에게 해(害)를 끼치기보다 차라리 나 혼자 죽겠으니, 〈모든 죄는〉 내가 저지른 것이라고 설명(說明)하십시오. ”라고 하니, 조맹(趙孟)이 허락하지 않았다.
가을 7월에 범씨(范氏)와 중항씨(中行氏)가 조씨(趙氏)의 집을 공격하자 조앙(趙鞅)이 진양(晉陽)으로 도망가니 진인(晉人)이 진양(晉陽)을 포위하였다."
8,춘추좌씨전8,68,whitespace_only,4,5,"여름 6월에 조앙(趙鞅)이 위(衛)나라를 포위하니, 제(齊)나라 국관(國觀)과 진관(陳瓘)이 위(衛)나라를 구원(救援)하러 가서 도전(挑戰)하는 진인(晉人)을 포로(捕虜)로 잡았다.
자옥(子玉)(진관(陳瓘))이 그 포로(捕虜)에게 원래의 옷을 입게 하고서 그를 만나보고서 〈너를 풀어줄 것이니 돌아가서 조앙(趙鞅)에게 내 말을 전하라고 하면서〉말하기를 “제(齊)나라는 국자(國子)(국서(國書))가 실로 정권(政權)을 잡고 있는데, 그분께서 나에게 명하기를 ‘진군(晉軍)을 피하지 말라. ’고 하셨으니, 내 어찌 감히 그 명을 어기겠습니까?
그런데 그대는 또 무엇 때문에 도전하는 수고를 아끼지 않으십니까? ”라고 하였다.
〈이 말을 전해 들은〉 조간자(趙簡子)(조앙(趙鞅))는 “나는 위(衛)나라를 포위하는 것만을 점쳤고, 제(齊)나라와 전쟁하는 것은 점치지 않았습니다. ”라고 하고서 이에 환군(還軍)하였다.","여름 6월에 조앙(趙鞅)이 위(衛)나라를 포위하니, 제(齊)나라 국관(國觀)과 진관(陳瓘)이 위(衛)나라를 구원(救援)하러 가서 도전(挑戰)하는 진인(晉人)을 포로(捕虜)로 잡았다.
자옥(子玉)(진관(陳瓘))이 그 포로(捕虜)에게 원래의 옷을 입게 하고서 그를 만나보고서 〈너를 풀어줄 것이니 돌아가서 조앙(趙鞅)에게 내 말을 전하라고 하면서〉말하기를 “제(齊)나라는 국자(國子)(국서(國書))가 실로 정권(政權)을 잡고 있는데, 그분께서 나에게 명하기를 ‘진군(晉軍)을 피하지 말라. ’고 하셨으니,
내 어찌 감히 그 명을 어기겠습니까?
그런데 그대는 또 무엇 때문에 도전하는 수고를 아끼지 않으십니까? ”라고 하였다.
〈이 말을 전해 들은〉 조간자(趙簡子)(조앙(趙鞅))는 “나는 위(衛)나라를 포위하는 것만을 점쳤고, 제(齊)나라와 전쟁하는 것은 점치지 않았습니다. ”라고 하고서 이에 환군(還軍)하였다."
9,당송팔대가문초구양수6,261,whitespace_only,16,18,"유악(劉岳)은 자(字)가 소보(昭輔)이니 낙양(洛陽) 사람이다.
당(唐)나라 민부상서(民部尙書) 유정회(劉政會)의 8대손이며 유숭구(劉崇龜)와 유숭망(劉崇望)은 그의 제부(諸父)들이다.
유악은 명문가의 자제로 학문을 좋아하고 문사(文辭)에 뛰어나고 담론(談論)을 잘하였다.
진사(進士)에 급제하였고 양(梁)나라를 섬겨 좌습유(左拾遺) 시어사(侍御史)가 되었다.
말제(末帝) 때 한림학사(翰林學士)가 되었고 여러 차례 승진하여 병부시랑(兵部侍郎)에 이르렀다. 양나라가 망하자 균주사마(均州司馬)로 폄적(貶謫)되었다가 다시 등용되어 태자첨사(太子詹事)가 되었고, 당(唐) 명종(明宗) 때에 이부시랑(吏部侍郎)이 되었다.
고사(故事)에 이부(吏部)에서 문무(文武) 관원에게 주는 고신(告身)은 모두 주목지축전(朱膠紙軸錢)을 납부한 후에 발급하였다.
그래서 품계가 높은 관원에게는 고신을 사급(賜給)해주었으나 가난한 관원은 돈을 납부할 수 없어 왕왕 칙첩(勅牒)만 얻고 고신은 없는 경우가 있었는데, 오대(五代)의 난세(亂世)에 이러한 일을 인습(因襲)하여 상례(常禮)가 되어 관직이 낮은 자에게 고신을 발급하는 일이 다시는 없었고 중서성에서 제사(制辭)만 기록하여 엮어서 칙갑(勅甲)을 만들었다.
유악이 건의하여 말하기를 “제사(制辭)는 혹은 그 재능에 걸맞는 이를 임용하고 혹은 그 공적과 덕행을 포장(褒獎)하고 혹은 훈계(訓戒)를 신칙하는 것인데, 관직을 받는 자가 이미 고신을 발급받지 못하여 모두 임명 받은 까닭을 알지 못하니, 이는 군왕이 신하에게 조고(詔告)하는 본의가 아닙니다.
청컨대 일체 사급(賜給)하소서. ”라고 하였다.
이로 인해 백관들에게 모두 고신을 사급하니, 고신의 사급은 유악에게서부터 시작된 것이다.
재상 풍도(馮道)는 대대로 농민(農民) 집안이라 외모가 질박하고 촌스러워 조사(朝士)들이 많이들 그 누추한 모습을 비웃었다.
풍도가 아침에 입조(入朝)할 때 병부시랑(兵部侍郎) 임찬(任贊)이 유악과 함께 그 뒤에 있었는데 풍도가 가면서 자주 뒤를 돌아보았다.
임찬이 유악에게 묻기를 “풍도가 돌아보는 것은 어째서요? ”라고 하자, 유악이 말하기를 “≪토원책(兔園冊)≫을 빠뜨려 놓고 온 게지요. ”라고 하였다.
≪토원책≫은 향교(鄉校)의 촌구석 유생이 농부와 목동이 암송할 내용을 가르치는 책이다.
그러므로 유악이 이를 들어 풍도를 조롱하였다.
풍도가 이를 듣고 크게 노하여 유악을 비서감(秘書監)으로 옮겼는데 그 뒤 이우(李愚)가 재상이 되어 유악을 승진시켜 태상경(太常卿)으로 삼았다.","유악(劉岳)은 자(字)가 소보(昭輔)이니 낙양(洛陽) 사람이다.
당(唐)나라 민부상서(民部尙書) 유정회(劉政會)의 8대손이며 유숭구(劉崇龜)와 유숭망(劉崇望)은 그의 제부(諸父)들이다.
유악은 명문가의 자제로 학문을 좋아하고 문사(文辭)에 뛰어나고 담론(談論)을 잘하였다.
진사(進士)에 급제하였고 양(梁)나라를 섬겨 좌습유(左拾遺) 시어사(侍御史)가 되었다.
말제(末帝) 때 한림학사(翰林學士)가 되었고 여러 차례 승진하여 병부시랑(兵部侍郎)에 이르렀다.
양나라가 망하자 균주사마(均州司馬)로 폄적(貶謫)되었다가 다시 등용되어 태자첨사(太子詹事)가 되었고, 당(唐) 명종(明宗) 때에 이부시랑(吏部侍郎)이 되었다.
고사(故事)에 이부(吏部)에서 문무(文武) 관원에게 주는 고신(告身)은 모두 주목지축전(朱膠紙軸錢)을 납부한 후에 발급하였다.
그래서 품계가 높은 관원에게는 고신을 사급(賜給)해주었으나 가난한 관원은 돈을 납부할 수 없어 왕왕 칙첩(勅牒)만 얻고 고신은 없는 경우가 있었는데, 오대(五代)의 난세(亂世)에 이러한 일을 인습(因襲)하여 상례(常禮)가 되어 관직이 낮은 자에게 고신을 발급하는 일이 다시는 없었고 중서성에서 제사(制辭)만 기록하여 엮어서 칙갑(勅甲)을 만들었다.
유악이 건의하여 말하기를 “제사(制辭)는 혹은 그 재능에 걸맞는 이를 임용하고 혹은 그 공적과 덕행을 포장(褒獎)하고 혹은 훈계(訓戒)를 신칙하는 것인데, 관직을 받는 자가 이미 고신을 발급받지 못하여 모두 임명 받은 까닭을 알지 못하니, 이는 군왕이 신하에게 조고(詔告)하는 본의가 아닙니다.
청컨대 일체 사급(賜給)하소서. ”라고 하였다. 
이로 인해 백관들에게 모두 고신을 사급하니, 고신의 사급은 유악에게서부터 시작된 것이다.
재상 풍도(馮道)는 대대로 농민(農民) 집안이라 외모가 질박하고 촌스러워 조사(朝士)들이 많이들 그 누추한 모습을 비웃었다.
풍도가 아침에 입조(入朝)할 때 병부시랑(兵部侍郎) 임찬(任贊)이 유악과 함께 그 뒤에 있었는데 풍도가 가면서 자주 뒤를 돌아보았다.
임찬이 유악에게 묻기를 “풍도가 돌아보는 것은 어째서요? ”라고 하자, 
유악이 말하기를 “≪토원책(兔園冊)≫을 빠뜨려 놓고 온 게지요. ”라고 하였다. 
≪토원책≫은 향교(鄉校)의 촌구석 유생이 농부와 목동이 암송할 내용을 가르치는 책이다. 
그러므로 유악이 이를 들어 풍도를 조롱하였다.
풍도가 이를 듣고 크게 노하여 유악을 비서감(秘書監)으로 옮겼는데 그 뒤 이우(李愚)가 재상이 되어 유악을 승진시켜 태상경(太常卿)으로 삼았다."
9,당송팔대가문초소순1,3,normalization_only,2,2,"지난달 5일에 본주(本州) 관서에서 중서성(中書省)의 차자(箚子)를 받고 이어서 신을 불러들이는 공문을 받자오니, 한림학사(翰林學士) 구양수(歐陽脩)가 신이 지은 〈권서(權書)〉, 〈형론(衡論)〉, 〈기책(幾策)〉 등 22편을 양제(兩制)에서 의논하여 심사해서 채택하기를 청하는 글을 올려서입니다.
폐하께서 과분하게 들으시고 신을 불러 사인원(舍人院)에서 책론(策論)을 시험하기 위하여 본주(本州)에 명령하여 신을 대궐에 이르라 하셨습니다.","지난달 5일에 본주(本州) 관서에서 중서성(中書省)의 차자(箚子)를 받고 이어서 신을 불러들이는 공문을 받자오니,  한림학사(翰林學士) 구양수(歐陽脩)가 신이 지은 〈권서(權書)〉, 〈형론(衡論)〉, 〈기책(幾策)〉 등 22편을 양제(兩制)에서 의논하여 심사해서 채택하기를 청하는 글을 올려서입니다. 
폐하께서 과분하게 들으시고 신을 불러 사인원(舍人院)에서 책론(策論)을 시험하기 위하여 본주(本州)에 명령하여 신을 대궐에 이르라 하셨습니다."
9,당송팔대가문초소식1,180,whitespace_only,5,6,"황제(皇帝)께 올린 글 학문이 경학(經學)에 근본하였고 양생(養生)의 비결(秘訣)도 여기에서 벗어나지 않는다.
신(臣)이 엎드려 생각하건대, 이달 초닷새 일남지(日南至)(동지(冬至))에 문무백관(文武百官)들이 들어와 축하하였으니, 이것은 한 양(陽)이 와서 회복됨을 축하한 것이었습니다.
삼가 살펴보건대 《주역(周易)》의 복괘(復卦)에 이르기를 “우레가 땅 가운데에 있는 것이 복괘(復卦)이니, 선왕(先王)이 이 상(象)을 보고서 동지(冬至)에 관문(關門)을 닫아 장사꾼과 여행자들이 다니지 못하게 하며 제후(諸侯)들은 지방을 시찰하지 않는다. ”라고 하였습니다.
이에 《주역(周易)》을 해설하는 자들이 말하기를 “건(乾)은 육양(六陽)의 기운이니, 11월이 되고 12월이 되고 정월이 되고 2월이 되고 3월이 되고 4월이 되어 건(乾)의 양(陽)이 지극해지고, 양(陽)이 지극하면 음(陰)이 생기니 음(陰)이 생기면 하지(夏至)가 된다.
곤(坤)은 육음(六陰)의 기운이니, 5월이 되고 6월이 되고 7월이 되고 8월이 되고 9월이 되고 10월이 되어 곤(坤)의 음(陰)이 지극해지고, 음(陰)이 지극하면 양(陽)이 생기니 양(陽)이 생기면 동지(冬至)가 된다. ”라고 하였습니다.","황제(皇帝)께 올린 글
학문이 경학(經學)에 근본하였고 양생(養生)의 비결(秘訣)도 여기에서 벗어나지 않는다.
신(臣)이 엎드려 생각하건대, 이달 초닷새 일남지(日南至)(동지(冬至))에 문무백관(文武百官)들이 들어와 축하하였으니, 이것은 한 양(陽)이 와서 회복됨을 축하한 것이었습니다.
삼가 살펴보건대 《주역(周易)》의 복괘(復卦)에 이르기를 “우레가 땅 가운데에 있는 것이 복괘(復卦)이니, 선왕(先王)이 이 상(象)을 보고서 동지(冬至)에 관문(關門)을 닫아 장사꾼과 여행자들이 다니지 못하게 하며 제후(諸侯)들은 지방을 시찰하지 않는다. ”라고 하였습니다.
이에 《주역(周易)》을 해설하는 자들이 말하기를 “건(乾)은 육양(六陽)의 기운이니, 11월이 되고 12월이 되고 정월이 되고 2월이 되고 3월이 되고 4월이 되어 건(乾)의 양(陽)이 지극해지고, 양(陽)이 지극하면 음(陰)이 생기니 음(陰)이 생기면 하지(夏至)가 된다.
곤(坤)은 육음(六陰)의 기운이니, 5월이 되고 6월이 되고 7월이 되고 8월이 되고 9월이 되고 10월이 되어 곤(坤)의 음(陰)이 지극해지고, 음(陰)이 지극하면 양(陽)이 생기니 양(陽)이 생기면 동지(冬至)가 된다. ”라고 하였습니다."
9,당송팔대가문초소식4,11,whitespace_only,5,6,"교사(郊祀)라는 것은 선왕(先王)의 큰 예전(禮典)인데, 부자(夫子)는 주(周)나라에서 이것을 볼 수가 없으셨다.
그러므로 노(魯)나라가 소유한 천자(天子)의 예악(禮樂)을 인하여 교사(郊祀)의 변고를 기록했을 뿐이다.
“성공(成公) 17년 9월 신축일(辛丑日)에 교제(郊祭)를 썼다. ”라고 기록하였는데, 《춘추공양전(春秋公羊傳)》에는 이르기를 “용(用)이라는 것은 써서는 안 됨을 말한 것이니, 9월은 교제(郊祭)를 쓸 시기가 아니기 때문이다. ”라고 하였고, 《춘추곡량전(春秋穀梁傳)》에는 이르기를 “여름의 시작(초여름)은 그래도 봄을 이을 수 있지만, 가을의 끝을 가지고 봄의 시작(초봄)을 잇는 것은 불가하다. ”라고 하였다.
또 교사(郊祀)는 9월에까지 이른 경우가 있지 않았으니, 여기서 ‘용(用)’이라고 말한 것은 제때가 아님을 매우 드러낸 것이다.
그런데 두예(杜預)는 “용교(用郊)라고 쓴 것은 사관(史官)의 글을 따른 것이다. ”라고 하였고, 혹자는 말하기를 “다른 곳에 먼저 제사한 뒤에 교제(郊祭)를 지낸 것이다. ”라고 하였으니, 이 두 설(說)은 모두 취할 것이 못된다.","교사(郊祀)라는 것은 선왕(先王)의 큰 예전(禮典)인데, 부자(夫子)는 주(周)나라에서 이것을 볼 수가 없으셨다.
그러므로 노(魯)나라가 소유한 천자(天子)의 예악(禮樂)을 인하여 교사(郊祀)의 변고를 기록했을 뿐이다.
“성공(成公) 17년 9월 신축일(辛丑日)에 교제(郊祭)를 썼다. ”라고 기록하였는데, 《춘추공양전(春秋公羊傳)》에는 이르기를 “용(用)이라는 것은 써서는 안 됨을 말한 것이니, 9월은 교제(郊祭)를 쓸 시기가 아니기 때문이다. ”라고 하였고,
《춘추곡량전(春秋穀梁傳)》에는 이르기를 “여름의 시작(초여름)은 그래도 봄을 이을 수 있지만, 가을의 끝을 가지고 봄의 시작(초봄)을 잇는 것은 불가하다. ”라고 하였다.
또 교사(郊祀)는 9월에까지 이른 경우가 있지 않았으니, 여기서 ‘용(用)’이라고 말한 것은 제때가 아님을 매우 드러낸 것이다.
그런데 두예(杜預)는 “용교(用郊)라고 쓴 것은 사관(史官)의 글을 따른 것이다. ”라고 하였고, 혹자는 말하기를 “다른 곳에 먼저 제사한 뒤에 교제(郊祭)를 지낸 것이다. ”라고 하였으니, 이 두 설(說)은 모두 취할 것이 못된다."
9,당송팔대가문초왕안석1,227,whitespace_only,6,7,"옛적 잘 다스려졌던 시대에 대하여 들어보니, 눈먼 사람, 귀먹은 사람, 난쟁이, 앉은뱅이, 곱사등이에 이르러서도 위에서 그들에게 일을 시켜 모두 각기 그 재능(才能)을 발휘할 수 있게 해 주었고, 새와 짐승, 물고기와 자라, 곤충, 초목(草木)들도 아래에서 그들을 길러 주어서 모두 각기 그들의 생을 영위하면서 생명을 잃지 않게 해 주었습니다.
이에 〈상상자화(裳裳者華)〉와 〈어조(魚藻)〉의 시(詩)가 그 시대에 지어졌는데, 〈상상자화(裳裳者華)〉에 이르기를, “좌보(左輔)가 보좌를 잘 하니 군자(君子)가 편안해지고, 우필(右弼)이 보좌를 잘 하니 군자가 이들을 등용(登用)하도다.
그들을 등용하였으므로 이 때문에 잘 이어받게 되었도다. ” 하였으니, 이는 옛날의 군자는 선비 가운데 좌보(左輔)에 합당한 사람을 좌보로 삼고, 우필(右弼)에 합당한 사람을 우필로 삼아 각기 그 재능에 알맞게 등용하였으니, 이 때문에 사람마다 그 선인(先人)을 계승할 수 있었음을 가리키는 것입니다.
또 〈어조(魚藻)〉에 이르기를, “물고기는 마름풀 사이에 살면서 부들풀에 의지하고, 임금님은 풍호(豊鎬) 땅에 사시면서 그 거처를 평안히 여기십니다. ” 하였으니, 이는 물고기가 도망쳐 숨을 곳은 깊고 은미한 곳에 있는 수초이기 때문에 그 편안한 곳을 얻어서 즐겁게 살고 있음을 나타낸 것이니, 왕(王)도 이 때문에 그 계신 곳에서 평안할 수 있었다는 것입니다.
바로 지금 광대(廣大)하게 관용(寬容)을 베푸시는 옛 도를 지니고 계시고, 대신(大臣)으로 경직(京職)에 있는 사람이 경직을 불편하게 여기게 되면 지방으로 나가기를 청하듯이, 소신(小臣)은 지방에 있으면서 몸에 불편함이 있어서 고향으로 돌아가기를 청하는 것입니다.
조정에서 이런 일을 일찍이 불가(不可)하다 한 일이 없고, 사(士)들도 또한 이런 행위를 잘못이라고 한 일이 없습니다.","옛적 잘 다스려졌던 시대에 대하여 들어보니, 눈먼 사람, 귀먹은 사람, 난쟁이, 앉은뱅이, 곱사등이에 이르러서도 위에서 그들에게 일을 시켜 모두 각기 그 재능(才能)을 발휘할 수 있게 해 주었고, 새와 짐승, 물고기와 자라, 곤충, 초목(草木)들도 아래에서 그들을 길러 주어서 모두 각기 그들의 생을 영위하면서 생명을 잃지 않게 해 주었습니다.
이에 〈상상자화(裳裳者華)〉와 〈어조(魚藻)〉의 시(詩)가 그 시대에 지어졌는데, 〈상상자화(裳裳者華)〉에 이르기를, “좌보(左輔)가 보좌를 잘 하니 군자(君子)가 편안해지고, 우필(右弼)이 보좌를 잘 하니 군자가 이들을 등용(登用)하도다.
그들을 등용하였으므로 이 때문에 잘 이어받게 되었도다. ” 하였으니, 이는 옛날의 군자는 선비 가운데 좌보(左輔)에 합당한 사람을 좌보로 삼고, 우필(右弼)에 합당한 사람을 우필로 삼아 각기 그 재능에 알맞게 등용하였으니, 이 때문에 사람마다 그 선인(先人)을 계승할 수 있었음을 가리키는 것입니다.
또 〈어조(魚藻)〉에 이르기를, “물고기는 마름풀 사이에 살면서 부들풀에 의지하고, 임금님은 풍호(豊鎬) 땅에 사시면서 그 거처를 평안히 여기십니다. ” 하였으니,
이는 물고기가 도망쳐 숨을 곳은 깊고 은미한 곳에 있는 수초이기 때문에 그 편안한 곳을 얻어서 즐겁게 살고 있음을 나타낸 것이니, 왕(王)도 이 때문에 그 계신 곳에서 평안할 수 있었다는 것입니다.
바로 지금 광대(廣大)하게 관용(寬容)을 베푸시는 옛 도를 지니고 계시고, 대신(大臣)으로 경직(京職)에 있는 사람이 경직을 불편하게 여기게 되면 지방으로 나가기를 청하듯이, 소신(小臣)은 지방에 있으면서 몸에 불편함이 있어서 고향으로 돌아가기를 청하는 것입니다.
조정에서 이런 일을 일찍이 불가(不可)하다 한 일이 없고, 사(士)들도 또한 이런 행위를 잘못이라고 한 일이 없습니다."
9,당송팔대가문초왕안석2,307,whitespace_only,11,10,"처음 양절전운사(兩浙轉運使)로 부임했을 때에, 간의대부(諫議大夫) 소주지사(蘇州知事)인 위상(魏庠)과 시어사(侍御史) 월주지사(越州知事)인 왕병(王柄)이 정무(政務)를 제대로 처리하지 못하면서 예뻐하는 사람과 미워하는 사람에 맞추어 멋대로 조세를 징수하였다.
위상(魏庠)은 선대(先代)의 은혜로 진출한 사람이고 왕병(王柄)은 황상(皇上)의 총애를 믿고 있었는데, 공(公)이 부임하여 그들의 탄핵(彈劾)을 주청(奏請)하니, 황상(皇上)께서 놀라워하며 말씀하시기를 “증모(曾某)가 감히 위상(魏庠)을 치죄(治罪)하니 두려워할 만한 일이로다. ”
하셨는데, 두려워할 만하다는 것은 경외할 만한 것이니, 말을 에둘러서 그렇게 표현하신 것이며, 이에 위상(魏庠)과 왕병(王柄)은 모두 쫓겨났다.
양윤공(楊允恭)이 양자강(揚子江)의 조운(漕運)을 감독할 때에 일처리에 대하여 말한 여러 가지 가운데 황상(皇上)의 재가(裁可)를 받은 것이 많았으나 사람들이 이를 괴로워하고 싫어하였다.
공(公)은 조서(詔書)를 받을 때마다 말하기를 “전운사(轉運使)가 되어 지방에 있으면서, 오로지 법령의 조문대로만 일을 처리하여 자신(自身)을 보전하는 것은, 내 신조(信條)와는 다르다. ” 하고, 곧 이를 집행하지 않았다.
양윤공(楊允恭)이 이를 위에 보고하자, 황상(皇上)께서 사람을 보내어 공(公)을 힐문(詰問)하니, 공(公)은 자신의 신조대로 대답하였고,
황상께서는 이 때문에 양윤공(楊允恭)을 박대(薄待)하면서 그의 건의를 들어주지 않게 되었다.
건의를 통하여 130여 가지의 가혹한 세금(稅金) 조항(條項)을 폐지하게 하였고, 수주지사(壽州知事)로 옮겼을 때에 수주의 토호들이 재물을 동원하여 권귀(權貴)와 결탁하고 스스로 호족(豪族) 노릇을 하였고,
그 가운데 진씨(陳氏)와 범씨(范氏)는 천하의 이름난 호족들이었는데, 공(公)이 부임한다는 소식을 듣고 모두 나와 맞이하면서 스스로 조심하며 감히 범법행위를 하지 않았으므로, 공(公)도 한 해가 다 지나가도록 범법자를 처벌하는 일이 필요 없게 되었다.
그런 후에 지사(知事)가 교체되자 성(城)이 텅 빌 정도로 모든 사람이 나와서 길을 막고 아쉬워하며 떠나지 못하게 하였으므로, 밤중에 두 군졸만 따르게 하고 말을 달려 성을 벗어났다.
군(郡)의 지사(知事)에서 태상박사(太常博士) 주객원외랑(主客員外郞)으로 전임되었다.","처음 양절전운사(兩浙轉運使)로 부임했을 때에, 간의대부(諫議大夫) 소주지사(蘇州知事)인 위상(魏庠)과 시어사(侍御史) 월주지사(越州知事)인 왕병(王柄)이 정무(政務)를 제대로 처리하지 못하면서 예뻐하는 사람과 미워하는 사람에 맞추어 멋대로 조세를 징수하였다.
위상(魏庠)은 선대(先代)의 은혜로 진출한 사람이고 왕병(王柄)은 황상(皇上)의 총애를 믿고 있었는데, 공(公)이 부임하여 그들의 탄핵(彈劾)을 주청(奏請)하니,
황상(皇上)께서 놀라워하며 말씀하시기를 “증모(曾某)가 감히 위상(魏庠)을 치죄(治罪)하니 두려워할 만한 일이로다. ” 하셨는데, 두려워할 만하다는 것은 경외할 만한 것이니, 말을 에둘러서 그렇게 표현하신 것이며, 이에 위상(魏庠)과 왕병(王柄)은 모두 쫓겨났다.
양윤공(楊允恭)이 양자강(揚子江)의 조운(漕運)을 감독할 때에 일처리에 대하여 말한 여러 가지 가운데 황상(皇上)의 재가(裁可)를 받은 것이 많았으나 사람들이 이를 괴로워하고 싫어하였다.
공(公)은 조서(詔書)를 받을 때마다 말하기를 “전운사(轉運使)가 되어 지방에 있으면서, 오로지 법령의 조문대로만 일을 처리하여 자신(自身)을 보전하는 것은, 내 신조(信條)와는 다르다. ” 하고, 곧 이를 집행하지 않았다.
양윤공(楊允恭)이 이를 위에 보고하자, 황상(皇上)께서 사람을 보내어 공(公)을 힐문(詰問)하니, 공(公)은 자신의 신조대로 대답하였고, 황상께서는 이 때문에 양윤공(楊允恭)을 박대(薄待)하면서 그의 건의를 들어주지 않게 되었다.
건의를 통하여 130여 가지의 가혹한 세금(稅金) 조항(條項)을 폐지하게 하였고,
수주지사(壽州知事)로 옮겼을 때에 수주의 토호들이 재물을 동원하여 권귀(權貴)와 결탁하고 스스로 호족(豪族) 노릇을 하였고, 그 가운데 진씨(陳氏)와 범씨(范氏)는 천하의 이름난 호족들이었는데, 공(公)이 부임한다는 소식을 듣고 모두 나와 맞이하면서 스스로 조심하며 감히 범법행위를 하지 않았으므로, 공(公)도 한 해가 다 지나가도록 범법자를 처벌하는 일이 필요 없게 되었다.
그런 후에 지사(知事)가 교체되자 성(城)이 텅 빌 정도로 모든 사람이 나와서 길을 막고 아쉬워하며 떠나지 못하게 하였으므로, 밤중에 두 군졸만 따르게 하고 말을 달려 성을 벗어났다.
군(郡)의 지사(知事)에서 태상박사(太常博士) 주객원외랑(主客員外郞)으로 전임되었다."
9,당송팔대가문초왕안석2,319,whitespace_only,7,7,"양하공(陽夏公)의 네 아드님, 모두 현명하고 재능이 있었네.
막내 아드님이 일찍 사망하여, 내가 그의 무덤에 명(銘)을 지어 부장(附葬)하였는데, 이제 또 셋째 아드님의 명(銘)을 짓게 되었으니, 아아!
슬프도다.
옛말에, 죽는 것은 죽음으로 휴식을 취하는 것이라 하였으나, 아아!
셋째는 아직 강장(强壯)한 나이인데, 어찌 그다지도 빨리 쉬려 하였는가.
밝디밝았던 사람이 서거(逝去)하여, 우뚝하게 드높았던 사람이 유택(幽宅)에 잠들었네.
그를 위해 기록한 것이 여기에 있으니, 이 명(銘)은 없어지지 않으리라.","양하공(陽夏公)의 네 아드님, 모두 현명하고 재능이 있었네.
막내 아드님이 일찍 사망하여, 내가 그의 무덤에 명(銘)을 지어 부장(附葬)하였는데,
이제 또 셋째 아드님의 명(銘)을 짓게 되었으니, 아아! 슬프도다.
옛말에, 죽는 것은 죽음으로 휴식을 취하는 것이라 하였으나,
아아! 셋째는 아직 강장(强壯)한 나이인데, 어찌 그다지도 빨리 쉬려 하였는가.
밝디밝았던 사람이 서거(逝去)하여, 우뚝하게 드높았던 사람이 유택(幽宅)에 잠들었네.
그를 위해 기록한 것이 여기에 있으니, 이 명(銘)은 없어지지 않으리라."
9,당송팔대가문초왕안석2,524,whitespace_only,9,10,"위씨(魏氏)는 그 선조(先祖)가 강녕인(江寧人)이었다.
태군(太君)의 증조(曾祖) 휘(諱) 모(某)는 광록시경(光祿寺卿)이었으며, 조부(祖父) 휘(諱) 모(某)는 지주자사(池州刺史)였고, 선고(先考) 휘(諱) 모(某)는 태자유덕(太子諭德)이었는데, 이들이 벼슬한 것은 모두 강남(江南) 땅을 이씨(李氏)가 세운 남당(南唐)이 다스릴 때였다.
이씨(李氏)의 남당(南唐)이 망하자 유덕공(諭德公)은 이름을 거중(居中)으로 바꾸고 상주(常州)로 은퇴하여 살았는데, 따님인 태군(太君)을 현명하다고 여기고 출가할 곳을 고르다가 강음(江陰)의 심군(沈君) 휘(諱) 모(某)를 얻고는 말하기를 “이 사람이 내 딸과 짝이 될 만하다. ” 하고, 이때에 19세 된 태군(太君)을 심씨(沈氏)에게 출가시켰다.
출가한 지 10년에 두 아들을 낳았고, 심군(沈君)은 진사시(進士試)에 갑과(甲科)로 급제하여 광덕군(廣德軍)의 판관(判官)으로 있다가 졸(卒)하였다.
태군(太君)은 《시경(詩經)》, 《논어(論語)》, 《효경(孝經)》 등을 두 아들에게 몸소 가르쳤으므로, 두 아들이 밖에 나가 공부할 때에 겨우 몇 살 되지 않았는데도 이미 이 삼경(三經)을 암송할 수 있었다.
그 후 아들 형(逈)은 진사시(進士試)에 합격하였고, 아들 준(遵)은 전중승(殿中丞)으로 연주군지주(連州軍知州)가 되었는데, 태군(太君)께서 향년 64세로 연주부(連州府)의 정실(正室)에서 사망하니, 그때가 황우(皇祐) 2년 6월 경진일(庚辰日)이었다.
가우(嘉祐) 2년 12월 경신일(庚申日)에 두 아들이 태군(太君)을 강음(江陰) 신항(申港)의 서쪽 회인리(懷仁里)에 안장(安葬)하였다.
이때에 준(遵)은 태상박사(太常博士)로 건주군(建州軍)의 통판지사(通判知事)로 있었으며, 선친(先親) 심군(沈君)도 벼슬이 증직(贈職)되어 태상박사(太常博士)에 이르렀다.
명(銘)은 다음과 같이 지었다.","위씨(魏氏)는 그 선조(先祖)가 강녕인(江寧人)이었다.
태군(太君)의 증조(曾祖) 휘(諱) 모(某)는 광록시경(光祿寺卿)이었으며, 조부(祖父) 휘(諱) 모(某)는 지주자사(池州刺史)였고, 선고(先考) 휘(諱) 모(某)는 태자유덕(太子諭德)이었는데, 이들이 벼슬한 것은 모두 강남(江南) 땅을 이씨(李氏)가 세운 남당(南唐)이 다스릴 때였다.
이씨(李氏)의 남당(南唐)이 망하자 유덕공(諭德公)은 이름을 거중(居中)으로 바꾸고 상주(常州)로 은퇴하여 살았는데,
따님인 태군(太君)을 현명하다고 여기고 출가할 곳을 고르다가 강음(江陰)의 심군(沈君) 휘(諱) 모(某)를 얻고는 말하기를 “이 사람이 내 딸과 짝이 될 만하다. ” 하고, 이때에 19세 된 태군(太君)을 심씨(沈氏)에게 출가시켰다.
출가한 지 10년에 두 아들을 낳았고, 심군(沈君)은 진사시(進士試)에 갑과(甲科)로 급제하여 광덕군(廣德軍)의 판관(判官)으로 있다가 졸(卒)하였다.
태군(太君)은 《시경(詩經)》, 《논어(論語)》, 《효경(孝經)》 등을 두 아들에게 몸소 가르쳤으므로, 두 아들이 밖에 나가 공부할 때에 겨우 몇 살 되지 않았는데도 이미 이 삼경(三經)을 암송할 수 있었다.
그 후 아들 형(逈)은 진사시(進士試)에 합격하였고, 아들 준(遵)은 전중승(殿中丞)으로 연주군지주(連州軍知州)가 되었는데, 태군(太君)께서 향년 64세로 연주부(連州府)의 정실(正室)에서 사망하니, 그때가 황우(皇祐) 2년 6월 경진일(庚辰日)이었다.
가우(嘉祐) 2년 12월 경신일(庚申日)에 두 아들이 태군(太君)을 강음(江陰) 신항(申港)의 서쪽 회인리(懷仁里)에 안장(安葬)하였다.
이때에 준(遵)은 태상박사(太常博士)로 건주군(建州軍)의 통판지사(通判知事)로 있었으며, 선친(先親) 심군(沈君)도 벼슬이 증직(贈職)되어 태상박사(太常博士)에 이르렀다.
명(銘)은 다음과 같이 지었다."
9,당송팔대가문초유종원1,23,whitespace_only,11,12,"종원(宗元)은 어릴 적부터 문장 쓰는 법을 배우다가 중간에 다행히 갑과(甲科)와 을과(乙科)의 과거시험에 잇달아 급제하고 상서랑(尙書郞)에 이르러 조정 백관의 장주(章奏)를 전담하였습니다.
그러나 작문(作文)하는 법을 깊이 알지 못하다가 폄적(貶謫)된 이후 일이 없어 한가할 적에 제자백가(諸子百家)의 서적을 읽으면서 고금의 시대를 오르내리며 종횡무진 섭렵한 끝에 마침내 문장의 좋고 나쁜 것에 대해 조금 알게 되었습니다.
지난해에 오무릉(吳武陵)이 오자 그가 어린 나이에 재능과 기백이 왕성하여 서한(西漢)의 문장을 일으킬 만한 것이 가상하였습니다.
그래서 매일 그와 함께 대화를 나누고 아울러 수십 편의 작품을 써내다 보니, 그런대로 문장이 유창하게 다듬어져 가끔 옛사람의 정황을 엿볼 수 있었습니다.
그러나 저 옛사람 또한 사람이니 얼마나 큰 차이가 있겠습니까.
그런데 일반적으로 사람들은 옛사람에 대해서는 말하고, 지금 사람에 대해서는 말하지 않습니다.
환담(桓譚) 또한 말하기를 “직접 양자운(揚子雲)을 보았을 때 그 용모가 사람들의 주의를 끌 정도가 못 되었으니, 사람들이 어찌 그의 저서를 후세에 전하려 하겠는가. ”라고 하였습니다.
만약에 어떤 사람의 문장이 장주(莊周)처럼 박식하고, 굴원(屈原)처럼 애처롭고, 맹가(孟軻)처럼 심오하고, 이사(李斯)처럼 웅장하고, 사마천(司馬遷)처럼 가파르고, 사마상여(司馬相如)처럼 넉넉하고, 가의(賈誼)처럼 통명하고, 양웅(揚雄)처럼 전일하더라도 그가 현대의 인물이라면 세상에서 그를 존경하는 자가 극히 적을 것입니다.
이로 살펴보건대 옛사람은 반드시 당대에는 푸대접을 받지만 후세에 영광을 누리지 않는 일이 없습니다.
오무릉(吳武陵)의 문장의 경우는 장인어른이 아니면 알아줄 사람이 없습니다.
오직 염려되는 것은 세상에 재주가 높은 자들이 오랫동안 배우려고 하지 않음으로 인해, 옛 경전에 담긴 도리를 완전히 이해하여 한 시대의 융성한 문화를 조성하지 못하지나 않을까 하는 점입니다.","종원(宗元)은 어릴 적부터 문장 쓰는 법을 배우다가 중간에 다행히 갑과(甲科)와 을과(乙科)의 과거시험에 잇달아 급제하고 상서랑(尙書郞)에 이르러 조정 백관의 장주(章奏)를 전담하였습니다.
그러나 작문(作文)하는 법을 깊이 알지 못하다가 폄적(貶謫)된 이후 일이 없어 한가할 적에 제자백가(諸子百家)의 서적을 읽으면서 고금의 시대를 오르내리며 종횡무진 섭렵한 끝에 마침내 문장의 좋고 나쁜 것에 대해 조금 알게 되었습니다.
지난해에 오무릉(吳武陵)이 오자 그가 어린 나이에 재능과 기백이 왕성하여 서한(西漢)의 문장을 일으킬 만한 것이 가상하였습니다.
그래서 매일 그와 함께 대화를 나누고 아울러 수십 편의 작품을 써내다 보니, 그런대로 문장이 유창하게 다듬어져 가끔 옛사람의 정황을 엿볼 수 있었습니다.
그러나 저 옛사람 또한 사람이니 얼마나 큰 차이가 있겠습니까.
그런데 일반적으로 사람들은 옛사람에 대해서는 말하고, 지금 사람에 대해서는 말하지 않습니다.
환담(桓譚) 또한 말하기를 “직접 양자운(揚子雲)을 보았을 때 그 용모가 사람들의 주의를 끌 정도가 못 되었으니, 사람들이 어찌 그의 저서를 후세에 전하려 하겠는가. ”라고 하였습니다.
만약에 어떤 사람의 문장이 장주(莊周)처럼 박식하고, 굴원(屈原)처럼 애처롭고, 맹가(孟軻)처럼 심오하고, 이사(李斯)처럼 웅장하고, 사마천(司馬遷)처럼 가파르고, 사마상여(司馬相如)처럼 넉넉하고, 가의(賈誼)처럼 통명하고, 양웅(揚雄)처럼 전일하더라도
그가 현대의 인물이라면 세상에서 그를 존경하는 자가 극히 적을 것입니다.
이로 살펴보건대 옛사람은 반드시 당대에는 푸대접을 받지만 후세에 영광을 누리지 않는 일이 없습니다.
오무릉(吳武陵)의 문장의 경우는 장인어른이 아니면 알아줄 사람이 없습니다.
오직 염려되는 것은 세상에 재주가 높은 자들이 오랫동안 배우려고 하지 않음으로 인해, 옛 경전에 담긴 도리를 완전히 이해하여 한 시대의 융성한 문화를 조성하지 못하지나 않을까 하는 점입니다."
9,당송팔대가문초유종원2,277,whitespace_only,6,14,"운주(雲州)에서 태어났고, 유주(柳州)에서 죽었다네.
그의 나이 오십 세에, 골수 깊이 병들었네.
하늘이 내린 그 소리, 어허, 이제 사라졌네.
죽은 때는 정유년, 가을철 끝 달이요, 둥근달 막 기우는, 열엿새 날이었네.
마음은 불가(佛家)였고, 행색은 도사(道士)였네.
어진 사람 나를 보아, 이 무덤 버리지 마소.","운주(雲州)에서 태어났고,
유주(柳州)에서 죽었다네.
그의 나이 오십 세에,
골수 깊이 병들었네.
하늘이 내린 그 소리,
어허, 이제 사라졌네.
죽은 때는 정유년,
가을철 끝 달이요,
둥근달 막 기우는,
열엿새 날이었네.
마음은 불가(佛家)였고,
행색은 도사(道士)였네.
어진 사람 나를 보아,
이 무덤 버리지 마소."
9,당송팔대가문초증공1,98,normalization_only,3,3,"순(舜)이 일찍이 재상으로 있었는데 그 공을 칭송할 때는 “팔원(八元)과 팔개(八愷)를 등용했던 일이다. ” 하고, 그 덕을 칭송할 때는 “하는 일이 없이 다스린 자는 곧 순(舜)일 것이다. ” 하였습니다.
후세에 재상으로 있었던 자들 가운데 순(舜)과 견줄 만한 자가 없었으니, 재상의 본질이 무엇인지 또한 알 수 있습니다.
어떤 자는 “순(舜)은 대성인(大聖人)이다. ” 하고 어떤 자는 “순(舜)은 시대가 멀어 기준으로 삼을 수 없다. ”고 말하기도 하니, 가까운 시대의 사례로 말씀드리겠습니다.","순(舜)이 일찍이 재상으로 있었는데 그 공을 칭송할 때는 “팔원(八元)과 팔개(八愷)를 등용했던 일이다. ” 하고,  그 덕을 칭송할 때는 “하는 일이 없이 다스린 자는 곧 순(舜)일 것이다. ” 하였습니다. 
후세에 재상으로 있었던 자들 가운데 순(舜)과 견줄 만한 자가 없었으니, 재상의 본질이 무엇인지 또한 알 수 있습니다.
어떤 자는 “순(舜)은 대성인(大聖人)이다. ” 하고 어떤 자는 “순(舜)은 시대가 멀어 기준으로 삼을 수 없다. ”고 말하기도 하니,  가까운 시대의 사례로 말씀드리겠습니다."
9,당송팔대가문초증공1,147,normalization_only,4,4,"“〈양웅(揚雄)이〉 왕망(王莽)에게 벼슬한 것을 기자(箕子)가 구금되어 노예가 된 데에 비교하였으니, 이것도 이미 과장된 것인데 하물며 〈극진미신(劇秦美新)〉에 있어서겠는가.
자고(子固)와 같은 인물로서도 오히려 그 설(說)에 동조하였으니 잘못된 정도가 심하다.
군자(君子)가 천하를 저울질하는 것은 출처(出處)의 도리가 반드시 성인(聖人)의 경지 이른 뒤에 가능할 것이다.
내 생각에 양웅(揚雄)은 분명히 초(楚)의 두 공씨(龔氏) 수준에도 미치지 못한다고 본다. ”","“〈양웅(揚雄)이〉 왕망(王莽)에게 벼슬한 것을 기자(箕子)가 구금되어 노예가 된 데에 비교하였으니, 이것도 이미 과장된 것인데 하물며 〈극진미신(劇秦美新)〉에 있어서겠는가.
자고(子固)와 같은 인물로서도 오히려 그 설(說)에 동조하였으니 잘못된 정도가 심하다.
군자(君子)가 천하를 저울질하는 것은 출처(出處)의 도리가 반드시 성인(聖人)의 경지 이른 뒤에 가능할 것이다. 
내 생각에 양웅(揚雄)은 분명히 초(楚)의 두 공씨(龔氏) 수준에도 미치지 못한다고 본다. ”"
9,당송팔대가문초증공1,340,normalization_only,10,10,"옛날에 사영운(謝靈運)이 남조(南朝) 송(宋) 문제(文帝)에게 회계(會稽)의 회종호(回踵湖)를 농지로 개간하자고 청했으나, 태수(太守)인 맹의(孟顗)는 그 주장을 따르지 않았다.
사영운(謝靈運)은 또 휴황호(休崲湖)를 농지로 개간하자고 요청했으나, 맹의(孟顗)가 또 그 주장을 따르지 않았다.
그러자 사영운(謝靈運)은 심지어 나쁜 말로 그를 헐뜯기까지 했다.
그렇다면 호수를 농지로 개간하는 것이 이롭다는 사실은 월주(越州)의 풍속(風俗)에서 오래된 것이다.
그러나 남호(南湖)(감호(鑑湖))는 한(漢)나라 때부터 오(吳)나라, 진(晉)나라를 거쳐 당(唐)나라에 이르고, 또 전류(錢鏐) 부자(父子)가 월주(越州)를 차지했던 시기에 이르기까지 그 혜택을 보지 못한 적이 없었다.
저들은 좁은 땅을 기반으로 천하에 대항하기도 하고, 주(州) 몇 군데를 기반으로 번진(藩鎭)을 삼기도 했으며, 이 지역을 기반으로 하나의 나라를 세워 스스로 왕이 되기도 했다.
그리하여 안으로는 관리들에게 녹봉으로 지급하는 데 드는 필수품을 확보하고, 밖으로는 외교적인 비용을 충당하는 데 필요한 물자들을 소유하였으니, 안정된 터전으로서의 기능만 누리고 마는 곳이 아니었다.
때문에 수토(水土)에 대한 법령을 강화하여 농업을 권장하는 데에도 모두 나름대로 방법이 있었다.
그 가운데 전류(錢鏐)가 만든 법령이 가장 상세하여 지금에 이르기까지 사람들에게 전해진 법령이 아직도 많다.
그렇다면 감호(鑑湖)의 물로 농지에 물을 댐으로써 얻는 이익을 폐기하지 않는 데에는 그만한 까닭이 있다고 할 것이다.","옛날에 사영운(謝靈運)이 남조(南朝) 송(宋) 문제(文帝)에게 회계(會稽)의 회종호(回踵湖)를 농지로 개간하자고 청했으나, 태수(太守)인 맹의(孟顗)는 그 주장을 따르지 않았다.
사영운(謝靈運)은 또 휴황호(休崲湖)를 농지로 개간하자고 요청했으나, 맹의(孟顗)가 또 그 주장을 따르지 않았다.
그러자 사영운(謝靈運)은 심지어 나쁜 말로 그를 헐뜯기까지 했다.
그렇다면 호수를 농지로 개간하는 것이 이롭다는 사실은 월주(越州)의 풍속(風俗)에서 오래된 것이다.
그러나 남호(南湖)(감호(鑑湖))는 한(漢)나라 때부터 오(吳)나라, 진(晉)나라를 거쳐 당(唐)나라에 이르고, 또 전류(錢鏐) 부자(父子)가 월주(越州)를 차지했던 시기에 이르기까지 그 혜택을 보지 못한 적이 없었다.
저들은 좁은 땅을 기반으로 천하에 대항하기도 하고, 주(州) 몇 군데를 기반으로 번진(藩鎭)을 삼기도 했으며, 이 지역을 기반으로 하나의 나라를 세워 스스로 왕이 되기도 했다.
그리하여 안으로는 관리들에게 녹봉으로 지급하는 데 드는 필수품을 확보하고, 밖으로는 외교적인 비용을 충당하는 데 필요한 물자들을 소유하였으니, 안정된 터전으로서의 기능만 누리고 마는 곳이 아니었다.
때문에 수토(水土)에 대한 법령을 강화하여 농업을 권장하는 데에도 모두 나름대로 방법이 있었다.
그 가운데 전류(錢鏐)가 만든 법령이 가장 상세하여 지금에 이르기까지 사람들에게 전해진 법령이 아직도 많다.
그렇다면 감호(鑑湖)의 물로 농지에 물을 댐으로써 얻는 이익을 폐기하지 않는 데에는 그만한 까닭이 있다고 할 것이다. "
9,당송팔대가문초증공1,417,whitespace_only,6,5,"어느 누구도 왕희지(王羲之)더러 세상에 나가 벼슬하라고 억지로 권하지 못할 당시에, 그는 일찍이 동방의 명승지를 유람하고 배를 타고 큰 바다까지 나가는 등 산수 사이에서 흥취를 즐겼는데, 혹시 마음 내키는 대로 자유로이 유람하던 가운데 또 언젠가 이곳에서 휴식을 취했던 것은 아닐까?
왕희지(王羲之)의 서법은 만년(晩年)에 들어서야 뛰어난 경지에 도달하였으니,
그렇다면 그의 이와 같은 재능은 또한 필생의 정력을 들여 얻어낸 것이지 저절로 이루어진 것이 아니다.
그러나 후세에 어느 한 사람도 그 경지를 따라잡을 수 있는 사람이 없었으니 이것은 어찌 글씨를 익히는 노력을 왕희지(王羲之)처럼 들이지 않아서가 아니겠는가.
그러니 부지런히 배우고 노력하는 정신을 소홀히 할 수 있겠는가.
더군다나 도덕을 수양하는 부분에서 높은 경지에 도달하기를 바라는 사람이야 더 말할 나위가 있겠는가.","어느 누구도 왕희지(王羲之)더러 세상에 나가 벼슬하라고 억지로 권하지 못할 당시에, 그는 일찍이 동방의 명승지를 유람하고 배를 타고 큰 바다까지 나가는 등 산수 사이에서 흥취를 즐겼는데, 혹시 마음 내키는 대로 자유로이 유람하던 가운데 또 언젠가 이곳에서 휴식을 취했던 것은 아닐까?
왕희지(王羲之)의 서법은 만년(晩年)에 들어서야 뛰어난 경지에 도달하였으니, 그렇다면 그의 이와 같은 재능은 또한 필생의 정력을 들여 얻어낸 것이지 저절로 이루어진 것이 아니다.
그러나 후세에 어느 한 사람도 그 경지를 따라잡을 수 있는 사람이 없었으니 이것은 어찌 글씨를 익히는 노력을 왕희지(王羲之)처럼 들이지 않아서가 아니겠는가. 
그러니 부지런히 배우고 노력하는 정신을 소홀히 할 수 있겠는가.
더군다나 도덕을 수양하는 부분에서 높은 경지에 도달하기를 바라는 사람이야 더 말할 나위가 있겠는가."
9,당송팔대가문초한유2,308,whitespace_only,1,2,당형천(唐荊川)이 말하였다. “창려(昌黎)의 이 문장은 분명히 ≪맹자(孟子)≫의 글 가운데서 빠져 나온 것인데 사람들이 모두 깨닫지 못한다.,"당형천(唐荊川)이 말하였다.
“창려(昌黎)의 이 문장은 분명히 ≪맹자(孟子)≫의 글 가운데서 빠져 나온 것인데 사람들이 모두 깨닫지 못한다."
9,당송팔대가문초한유3,271,normalization_only,7,7,"장원［장군(張君)］은 자(字)가 직지(直之)이다.
조부(祖父) 환(讙)과 부친(父親) 효신(孝新)은 모두 변주(汴州)와 송주(宋州) 사이에서 벼슬살이를 하였다.
장군(張君)은 일찍이 글을 읽어서 문사(文辭)에 기운이 있었고, 이재(吏才)가 있어서 일찍이 감격하고 스스로 분발하여 공명(功名)을 세워 세상에 명성을 드러내고자 하였다.
당초에 진사시(進士試)에 응시하였으나 재차 낙방하자, 고향을 떠나 선무군절도사(宣武軍節度使)를 섬겨 관직(官職)이 감찰어사(監察御史)에 이르렀다.
뒤에 어떤 일에 연루되어 영남(嶺南)으로 폄적(貶謫)되었다가 재차 승진하여 하중부(河中府) 법조참군(法曹參軍)에 이르러 우향현령(虞鄕縣令)을 대리(代理)하였는데, 유능하다는 명성이 있음으로 인해 승진하여 하동현령(河東縣令)을 대리하였다.
여기에서 또 명성이 있음으로 인해 드디어 하동부종사(河東府從事)에 임명되었다.
강주(絳州)에 자사(刺史) 자리가 비자, 강주(絳州)의 정사(政事)를 대리하였는데, 유능하다는 명성이 조정에 알려졌다.","장원［장군(張君)］은 자(字)가 직지(直之)이다.
조부(祖父) 환(讙)과 부친(父親) 효신(孝新)은 모두 변주(汴州)와 송주(宋州) 사이에서 벼슬살이를 하였다.
장군(張君)은 일찍이 글을 읽어서 문사(文辭)에 기운이 있었고, 이재(吏才)가 있어서 일찍이 감격하고 스스로 분발하여 공명(功名)을 세워 세상에 명성을 드러내고자 하였다. 
당초에 진사시(進士試)에 응시하였으나 재차 낙방하자, 고향을 떠나 선무군절도사(宣武軍節度使)를 섬겨 관직(官職)이 감찰어사(監察御史)에 이르렀다.
뒤에 어떤 일에 연루되어 영남(嶺南)으로 폄적(貶謫)되었다가 재차 승진하여 하중부(河中府) 법조참군(法曹參軍)에 이르러 우향현령(虞鄕縣令)을 대리(代理)하였는데, 유능하다는 명성이 있음으로 인해 승진하여 하동현령(河東縣令)을 대리하였다.
여기에서 또 명성이 있음으로 인해 드디어 하동부종사(河東府從事)에 임명되었다.
강주(絳州)에 자사(刺史) 자리가 비자, 강주(絳州)의 정사(政事)를 대리하였는데, 유능하다는 명성이 조정에 알려졌다."
9,당시삼백수2,89,whitespace_only,1,3,〈일본(日本)으로 돌아가는 승려를 전송하며〉 전기 인연을 좇아 중국에 머물렀는데 오는 길은 꿈길 같았다네 하늘이 떠 있는 푸른 바다는 멀었지만 세상을 떠날 때는 법주(法舟)가 가볍구나 물에 비친 달은 선적(禪寂)과 통하고 물고기와 용들도 염불 소리 들으리라 어여쁘도다 하나의 등불이여 만리 밖까지 눈이 밝아지리,"〈일본(日本)으로 돌아가는 승려를 전송하며〉
전기
인연을 좇아 중국에 머물렀는데 오는 길은 꿈길 같았다네 하늘이 떠 있는 푸른 바다는 멀었지만 세상을 떠날 때는 법주(法舟)가 가볍구나 물에 비친 달은 선적(禪寂)과 통하고 물고기와 용들도 염불 소리 들으리라 어여쁘도다 하나의 등불이여 만리 밖까지 눈이 밝아지리"
9,예기집설대전2,181,normalization_only,1,1,거문고를 탄 뒤에 잡수신 것은 아마도 화평(和平)한 소리로써 감회가 있어 상심(傷心)한 마음을 흩어버린 것인 듯싶다.,거문고를 탄 뒤에 잡수신 것은 아마도 화평(和平)한 소리로써 감회가 있어 상심(傷心)한 마음을 흩어버린 것인 듯싶다. 
9,예기집설대전2,401,normalization_only,1,1,"정침(正寢)은 거처하는 곳이고, 조(祖)는 일이 있는 곳이며, 문(門)은 드나드는 곳이고, 교(郊)는 일찍이 이르렀던 곳이니, 임금을 고복(皐復)할 때 반드시 여기에서 하는 것은 아마도 혼기(魂氣)가 떠나갈 때 또한 아직 생시에 익숙했던 장소에서 떠나지 않았기 때문인 듯하니, 이것을 살펴보면 사생(死生)의 설(이치)을 알 수 있다.","정침(正寢)은 거처하는 곳이고, 조(祖)는 일이 있는 곳이며, 문(門)은 드나드는 곳이고, 교(郊)는 일찍이 이르렀던 곳이니, 임금을 고복(皐復)할 때 반드시 여기에서 하는 것은 아마도 혼기(魂氣)가 떠나갈 때 또한 아직 생시에 익숙했던 장소에서 떠나지 않았기 때문인 듯하니,  이것을 살펴보면 사생(死生)의 설(이치)을 알 수 있다."
9,예기집설대전2,755,whitespace_only,3,2,"공자께서 말씀하시길 “〈계손씨(季孫氏)의 근심은〉 전유(顓臾)에 있지 않고 담장 안에 있다.
不在顓臾而在蕭牆之內”고 하셨는데, 이러한 경우에는 ‘재(在)’를 말씀하셨기 때문에 ‘징(徵)’을 일컫지 않으신 것이고, 또 “하(夏)나라의 예(禮)를 내가 말할 수 있지만 기(杞)나라가 충분히 증거대지 못한다.
夏禮吾能言之杞不足徵也”고 하셨는데, 이러한 경우에는 ‘징’을 말씀하셨기 때문에 ‘재’를 일컫지 않으신 것이다.","공자께서 말씀하시길 “〈계손씨(季孫氏)의 근심은〉 전유(顓臾)에 있지 않고 담장 안에 있다. 不在顓臾而在蕭牆之內”고 하셨는데,  이러한 경우에는 ‘재(在)’를 말씀하셨기 때문에 ‘징(徵)’을 일컫지 않으신 것이고,
또 “하(夏)나라의 예(禮)를 내가 말할 수 있지만 기(杞)나라가 충분히 증거대지 못한다. 夏禮吾能言之杞不足徵也”고 하셨는데,  이러한 경우에는 ‘징’을 말씀하셨기 때문에 ‘재’를 일컫지 않으신 것이다."
9,자치통감강목6,303,normalization_only,2,2,"≪자치통감(資治通鑑)≫에는 효(曉)자 아래에 “신수도상(臣雖圖上) 유수구설(猶須口說) 연후가지(然後可知)라는 열두 글자가 있다.
간(間)은 한(閑)으로 읽으니, 조용하고 한가한 틈에 불러 만나주시기를 원함을 말한 것이다.","≪자치통감(資治通鑑)≫에는 효(曉)자 아래에 “신수도상(臣雖圖上) 유수구설(猶須口說) 연후가지(然後可知)라는 열두 글자가 있다.
간(間)은 한(閑)으로 읽으니, 조용하고 한가한 틈에 불러 만나주시기를 원함을 말한 것이다. "
9,자치통감강목6,713,normalization_only,1,1,“임직자위승상(任職者爲丞相)”은 어사대부(御史大夫)가 자신의 직무를 잘 수행하면 승진하여 승상(丞相)이 됨을 말한다.,“임직자위승상(任職者爲丞相)”은 어사대부(御史大夫)가 자신의 직무를 잘 수행하면 승진하여 승상(丞相)이 됨을 말한다. 
9,춘추좌씨전1,49,whitespace_only,10,8,"19년 병오(B.
C.
675) 진선공(秦宣公) 원년이다.
초문왕(楚文王)이 졸하다.
노공자(魯公子) 결(結)이 제후(齊侯)‧송공(宋公)과 견(鄄)에서 결맹하다.
노부인(魯夫人)이 거(莒)로 가다.
제후(諸侯)가 노(魯)를 치다.
주(周)의 오대부(五大夫)가 왕(王)을 공격하니 왕(王)이 온(溫)으로 도망가다.
연군(燕軍)과 위군(衛軍)이 주(周)를 치고서 자퇴(子頹)를 왕(王)으로 세우다.
채애후(蔡哀侯)가 초(楚)에서 졸하다.","19년 병오(B. C. 675) 진선공(秦宣公) 원년이다.
초문왕(楚文王)이 졸하다.
노공자(魯公子) 결(結)이 제후(齊侯)‧송공(宋公)과 견(鄄)에서 결맹하다.
노부인(魯夫人)이 거(莒)로 가다.
제후(諸侯)가 노(魯)를 치다.
주(周)의 오대부(五大夫)가 왕(王)을 공격하니 왕(王)이 온(溫)으로 도망가다.
연군(燕軍)과 위군(衛軍)이 주(周)를 치고서 자퇴(子頹)를 왕(王)으로 세우다.
채애후(蔡哀侯)가 초(楚)에서 졸하다."
9,춘추좌씨전1,71,whitespace_only,8,6,"7년 무진(B.
C.
653) 제인(齊人)이 정(鄭)을 치다.
소주(小邾)가 노(魯)에 와서 조현하다.
정(鄭)이 그 대부(大夫) 신후(申侯)를 죽이다.
노희공(魯僖公)이 제후(諸侯)와 회합하여 영모(寗母)에서 결맹하다.
조백(曹伯) 반(班)이 졸하다.
노(魯) 공자(公子) 우(友)가 제(齊)에 가다.","7년 무진(B. C. 653) 제인(齊人)이 정(鄭)을 치다.
소주(小邾)가 노(魯)에 와서 조현하다.
정(鄭)이 그 대부(大夫) 신후(申侯)를 죽이다.
노희공(魯僖公)이 제후(諸侯)와 회합하여 영모(寗母)에서 결맹하다.
조백(曹伯) 반(班)이 졸하다.
노(魯) 공자(公子) 우(友)가 제(齊)에 가다."
9,춘추좌씨전1,255,whitespace_only,7,5,"26년 임신(B.
C.
469) 위도공(衛悼公) 겸(黚) 원년이다.
노(魯) 숙손서(叔孫舒)가 월(越) 고여(皐如), 송(宋) 악패(樂茷)와 회합하여 위후(衛侯)를 위(衛)로 들여보내려 하였으나 성공하지 못하다.
위(衛)가 공자(公子) 겸(黚)을 임금으로 세우다.
송경공(宋景公)이 졸하고 공자(公子) 계(啓)가 즉위하다.
육경(六卿)이 계(啓)를 축출(逐出)하니 계(啓)가 초(楚)로 도망가다.","26년 임신(B. C. 469) 위도공(衛悼公) 겸(黚) 원년이다.
노(魯) 숙손서(叔孫舒)가 월(越) 고여(皐如), 송(宋) 악패(樂茷)와 회합하여 위후(衛侯)를 위(衛)로 들여보내려 하였으나 성공하지 못하다.
위(衛)가 공자(公子) 겸(黚)을 임금으로 세우다.
송경공(宋景公)이 졸하고 공자(公子) 계(啓)가 즉위하다.
육경(六卿)이 계(啓)를 축출(逐出)하니 계(啓)가 초(楚)로 도망가다."
9,춘추좌씨전2,12,whitespace_only,5,5,"기(杞): 두씨연표(杜氏年表)에 의하면 무공(武公) 11년부터 춘추시대(春秋時代)로 접어들었는데, 노희공(魯僖公) 23년에서야 비로소 기성공(杞成公)의 졸(卒)과 아우 환공(桓公) 고용(姑容)의 즉위를 기재(記載)하였다.
≪사기(史記)≫를 상고하면 무공(武公)‧정공(靖公)‧공공(共公)‧덕공(德公)으로부터 환공(桓公) 고용(姑容)이 즉위하기까지 모두 96년이고, 중간에 성공(成公) 한 대(代)가 없다.
〈세본(世本)〉과 초주(譙周)와 《사기색은(史記索隱)》과 서광(徐廣)의 설(說)에는 또 “혜공(惠公)이 성공(成公)과 환공(桓公)을 낳았다. ”고 하였으니, 《사기(史記)》의 기록과 이름이 서로 다르다.
또 《춘추(春秋)》에 기재(記載)된 노은공(魯隱公) 4년에 기(杞)를 토벌하고, 노환공(魯桓公) 2년에 기후(杞侯)가 와서 조현(朝見)하고, 3년에 환공(桓公)이 기후(杞侯)와 회합(會合)하고,
노장공(魯莊公) 25년에 백희(伯姬)가 기(杞)나라로 시집간 것 등에 대해 전(傳)에 모두 어떤 공(公)(임금)이라고 기록하지 않았으니, 이제는 다만 《좌전(左傳)》에 환공(桓公)이 성공(成公)의 아우라는 설과 〈두씨연표(杜氏年表)〉의 기록을 정설(正說)로 삼을 뿐이다.","기(杞): 두씨연표(杜氏年表)에 의하면 무공(武公) 11년부터 춘추시대(春秋時代)로 접어들었는데, 노희공(魯僖公) 23년에서야 비로소 기성공(杞成公)의 졸(卒)과 아우 환공(桓公) 고용(姑容)의 즉위를 기재(記載)하였다.
≪사기(史記)≫를 상고하면 무공(武公)‧정공(靖公)‧공공(共公)‧덕공(德公)으로부터 환공(桓公) 고용(姑容)이 즉위하기까지 모두 96년이고, 중간에 성공(成公) 한 대(代)가 없다.
〈세본(世本)〉과 초주(譙周)와 《사기색은(史記索隱)》과 서광(徐廣)의 설(說)에는 또 “혜공(惠公)이 성공(成公)과 환공(桓公)을 낳았다. ”고 하였으니, 《사기(史記)》의 기록과 이름이 서로 다르다.
또 《춘추(春秋)》에 기재(記載)된 노은공(魯隱公) 4년에 기(杞)를 토벌하고, 노환공(魯桓公) 2년에 기후(杞侯)가 와서 조현(朝見)하고, 3년에 환공(桓公)이 기후(杞侯)와 회합(會合)하고, 노장공(魯莊公) 25년에 백희(伯姬)가 기(杞)나라로 시집간 것 등에 대해 전(傳)에 모두 어떤 공(公)(임금)이라고 기록하지 않았으니,
이제는 다만 《좌전(左傳)》에 환공(桓公)이 성공(成公)의 아우라는 설과 〈두씨연표(杜氏年表)〉의 기록을 정설(正說)로 삼을 뿐이다."
9,춘추좌씨전5,150,whitespace_only,12,11,"대부(大夫)들이 모여 백유(伯有)와 자석(子晳)의 일을 상의(商議)할 때, 자피(子皮)가 말하기를 “중훼지지(仲虺之志)에 ‘혼란(昏亂)한 짓을 하는 나라는 공격(攻擊)해 취(取)하고 망(亡)할 짓을 하는 나라는 패망(敗亡)시켰다. ’고 하였으니,
망(亡)할 짓을 하는 자를 밀어 넘어뜨리고, 보존(保存)될 일을 하는 자를 공고(鞏固)하게 세워주는 것이 국가(國家)의 이익(利益)이다. ”고 하였다.
한씨(罕氏)‧사씨(駟氏)‧풍씨(豐氏)는 동복형제(同腹兄弟)이고, 백유(伯有)는 〈외로운데다가〉 교만(驕慢)하고 사치(奢侈)하였기 때문에 화난(禍難)을 면(免)하지 못한 것이다.
어떤 사람이 자산(子産)에게 “정직(正直)한 사람을 가까이하고 강대(强大)한 사람을 도우라. ”고 하니,
자산(子産)이 말하기를 “저들이 어찌 나의 무리가 될 수 있겠는가?
국가(國家)의 화난(禍難)을 종지(終止)시킬 사람이 누구인지를 누가 알겠는가?
만약 국정(國政)을 주지(住持)한 자가 강직(彊直)하였다면 화난(禍難)이 생기지 않았을 것이니, 우선 나는 뜻한 바 〈중립(中立)을 지키겠다는 뜻〉를 이루겠다. ”고 하였다.
신축일(辛丑日)에 자산(子産)이 백유씨(伯有氏)의 가족(家族) 중에 죽은 자의 시신(屍身)을 거두어 빈장(殯葬)하고는 대부(大夫)들의 모의(謀議)에 참여(參與)하지 않고서 드디어 정(鄭)나라를 떠나니, 인단(印段)이 그를 따랐다.
자피(子皮)가 〈사람을 보내어〉 떠나는 자산(子産)을 만류(挽留)하게 하자, 대중(大衆)은 “저 사람은 우리를 순종(順從)하지 않는데 무엇 때문에 만류(挽留)하려 하십니까? ”라고 하였다.
그러자 자피(子皮)가 말하기를 “부자(夫子)(자산(子産))는 죽은 자에게도 예(禮)를 행(行)하는데 하물며 산 자에게야 말할 것이 있겠는가? ”고 하고서, 드디어 자신(自身)이 직접 가서 만류(挽留)하였다.
임인일(壬寅日)에 자산(子産)이 들어오고, 계묘일(癸卯日)에 자석(子石)(인단(印段))이 들어와서 모두 자석씨(子晳氏)의 집에서 맹약(盟約)을 접수(接受)하였다.
을사일(乙巳日)에 정백(鄭伯)이 그 대부(大夫)들과 대궁(大宮)에서 결맹(結盟)하고 국인(國人)들과 사지량(師之梁) 밖에서 결맹(結盟)하였다.","대부(大夫)들이 모여 백유(伯有)와 자석(子晳)의 일을 상의(商議)할 때, 자피(子皮)가 말하기를 “중훼지지(仲虺之志)에 ‘혼란(昏亂)한 짓을 하는 나라는 공격(攻擊)해 취(取)하고 망(亡)할 짓을 하는 나라는 패망(敗亡)시켰다. ’고 하였으니,
망(亡)할 짓을 하는 자를 밀어 넘어뜨리고, 보존(保存)될 일을 하는 자를 공고(鞏固)하게 세워주는 것이 국가(國家)의 이익(利益)이다. ”고 하였다.
한씨(罕氏)‧사씨(駟氏)‧풍씨(豐氏)는 동복형제(同腹兄弟)이고, 백유(伯有)는 〈외로운데다가〉 교만(驕慢)하고 사치(奢侈)하였기 때문에 화난(禍難)을 면(免)하지 못한 것이다.
어떤 사람이 자산(子産)에게 “정직(正直)한 사람을 가까이하고 강대(强大)한 사람을 도우라. ”고 하니, 자산(子産)이 말하기를 “저들이 어찌 나의 무리가 될 수 있겠는가?
국가(國家)의 화난(禍難)을 종지(終止)시킬 사람이 누구인지를 누가 알겠는가?
만약 국정(國政)을 주지(住持)한 자가 강직(彊直)하였다면 화난(禍難)이 생기지 않았을 것이니, 우선 나는 뜻한 바 〈중립(中立)을 지키겠다는 뜻〉를 이루겠다. ”고 하였다.
신축일(辛丑日)에 자산(子産)이 백유씨(伯有氏)의 가족(家族) 중에 죽은 자의 시신(屍身)을 거두어 빈장(殯葬)하고는 대부(大夫)들의 모의(謀議)에 참여(參與)하지 않고서 드디어 정(鄭)나라를 떠나니, 인단(印段)이 그를 따랐다.
자피(子皮)가 〈사람을 보내어〉 떠나는 자산(子産)을 만류(挽留)하게 하자, 대중(大衆)은 “저 사람은 우리를 순종(順從)하지 않는데 무엇 때문에 만류(挽留)하려 하십니까? ”라고 하였다.
그러자 자피(子皮)가 말하기를 “부자(夫子)(자산(子産))는 죽은 자에게도 예(禮)를 행(行)하는데 하물며 산 자에게야 말할 것이 있겠는가? ”고 하고서, 드디어 자신(自身)이 직접 가서 만류(挽留)하였다.
임인일(壬寅日)에 자산(子産)이 들어오고, 계묘일(癸卯日)에 자석(子石)(인단(印段))이 들어와서 모두 자석씨(子晳氏)의 집에서 맹약(盟約)을 접수(接受)하였다.
을사일(乙巳日)에 정백(鄭伯)이 그 대부(大夫)들과 대궁(大宮)에서 결맹(結盟)하고 국인(國人)들과 사지량(師之梁) 밖에서 결맹(結盟)하였다."
9,춘추좌씨전6,21,whitespace_only,10,10,"진후(晉侯)(평공(平公))가 사조(史趙)에게 “진(陳)나라가 드디어 멸망(滅亡)할 것인가? ”라고 묻자, 사조(史趙)가 “망(亡)하지 않을 것입니다. ”고 대답하였다.
평공(平公)이 “무슨 까닭이냐? ”라고 묻자, 사조(史趙)는 다음과 같이 대답하였다. “진(陳)나라는 전욱(顓頊)의 후예(後裔)입니다.
세성(歲星)이 순화(鶉火)에 있을 때에 전욱씨(顓頊氏)가 마침내 멸망(滅亡)하였으니, 진(陳)나라도 장차 그와 같이 될 것입니다.
지금 세성(歲星)이 석목(析木)의 나루에 있으니 오히려 장차 다시 움이 돋을 것입니다.
그리고 또 진씨(陳氏)가 제(齊)나라에서 정권(政權)을 잡은 뒤에야 진(陳)나라가 마침내 멸망(滅亡)할 것입니다.
막(幕)으로부터 고수(瞽瞍)에 이르기까지 천명(天命)을 어긴 이가 없었고, 순(舜)이 거듭 밝은 덕(德)을 가졌으므로 그 덕(德)이 수(遂)에게 이르러서 〈은(殷)나라에 의해 제후(諸侯)로 봉(封)해졌습니다. 〉
수(遂)의 후손(後孫)이 대대로 그 덕(德)을 지키니 호공불음(胡公不淫)에 미쳐 〈주(周)나라에 의해 진(陳)나라에 봉(封)해졌습니다. 〉
그러므로 주(周)나라가 호공(胡公)에게 성(姓)을 하사(下賜)하고 우제(虞帝)(순(舜))의 제사(祭祀)를 받들게 하였습니다.
신(臣)이 듣건대 성대(盛大)한 덕(德)을 가진 분은 백세(百世) 동안 제사(祭祀)를 받는다고 하는데, 우순(虞舜)의 대수(代數)가 아직 백세(百世)가 되지 않았으니, 그 제사(祭祀)를 계승(繼承)해 지키는 일이 아마도 제(齊)나라에 있을 것입니다.
이미 그 조짐이 있습니다. ”","진후(晉侯)(평공(平公))가 사조(史趙)에게 “진(陳)나라가 드디어 멸망(滅亡)할 것인가? ”라고 묻자, 사조(史趙)가 “망(亡)하지 않을 것입니다. ”고 대답하였다.
평공(平公)이 “무슨 까닭이냐? ”라고 묻자, 사조(史趙)는 다음과 같이 대답하였다.
“진(陳)나라는 전욱(顓頊)의 후예(後裔)입니다.
세성(歲星)이 순화(鶉火)에 있을 때에 전욱씨(顓頊氏)가 마침내 멸망(滅亡)하였으니, 진(陳)나라도 장차 그와 같이 될 것입니다.
지금 세성(歲星)이 석목(析木)의 나루에 있으니 오히려 장차 다시 움이 돋을 것입니다.
그리고 또 진씨(陳氏)가 제(齊)나라에서 정권(政權)을 잡은 뒤에야 진(陳)나라가 마침내 멸망(滅亡)할 것입니다.
막(幕)으로부터 고수(瞽瞍)에 이르기까지 천명(天命)을 어긴 이가 없었고, 순(舜)이 거듭 밝은 덕(德)을 가졌으므로 그 덕(德)이 수(遂)에게 이르러서 〈은(殷)나라에 의해 제후(諸侯)로 봉(封)해졌습니다. 〉 수(遂)의 후손(後孫)이 대대로 그 덕(德)을 지키니 호공불음(胡公不淫)에 미쳐 〈주(周)나라에 의해 진(陳)나라에 봉(封)해졌습니다. 〉
그러므로 주(周)나라가 호공(胡公)에게 성(姓)을 하사(下賜)하고 우제(虞帝)(순(舜))의 제사(祭祀)를 받들게 하였습니다.
신(臣)이 듣건대 성대(盛大)한 덕(德)을 가진 분은 백세(百世) 동안 제사(祭祀)를 받는다고 하는데, 우순(虞舜)의 대수(代數)가 아직 백세(百世)가 되지 않았으니, 그 제사(祭祀)를 계승(繼承)해 지키는 일이 아마도 제(齊)나라에 있을 것입니다.
이미 그 조짐이 있습니다. ”"
9,춘추좌씨전8,52,whitespace_only,6,5,"위후(衛侯)가 언무자(鄢武子)를 보내어 주왕(周王)에게 고(告)하기를 “괴외(蒯聵)가 군부(君父)와 군모(君母)께 죄(罪)를 얻어 진(晉)나라로 도망가니 진(晉)나라는 왕실(王室)이란 이유로 형제(兄弟)를 버리지 않고 괴외(蒯聵)를 하상(河上)에 안치하였습니다.
하늘이 보우(保佑)하사 군위(君位)를 계승(繼承)하여 봉지(封地)를 지키게 되었으니, 하신(下臣) 힐(肸)을 보내어 감히 집사(執事)에게 고(告)하나이다. ”라고 하니,
천왕(天王)이 단평공(單平公)을 보내어 대답하기를 “힐(肸)은 좋은 소식을 가지고 와서 나에게 고(告)하였도다.
돌아가서 숙부(叔父)(위후(衛侯))에게 ‘나는 네가 선세(先世)를 계승(繼承)한 것을 아름답게 여겨 너의 군록(君祿)과 군위(君位)를 회복시키노니 공경할지어다.
그래야 하늘의 복록(福祿)을 보유(保有)할 것이다.
공경하지 않으면 하늘은 복록(福祿)을 주지 않을 것이니 후회한들 어찌 미칠 수 있겠는가? ’라고 이르라. ”고 하였다.","위후(衛侯)가 언무자(鄢武子)를 보내어 주왕(周王)에게 고(告)하기를 “괴외(蒯聵)가 군부(君父)와 군모(君母)께 죄(罪)를 얻어 진(晉)나라로 도망가니 진(晉)나라는 왕실(王室)이란 이유로 형제(兄弟)를 버리지 않고 괴외(蒯聵)를 하상(河上)에 안치하였습니다.
하늘이 보우(保佑)하사 군위(君位)를 계승(繼承)하여 봉지(封地)를 지키게 되었으니, 하신(下臣) 힐(肸)을 보내어 감히 집사(執事)에게 고(告)하나이다. ”라고 하니, 천왕(天王)이 단평공(單平公)을 보내어 대답하기를 “힐(肸)은 좋은 소식을 가지고 와서 나에게 고(告)하였도다.
돌아가서 숙부(叔父)(위후(衛侯))에게 ‘나는 네가 선세(先世)를 계승(繼承)한 것을 아름답게 여겨 너의 군록(君祿)과 군위(君位)를 회복시키노니 공경할지어다.
그래야 하늘의 복록(福祿)을 보유(保有)할 것이다.
공경하지 않으면 하늘은 복록(福祿)을 주지 않을 것이니 후회한들 어찌 미칠 수 있겠는가? ’라고 이르라. ”고 하였다."
10,당송팔대가문초구양수1,203,whitespace_only,5,6,"신이 지금의 현실을 보건대, 다만 잘못된 것만을 보겠고 옳은 것은 보지 못하겠습니다.
원컨대 폐하께서는 온갖 정무에 근심하고 노고하시며 어진 이를 등용하고 선(善)을 받아들임을 늘 요즈음처럼 하여, 안일한 마음을 내지 마소서.
그렇게 하시면 2, 3년 사이에 점차 잘 다스려지기를 기약할 수 있을 것입니다.
만약 전일의 도적 장해(張海) 등이 다소 쇠미해졌다고 하여 대뜸 후일의 도적은 근심할 게 못 된다고 하고, 경사(京師) 근방에 눈이 내렸다고 하여 대뜸 천하에 대풍(大豐)이 들 것이라 하며,
북로(北虜)가 아직 쳐들어오지 않은 것을 물끄러미 바라보고서 대뜸 반드시 일이 없을 것이라 하고, 서적(西賊)이 사신을 왕래하는 것을 보고 대뜸 전쟁 대비를 그만두어도 될 것이라 하면서, 태평을 손꼽아 바라고 점차 안일한 마음을 내신다면 이 상서로운 나무가 바로 일을 그르치는 요망한 나무가 될 것입니다.","신이 지금의 현실을 보건대, 다만 잘못된 것만을 보겠고 옳은 것은 보지 못하겠습니다.
원컨대 폐하께서는 온갖 정무에 근심하고 노고하시며 어진 이를 등용하고 선(善)을 받아들임을 늘 요즈음처럼 하여, 안일한 마음을 내지 마소서.
그렇게 하시면 2, 3년 사이에 점차 잘 다스려지기를 기약할 수 있을 것입니다.
만약 전일의 도적 장해(張海) 등이 다소 쇠미해졌다고 하여 대뜸 후일의 도적은 근심할 게 못 된다고 하고, 경사(京師) 근방에 눈이 내렸다고 하여 대뜸 천하에 대풍(大豐)이 들 것이라 하며,
북로(北虜)가 아직 쳐들어오지 않은 것을 물끄러미 바라보고서 대뜸 반드시 일이 없을 것이라 하고, 서적(西賊)이 사신을 왕래하는 것을 보고 대뜸 전쟁 대비를 그만두어도 될 것이라 하면서,
태평을 손꼽아 바라고 점차 안일한 마음을 내신다면 이 상서로운 나무가 바로 일을 그르치는 요망한 나무가 될 것입니다."
10,당송팔대가문초구양수3,25,whitespace_only,5,6,"자미(子美)의 나이는 나보다 적으나 내가 고문을 배운 것은 도리어 그보다 뒤이다.
천성(天聖) 연간에 나는 진사시(進士試)에 참여하도록 유사(有司)에게 천거되어 〈경사(京師)에 가서〉 보니, 당시의 학자들이 언어(言語)‧성운(聲韻)과 대우(對偶)‧전고(典故) 등에 힘을 쏟아 시문(時文)이라 하면서 서로 자랑하였는데, 자미(子美)만은 그의 형 재옹(才翁)‧목참군(穆參軍) 백장(伯長)과 함께 고시가(古詩謌)와 잡문(雜文)을 지었다.
당시 사람들은 대부분 이를 비웃었지만 자미(子美)는 아랑곳하지 않았다.
그 뒤에 천자(天子)가 시문(時文)의 풍조에 대한 폐단을 걱정하여 조서(詔書)를 내려 학자들에게 고문(古文)에 가깝게 글을 쓰도록 면려하니, 이를 계기로 시문(時文)의 풍조는 차츰 사라지고 학자들은 차츰 고문으로 나아가게 되었다.
그런데 유독 자미(子美)만은 온 세상이 하지 않았던 시기에 시종일관 스스로 지켜 세속의 호오(好惡)에 휩쓸리지 않았으니, 이른바 특립독행(特立獨行)한 선비라 이를 만하다.","자미(子美)의 나이는 나보다 적으나 내가 고문을 배운 것은 도리어 그보다 뒤이다.
천성(天聖) 연간에 나는 진사시(進士試)에 참여하도록 유사(有司)에게 천거되어 〈경사(京師)에 가서〉 보니, 당시의 학자들이 언어(言語)‧성운(聲韻)과 대우(對偶)‧전고(典故) 등에 힘을 쏟아 시문(時文)이라 하면서 서로 자랑하였는데,
자미(子美)만은 그의 형 재옹(才翁)‧목참군(穆參軍) 백장(伯長)과 함께 고시가(古詩謌)와 잡문(雜文)을 지었다.
당시 사람들은 대부분 이를 비웃었지만 자미(子美)는 아랑곳하지 않았다.
그 뒤에 천자(天子)가 시문(時文)의 풍조에 대한 폐단을 걱정하여 조서(詔書)를 내려 학자들에게 고문(古文)에 가깝게 글을 쓰도록 면려하니, 이를 계기로 시문(時文)의 풍조는 차츰 사라지고 학자들은 차츰 고문으로 나아가게 되었다.
그런데 유독 자미(子美)만은 온 세상이 하지 않았던 시기에 시종일관 스스로 지켜 세속의 호오(好惡)에 휩쓸리지 않았으니, 이른바 특립독행(特立獨行)한 선비라 이를 만하다."
10,당송팔대가문초구양수3,349,whitespace_only,2,41,"명(銘)은 다음과 같다.
혁혁한 위공(魏公)은 우리 진종(眞宗)을 보필하시니 엄숙한 진묘(眞廟)에 위공(魏公)께서 배식(配食)하고 계시는도다 공이 진종을 보필할 적에 말이 아니라 몸으로 보이셨네 눈앞에 대사(大事)가 있고 일에 큰 의문이 있으면 거북점이나 시초점 치지 않고 공이 시귀(蓍龜)가 되었네 공이 재상의 자리에 있을 적에 종일토록 말없는 듯했는데 이적(夷狄)에 대해 물으면 무기를 내려놓게 되었고 경사(卿士)에 대해 물으면 백관들이 제 직분을 얻었으며 서민(庶民)에 대해 물으면 밭 갈고 베를 짜서 의식이 흡족하였네 재상이 상벌(賞罰)을 시행하니 공(功)이 합당하고 죄(罪)가 엄명(嚴明)하며 재상이 출승(黜升)을 시행하니 무능한 이 내치고 유능한 이 올렸네 그 저울을 잡음에 만물을 공평하게 대하였어라 누군들 임금 섬기지 않으랴마는 어찌 임금에게 반드시 신뢰를 받을 수 있겠으며 누군들 재상 되지 않으랴마는 그 누가 마무리를 잘할 수 있겠는가 공은 재임 중에 돌아가셨으니 높디높은 태위(太尉)의 자리라네 천자(인종(仁宗))께서 효성스러운 생각에 종묘(宗廟)에 와서 제향을 올리시니 우리 종묘에 배향될 이는 오직 이 원로(元老)뿐이로다 천자께서 공을 생각하시니 공에게 융숭하게 보답하시네 봄가을로 함께 제향하여 영원토록 무궁하리로다 가시(歌詩)를 지어 올려서 종묘의 악공(樂工)에게 알리노라","명(銘)은 다음과 같다.
혁혁한 위공(魏公)은
우리 진종(眞宗)을 보필하시니
엄숙한 진묘(眞廟)에
위공(魏公)께서 배식(配食)하고 계시는도다
공이 진종을 보필할 적에
말이 아니라 몸으로 보이셨네
눈앞에 대사(大事)가 있고
일에 큰 의문이 있으면
거북점이나 시초점 치지 않고
공이 시귀(蓍龜)가 되었네
공이 재상의 자리에 있을 적에
종일토록 말없는 듯했는데
이적(夷狄)에 대해 물으면
무기를 내려놓게 되었고
경사(卿士)에 대해 물으면
백관들이 제 직분을 얻었으며
서민(庶民)에 대해 물으면
밭 갈고 베를 짜서 의식이 흡족하였네
재상이 상벌(賞罰)을 시행하니
공(功)이 합당하고 죄(罪)가 엄명(嚴明)하며
재상이 출승(黜升)을 시행하니
무능한 이 내치고 유능한 이 올렸네
그 저울을 잡음에
만물을 공평하게 대하였어라
누군들 임금 섬기지 않으랴마는
어찌 임금에게 반드시 신뢰를 받을 수 있겠으며
누군들 재상 되지 않으랴마는
그 누가 마무리를 잘할 수 있겠는가
공은 재임 중에 돌아가셨으니
높디높은 태위(太尉)의 자리라네
천자(인종(仁宗))께서 효성스러운 생각에
종묘(宗廟)에 와서 제향을 올리시니
우리 종묘에 배향될 이는
오직 이 원로(元老)뿐이로다
천자께서 공을 생각하시니
공에게 융숭하게 보답하시네
봄가을로 함께 제향하여
영원토록 무궁하리로다
가시(歌詩)를 지어 올려서
종묘의 악공(樂工)에게 알리노라"
10,당송팔대가문초구양수4,241,whitespace_only,8,9,"우인(友人) 노릉(盧陵) 구양수(歐陽脩)가 시(詩)를 지어 선생을 곡(哭)하면서 ‘저 비방하는 화염이 사라지기를 기다린 뒤라야 선생의 도가 밝아질 것이다. ’라고 하였다.
선생이 세상을 떠나자 처자(妻子)가 추위와 배고픔을 스스로 해결할 수 없게 되었는데, 지금의 승상 한공(韓公)과 하양(河陽) 부공(富公)(부필(富弼))이 녹봉을 나눠 밭을 매입해주어 생활할 수 있게 해주었다.
21년 뒤에 선생의 집안에서 비로소 모소(某所)에 선생을 장사 지냈다.
장사를 치르려 할 때에 선생의 아들 사눌(師訥)이 선생의 문인(門人) 강잠(姜潛), 두묵(杜默), 서둔(徐遁) 등과 함께 나를 찾아와 말하기를 “선생을 비방하던 화염이 사라졌으니, 선생의 빛을 드러내도 될 것입니다.
감히 명(銘)을 청합니다. ”라고 하였다.
내가 말하기를 “나의 시에 말하지 않았던가.
‘그대의 도는 절로 오래 전해지리’라고.
그러니 나의 명(銘)이 어찌 필요하겠는가. ”라고 하니, 서둔(徐遁) 등이 말하기를 “비록 그렇지만 노(魯) 지역 사람들이 바라는 것입니다. ”라고 하거늘 이에 명(銘)을 짓는다.","우인(友人) 노릉(盧陵) 구양수(歐陽脩)가 시(詩)를 지어 선생을 곡(哭)하면서 ‘저 비방하는 화염이 사라지기를 기다린 뒤라야 선생의 도가 밝아질 것이다. ’라고 하였다. 
선생이 세상을 떠나자 처자(妻子)가 추위와 배고픔을 스스로 해결할 수 없게 되었는데, 지금의 승상 한공(韓公)과 하양(河陽) 부공(富公)(부필(富弼))이 녹봉을 나눠 밭을 매입해주어 생활할 수 있게 해주었다.
21년 뒤에 선생의 집안에서 비로소 모소(某所)에 선생을 장사 지냈다.
장사를 치르려 할 때에 선생의 아들 사눌(師訥)이 선생의 문인(門人) 강잠(姜潛), 두묵(杜默), 서둔(徐遁) 등과 함께 나를 찾아와 말하기를 “선생을 비방하던 화염이 사라졌으니, 선생의 빛을 드러내도 될 것입니다.
감히 명(銘)을 청합니다. ”라고 하였다. 
내가 말하기를 “나의 시에 말하지 않았던가.
‘그대의 도는 절로 오래 전해지리’라고. 
그러니 나의 명(銘)이 어찌 필요하겠는가. ”라고 하니,  서둔(徐遁) 등이 말하기를 “비록 그렇지만 노(魯) 지역 사람들이 바라는 것입니다. ”라고 하거늘
이에 명(銘)을 짓는다."
10,당송팔대가문초구양수4,546,whitespace_only,11,11,"묘지(墓誌)에서 “사로(師魯)가 병법(兵法) 논하기를 좋아한다.
喜” 라고 하였는데, 병법을 논하는 일은 유자(儒者)의 지엽적인 일이나 좋아한다喜고 말해도 나쁠 것은 없다.
喜라는 것은 장난친다는 뜻인 희희(嬉戲)의 戲가 아니니, 喜라는 것은 좋아한다는好 뜻이다.
군자(君子)는 본디 좋아하는 것이 있다.
공자(孔子)께서 안회(顔回)는 학문을 좋아한다［好學］고 말씀하셨으니 어찌 이것이 안회(顔回)를 가볍게 본 것이겠는가.
뒤에 태어난 소자(小子)가 사우(師友)를 통하지 않고 자기 의견을 맘대로 말한다면 어찌 족히 들을 게 있겠는가.
내가 보건대, 한퇴지(韓退之)가 맹교(孟郊)에게 준 연구(聯句)는 맹교(孟郊)의 시(詩)와 흡사하고 번종사(樊宗師)에게 지어준 묘지(墓誌)는 번종사(樊宗師)의 문장과 흡사하였으니, 한퇴지(韓退之)가 이와 같이 그들을 흠모(欽慕)하였던 것이다.
그래서 사로(師魯)의 묘지(墓誌)를 지을 때 용의(用意)가 특히 깊었고 글이 간결(簡潔)하였던 것이니 사로(師魯)가 문장이 간결(簡潔)하면서도 의사(意思)가 심장(深長)하였다.
또 생각해보건대, 내가 평소 글을 지으면 오직 사로(師魯)가 한번 보고는 책을 펴고 빠르게 읽어 다섯 줄을 함께 내려가면서 저자의 깊은 의중을 바로 알았다.
이로 인해 죽은 사로(師魯)가 앎이 있다면 반드시 내 이 글을 받을 것이라고 생각하였던 것이다.
이것은 내가 세상을 떠난 벗을 위로하는 것일 뿐이니, 어찌 소자(小子) 무리들을 고려하겠는가.","묘지(墓誌)에서 “사로(師魯)가 병법(兵法) 논하기를 좋아한다. 喜” 라고 하였는데, 
병법을 논하는 일은 유자(儒者)의 지엽적인 일이나 좋아한다喜고 말해도 나쁠 것은 없다.
喜라는 것은 장난친다는 뜻인 희희(嬉戲)의 戲가 아니니, 喜라는 것은 좋아한다는好 뜻이다.
군자(君子)는 본디 좋아하는 것이 있다.
공자(孔子)께서 안회(顔回)는 학문을 좋아한다［好學］고 말씀하셨으니 어찌 이것이 안회(顔回)를 가볍게 본 것이겠는가.
뒤에 태어난 소자(小子)가 사우(師友)를 통하지 않고 자기 의견을 맘대로 말한다면 어찌 족히 들을 게 있겠는가.
내가 보건대, 한퇴지(韓退之)가 맹교(孟郊)에게 준 연구(聯句)는 맹교(孟郊)의 시(詩)와 흡사하고 번종사(樊宗師)에게 지어준 묘지(墓誌)는 번종사(樊宗師)의 문장과 흡사하였으니, 한퇴지(韓退之)가 이와 같이 그들을 흠모(欽慕)하였던 것이다.
그래서 사로(師魯)의 묘지(墓誌)를 지을 때 용의(用意)가 특히 깊었고 글이 간결(簡潔)하였던 것이니 사로(師魯)가 문장이 간결(簡潔)하면서도 의사(意思)가 심장(深長)하였다.
또 생각해보건대, 내가 평소 글을 지으면 오직 사로(師魯)가 한번 보고는 책을 펴고 빠르게 읽어 다섯 줄을 함께 내려가면서 저자의 깊은 의중을 바로 알았다.
이로 인해 죽은 사로(師魯)가 앎이 있다면 반드시 내 이 글을 받을 것이라고 생각하였던 것이다. 
이것은 내가 세상을 떠난 벗을 위로하는 것일 뿐이니, 어찌 소자(小子) 무리들을 고려하겠는가."
10,당송팔대가문초소순1,188,whitespace_only,8,9,"다섯 가지는 서로 경쟁하는 음험(陰險)하고 사벽(邪辟)한 의논이다.
비록 그러하지만 충신(忠臣)에게 펴면 충분히 성공(成功)한다.
어째서인가?
이치(理致)로 깨우치면 임금이 비록 혼매하다 해도 반드시 깨달으며, 형세(形勢)로 금하면 임금이 비록 교만하다 해도 반드시 두려워하고, 이익(利益)으로 꾀면 임금이 비록 게으르다 해도 반드시 분발하고, 격동(激動)하여 노하게 하면 임금이 비록 나약하다 해도 반드시 서며, 은유(隱喩)로 풍간(諷諫)하면 임금이 비록 사납다 해도 반드시 포용하게 된다.
깨달으면 밝아지고, 두려워하면 공손해지고, 분발하면 부지런해지고, 서면 용감해지며, 포용하게 되면 너그러워진다.
임금을 성군(聖君)으로 만드는 도(道)가 모두 여기에 있다.
내가 옛 신하들을 보건대, 말을 했다 하면 반드시 따르고 이치를 펴면 반드시 이룸은 당(唐)나라의 위정공(魏鄭公) 같은 사람이 없었으니, 그 처음에는 사실 종횡(縱橫)의 설(說)을 배웠다.
이것이 이른바 그 기술을 얻은 것이리라.","다섯 가지는 서로 경쟁하는 음험(陰險)하고 사벽(邪辟)한 의논이다.
비록 그러하지만 충신(忠臣)에게 펴면 충분히 성공(成功)한다.
어째서인가?
이치(理致)로 깨우치면 임금이 비록 혼매하다 해도 반드시 깨달으며, 형세(形勢)로 금하면 임금이 비록 교만하다 해도 반드시 두려워하고,
이익(利益)으로 꾀면 임금이 비록 게으르다 해도 반드시 분발하고, 격동(激動)하여 노하게 하면 임금이 비록 나약하다 해도 반드시 서며, 은유(隱喩)로 풍간(諷諫)하면 임금이 비록 사납다 해도 반드시 포용하게 된다.
깨달으면 밝아지고, 두려워하면 공손해지고, 분발하면 부지런해지고, 서면 용감해지며, 포용하게 되면 너그러워진다.
임금을 성군(聖君)으로 만드는 도(道)가 모두 여기에 있다.
내가 옛 신하들을 보건대, 말을 했다 하면 반드시 따르고 이치를 펴면 반드시 이룸은 당(唐)나라의 위정공(魏鄭公) 같은 사람이 없었으니, 그 처음에는 사실 종횡(縱橫)의 설(說)을 배웠다.
이것이 이른바 그 기술을 얻은 것이리라."
10,당송팔대가문초소식1,164,whitespace_only,8,8,"지난번에 학교(學校) 공거(貢擧)의 의논에 참여했을 적에 신(臣)이 첫 번째로 대신(大臣)(왕안석(王安石))의 본의(本意)을 어기고는 귀양 가고 쫓겨날 것을 이미 예상하고 있었으니, 감히 스스로 온전하기를 바랐겠습니까?
그런데도 폐하께서 홀로 신(臣)의 말을 옳게 여기셔서 곡진하게 소대(召對)해주시어 오랫동안 간곡하게 말씀하셨고, 심지어는 신(臣)에게 이르시기를 “지금 정령(政令)의 잘잘못이 어디에 있는가?
비록 짐의 과실이라도 솔직히 지적하여 아뢰는 것이 가(可)하다. ”라고 하셨습니다.
신(臣)이 즉시 대답하기를 “폐하께서는 생이지지(生而知之)의 성품(자질)으로 하늘이 내신 문무겸전(文武兼全)의 재주이시니, 밝지 못함이 염려가 되지 않고 부지런하지 못함이 염려가 되지 않고 결단하지 못함이 염려가 되지 않고,
다만 다스림을 너무 급히 바라시고 사람을 등용하기를 너무 빨리하시고 남의 말을 듣기를 너무 널리 하시는 것이 문제가 됩니다. ”라고 하였습니다.
그러자 폐하께서는 또다시 신(臣)으로 하여금 상황이 이렇게 되는 이유를 자세히 진술하게 하시고, 턱을 끄덕이며 말씀하시기를 “경이 올린 세 가지 말을 짐이 마땅히 익숙히 생각해보겠다. ”라고 하셨습니다.
신(臣)의 미치고 어리석은 짓이 비단 오늘뿐만이 아닌데도 폐하께서 포용하신 지가 오래되었으니, 어찌 처음에는 포용하셨다가 끝에는 용서하지 않으실 리가 있겠습니까?
신(臣)이 이것을 믿고 말씀드리기 때문에 두려워하지 않는 것입니다.","지난번에 학교(學校) 공거(貢擧)의 의논에 참여했을 적에 신(臣)이 첫 번째로 대신(大臣)(왕안석(王安石))의 본의(本意)을 어기고는 귀양 가고 쫓겨날 것을 이미 예상하고 있었으니, 감히 스스로 온전하기를 바랐겠습니까?
그런데도 폐하께서 홀로 신(臣)의 말을 옳게 여기셔서 곡진하게 소대(召對)해주시어 오랫동안 간곡하게 말씀하셨고, 심지어는 신(臣)에게 이르시기를 “지금 정령(政令)의 잘잘못이 어디에 있는가?
비록 짐의 과실이라도 솔직히 지적하여 아뢰는 것이 가(可)하다. ”라고 하셨습니다.
신(臣)이 즉시 대답하기를 “폐하께서는 생이지지(生而知之)의 성품(자질)으로 하늘이 내신 문무겸전(文武兼全)의 재주이시니,
밝지 못함이 염려가 되지 않고 부지런하지 못함이 염려가 되지 않고 결단하지 못함이 염려가 되지 않고, 다만 다스림을 너무 급히 바라시고 사람을 등용하기를 너무 빨리하시고 남의 말을 듣기를 너무 널리 하시는 것이 문제가 됩니다. ”라고 하였습니다.
그러자 폐하께서는 또다시 신(臣)으로 하여금 상황이 이렇게 되는 이유를 자세히 진술하게 하시고, 턱을 끄덕이며 말씀하시기를 “경이 올린 세 가지 말을 짐이 마땅히 익숙히 생각해보겠다. ”라고 하셨습니다.
신(臣)의 미치고 어리석은 짓이 비단 오늘뿐만이 아닌데도 폐하께서 포용하신 지가 오래되었으니, 어찌 처음에는 포용하셨다가 끝에는 용서하지 않으실 리가 있겠습니까?
신(臣)이 이것을 믿고 말씀드리기 때문에 두려워하지 않는 것입니다."
10,당송팔대가문초소식2,74,whitespace_only,7,8,"지난해 항주(杭州)의 쌀값은 매 1두(斗)마다 8, 9십 전(錢)에 이르렀다가 금년 정월 이래로 날마다 점점 값이 내렸는데, 5, 6월 사이에 절서(浙西)의 몇 고을에 큰 비가 멈추지 않아서 태호(太湖)가 범람하여 곳곳마다 농사를 망치게 되자, 6월초 사이에 쌀값이 다시 올라서 7월초에는 쌀값이 두(斗)당 족맥(足陌) 백 전(錢)에 이르렀습니다.
현재 햅쌀이 이미 나왔으나 상평창(常平倉)의 방출을 감히 멈추지 못하니, 재상(災傷)의 형편이 지난해보다 심한 듯합니다.
어째서이겠습니까?
지난해의 재상(災傷)은 사람이 처음 병들 때와 같고 금년의 재상(災傷)은 병이 재발한 것과 같으니, 병의 증상은 비록 똑같으나 기력이 쇠약해져서 지탱하기가 어려울 듯합니다.
또 봄과 여름 사이에 비가 고르게 내리자, 절강(浙江) 지방 사람들은 풍년이 들 것을 미리 기뻐하여 집집마다 전당을 잡히고 물건을 팔며 이식을 주고 빚을 내어서 전지의 농사를 일삼았습니다.
수차로 물을 퍼 올리고 제방을 쌓아서 높은 지역과 낮은 지역이 모두 이와 같이 농사를 지어, 본전을 계산하면 이미 많았습니다.
이에 날짜를 꼽으며 곡식이 익기를 기다리고 있었는데, 큰비와 풍랑이 일어 일거에 곡식을 망치니, 백성들이 곤궁하고 고통스러움이 실로 작년의 곱절이 됩니다.","지난해 항주(杭州)의 쌀값은 매 1두(斗)마다 8, 9십 전(錢)에 이르렀다가 금년 정월 이래로 날마다 점점 값이 내렸는데,
5, 6월 사이에 절서(浙西)의 몇 고을에 큰 비가 멈추지 않아서 태호(太湖)가 범람하여 곳곳마다 농사를 망치게 되자, 6월초 사이에 쌀값이 다시 올라서 7월초에는 쌀값이 두(斗)당 족맥(足陌) 백 전(錢)에 이르렀습니다.
현재 햅쌀이 이미 나왔으나 상평창(常平倉)의 방출을 감히 멈추지 못하니, 재상(災傷)의 형편이 지난해보다 심한 듯합니다.
어째서이겠습니까?
지난해의 재상(災傷)은 사람이 처음 병들 때와 같고 금년의 재상(災傷)은 병이 재발한 것과 같으니, 병의 증상은 비록 똑같으나 기력이 쇠약해져서 지탱하기가 어려울 듯합니다.
또 봄과 여름 사이에 비가 고르게 내리자, 절강(浙江) 지방 사람들은 풍년이 들 것을 미리 기뻐하여 집집마다 전당을 잡히고 물건을 팔며 이식을 주고 빚을 내어서 전지의 농사를 일삼았습니다.
수차로 물을 퍼 올리고 제방을 쌓아서 높은 지역과 낮은 지역이 모두 이와 같이 농사를 지어, 본전을 계산하면 이미 많았습니다.
이에 날짜를 꼽으며 곡식이 익기를 기다리고 있었는데, 큰비와 풍랑이 일어 일거에 곡식을 망치니, 백성들이 곤궁하고 고통스러움이 실로 작년의 곱절이 됩니다."
10,당송팔대가문초소철2,137,whitespace_only,5,6,"그러나 현종(玄宗)이 바야흐로 송경(宋璟)을 임용하였으나 우문융(宇文融)이 괄전(括田)으로써 현종(玄宗)의 총애를 받아 갑자기 재상(宰相)에 이르렀고, 뒤에 비록 공론에 의해 파직되어 갔지만,
현종(玄宗)은 그에 대한 생각이 계속 떠오르자, 재상(宰相)들에게 말하기를 “공들이 우문융(宇文融)의 악한 점을 폭로해서 짐(朕)이 이미 그를 죄주었지만, 국가 재용(財用)이 부족하거늘 장차 어떻게 하겠는가? ”라고 하니, 배광정(裴光庭) 등은 답변하지 못하였다.
우문융(宇文融)이 이미 죽자 이익을 말하는 자들이 앞을 다투어 진출하였다.
위견(韋堅)․양신긍(楊愼矜)․왕홍(王鉷)은 날마다 더욱 심하게 굴었고, 양국충(楊國忠)에 이르러 취렴(聚斂)이 극심하였다.
그러므로 천보(天寶)의 난(亂)에 해내(海內)가 분열되어 다시 통합할 수 없었다.","그러나 현종(玄宗)이 바야흐로 송경(宋璟)을 임용하였으나 우문융(宇文融)이 괄전(括田)으로써 현종(玄宗)의 총애를 받아 갑자기 재상(宰相)에 이르렀고,
뒤에 비록 공론에 의해 파직되어 갔지만, 현종(玄宗)은 그에 대한 생각이 계속 떠오르자, 재상(宰相)들에게 말하기를 “공들이 우문융(宇文融)의 악한 점을 폭로해서 짐(朕)이 이미 그를 죄주었지만, 국가 재용(財用)이 부족하거늘 장차 어떻게 하겠는가? ”라고 하니,
배광정(裴光庭) 등은 답변하지 못하였다.
우문융(宇文融)이 이미 죽자 이익을 말하는 자들이 앞을 다투어 진출하였다.
위견(韋堅)․양신긍(楊愼矜)․왕홍(王鉷)은 날마다 더욱 심하게 굴었고, 양국충(楊國忠)에 이르러 취렴(聚斂)이 극심하였다.
그러므로 천보(天寶)의 난(亂)에 해내(海內)가 분열되어 다시 통합할 수 없었다."
10,당송팔대가문초왕안석1,43,whitespace_only,5,5,"무릇 옛날에 천하를 다스렸던 황제들은 그들이 신중을 기하여 취택한 인물이 공(公)과 경(卿)뿐이었으니, 공경 자리에 그 적임자를 얻게 되고 그들로 하여금 뜻을 같이하는 사람들을 추천하게 하여 그들을 조정에 모아 일을 시키면, 모든 관서(官署)에 그 적임자를 얻지 못하는 일이 없게 되는 것입니다.
지금의 현실은 못난 사람이 요행히 공경(公卿)의 지위에 오르고 그들의 천거에 의하여 그와 같은 무리들이 조정에 모여드니, 이것이 조정에 못난 사람들이 많고 비록 어진 지혜를 가진 사람이라 해도 왕왕 후원을 받지 못하고 곤경에 처하여 그들의 포부를 실현할 수가 없게 된 것입니다.
또 공경이 못난 사람이면 그가 동류(同類)를 추천하여 조정을 채웠을 것이고, 또 그 조정을 장악한 못난 무리들이 그 동류들을 각 지방의 책임자로 추천하게 되고,
각 지방의 책임자가 또 자기와 비슷한 못난 사람들을 추천하여 각 주(州)와 군(郡)에 깔아놓게 될 것이니, 비록 관원이 죄를 범하면 추천한 사람까지 함께 벌하는 법 조문이 있다 해도 어찌 이를 믿을 수가 있겠습니까.
오히려 소인들의 핑계거리가 될 뿐일 것입니다.","무릇 옛날에 천하를 다스렸던 황제들은 그들이 신중을 기하여 취택한 인물이 공(公)과 경(卿)뿐이었으니, 공경 자리에 그 적임자를 얻게 되고 그들로 하여금 뜻을 같이하는 사람들을 추천하게 하여 그들을 조정에 모아 일을 시키면, 모든 관서(官署)에 그 적임자를 얻지 못하는 일이 없게 되는 것입니다.
지금의 현실은 못난 사람이 요행히 공경(公卿)의 지위에 오르고 그들의 천거에 의하여 그와 같은 무리들이 조정에 모여드니, 이것이 조정에 못난 사람들이 많고 비록 어진 지혜를 가진 사람이라 해도 왕왕 후원을 받지 못하고 곤경에 처하여 그들의 포부를 실현할 수가 없게 된 것입니다.
또 공경이 못난 사람이면 그가 동류(同類)를 추천하여 조정을 채웠을 것이고, 또 그 조정을 장악한 못난 무리들이 그 동류들을 각 지방의 책임자로 추천하게 되고, 각 지방의 책임자가 또 자기와 비슷한 못난 사람들을 추천하여 각 주(州)와 군(郡)에 깔아놓게 될 것이니,
비록 관원이 죄를 범하면 추천한 사람까지 함께 벌하는 법 조문이 있다 해도 어찌 이를 믿을 수가 있겠습니까.
오히려 소인들의 핑계거리가 될 뿐일 것입니다."
10,당송팔대가문초왕안석2,524,whitespace_only,9,10,"위씨(魏氏)는 그 선조(先祖)가 강녕인(江寧人)이었다.
태군(太君)의 증조(曾祖) 휘(諱) 모(某)는 광록시경(光祿寺卿)이었으며, 조부(祖父) 휘(諱) 모(某)는 지주자사(池州刺史)였고, 선고(先考) 휘(諱) 모(某)는 태자유덕(太子諭德)이었는데, 이들이 벼슬한 것은 모두 강남(江南) 땅을 이씨(李氏)가 세운 남당(南唐)이 다스릴 때였다.
이씨(李氏)의 남당(南唐)이 망하자 유덕공(諭德公)은 이름을 거중(居中)으로 바꾸고 상주(常州)로 은퇴하여 살았는데, 따님인 태군(太君)을 현명하다고 여기고 출가할 곳을 고르다가 강음(江陰)의 심군(沈君) 휘(諱) 모(某)를 얻고는 말하기를 “이 사람이 내 딸과 짝이 될 만하다. ” 하고, 이때에 19세 된 태군(太君)을 심씨(沈氏)에게 출가시켰다.
출가한 지 10년에 두 아들을 낳았고, 심군(沈君)은 진사시(進士試)에 갑과(甲科)로 급제하여 광덕군(廣德軍)의 판관(判官)으로 있다가 졸(卒)하였다.
태군(太君)은 《시경(詩經)》, 《논어(論語)》, 《효경(孝經)》 등을 두 아들에게 몸소 가르쳤으므로, 두 아들이 밖에 나가 공부할 때에 겨우 몇 살 되지 않았는데도 이미 이 삼경(三經)을 암송할 수 있었다.
그 후 아들 형(逈)은 진사시(進士試)에 합격하였고, 아들 준(遵)은 전중승(殿中丞)으로 연주군지주(連州軍知州)가 되었는데, 태군(太君)께서 향년 64세로 연주부(連州府)의 정실(正室)에서 사망하니, 그때가 황우(皇祐) 2년 6월 경진일(庚辰日)이었다.
가우(嘉祐) 2년 12월 경신일(庚申日)에 두 아들이 태군(太君)을 강음(江陰) 신항(申港)의 서쪽 회인리(懷仁里)에 안장(安葬)하였다.
이때에 준(遵)은 태상박사(太常博士)로 건주군(建州軍)의 통판지사(通判知事)로 있었으며, 선친(先親) 심군(沈君)도 벼슬이 증직(贈職)되어 태상박사(太常博士)에 이르렀다.
명(銘)은 다음과 같이 지었다.","위씨(魏氏)는 그 선조(先祖)가 강녕인(江寧人)이었다.
태군(太君)의 증조(曾祖) 휘(諱) 모(某)는 광록시경(光祿寺卿)이었으며, 조부(祖父) 휘(諱) 모(某)는 지주자사(池州刺史)였고, 선고(先考) 휘(諱) 모(某)는 태자유덕(太子諭德)이었는데, 이들이 벼슬한 것은 모두 강남(江南) 땅을 이씨(李氏)가 세운 남당(南唐)이 다스릴 때였다.
이씨(李氏)의 남당(南唐)이 망하자 유덕공(諭德公)은 이름을 거중(居中)으로 바꾸고 상주(常州)로 은퇴하여 살았는데,
따님인 태군(太君)을 현명하다고 여기고 출가할 곳을 고르다가 강음(江陰)의 심군(沈君) 휘(諱) 모(某)를 얻고는 말하기를 “이 사람이 내 딸과 짝이 될 만하다. ” 하고, 이때에 19세 된 태군(太君)을 심씨(沈氏)에게 출가시켰다.
출가한 지 10년에 두 아들을 낳았고, 심군(沈君)은 진사시(進士試)에 갑과(甲科)로 급제하여 광덕군(廣德軍)의 판관(判官)으로 있다가 졸(卒)하였다.
태군(太君)은 《시경(詩經)》, 《논어(論語)》, 《효경(孝經)》 등을 두 아들에게 몸소 가르쳤으므로, 두 아들이 밖에 나가 공부할 때에 겨우 몇 살 되지 않았는데도 이미 이 삼경(三經)을 암송할 수 있었다.
그 후 아들 형(逈)은 진사시(進士試)에 합격하였고, 아들 준(遵)은 전중승(殿中丞)으로 연주군지주(連州軍知州)가 되었는데, 태군(太君)께서 향년 64세로 연주부(連州府)의 정실(正室)에서 사망하니, 그때가 황우(皇祐) 2년 6월 경진일(庚辰日)이었다.
가우(嘉祐) 2년 12월 경신일(庚申日)에 두 아들이 태군(太君)을 강음(江陰) 신항(申港)의 서쪽 회인리(懷仁里)에 안장(安葬)하였다.
이때에 준(遵)은 태상박사(太常博士)로 건주군(建州軍)의 통판지사(通判知事)로 있었으며, 선친(先親) 심군(沈君)도 벼슬이 증직(贈職)되어 태상박사(太常博士)에 이르렀다.
명(銘)은 다음과 같이 지었다."
10,당송팔대가문초유종원1,39,whitespace_only,8,7,"만약 주산지(主産地)에서 나온 물건은 무엇이든 좋지 않은 것이 없다고 한다면 동남 지방의 죽전(竹箭)은 휘어진 곁가지라도 모두 무소 가죽을 뚫을 수 있을 것이고, 북산(北山)의 재목은 비록 구부러지고 물러 진액이 질질 흐르거나 속이 텅 비어 서서 말라죽은 것이라도 모두 백 척 누대(樓臺)에 들보로 올라가고 천 길 깊은 못에 띄울 배를 만들 수 있을 것이고,
기주(冀州) 북부는 말이 나는 곳이니 큰 귀에 짧은 목으로 웅크리고 넘어지면서 떨리는 발굽을 질질 끄는 말이라도 모두 백 균(鈞)의 짐을 이겨내고 천 리를 달릴 수 있을 것이고, 옹주(雍州)의 박옥(璞玉)은 모두 숫돌로 쓸 수 있을 것이고,
서주(徐州)의 거름흙은 모두 큰 사직단(社稷壇)을 쌓을 수 있을 것이고, 형주(荊州)의 띠풀은 모두 술을 거를 수 있을 것이고, 구강(九江)의 큰 거북은 모두 점을 칠 수 있을 것이고, 사빈(泗濱)의 돌은 모두 음악을 연주하는 석경(石磬)이 될 수 있을 것입니다.
하지만 이렇게 하고서도 크게 잘못되지 않는 경우는 적을 것입니다.
그리고 사람의 경우로 보면 노(魯)나라에서 팔려는 양(羊)에게 아침에 물을 먹인다거나 상장(喪杖)으로 수레바퀴통을 꿰어 바퀴를 돌리는 자들도 모두 사유(師儒)가 될 수 있을 것이고,
노(盧) 고을에서 명예를 탐내는 자들도 모두 명의(名醫)가 될 수 있을 것이고, 서자(西子)(서시(西施))가 사는 마을에 못생기고 얼굴을 찌푸리는 자들도 모두 군주의 애첩이 될 수 있을 것이고,
산서(山西)의 경박하고 무례하며 탐욕스럽고 잔인한 자들도 모두 흉문(凶門)을 박차고 나가 지방을 다스릴 수 있을 것이고, 산동(山東)의 무식하고 미련하여 농사를 짓고 애들처럼 대추나 밤을 씹어 먹는 자들도 모두 묘당(廟堂) 위에서 국사를 도모할 수 있을 것입니다.
하지만 이렇게 한다면 질서를 위반하고 도리를 거스르는 정도가 심할 것이니, 이 물건의 경우와 뭐가 다르겠습니까.","만약 주산지(主産地)에서 나온 물건은 무엇이든 좋지 않은 것이 없다고 한다면 동남 지방의 죽전(竹箭)은 휘어진 곁가지라도 모두 무소 가죽을 뚫을 수 있을 것이고, 북산(北山)의 재목은 비록 구부러지고 물러 진액이 질질 흐르거나 속이 텅 비어 서서 말라죽은 것이라도 모두 백 척 누대(樓臺)에 들보로 올라가고 천 길 깊은 못에 띄울 배를 만들 수 있을 것이고,
기주(冀州) 북부는 말이 나는 곳이니 큰 귀에 짧은 목으로 웅크리고 넘어지면서 떨리는 발굽을 질질 끄는 말이라도 모두 백 균(鈞)의 짐을 이겨내고 천 리를 달릴 수 있을 것이고,
옹주(雍州)의 박옥(璞玉)은 모두 숫돌로 쓸 수 있을 것이고, 서주(徐州)의 거름흙은 모두 큰 사직단(社稷壇)을 쌓을 수 있을 것이고, 형주(荊州)의 띠풀은 모두 술을 거를 수 있을 것이고, 구강(九江)의 큰 거북은 모두 점을 칠 수 있을 것이고, 사빈(泗濱)의 돌은 모두 음악을 연주하는 석경(石磬)이 될 수 있을 것입니다.
하지만 이렇게 하고서도 크게 잘못되지 않는 경우는 적을 것입니다.
그리고 사람의 경우로 보면 노(魯)나라에서 팔려는 양(羊)에게 아침에 물을 먹인다거나 상장(喪杖)으로 수레바퀴통을 꿰어 바퀴를 돌리는 자들도 모두 사유(師儒)가 될 수 있을 것이고, 노(盧) 고을에서 명예를 탐내는 자들도 모두 명의(名醫)가 될 수 있을 것이고,
서자(西子)(서시(西施))가 사는 마을에 못생기고 얼굴을 찌푸리는 자들도 모두 군주의 애첩이 될 수 있을 것이고, 산서(山西)의 경박하고 무례하며 탐욕스럽고 잔인한 자들도 모두 흉문(凶門)을 박차고 나가 지방을 다스릴 수 있을 것이고, 산동(山東)의 무식하고 미련하여 농사를 짓고 애들처럼 대추나 밤을 씹어 먹는 자들도 모두 묘당(廟堂) 위에서 국사를 도모할 수 있을 것입니다.
하지만 이렇게 한다면 질서를 위반하고 도리를 거스르는 정도가 심할 것이니, 이 물건의 경우와 뭐가 다르겠습니까."
10,당송팔대가문초유종원2,86,whitespace_only,1,2,도(道)를 지키는 것에 관한 논설 분명하다.,"도(道)를 지키는 것에 관한 논설
분명하다."
10,당송팔대가문초유종원2,108,whitespace_only,2,4,"당형천(唐荊川)이 말하였다. “이와 같은 유의 문장은 매우 근엄하여 허술한 글자가 한 자도 없다. ”
또 말하였다. “논리가 정밀하고 문장이 공교하니 《춘추좌씨전(春秋左氏傳)》과 《국어(國語)》에 버금간다. ”","당형천(唐荊川)이 말하였다.
“이와 같은 유의 문장은 매우 근엄하여 허술한 글자가 한 자도 없다. ”
또 말하였다.
“논리가 정밀하고 문장이 공교하니 《춘추좌씨전(春秋左氏傳)》과 《국어(國語)》에 버금간다. ”"
10,당송팔대가문초증공1,12,whitespace_only,4,3,"신은 듣건대, 기초가 튼튼한 곳은 건축물의 형세가 높고 역량이 큰 자는 짊어진 짐이 무겁다고 하였습니다.
이 때문에 제왕의 공덕은 특별히 위대하여 그 광채가 만천하에 비치고 은택이 후손에게 파급됨으로써 자손들이 번창하여 세월이 가면 갈수록 더욱 창성하니,
이는 천도(天道)와 인사(人事)의 이치상 반드시 이루어지는 증거인 것입니다.
그러나 인류가 생긴 이후 능히 이 수준까지 올라선 일은 우리 대송(大宋)의 왕조(王朝)처럼 융성한 경우는 없었습니다.","신은 듣건대, 기초가 튼튼한 곳은 건축물의 형세가 높고 역량이 큰 자는 짊어진 짐이 무겁다고 하였습니다. 
이 때문에 제왕의 공덕은 특별히 위대하여 그 광채가 만천하에 비치고 은택이 후손에게 파급됨으로써 자손들이 번창하여 세월이 가면 갈수록 더욱 창성하니, 이는 천도(天道)와 인사(人事)의 이치상 반드시 이루어지는 증거인 것입니다.
그러나 인류가 생긴 이후 능히 이 수준까지 올라선 일은 우리 대송(大宋)의 왕조(王朝)처럼 융성한 경우는 없었습니다."
10,당송팔대가문초증공1,176,whitespace_only,2,3,"당형천(唐荊川)이 말하였다. “전편(全篇)이 다 성인의 내면 마음에 관해 설명하였다.
이 때문에 불교를 공격한 부분은 몇 구절에 지나지 않는다. ”","당형천(唐荊川)이 말하였다.
“전편(全篇)이 다 성인의 내면 마음에 관해 설명하였다.
이 때문에 불교를 공격한 부분은 몇 구절에 지나지 않는다. ”"
10,당송팔대가문초증공1,216,normalization_only,4,4,"서간(徐幹)은 자(字)가 위장(偉長)이고 북해(北海) 사람인데 한(漢)나라와 위(魏)나라 시대에 걸쳐 살았다.
위(魏) 문제(文帝)는 “서간(徐幹)은 우아하면서도 질박하고 담박하고 욕심이 적어 세상을 피해 은거하려는 뜻이 있다. ”고 하였다.
≪선현행장(先賢行狀)≫에도 “서간(徐幹)은 행실을 독실하게 하고 도(道)를 체득하였으며 세상의 영화를 즐기지 않았다.
위(魏) 태조(太祖)가 특별히 표창하여 불렀으나 질병을 핑계대며 나아가지 않았고, 뒤에 상애현(上艾縣) 수령으로 삼았으나 또 질병을 이유로 부임하지 않았다. ”라고 하였다.","서간(徐幹)은 자(字)가 위장(偉長)이고 북해(北海) 사람인데 한(漢)나라와 위(魏)나라 시대에 걸쳐 살았다.
위(魏) 문제(文帝)는 “서간(徐幹)은 우아하면서도 질박하고 담박하고 욕심이 적어 세상을 피해 은거하려는 뜻이 있다. ”고 하였다. 
≪선현행장(先賢行狀)≫에도 “서간(徐幹)은 행실을 독실하게 하고 도(道)를 체득하였으며 세상의 영화를 즐기지 않았다.
위(魏) 태조(太祖)가 특별히 표창하여 불렀으나 질병을 핑계대며 나아가지 않았고, 뒤에 상애현(上艾縣) 수령으로 삼았으나 또 질병을 이유로 부임하지 않았다. ”라고 하였다. "
10,당송팔대가문초한유2,97,normalization_only,4,4,"옛날에 이른바 공정하여 사사로움이 없던 자(관원)는 취사(取舍)(취하고 버림)와 진퇴(進退)(승진시키고 퇴출시킴)에 친소(親疎)와 원근(遠近)을 가리지 않고 오직 합당한 사람만을 선발하였다.
아랫사람이 상관(上官)을 봄에도 오직 등용하고 물리침이 합당한지의 여부만을 보았고, 친소와 원근에 〈따라 취사 진퇴한다고〉 그 윗사람을 의심하지 않았다.
그러므로 윗사람은 자신이 뜻한 대로 실행하여 합당한 사람을 선택하고, 아랫사람에 대한 근심이 없어 마음이 편안하였으며, 아랫사람은 몸을 단속［克己］하고 행실을 삼가서 확실히 윗사람에 대한 의심이 없었다.
그러므로 임금 노릇 하기가 수고롭지 않았고, 신하 노릇 하기가 매우 쉬워서, 선(善)한 사람을 보면 자세히 살펴 천거할 수 있었고, 불선(不善)한 사람을 보면 밝게 살펴서 제거할 수 있었다.","옛날에 이른바 공정하여 사사로움이 없던 자(관원)는 취사(取舍)(취하고 버림)와 진퇴(進退)(승진시키고 퇴출시킴)에 친소(親疎)와 원근(遠近)을 가리지 않고 오직 합당한 사람만을 선발하였다. 
아랫사람이 상관(上官)을 봄에도 오직 등용하고 물리침이 합당한지의 여부만을 보았고, 친소와 원근에 〈따라 취사 진퇴한다고〉 그 윗사람을 의심하지 않았다.
그러므로 윗사람은 자신이 뜻한 대로 실행하여 합당한 사람을 선택하고, 아랫사람에 대한 근심이 없어 마음이 편안하였으며, 아랫사람은 몸을 단속［克己］하고 행실을 삼가서 확실히 윗사람에 대한 의심이 없었다.
그러므로 임금 노릇 하기가 수고롭지 않았고, 신하 노릇 하기가 매우 쉬워서, 선(善)한 사람을 보면 자세히 살펴 천거할 수 있었고, 불선(不善)한 사람을 보면 밝게 살펴서 제거할 수 있었다."
10,당송팔대가문초한유2,320,normalization_only,4,4,"공자(孔子)께서는 ≪시(詩)≫와 ≪서(書)≫를 산삭(刪削)하고 ≪춘추(春秋)≫를 필삭(筆削)하실 적에 도(道)에 부합하는 것은 남겨두고 도(道)에 부합하지 않는 것은 삭제(削除)하셨다.
그러므로 ≪시(詩)≫‧≪서(書)≫‧≪춘추(春秋)≫에는 하자(瑕疵)가 없다.
나는 순씨(荀氏)의 글 중에 〈성인의 도에〉 부합하지 않는 것은 삭제하고서 성인의 경적(經籍)(≪논어(論語)≫와 ≪맹자(孟子)≫) 뒤에 붙이고자 하니, 이 또한 공자(孔子)의 뜻일 것이다.
맹씨(孟氏)는 순수(醇粹)하고도 순수한 분이고, 순자(荀子)와 양웅(楊雄)은 대체(大體)는 순수하나 사소한 하자(瑕疵)가 있다.","공자(孔子)께서는 ≪시(詩)≫와 ≪서(書)≫를 산삭(刪削)하고 ≪춘추(春秋)≫를 필삭(筆削)하실 적에 도(道)에 부합하는 것은 남겨두고 도(道)에 부합하지 않는 것은 삭제(削除)하셨다.
그러므로 ≪시(詩)≫‧≪서(書)≫‧≪춘추(春秋)≫에는 하자(瑕疵)가 없다.
나는 순씨(荀氏)의 글 중에 〈성인의 도에〉 부합하지 않는 것은 삭제하고서 성인의 경적(經籍)(≪논어(論語)≫와 ≪맹자(孟子)≫) 뒤에 붙이고자 하니,  이 또한 공자(孔子)의 뜻일 것이다.
맹씨(孟氏)는 순수(醇粹)하고도 순수한 분이고, 순자(荀子)와 양웅(楊雄)은 대체(大體)는 순수하나 사소한 하자(瑕疵)가 있다."
10,당시삼백수1,71,whitespace_only,1,3,〈자야사시가 겨울 노래〉 이백 내일 아침 역리(驛吏)가 떠난다기에 하루 밤새 솜 넣어 정포(征袍)를 지었다오 맨손은 바늘을 뽑기에도 시리거늘 가위를 또 어찌 잡으랴 옷을 지어 먼 길에 부치노니 어느 날에나 임조(臨洮)에 당도할까,"〈자야사시가 겨울 노래〉
이백
내일 아침 역리(驛吏)가 떠난다기에 하루 밤새 솜 넣어 정포(征袍)를 지었다오 맨손은 바늘을 뽑기에도 시리거늘 가위를 또 어찌 잡으랴 옷을 지어 먼 길에 부치노니 어느 날에나 임조(臨洮)에 당도할까"
10,당시삼백수3,57,whitespace_only,1,3,〈장간행 두 수 중 두 번째 시〉 최호 내 집은 구강에 가까워 구강가를 넘나들었습니다 같은 장간 사람인데 어려서는 서로 몰랐네요,"〈장간행 두 수 중 두 번째 시〉
최호
내 집은 구강에 가까워 구강가를 넘나들었습니다 같은 장간 사람인데 어려서는 서로 몰랐네요"
10,예기집설대전2,519,whitespace_only,9,8,"정현(鄭玄)의 주(註)에 ≪국어(國語)≫를 인용하여 사자(使者)가 공자(公子) 집(縶)이라는 것을 알 수 있으니, 집의 자가 자현(子顯)이다.
그러므로 현(顯)을 현(韅)으로 읽어야 한다.
상례(喪禮)에 먼저 이마를 조아린 뒤에 절을 하는 것을 성배(成拜)라고 하는데, 후사(後嗣)가 된 사람이 성배하는 것은 조문한 예(禮)의 정중함에 감사를 드리기 위한 것이다.
그런데 지금 공자는 아직 후사가 되지 못한 까닭에 성배하지 못한 것이다.
애부(愛父)는 그 아버지를 애통해한다는 말과 같다.
사사로이 사자(使者)와 더불어 말하지 않은 것은 귀국하려는 뜻이 없었기 때문이니, 이는 이익을 멀리한 것이다.
아버지를 사랑하고 이익을 멀리함은 모두 인자(仁者)의 일이다.
그렇기 때문에 그를 일컬어 “어질구나.
공자(公子) 중이(重耳)여! ”라고 한 것이다.","정현(鄭玄)의 주(註)에 ≪국어(國語)≫를 인용하여 사자(使者)가 공자(公子) 집(縶)이라는 것을 알 수 있으니, 집의 자가 자현(子顯)이다.
그러므로 현(顯)을 현(韅)으로 읽어야 한다.
상례(喪禮)에 먼저 이마를 조아린 뒤에 절을 하는 것을 성배(成拜)라고 하는데, 후사(後嗣)가 된 사람이 성배하는 것은 조문한 예(禮)의 정중함에 감사를 드리기 위한 것이다.
그런데 지금 공자는 아직 후사가 되지 못한 까닭에 성배하지 못한 것이다.
애부(愛父)는 그 아버지를 애통해한다는 말과 같다.
사사로이 사자(使者)와 더불어 말하지 않은 것은 귀국하려는 뜻이 없었기 때문이니,  이는 이익을 멀리한 것이다.
아버지를 사랑하고 이익을 멀리함은 모두 인자(仁者)의 일이다.
그렇기 때문에 그를 일컬어 “어질구나. 공자(公子) 중이(重耳)여! ”라고 한 것이다. "
10,예기집설대전2,659,whitespace_only,8,9,"평공(平公)이 “네가 처음 들어올 때 내가 생각하기에, 네가 반드시 간하고 가르치는 바가 있어서 나를 깨우쳐줄 것이라고 여겼다.
내가 이 때문에 먼저 너와 함께 말을 하지 않은 것인데, 결국은 세 번 술잔에 술을 따른 뒤에 마침내 말도 하지 않고 나가버렸으니, 네가 사광(師曠)에게 벌주(罰酒)를 마시게 한 것은 무엇을 말한 것이냐? ”라고 말한 것이고, 두궤(杜蕢)가 말하기를 “걸(桀)은 을묘일(乙卯日)에 죽었고 주(紂)는 갑자일(甲子日)에 죽었으니, 그날을 불길한 날疾日이라고 이릅니다.
그렇기 때문에 임금이 그날은 음악을 연주하지 않는 것입니다. ”라고 말한 것이다.
‘당(堂)에 있다’는 것은 지도자의 시신이 빈소(殯所)에 있다는 말이다.
더구나 임금은 경(卿)과 대부(大夫)를 위해 장사(葬事)지낼 때까지는 고기를 먹지 아니하고, 졸곡(卒哭)에 이르기까지는 음악을 연주하지 않는 것인데, 도자(悼子)의 시신이 빈소(殯所)에 있는데 음악을 연주하면서 연회를 벌여 술을 마실 수 있겠는가.
걸(桀)과 주(紂)는 시대를 달리하는 군주이고, 도자는 체(體)가 같은 신하이다.
그렇기 때문에 “자일(子日)이나 묘일(卯日)보다 더 중대하다. ”고 한 것이다.
조(詔)는 아룀告이니, 그 아뢰지 않은 죄를 벌준 것이다.","평공(平公)이 “네가 처음 들어올 때 내가 생각하기에, 네가 반드시 간하고 가르치는 바가 있어서 나를 깨우쳐줄 것이라고 여겼다. 
내가 이 때문에 먼저 너와 함께 말을 하지 않은 것인데, 결국은 세 번 술잔에 술을 따른 뒤에 마침내 말도 하지 않고 나가버렸으니, 네가 사광(師曠)에게 벌주(罰酒)를 마시게 한 것은 무엇을 말한 것이냐? ”라고 말한 것이고, 
두궤(杜蕢)가 말하기를 “걸(桀)은 을묘일(乙卯日)에 죽었고 주(紂)는 갑자일(甲子日)에 죽었으니, 그날을 불길한 날疾日이라고 이릅니다.
그렇기 때문에 임금이 그날은 음악을 연주하지 않는 것입니다. ”라고 말한 것이다. 
‘당(堂)에 있다’는 것은 지도자의 시신이 빈소(殯所)에 있다는 말이다. 
더구나 임금은 경(卿)과 대부(大夫)를 위해 장사(葬事)지낼 때까지는 고기를 먹지 아니하고, 졸곡(卒哭)에 이르기까지는 음악을 연주하지 않는 것인데, 도자(悼子)의 시신이 빈소(殯所)에 있는데 음악을 연주하면서 연회를 벌여 술을 마실 수 있겠는가.
걸(桀)과 주(紂)는 시대를 달리하는 군주이고, 도자는 체(體)가 같은 신하이다.
그렇기 때문에 “자일(子日)이나 묘일(卯日)보다 더 중대하다. ”고 한 것이다.
조(詔)는 아룀告이니, 그 아뢰지 않은 죄를 벌준 것이다."
10,예기집설대전2,687,whitespace_only,6,8,"초(楚)나라 소왕(昭王)은 망명했을 때 수행했던 자들에게 상을 하사함에 도양(屠羊) 설(說)에게까지 상이 미쳤고, 진(晉)나라 문공(文公)은 망명했을 때 수행했던 자들에게 상을 하사했으나 〈처음에 자신을 도와주었던〉 창고지기의 접견(接見)을 사절(辭絶)했으며,
위(衞)나라 헌공(獻公)은 망명했을 때 수행했던 자들에게 후하게 대하여 교외에 이르러 장차 고을을 나누어주려 했으니,
이는 모두 사심만 따라 공적인 처사를 모르고, 가까운 자에게 가려 멀리 있는 자들을 알아주지 않은 것이다.
대개 나라에 머물러 있던 자들은 임금의 사직(社稷)을 지켰고, 수행한 자들은 임금이 타는 수레의 굴레와 고삐를 잡고서 따라다녔으니, 그 수고로움과 편안함은 비록 다르지만 공력을 들인 것은 똑같으니, 어찌 여기에는 후하게 대우하고 저기에는 박하게 대우할 수 있겠는가.
이것이 유장(柳莊)이 헌공(獻公)에게 간언을 한 까닭이다.
장무중(臧武仲)이 말하기를 “위나라 헌공이 망명했을 때 태숙의(太叔儀)가 나라를 지키고 동모제(同母弟)인 전(鱄)이 함께 출분(出奔)하여, 혹은 국내에서 백성을 안무(安撫)하고, 혹은 국외에서 귀국(歸國)을 경영(經營)하니, 어찌 돌아가지 않을 수 있겠는가. ”라고 했으니, 이것이 바로 안과 밖의 공적이 똑같다는 것이다.","초(楚)나라 소왕(昭王)은 망명했을 때 수행했던 자들에게 상을 하사함에 도양(屠羊) 설(說)에게까지 상이 미쳤고,
진(晉)나라 문공(文公)은 망명했을 때 수행했던 자들에게 상을 하사했으나 〈처음에 자신을 도와주었던〉 창고지기의 접견(接見)을 사절(辭絶)했으며,
위(衞)나라 헌공(獻公)은 망명했을 때 수행했던 자들에게 후하게 대하여 교외에 이르러 장차 고을을 나누어주려 했으니,
이는 모두 사심만 따라 공적인 처사를 모르고, 가까운 자에게 가려 멀리 있는 자들을 알아주지 않은 것이다.
대개 나라에 머물러 있던 자들은 임금의 사직(社稷)을 지켰고, 수행한 자들은 임금이 타는 수레의 굴레와 고삐를 잡고서 따라다녔으니, 그 수고로움과 편안함은 비록 다르지만 공력을 들인 것은 똑같으니, 어찌 여기에는 후하게 대우하고 저기에는 박하게 대우할 수 있겠는가.
이것이 유장(柳莊)이 헌공(獻公)에게 간언을 한 까닭이다.
장무중(臧武仲)이 말하기를 “위나라 헌공이 망명했을 때 태숙의(太叔儀)가 나라를 지키고 동모제(同母弟)인 전(鱄)이 함께 출분(出奔)하여, 혹은 국내에서 백성을 안무(安撫)하고, 혹은 국외에서 귀국(歸國)을 경영(經營)하니, 어찌 돌아가지 않을 수 있겠는가. ”라고 했으니, 
이것이 바로 안과 밖의 공적이 똑같다는 것이다."
10,자치통감강목5,338,whitespace_only,7,5,"무기교위(戊己校尉)를 설치하여 거사(車師)의 옛 땅에 둔전(屯田)을 하였다.
무기교위(戊己校尉)는 서역(西域)을 진무하여 편안히 하였는데, 일정한 치소(治所)가 없었으니, 또한 갑(甲)과 을(乙), 병(丙)과 정(丁), 경(庚)과 신(辛), 임(壬)과 계(癸)가 각각 방위(方位)가 있으나, 무(戊)와 기(己)는 사계절(四季節)에 붙여 왕성한 것과 같다.
그러므로 이로써 관명(官名)을 삼은 것이다.
이때 무교위(戊校尉)가 있고, 또 기교위(己校尉)가 있었다.
선제(宣帝) 원강(元康) 2년(B.
C.
64)에 거사(車師)의 땅을 흉노(匈奴)에 주었었는데, 지금 흉노가 정성을 바쳐 귀부(歸附)하였으므로 다시 옛 땅에 둔전(屯田)을 한 것이다.","무기교위(戊己校尉)를 설치하여 거사(車師)의 옛 땅에 둔전(屯田)을 하였다.
무기교위(戊己校尉)는 서역(西域)을 진무하여 편안히 하였는데, 일정한 치소(治所)가 없었으니, 또한 갑(甲)과 을(乙), 병(丙)과 정(丁), 경(庚)과 신(辛), 임(壬)과 계(癸)가 각각 방위(方位)가 있으나, 무(戊)와 기(己)는 사계절(四季節)에 붙여 왕성한 것과 같다.
그러므로 이로써 관명(官名)을 삼은 것이다.
이때 무교위(戊校尉)가 있고, 또 기교위(己校尉)가 있었다.
선제(宣帝) 원강(元康) 2년(B. C. 64)에 거사(車師)의 땅을 흉노(匈奴)에 주었었는데, 지금 흉노가 정성을 바쳐 귀부(歸附)하였으므로 다시 옛 땅에 둔전(屯田)을 한 것이다."
10,자치통감강목6,718,normalization_only,1,1,"부태후(傅太后)가 직접 승상(丞相)과 어사(御史)에게 명하기를 “부희(傅喜)가 아랫사람들에게 부화(附和)하여 편들고 윗사람을 기망해서 사단(師丹)과 합심하여 배반하였으니, 그를 봉국(封國)으로 내보내라. ” 하였다.","부태후(傅太后)가 직접 승상(丞相)과 어사(御史)에게 명하기를 “부희(傅喜)가 아랫사람들에게 부화(附和)하여 편들고 윗사람을 기망해서 사단(師丹)과 합심하여 배반하였으니, 그를 봉국(封國)으로 내보내라. ” 하였다. "
10,춘추좌씨전1,121,whitespace_only,4,2,"6년 무오(B.
C.
603) 진(晉)과 위(衛)가 연합해 진(陳)을 치다.
주왕(周王)이 제(齊)에서 왕후(王后)를 맞이하다.","6년 무오(B. C. 603) 진(晉)과 위(衛)가 연합해 진(陳)을 치다.
주왕(周王)이 제(齊)에서 왕후(王后)를 맞이하다."
10,춘추좌씨전1,1031,whitespace_only,9,10,"진헌공(晉獻公)이 가국(賈國)에서 아내를 맞이하였으나 아들을 낳지 못하였고, 제강(齊姜)과 간음(姦淫)하여 진목공(秦穆公) 부인(夫人)과 태자(太子) 신생(申生)을 낳았고, 또 융(戎)에서 두 여자를 맞이하였는데, 대융(大戎) 호희(狐姬)는 중이(重耳)를 낳고, 소융자(小戎子)는 이오(夷吾)를 낳았다.
진(晉)나라가 여융(驪戎)을 토벌할 때 여융남(驪戎男)이 여희(驪姬)를 헌공(獻公)에게 주니 그녀를 데리고 돌아왔는데, 여희(驪姬)는 해제(奚齊)를 낳고 여희(驪姬)의 동생은 탁자(卓子)를 낳았다.
헌공(獻公)이 여희를 총애(寵愛)하니, 여희는 제 자식을 태자(太子)로 세우고자 하여, 외폐(外嬖) 양오(梁五)와 동관폐오(東關嬖五)에게 뇌물을 주고서 그들을 시켜 헌공(獻公)에게 “곡옥(曲沃)은 임금님의 종묘(宗廟)가 있는 곳이고, 포(蒲)와 두 굴읍(屈邑)은 임금님의 변경(邊境)이니, 주관(主管)하는 사람이 없어서는 안 됩니다.
종묘(宗廟)가 있는 고을에 주관(主管)하는 사람이 없으면 백성들이 위복(威服)(두려워 복종함)하지 않고, 변경(邊境)에 주관(主管)하는 사람이 없으면 융적(戎狄)에게 침범할 마음을 갖도록 인도하는 것입니다.
융적(戎狄)이 침범할 생각을 내고 백성들이 임금의 정령(政令)을 경시(輕視)하는 것은 국가(國家)의 우환(憂患)이니, 만약 태자(太子)에게 곡옥(曲沃)을 주관(主管)하게 하고,
중이(重耳)와 이오(夷吾)에게 포(蒲)와 굴(屈)을 주관(主管)하게 하신다면 백성들을 위복(威服)시키고 융적(戎狄)을 두렵게 할 뿐만 아니라 임금님의 공덕(功德)을 드러낼 수 있습니다. ”라고 말하게 하였다.
여희(驪姬)는 또 두 사람에게 함께 가서 헌공(獻公)에게 “융적(戎狄)의 광대(廣大)한 땅이 진(晉)나라의 도시(都市)가 될 수 있으니, 진(晉)나라가 강토(疆土)를 개척(開拓)하는 것이 마땅하지 않습니까. ”라고 말하게 하였다.
그러자 진후(晉侯)는 기뻐하여 여름에 태자(太子)를 곡옥(曲沃)으로, 중이(重耳)를 포성(蒲城)으로, 이오(夷吾)를 굴(屈)로, 여러 공자(公子)들을 모두 변방(邊方)으로 보내어 거주(居住)하게 하고, 오직 여희와 그 동생의 아들만을 강(絳)에 남아 있게 하였다.
양오(梁五)와 동관폐오(東關嬖五)가 마침내 여희와 함께 여러 공자(公子)들을 참소(讒訴)하고서 해제(奚齊)를 태자로 세우니, 진인(晉人)이 이를 ‘이오우(二五耦)’라 하였다.","진헌공(晉獻公)이 가국(賈國)에서 아내를 맞이하였으나 아들을 낳지 못하였고, 제강(齊姜)과 간음(姦淫)하여 진목공(秦穆公) 부인(夫人)과 태자(太子) 신생(申生)을 낳았고, 또 융(戎)에서 두 여자를 맞이하였는데, 대융(大戎) 호희(狐姬)는 중이(重耳)를 낳고, 소융자(小戎子)는 이오(夷吾)를 낳았다.
진(晉)나라가 여융(驪戎)을 토벌할 때 여융남(驪戎男)이 여희(驪姬)를 헌공(獻公)에게 주니 그녀를 데리고 돌아왔는데, 여희(驪姬)는 해제(奚齊)를 낳고 여희(驪姬)의 동생은 탁자(卓子)를 낳았다.
헌공(獻公)이 여희를 총애(寵愛)하니, 여희는 제 자식을 태자(太子)로 세우고자 하여,
외폐(外嬖) 양오(梁五)와 동관폐오(東關嬖五)에게 뇌물을 주고서 그들을 시켜 헌공(獻公)에게 “곡옥(曲沃)은 임금님의 종묘(宗廟)가 있는 곳이고, 포(蒲)와 두 굴읍(屈邑)은 임금님의 변경(邊境)이니, 주관(主管)하는 사람이 없어서는 안 됩니다.
종묘(宗廟)가 있는 고을에 주관(主管)하는 사람이 없으면 백성들이 위복(威服)(두려워 복종함)하지 않고, 변경(邊境)에 주관(主管)하는 사람이 없으면 융적(戎狄)에게 침범할 마음을 갖도록 인도하는 것입니다.
융적(戎狄)이 침범할 생각을 내고 백성들이 임금의 정령(政令)을 경시(輕視)하는 것은 국가(國家)의 우환(憂患)이니,
만약 태자(太子)에게 곡옥(曲沃)을 주관(主管)하게 하고, 중이(重耳)와 이오(夷吾)에게 포(蒲)와 굴(屈)을 주관(主管)하게 하신다면 백성들을 위복(威服)시키고 융적(戎狄)을 두렵게 할 뿐만 아니라 임금님의 공덕(功德)을 드러낼 수 있습니다. ”라고 말하게 하였다.
여희(驪姬)는 또 두 사람에게 함께 가서 헌공(獻公)에게 “융적(戎狄)의 광대(廣大)한 땅이 진(晉)나라의 도시(都市)가 될 수 있으니, 진(晉)나라가 강토(疆土)를 개척(開拓)하는 것이 마땅하지 않습니까. ”라고 말하게 하였다.
그러자 진후(晉侯)는 기뻐하여 여름에 태자(太子)를 곡옥(曲沃)으로, 중이(重耳)를 포성(蒲城)으로, 이오(夷吾)를 굴(屈)로, 여러 공자(公子)들을 모두 변방(邊方)으로 보내어 거주(居住)하게 하고, 오직 여희와 그 동생의 아들만을 강(絳)에 남아 있게 하였다.
양오(梁五)와 동관폐오(東關嬖五)가 마침내 여희와 함께 여러 공자(公子)들을 참소(讒訴)하고서 해제(奚齊)를 태자로 세우니, 진인(晉人)이 이를 ‘이오우(二五耦)’라 하였다."
10,춘추좌씨전2,46,whitespace_only,5,6,"헌공(獻公)은 그의 건의(建議)를 받아들여 순식(荀息)을 우(虞)나라로 보내어 길을 빌리게 하였다.
순식(荀息)이 우인(虞人)에게 말하였다. “과거에 기(冀)나라가 무도(無道)하게 전령(顚軨)으로부터 쳐들어와서 명읍(鄍邑)의 세 성문(城門)을 공격한 일이 있었는데, 기(冀)나라가 이미 쇠약(衰弱)해진 것은 오직 임금님의 반격(反擊) 때문입니다.
그런데 지금 괵(虢)나라가 무도(無道)하게 변방(邊方)의 역려(逆旅)에 보루(堡壘)를 쌓고서 우리의 남쪽 변방(邊方)을 침범(侵犯)하기 때문에 감히 귀국(貴國)에 길을 빌려서 괵(虢)나라의 죄(罪)를 묻고자 합니다. ”
우공(虞公)은 길을 허락하고, 또 자기가 먼저 괵(虢)나라를 치기를 청하였다.
궁지기(宮之奇)가 간(諫)하였으나 우공(虞公)은 듣지 않고서 드디어 군대를 일으켰다.","헌공(獻公)은 그의 건의(建議)를 받아들여 순식(荀息)을 우(虞)나라로 보내어 길을 빌리게 하였다.
순식(荀息)이 우인(虞人)에게 말하였다.
“과거에 기(冀)나라가 무도(無道)하게 전령(顚軨)으로부터 쳐들어와서 명읍(鄍邑)의 세 성문(城門)을 공격한 일이 있었는데, 기(冀)나라가 이미 쇠약(衰弱)해진 것은 오직 임금님의 반격(反擊) 때문입니다.
그런데 지금 괵(虢)나라가 무도(無道)하게 변방(邊方)의 역려(逆旅)에 보루(堡壘)를 쌓고서 우리의 남쪽 변방(邊方)을 침범(侵犯)하기 때문에 감히 귀국(貴國)에 길을 빌려서 괵(虢)나라의 죄(罪)를 묻고자 합니다. ”
우공(虞公)은 길을 허락하고, 또 자기가 먼저 괵(虢)나라를 치기를 청하였다.
궁지기(宮之奇)가 간(諫)하였으나 우공(虞公)은 듣지 않고서 드디어 군대를 일으켰다."
10,춘추좌씨전3,206,whitespace_only,10,11,"초자(楚子)가 또 사자(使者)를 보내어 진(晉)나라에 화친(和親)하기를 요구(要求)하니,
진인(晉人)이 허락(許諾)하고서 결맹(結盟)할 날짜를 정(定)하였다.
그런데 초(楚)나라 허백(許伯)이 악백(樂伯)의 병거(兵車)에 어(御)가 되고, 섭숙(攝叔)이 거우(車右)가 되어 진군(晉軍)에 치사(致師)(도전(挑戰))하였다.
허백(許伯)은 “내가 듣건대 치사(致師)하는 자는 어(御)가 깃발이 쏠리도록 급히 달려 적진(敵陣) 가까이까지 갔다가 돌아온다고 하더라. ”고 하고, 악백(樂伯)은 “내가 듣건대 치사(致師)하는 자는 거좌(車左)가 좋은 화살로 적(敵)을 쏘고서 어(御)를 대신해 고삐를 잡으면 어(御)는 병거(兵車)에서 내려 두 말을 가지런히 정리하고 말의 가슴걸이를 바르게 매고서 돌아온다고 하더라. ”
고 하고, 섭숙(攝叔)은 “내가 듣건대 치사(致師)하는 자는 거우(車右)는 적진(敵陣)으로 들어가 적(敵)을 죽여 그 귀를 자르고 적(敵)을 생포(生捕)해 돌아온다고 하더라. ”고 하고서, 모두 자기들이 들은 대로 실행(實行)하고서 돌아오니, 진인(晉人)(포계(鮑癸)를 이름)은 이들을 추격(追擊)하고, 또 군대를 좌우(左右) 양쪽으로 펼쳐 협공(挾攻)하였다.
그러자 악백(樂伯)이 왼쪽으로 그 말을 쏘고, 오른쪽으로 그 사람을 쏘니, 진군(晉軍)의 양각(兩角)이 가까이 오지 못하였다.
악백(樂伯)에게는 한 대의 화살만이 남았을 뿐인데, 갑자기 사슴 한 마리가 앞에 튀어나오자 그 사슴을 쏘니 화살이 사슴의 등에 꽂혔다.
이때 진(晉)나라 포계(鮑癸)가 그 뒤를 바싹 추격(追擊)하고 있었는데, 악백(樂伯)이 섭숙(攝叔)을 시켜 이 사슴을 포계(鮑癸)에게 주며 말하기를, “철이 아직 사냥할 때가 되지 않아 바치는 금수(禽獸)가 이르지 않았을 것이니, 이 사슴을 종자(從者)들의 반찬거리로 올립니다. ”고 하니,
포계(鮑癸)가 그 부하(部下)들에게 추격(追擊)을 멈추게 하며 말하기를, “저들의 거좌(車左)는 활을 잘 쏘고, 거우(車右)는 말을 잘하니 모두 군자(君子)이다. ”고 하였다.
이로 인해 세 사람은 모두 포로(捕虜)가 되는 것을 면(免)하였다.","초자(楚子)가 또 사자(使者)를 보내어 진(晉)나라에 화친(和親)하기를 요구(要求)하니, 진인(晉人)이 허락(許諾)하고서 결맹(結盟)할 날짜를 정(定)하였다.
그런데 초(楚)나라 허백(許伯)이 악백(樂伯)의 병거(兵車)에 어(御)가 되고, 섭숙(攝叔)이 거우(車右)가 되어 진군(晉軍)에 치사(致師)(도전(挑戰))하였다.
허백(許伯)은 “내가 듣건대 치사(致師)하는 자는 어(御)가 깃발이 쏠리도록 급히 달려 적진(敵陣) 가까이까지 갔다가 돌아온다고 하더라. ”고 하고,
악백(樂伯)은 “내가 듣건대 치사(致師)하는 자는 거좌(車左)가 좋은 화살로 적(敵)을 쏘고서 어(御)를 대신해 고삐를 잡으면 어(御)는 병거(兵車)에서 내려 두 말을 가지런히 정리하고 말의 가슴걸이를 바르게 매고서 돌아온다고 하더라. ”고 하고,
섭숙(攝叔)은 “내가 듣건대 치사(致師)하는 자는 거우(車右)는 적진(敵陣)으로 들어가 적(敵)을 죽여 그 귀를 자르고 적(敵)을 생포(生捕)해 돌아온다고 하더라. ”고 하고서,
모두 자기들이 들은 대로 실행(實行)하고서 돌아오니, 진인(晉人)(포계(鮑癸)를 이름)은 이들을 추격(追擊)하고, 또 군대를 좌우(左右) 양쪽으로 펼쳐 협공(挾攻)하였다.
그러자 악백(樂伯)이 왼쪽으로 그 말을 쏘고, 오른쪽으로 그 사람을 쏘니, 진군(晉軍)의 양각(兩角)이 가까이 오지 못하였다.
악백(樂伯)에게는 한 대의 화살만이 남았을 뿐인데, 갑자기 사슴 한 마리가 앞에 튀어나오자 그 사슴을 쏘니 화살이 사슴의 등에 꽂혔다.
이때 진(晉)나라 포계(鮑癸)가 그 뒤를 바싹 추격(追擊)하고 있었는데, 악백(樂伯)이 섭숙(攝叔)을 시켜 이 사슴을 포계(鮑癸)에게 주며 말하기를, “철이 아직 사냥할 때가 되지 않아 바치는 금수(禽獸)가 이르지 않았을 것이니, 이 사슴을 종자(從者)들의 반찬거리로 올립니다. ”고 하니,
포계(鮑癸)가 그 부하(部下)들에게 추격(追擊)을 멈추게 하며 말하기를, “저들의 거좌(車左)는 활을 잘 쏘고, 거우(車右)는 말을 잘하니 모두 군자(君子)이다. ”고 하였다.
이로 인해 세 사람은 모두 포로(捕虜)가 되는 것을 면(免)하였다."
10,춘추좌씨전5,16,whitespace_only,9,9,"갑오일(甲午日)에 위후(衛侯)가 도성(都城)으로 들어왔다.
경(經)에 ‘복귀(復歸)’라고 기록하였으니, 국인(國人)이 받아들였다는 것을 말한 것이다.
〈위후(衛侯)가 들어올 때〉 국경(國境)에 나와 영접(迎接)하는 대부(大夫)에겐 그 손을 잡고 말을 나누고, 길에서 영접하는 사람에겐 수레에서 읍(揖)을 하고, 성문(城門)에서 영접하는 사람에겐 고개만 끄덕일 뿐이었다.
헌공(獻公)이 도성(都城)에 도착하여 사람을 보내 태숙문자(太叔文子)를 꾸짖기를 “과인(寡人)이 국외(國外)에 머물며 고생할 때 대부(大夫)들은 모두 과인(寡人)에게 조석으로 위(衛)나라의 소식을 통보(通報)하였는데, 유독 그대만 과인(寡人)에게 관심을 두지 않았다.
옛사람의 말에 ‘원망할 대상이 아니면 원망하지 말라. ’고 하였으니,
과인(寡人)은 그대를 원망하노라. ”고 하니, 태숙문자가 대답하기를 “신(臣)은 죄(罪)를 알고 있습니다.
신은 재능(才能)이 없어 굴레와 고삐를 걸머지고서 임금님을 시종(侍從)하며 목어(牧圉)(거가(車駕))를 보호(保護)하지 못하였으니 이것이 신(臣)의 첫 번째 죄(罪)이고,
국외(國外)로 나가신 분도 있고 국내(國內)에 계시는 분도 있으므로 신(臣)은 두마음을 품고서 내외(內外)의 소식을 통고(通告)하여 임금을 섬길 수 없었으니, 이것이 신(臣)의 두 번째 죄(罪)입니다.
두 가지 죄(罪)를 지었으니 어찌 감히 죽기를 잊었겠습니까? ” 라고 하고서 가까운 관문을 통해 나가니, 헌공(獻公)이 사람을 보내어 가지 못하도록 막았다.","갑오일(甲午日)에 위후(衛侯)가 도성(都城)으로 들어왔다.
경(經)에 ‘복귀(復歸)’라고 기록하였으니, 국인(國人)이 받아들였다는 것을 말한 것이다.
〈위후(衛侯)가 들어올 때〉 국경(國境)에 나와 영접(迎接)하는 대부(大夫)에겐 그 손을 잡고 말을 나누고, 길에서 영접하는 사람에겐 수레에서 읍(揖)을 하고, 성문(城門)에서 영접하는 사람에겐 고개만 끄덕일 뿐이었다.
헌공(獻公)이 도성(都城)에 도착하여 사람을 보내 태숙문자(太叔文子)를 꾸짖기를 “과인(寡人)이 국외(國外)에 머물며 고생할 때 대부(大夫)들은 모두 과인(寡人)에게 조석으로 위(衛)나라의 소식을 통보(通報)하였는데, 유독 그대만 과인(寡人)에게 관심을 두지 않았다.
옛사람의 말에 ‘원망할 대상이 아니면 원망하지 말라. ’고 하였으니, 과인(寡人)은 그대를 원망하노라. ”고 하니, 태숙문자가 대답하기를 “신(臣)은 죄(罪)를 알고 있습니다.
신은 재능(才能)이 없어 굴레와 고삐를 걸머지고서 임금님을 시종(侍從)하며 목어(牧圉)(거가(車駕))를 보호(保護)하지 못하였으니 이것이 신(臣)의 첫 번째 죄(罪)이고,
국외(國外)로 나가신 분도 있고 국내(國內)에 계시는 분도 있으므로 신(臣)은 두마음을 품고서 내외(內外)의 소식을 통고(通告)하여 임금을 섬길 수 없었으니, 이것이 신(臣)의 두 번째 죄(罪)입니다.
두 가지 죄(罪)를 지었으니 어찌 감히 죽기를 잊었겠습니까? ”
라고 하고서 가까운 관문을 통해 나가니, 헌공(獻公)이 사람을 보내어 가지 못하도록 막았다."
10,춘추좌씨전6,253,whitespace_only,12,11,"제후(齊侯)가 공손(公孫) 청(靑)을 위(衛)나라에 빙문사(聘問使)로 보내었다.
공손(公孫) 청(靑)은 출발한 뒤에 위(衛)나라에 변란(變亂)이 났다는 소식을 듣고서 〈본국(本國)으로〉 사람을 보내어 빙문(聘問)할 상대를 묻게 하니,
제경공(齊景公)이 “위군(衛君)이 아직 위(衛)나라 경내(境內)에 있으니 그 가 위(衛)나라 임금이다. ”고 하였다.
공손(公孫) 청(靑)은 이에 위영공(衛靈公)에게 빙문(聘問)의 예(禮)를 거행하기 위해 드디어 사조(死鳥)로 가서 빙례(聘禮)를 거행하기를 청하니,
영공(靈公)이 사절(謝絶)하며 말하기를 “내가 변변치 못하여 나라를 지키지 못하고 난리를 피해 나와서 초목(草木)이 우거진 산야(山野)에 머물고 있으니, 그대에게 그대 임금의 명(命)을 봉행(奉行)하게 할 만한 장소(場所)가 없다. ”고 하였다.
그러자 빈(賓)(청(靑))이 말하기를 “우리 임금께서 조정(朝廷)에서 신(臣)에게 명(命)하기를 ‘집사(執事)께 몸을 낮추고서 친근하게 대하라. ’고 하셨으니,
신(臣)은 감히 군명(君命)을 어길 수 없습니다. ”고 하니 주인(主人)이 말하기를 “제군(齊君)께서 만약 우리 두 나라 선군(先君)의 우호(友好)를 생각하여 우리나라에 사자(使者)를 보내어 우리나라를 안정시키려는 것이라면 종묘(宗廟)가 있다. ”고 하니, 공손(公孫) 청(靑)은 빙례(聘禮)를 거행하지 않았다.
위후(衛侯)가 제(齊)나라 사자(使者)를 만나 보기를 굳이 요청하자, 청(靑)은 마지못해 자기의 양마(良馬)를 알현의 예물(禮物)로 바쳤으니, 이는 사명(使命)을 봉행(奉行)하지 못하였기 때문이다.
위후(衛侯)는 그 말을 승마(乘馬)로 삼았다.
빈(賓)이 위후(衛侯)를 위해 야경(夜警)을 돌려 하니, 위영공(衛靈公)은 “나의 근심을 그대에게 미치게 할 수 없고 초망(草莽) 가운데서 그대를 욕되게 할 수 없으니 사절(謝絶)한다. ”고 하자, 공손(公孫) 청(靑)은 “신(臣)은 우리 임금의 하신(下臣)이니 위군(衛君)의 목어(牧圉)와 같습니다.
그런데 만약 밖의 침입자(侵入者)를 막는 일을 허락하지 않으신다면 이는 우리 임금을 무시(無視)하는 것입니다.
신(臣)은 죄(罪)를 면하지 못할까 두려우니 〈임금님께서는 신(臣)에게 이 일을 하도록 허락하시어〉 신(臣)이 죽음에서 면할 수 있게 하시기를 청합니다. ”고 하고서 몸소 목탁(木鐸)을 들고 밤새도록 모닥불을 피우는 일에 참여하였다.","제후(齊侯)가 공손(公孫) 청(靑)을 위(衛)나라에 빙문사(聘問使)로 보내었다.
공손(公孫) 청(靑)은 출발한 뒤에 위(衛)나라에 변란(變亂)이 났다는 소식을 듣고서 〈본국(本國)으로〉 사람을 보내어 빙문(聘問)할 상대를 묻게 하니, 제경공(齊景公)이 “위군(衛君)이 아직 위(衛)나라 경내(境內)에 있으니 그 가 위(衛)나라 임금이다. ”고 하였다.
공손(公孫) 청(靑)은 이에 위영공(衛靈公)에게 빙문(聘問)의 예(禮)를 거행하기 위해 드디어 사조(死鳥)로 가서 빙례(聘禮)를 거행하기를 청하니,
영공(靈公)이 사절(謝絶)하며 말하기를 “내가 변변치 못하여 나라를 지키지 못하고 난리를 피해 나와서 초목(草木)이 우거진 산야(山野)에 머물고 있으니, 그대에게 그대 임금의 명(命)을 봉행(奉行)하게 할 만한 장소(場所)가 없다. ”고 하였다.
그러자 빈(賓)(청(靑))이 말하기를 “우리 임금께서 조정(朝廷)에서 신(臣)에게 명(命)하기를 ‘집사(執事)께 몸을 낮추고서 친근하게 대하라. ’고 하셨으니, 신(臣)은 감히 군명(君命)을 어길 수 없습니다. ”고 하니
주인(主人)이 말하기를 “제군(齊君)께서 만약 우리 두 나라 선군(先君)의 우호(友好)를 생각하여 우리나라에 사자(使者)를 보내어 우리나라를 안정시키려는 것이라면 종묘(宗廟)가 있다. ”고 하니, 공손(公孫) 청(靑)은 빙례(聘禮)를 거행하지 않았다.
위후(衛侯)가 제(齊)나라 사자(使者)를 만나 보기를 굳이 요청하자, 청(靑)은 마지못해 자기의 양마(良馬)를 알현의 예물(禮物)로 바쳤으니, 이는 사명(使命)을 봉행(奉行)하지 못하였기 때문이다.
위후(衛侯)는 그 말을 승마(乘馬)로 삼았다.
빈(賓)이 위후(衛侯)를 위해 야경(夜警)을 돌려 하니, 위영공(衛靈公)은 “나의 근심을 그대에게 미치게 할 수 없고 초망(草莽) 가운데서 그대를 욕되게 할 수 없으니 사절(謝絶)한다. ”고 하자, 공손(公孫) 청(靑)은 “신(臣)은 우리 임금의 하신(下臣)이니 위군(衛君)의 목어(牧圉)와 같습니다.
그런데 만약 밖의 침입자(侵入者)를 막는 일을 허락하지 않으신다면 이는 우리 임금을 무시(無視)하는 것입니다.
신(臣)은 죄(罪)를 면하지 못할까 두려우니 〈임금님께서는 신(臣)에게 이 일을 하도록 허락하시어〉 신(臣)이 죽음에서 면할 수 있게 하시기를 청합니다. ”고 하고서 몸소 목탁(木鐸)을 들고 밤새도록 모닥불을 피우는 일에 참여하였다."
10,춘추좌씨전8,27,whitespace_only,7,6,"6월에 좌사(左師) 상소(向巢)를 보내어 환퇴(桓魋)를 토벌하게 하자, 좌사(左師)는 대부(大夫)들을 인질(人質)로 데리고서 조읍(曹邑)으로 돌아가고자 하였으나 대부(大夫)들을 인질(人質)로 삼을 수 없자, 그 또한 조읍(曹邑)로 들어가서 〈조읍(曹邑)의 자제(子弟)들을〉 인질(人質)로 잡았다.
환퇴(桓魋)가 말하기를 “옳지 않습니다.
이미 임금을 잘 섬기지 못하였는데, 또 백성에게 죄(罪)를 얻는다면 장차 어찌하겠습니까? ”라고 하고서 인질(人質)들을 풀어주었다.
백성들이 드디어 배반(背叛)하니 상퇴(向魋)는 위(衛)나라로 출분(出奔)하고 상소(向巢)는 노(魯)나라로 도망해 왔다.
송공(宋公)이 사람을 보내어 상소(向巢)의 출분(出奔)을 말리며 말하기를 “과인(寡人)이 그대와 맹약(盟約)하였으니, 상씨(向氏)의 제사(祭祀)가 끊기게 할 수 없다. ”고 하니,
상소(向巢)가 사양하며 말하기를 “신(臣)의 죄(罪)가 크니 환씨(桓氏)를 다 멸망(滅亡)시켜도 지나치지 않습니다.
만약 선신(先臣)을 생각하시어 환씨(桓氏)의 승계자(承繼者)를 세워주신다면 이는 임금님의 은혜(恩惠)입니만 신(臣)은 들어갈 수 없습니다. ”라고 하였다.","6월에 좌사(左師) 상소(向巢)를 보내어 환퇴(桓魋)를 토벌하게 하자, 좌사(左師)는 대부(大夫)들을 인질(人質)로 데리고서 조읍(曹邑)으로 돌아가고자 하였으나 대부(大夫)들을 인질(人質)로 삼을 수 없자, 그 또한 조읍(曹邑)로 들어가서 〈조읍(曹邑)의 자제(子弟)들을〉 인질(人質)로 잡았다.
환퇴(桓魋)가 말하기를 “옳지 않습니다.
이미 임금을 잘 섬기지 못하였는데, 또 백성에게 죄(罪)를 얻는다면 장차 어찌하겠습니까? ”라고 하고서 인질(人質)들을 풀어주었다.
백성들이 드디어 배반(背叛)하니 상퇴(向魋)는 위(衛)나라로 출분(出奔)하고 상소(向巢)는 노(魯)나라로 도망해 왔다.
송공(宋公)이 사람을 보내어 상소(向巢)의 출분(出奔)을 말리며 말하기를 “과인(寡人)이 그대와 맹약(盟約)하였으니, 상씨(向氏)의 제사(祭祀)가 끊기게 할 수 없다. ”고 하니, 상소(向巢)가 사양하며 말하기를 “신(臣)의 죄(罪)가 크니 환씨(桓氏)를 다 멸망(滅亡)시켜도 지나치지 않습니다.
만약 선신(先臣)을 생각하시어 환씨(桓氏)의 승계자(承繼者)를 세워주신다면 이는 임금님의 은혜(恩惠)입니만 신(臣)은 들어갈 수 없습니다. ”라고 하였다."
