book,문단식별자,문장식별자,원문,번역문,marker,llm_judgment,marker_type,analysis_level
시경집전(상),1195,2790,彼其之子여 邦之彦兮로다,9e10739fe931bc81,로다,True,로다,Level1
시경집전(상),1210,2824,其相與警戒之言이 如此하니 則不留於宴昵之私를 可知矣로다,ff83d2a4949aa613,로다,False,로다,Level1
시경집전(상),1213,2827,琴瑟在御 莫不靜好로다,1a783f1dfa50b4ce,로다,True,로다,Level1
시경집전(상),1215,2833,其和樂而不淫을 可見矣로다,683bbce583e2a1b2,로다,True,로다,Level1
시경집전(상),1222,2850,有女同車하니 顔如舜華로다,7f7c837d7be2e5c8,로다,True,로다,Level1
시경집전(상),1223,2851,將翺將翔하나니 佩玉瓊琚로다,ccd1344ab9bcc266,로다,True,로다,Level1
시경집전(상),1224,2852,彼美孟姜이여 洵美且都로다,4d5bec87f119694d,로다,True,로다,Level1
시경집전(상),1227,2860,有女同行하니 顔如舜英이로다,592d3a37f0cd7cf5,로다,True,로다,Level1
시경집전(상),1228,2861,將翺翔하나니 佩玉將將이로다,138e3e86a0ba516c,로다,True,로다,Level1
시경집전(상),1229,2862,彼美孟姜이여 德音不忘이로다,a5bafe5f606756a6,로다,True,로다,Level1
시경집전(상),1257,2920,狂童之狂也且로다,bfd6be8ae87d3c7b,로다,False,로다,Level1
시경집전(상),1262,2930,狂童之狂也且로다,bfd6be8ae87d3c7b,로다,False,로다,Level1
시경집전(상),1280,2957,東門之墠에 茹藘在阪이로다,6f77c2d05ce81cfa,로다,False,로다,Level1
시경집전(상),1281,2958,其室則邇나 其人甚遠이로다,1b6aa50fe77f82c2,로다,True,로다,Level1
시경집전(상),1283,2966,東門之栗에 有踐家室이로다,eba5458df37bbbd4,로다,False,로다,Level1
시경집전(상),1287,2973,風雨凄凄어늘 雞鳴喈喈로다,a89724266000c18e,로다,True,로다,Level1
시경집전(상),1291,2981,風雨瀟瀟어늘 鷄鳴膠膠로다,87516860a8718e7e,로다,True,로다,Level1
시경집전(상),1294,2987,風雨如晦어늘 鷄鳴不已로다,5ccc8312f5167bea,로다,True,로다,Level1
시경집전(상),1300,3001,靑靑子佩여 悠悠我思로다,30f1fa6859f5819f,로다,True,로다,Level1
시경집전(상),1303,3006,挑兮達兮하니 在城闕兮로다,3bbe0ac3ce165216,로다,True,로다,Level1
자치통감강목20,207,352,紹宗이 曰 明公이 興義兵以淸朝廷이어늘 今乃無故殲夷多士하여 失天下望이 非長策也로다,c6273dfa312c1295,로다,False,로다,Level1
자치통감강목20,215,369,賀拔岳이 進曰 將軍이 首擧義兵하여 志除姦逆이라가 大勲未立하여 遽有此謀하니 正可速禍요 未見其福이로다,e3a524bd918c2551,로다,False,로다,Level1
자치통감강목20,225,388,後數日에 榮이 與魏主登髙하여 見宮闕壯麗하고 列樹成行(항)하고 乃歎曰 元尙書之言이 不可奪也로다,3fdd02553d3f344a,로다,True,로다,Level1
자치통감강목20,236,409,此言이 旣行에 世之違犯正理者가 輒以自解하니 其賊道가 多矣로다,820865069bcf5f84,로다,False,로다,Level1
자치통감강목20,240,417,祖瑩之言이 違道甚矣로다,bd9f3296a5974103,로다,False,로다,Level1
자치통감강목20,240,419,正家者는 治國之本이요 初政者는 治亂之原이어늘 魏子攸가 惑於邪説而不能辨하고 惕於强臣而不能正하니 早墜厥命이 於是乎在矣로다,f70e3547a0adffbd,로다,True,로다,Level1
자치통감강목20,242,421,榮이 令元天穆하여 入洛陽하여 朝廷要官을 悉用其腹心爲之로다,f99a3cd0466b9ff7,로다,True,로다,Level1
자치통감강목20,277,473,他日에 困於叛臣하여 卒餓而死하니 其禍가 有自來矣로다,21c01c3670288863,로다,False,로다,Level1
자치통감강목20,399,693,及聞關隴이 平하고 謂臨淮王(或)［彧］曰 天下에 便無賊矣로다,01cbcb771f40dbf5,로다,False,로다,Level1
자치통감강목20,457,800,祖仁私謂子弟曰 今日에 富貴至矣로다,2353b724e75f6488,로다,False,로다,Level1
자치통감강목20,628,1094,髙歡이 初至에 圖之不難이로다,452ab2ef0abd928f,로다,False,로다,Level1
자치통감강목20,775,1320,歡이 乃集百官耆老하여 議所立할새 時에 淸河王亶이 出入已稱警蹕이라 歡이 醜之하여 遂立其世子善見爲帝하고 謂亶曰 欲立王이나 不如立王之子로다,2190f3d984c77558,로다,False,로다,Level1
자치통감강목20,954,1584,我與國家로 同安共危어니 以此獲罪라도 亦無所恨이로다,825a50a24eb97243,로다,False,로다,Level1
자치통감강목20,1129,1827,敬容於是乎不忠之甚矣로다,146d0a921ada8070,로다,False,로다,Level1
자치통감강목20,1193,1918,梁高祖之不終也는 宜哉로다,fa7ab9f0b4d961a3,로다,False,로다,Level1
자치통감강목20,1236,1979,今藉其屢奔하여 人情未固하니 正當共出百死하여 决力取之어늘 無故停留하니 時事去矣로다,9e68c1c037d92b9f,로다,True,로다,Level1
자치통감강목20,1295,2063,帝旣不能自克하고 朱异又諂以成之하니 悲夫로다,49d7fb4e2c05909e,로다,True,로다,Level1
자치통감강목20,1397,2227,景謂神茂曰 事不諧矣로다,9281560b22c6392e,로다,False,로다,Level1
자치통감강목20,1452,2298,岐謂人曰 朱彦和將死矣로다,29340d1c7089e38d,로다,False,로다,Level1
자치통감강목20,1568,2458,二者皆失之하니 然則非景與正德能亡梁也라 乃朱异亡之耳로다,8325077581e386f4,로다,False,로다,Level1
자치통감강목2,136,333,孝文莊襄二王之死는 蓋皆不韋之所爲也로다,f4850d4baebbc04c,로다,False,로다,Level1
자치통감강목2,188,473,秦兵이 去陳百六十里니 臣이 見秦楚之日鬪也로다,99d051c4052394cf,로다,False,로다,Level1
자치통감강목2,232,595,棄黔首以資敵國하며 却賓客以業諸侯하니 此所謂藉寇兵而齎盜糧者也로다,7f3ee8ecaec2caa4,로다,True,로다,Level1
자치통감강목2,308,754,丹이 不忍也하노라 軻乃私見於期曰 秦王遇將軍이 可謂深矣로다,43775219ef3d5010,로다,False,로다,Level1
자치통감강목2,325,807,王曰 將軍이 老矣로다,40af014fb39165b5,로다,False,로다,Level1
자치통감강목2,341,851,對曰 方投石超距라하야늘 翦이 曰 可矣로다,df2e8fdc0ee38790,로다,False,로다,Level1
자치통감강목2,543,1437,斯亦足稱也로다,41f6c18e4c17aa18,로다,True,로다,Level1
자치통감강목2,631,1692,養卒이 笑曰 君未知此兩人所欲也로다,ad6c5b4ca1c6ee65,로다,False,로다,Level1
자치통감강목2,769,2103,今不恤士卒하고 而徇其私하니 非社稷之臣也로다,512fe5fe20ae0344,로다,False,로다,Level1
자치통감강목2,908,2470,羽는 受璧하고 增은 拔劒撞破玉斗曰 唉라 豎子는 不足與謀이로다,133ffbb94da3d299,로다,False,로다,Level1
자치통감강목2,912,2480,韓生이 退曰 人言楚人은 沐猴而冠이라하더니 果然이로다,6b75c3a4600bf257,로다,False,로다,Level1
자치통감강목2,1010,2657,王이 復罵曰 諸將亡者以十數로대 公無所追러니 追信은 詐也로다,8374b4cbb12acf6b,로다,False,로다,Level1
자치통감강목2,1088,2853,嗚呼危哉로다,d3ed9267d1678278,로다,True,로다,Level1
자치통감강목2,1107,2893,曰 不能當曹參이니 吾無患矣로다,4358273fd986cb0f,로다,False,로다,Level1
자치통감강목2,1211,3196,王이 乃捫足曰 虜中吾指로다,d52fb8ac716fa306,로다,False,로다,Level1
자치통감강목2,1259,3307,張良이 才識이 高遠하야 有儒者氣象이로되 而亦以此로 說漢王하니 則其不義甚矣로다,7099983277cb7d55,로다,False,로다,Level1
자치통감강목20,31,49,至是하여 榮이 得勝大喜曰 得卿兄弟하니 天下는 不足平也로다,7ec7953f62b51ea4,로다,True,로다,Level1
자치통감강목20,86,145,爲人上而觀此면 亦可省己而修德矣로다,3958fc20fef831c6,로다,False,로다,Level1
자치통감강목20,116,189,忠且無私라 可謂君子矣로다,76997d2f4f9b3773,로다,False,로다,Level1
자치통감강목20,195,335,然則非爾朱榮髙歡이 能爲魏毒也라 魏自亡爾로다,e76e28588b93ec72,로다,False,로다,Level1
시경집전(상),1304,3007,一日不見이 如三月兮로다,90e725b9d5ab0fb9,로다,True,로다,Level1
시경집전(상),1307,3012,揚之水여 不流束楚로다,eadd388bb9b17f58,로다,True,로다,Level1
시경집전(상),1312,3023,揚之水여 不流束薪이로다,4c98e2459698b01f,로다,True,로다,Level1
시경집전(상),1317,3028,出其東門호니 有女如雲이로다,f37c8793a6d55c1b,로다,True,로다,Level1
시경집전(상),1318,3029,雖則如雲이나 匪我思存이로다,c151940e189e1119,로다,True,로다,Level1
시경집전(상),1319,3030,縞衣綦巾이여 聊樂我員이로다,8c95f49185169f8f,로다,True,로다,Level1
시경집전(상),1321,3037,是時에 淫風大行이로되 而其間에 乃有如此之人하니 亦可謂能自好而不爲習俗所移矣로다,d01a5b136407092e,로다,True,로다,Level1
시경집전(상),1322,3039,出基闉闍호니 有女如茶로다,ca6ee58cbbf4d27b,로다,True,로다,Level1
시경집전(상),1323,3040,雖則如茶나 匪我思且로다,2cdc8cc7135a6434,로다,True,로다,Level1
시경집전(상),1324,3041,縞衣茹藘여 聊可與娛로다,3b60df2bae011b68,로다,True,로다,Level1
시경집전(상),1327,3050,野有蔓草호니 零露溥兮로다,5fc8aa601a54d979,로다,True,로다,Level1
시경집전(상),1328,3051,有美一人이여 淸揚婉兮로다,31b958c7c3d5c386,로다,True,로다,Level1
시경집전(상),1329,3052,邂逅相遇호니 適我願兮로다,ad789b026602ba2e,로다,True,로다,Level1
시경집전(상),1332,3062,野有蔓草하니 零露瀼瀼이로다,3d47cfa78e2e331c,로다,True,로다,Level1
시경집전(상),1333,3063,有美一人이여 婉如淸揚이로다,4553dfc25937f0e2,로다,True,로다,Level1
시경집전(상),1334,3064,邂逅相遇호니 與子偕臧이로다,1b0e756c5a1a9f1d,로다,True,로다,Level1
시경집전(상),1338,3072,士與女 方秉蕳兮로다,0b2e9bf20b33893c,로다,True,로다,Level1
시경집전(상),1339,3073,女曰觀乎인저 士曰旣且로다,323bf06e44daa573,로다,True,로다,Level1
시경집전(상),1341,3075,維士與女 伊其相謔하여 贈之以勺藥이로다,78d6d6dc6e1e428f,로다,True,로다,Level1
시경집전(상),1345,3088,士與女 殷其盈矣로다,e8d182c973dbb966,로다,False,로다,Level1
자치통감강목18,888,2915,沖曰 任城可謂忠於社稷이로다,31b90967ef2e6b6f,로다,False,로다,Level1
자치통감강목19,25,42,故此别示하노니 想無致怪로다,74dcdd46f735634b,로다,False,로다,Level1
자치통감강목19,32,50,是는 以不信之令으로 誘之하여 使陷於死地하니 刑政之失이 無此爲大焉이로다,26804ef4c561bdc9,로다,False,로다,Level1
자치통감강목19,62,86,顯宗이 至新野어늘 魏主가 謂曰 卿이 破賊斬將하니 殊益軍勢로다,13fa96afb653f494,로다,True,로다,Level1
자치통감강목19,115,165,魏主가 覽表하고 歎悵久之라가 曰 道固가 可謂溢矣요 而僕射도 亦爲滿也로다,c7c9f3335c5c52da,로다,True,로다,Level1
자치통감강목19,144,220,計汝父子가 惟有走耳로다,ea33245606040868,로다,False,로다,Level1
자치통감강목19,147,225,中書가 疑朓官未及讓한대 祭酒沈約이 曰 近世小官不讓이 遂成恒俗이어늘 謝今所讓이 又别有意로다,4a032c92da1c5b3c,로다,False,로다,Level1
자치통감강목19,215,326,咸陽王禧가 至하여 謂勰曰 汝此行이 不唯勤勞라 亦實危險이로다,6659561156b1ff39,로다,False,로다,Level1
자치통감강목19,236,357,劉暄이 嘗爲寶玄郢州行事한대 執事過刻하니 寶玄이 恚曰 舅殊無渭陽情이로다,1621370c967bf420,로다,False,로다,Level1
자치통감강목19,401,604,烈頭는 可得이나 羽林은 不可得이로다,61564279010b78ef,로다,False,로다,Level1
자치통감강목19,431,644,莫若請救於魏이로다,ece05e7388cff034,로다,False,로다,Level1
자치통감강목19,551,800,昻復書曰 一餐微施도 尙復投隕커든 況食人之祿하여 而頓忘一旦이면 非惟物議不可라 亦恐明公鄙之니 所以躊躇하여 未遑薦璧이로다,1ebbe68cca5ce83a,로다,False,로다,Level1
자치통감강목19,559,812,我義不降이로다,dd7ea1798d15cfb3,로다,False,로다,Level1
자치통감강목19,577,841,約擧手向左한대 雲笑曰 不乖所望이로다,5daa564e4c15c95d,로다,False,로다,Level1
자치통감강목19,771,1092,英深賞之曰 觀此經筭하니 雖有金城湯池나 不能守矣로다,465d7e922d2c368a,로다,False,로다,Level1
자치통감강목19,916,1281,昌義之怒하여 須髪盡磔曰 呂僧珍可斬也로다,503686c75ad99c94,로다,False,로다,Level1
자치통감강목19,940,1325,若孤軍獨往이면 必至狼狽리니 今破賊必矣로다,7746e1180265f168,로다,False,로다,Level1
자치통감강목19,987,1383,崇謂琛曰 長史後必爲刺史니 不知得上佐何如人耳로다,f323f2bfca19254b,로다,False,로다,Level1
자치통감강목19,1867,2520,不從하고 詔分處之於冀定瀛三州하여 就食한대 深이 謂纂曰 此輩復爲乞活矣로다,b323f399e796f989,로다,False,로다,Level1
자치통감강목2,124,303,今縮高辭大位以全父子之義어늘 而君曰 必生致之라하니 是는 使我負襄王之詔而廢太府之憲也로다,df2d508a2456b9d2,로다,False,로다,Level1
시경집전(상),1159,2692,叔于田하니 乘乘黃이로다,c957dbdfdbf5564a,로다,True,로다,Level1
시경집전(상),1160,2693,兩服上襄이요 兩驂雁行이로다,734bcf5b955ec677,로다,True,로다,Level1
시경집전(상),1161,2694,叔在藪하니 火烈具揚이로다,76c6838a91240959,로다,True,로다,Level1
시경집전(상),1163,2696,抑磬控忌며 抑縱送忌로다,b13471078c1ad2da,로다,True,로다,Level1
시경집전(상),1165,2706,叔于田하니 乘乘鴇로다,3239c79875b67c43,로다,False,로다,Level1
시경집전(상),1166,2707,兩服齊首요 兩驂如手로다,ff3234c0046c8b23,로다,True,로다,Level1
시경집전(상),1167,2708,叔在藪하니 火烈具阜로다,4f04a12aa08ce066,로다,True,로다,Level1
시경집전(상),1169,2710,抑釋掤忌며 抑鬯弓忌로다,e5ba3819bcdefaba,로다,True,로다,Level1
시경집전(상),1173,2726,淸人在彭하니 駟介旁旁이로다,c583b303f53481ce,로다,True,로다,Level1
시경집전(상),1174,2727,二矛重英로 河上乎翺翔이로다,60336ab6f445a66e,로다,True,로다,Level1
시경집전(상),1177,2739,淸人在消하니 駟介麃麃로다,dbfe3b089982ee39,로다,True,로다,Level1
시경집전(상),1178,2740,二矛重喬로 河上乎逍遙로다,0bacec58c674b4b8,로다,True,로다,Level1
시경집전(상),1180,2746,淸人在軸하니 駟介陶陶로다,d21f53f71d381554,로다,True,로다,Level1
시경집전(상),1181,2747,左旋右抽어늘 中軍作好로다,203f09695a249423,로다,True,로다,Level1
시경집전(상),1185,2765,春秋에 書曰鄭棄其師라하니 其責之深矣로다,6da2b2101960036f,로다,False,로다,Level1
시경집전(상),1187,2771,羔裘如濡하니 洵直且侯로다,8503d56dd64ff84d,로다,True,로다,Level1
시경집전(상),1188,2772,彼其之子여 舍命不渝로다,728251e6e810fe44,로다,True,로다,Level1
시경집전(상),1191,2781,羔裘豹飾이로소니 孔武有力이로다,dccbde48681bee39,로다,True,로다,Level1
시경집전(상),1192,2782,彼其之子여 邦之司直이로다,a9fe3aa2f0d1e2db,로다,False,로다,Level1
시경집전(상),1194,2789,羔裘晏兮요 三英粲兮로다,ddfb72e0031e5441,로다,True,로다,Level1
시경집전(상),1075,2511,言綿綿葛藟는 則在河之滸矣어늘 今乃終遠兄弟하여 而謂他人爲己父로다,1c839caf3f3de732,로다,True,로다,Level1
시경집전(상),1076,2513,綿綿葛藟여 在河之涘로다,bd6f377bc32d7bf1,로다,False,로다,Level1
시경집전(상),1078,2515,謂他人母나 亦莫我有로다,2bd7102c9742421a,로다,True,로다,Level1
시경집전(상),1080,2520,綿綿葛藟여 在河之漘이로다,68134cd4c7c708d3,로다,False,로다,Level1
시경집전(상),1082,2522,謂他人昆이나 亦莫我聞이로다,94de5cf3187762d2,로다,True,로다,Level1
시경집전(상),1085,2529,彼采葛兮여 一日不見이 如三月兮로다,8c35db9bb876efcf,로다,True,로다,Level1
시경집전(상),1087,2533,彼采蕭兮여 一日不見이 如三秋兮로다,541dea3a1cdce920,로다,True,로다,Level1
시경집전(상),1089,2538,彼采艾兮여 一日不見이 如三歲兮로다,53217f1b08c1d4db,로다,True,로다,Level1
시경집전(상),1092,2544,大車檻檻하니 毳衣如菼이로다,de51d3ac174c799b,로다,True,로다,Level1
시경집전(상),1096,2558,大車啍啍하니 毳衣如璊이로다,eb672f2eb08d5170,로다,False,로다,Level1
시경집전(상),1104,2573,丘中有麻하니 彼留子嗟로다,a3771278c8ee07f5,로다,True,로다,Level1
시경집전(상),1108,2582,丘中有麥하니 彼留子國이로다,261e863f985bc33e,로다,False,로다,Level1
시경집전(상),1111,2587,丘中有李하니 彼留之子로다,e4a683fc9f1b93e6,로다,False,로다,Level1
시경집전(상),1142,2648,叔于田하니 巷無居人이로다,9ad4ba23d233725b,로다,False,로다,Level1
시경집전(상),1146,2661,叔于狩하니 巷無飮酒로다,498d4e3a518bd80a,로다,False,로다,Level1
시경집전(상),1149,2665,叔適野하니 巷無服馬로다,63368f009c5757d6,로다,False,로다,Level1
시경집전(상),1153,2673,叔于田하니 乘乘馬로다,c174348a589f872f,로다,False,로다,Level1
시경집전(상),1154,2674,執轡如組하니 兩驂如舞로다,e7a140534fab073d,로다,True,로다,Level1
시경집전(상),1155,2675,叔在藪하니 火烈具擧로다,76c6838a91240959,로다,True,로다,Level1
시경집전(상),1156,2676,襢裼暴虎하여 獻于公所로다,32a77fcbc685866f,로다,True,로다,Level1
시경집전(상),1000,2343,彼黍離離어늘 彼稷之實이로다,34f54baba93c712c,로다,True,로다,Level1
시경집전(상),1019,2375,其樂只且로다,63fa19713cdc3522,로다,True,로다,Level1
시경집전(상),1023,2390,其樂只且로다,63fa19713cdc3522,로다,True,로다,Level1
시경집전(상),1026,2396,揚之水여 不流束薪이로다,6796e6950297cc35,로다,True,로다,Level1
시경집전(상),1027,2397,彼其之子여 不與我戍申이로다,1fa2f32e02869525,로다,True,로다,Level1
시경집전(상),1031,2407,揚之水여 不流束楚로다,1056ab682b4c62ef,로다,True,로다,Level1
시경집전(상),1032,2408,彼其之子여 不與我戍甫로다,f71e89404c6b6ffc,로다,True,로다,Level1
시경집전(상),1035,2416,揚之水여 不流束蒲로다,08e5f115dcc4bad6,로다,True,로다,Level1
시경집전(상),1036,2417,彼其之子여 不與我戍許로다,21d3ae6c202ceb0b,로다,True,로다,Level1
시경집전(상),1041,2435,中谷有蓷하니 暵其乾矣로다,2e0490c08f680e36,로다,True,로다,Level1
시경집전(상),1043,2437,嘅其嘆矣호니 遇人之艱難矣로다,e497cde32f3c157f,로다,True,로다,Level1
시경집전(상),1046,2444,中谷有蓷하니 暵其脩矣로다,f3641c06d7803af4,로다,True,로다,Level1
시경집전(상),1048,2446,條其歗矣호니 遇人之不淑矣로다,ad2ec76aecc50c7c,로다,True,로다,Level1
시경집전(상),1051,2456,中谷有蓷하니 暵其濕矣로다,bcddeaa11fa54cba,로다,True,로다,Level1
시경집전(상),1055,2467,故로 讀詩者 於一物失所에 而知王政之惡하고 一女見棄에 而知人民之困하나니 周之政荒民散하여 而將無以爲國을 於此亦可見矣로다,7ff29f8d5a9d4c49,로다,False,로다,Level1
시경집전(상),1057,2470,有兎爰爰이어늘 雉離于羅로다,bc1a5b49c3f5be5f,로다,False,로다,Level1
시경집전(상),1062,2487,有兎爰爰이어늘 雉離于罦로다,33f62c0a63cbd93a,로다,False,로다,Level1
시경집전(상),1066,2494,有兎爰爰이어늘 雉離于罿이로다,33f62c0a63cbd93a,로다,False,로다,Level1
시경집전(상),1071,2504,綿綿葛藟여 在河之滸로다,c628dcdcadf42b38,로다,False,로다,Level1
시경집전(상),1073,2506,謂他人父나 亦莫我顧로다,e7adf422a76b04e0,로다,True,로다,Level1
자치통감강목3,566,1375,使後世로 致隆於原廟而簡於太廟하니 則通說이 啓之矣로다,595e1b24eb08e15b,로다,True,로다,Level1
자치통감강목3,677,1534,酒酣에 章爲耕田歌曰 深耕穊種하고 立苗欲疏로다,ec51c0f4c90d6fcc,로다,True,로다,Level1
자치통감강목3,785,1791,文帝修代來功이 在三時之後하고 又所侯者 纔宋昌一人이니 此可以爲後世法矣로다,b187a48aad0a339e,로다,True,로다,Level1
자치통감강목3,931,2161,吾欲致之族이어늘 而君以法奏之하니 非吾所以共承宗廟意也로다,2895b5146e5a209e,로다,False,로다,Level1
자치통감강목3,1116,2565,民有歌淮南王者하여 曰 一尺布도 尙可縫이요 一斗粟도 尙可舂이어늘 兄弟二人이 不相容이로다,7f4a818a5b238b52,로다,False,로다,Level1
자치통감강목3,1348,3091,此眞將軍矣로다,e4fb7d5be6ed968e,로다,True,로다,Level1
자치통감강목3,1376,3140,然則孝景之薄于君親이 其罪益大矣로다,87d6fe77694edf25,로다,True,로다,Level1
자치통감강목3,1671,3731,亞夫因趨出하니 上이 目送之曰 此 鞅鞅하니 非少主臣也로다,e898b1a29b3744fc,로다,False,로다,Level1
자치통감강목3,1830,4111,對旣不合하고 又留不去하니 其不逮穆生을 又可見矣로다,6ebf0bb1c86586f2,로다,False,로다,Level1
자치통감강목4,37,75,上曰 太尉不足與計로다,3dea005b74dc423b,로다,False,로다,Level1
자치통감강목4,142,339,古有社稷之臣이러니 至如黯하여는 近之矣로다,4e16ed51888d825d,로다,True,로다,Level1
자치통감강목4,234,580,夫唯大雅하여 卓爾不群은 河間獻王이 近之矣로다,26a687fc14a121e1,로다,True,로다,Level1
자치통감강목4,391,949,不入於道德하고 苟放縱於末流하니 殺身亡宗이 非不幸也로다,c54a7477aa0e2e2d,로다,False,로다,Level1
자치통감강목4,1205,2746,且單于信汝하여 使決人死生이어늘 不平心持正하고 反欲鬪兩主하여 觀禍敗로다,fefaf29da30da171,로다,False,로다,Level1
자치통감강목4,1379,3157,宜太子之不終也로다,fe240c3fe44c3ea4,로다,False,로다,Level1
자치통감강목4,1558,3571,然이나 其處事應機는 則不異於古人矣로다,b1a9a5a1526573c0,로다,False,로다,Level1
자치통감강목4,1579,3626,義士로다,87e7f34c241b8c3f,로다,True,로다,Level1
자치통감강목4,1690,3867,論者或美介子以爲奇功하니 過矣로다,b9956f415323c81d,로다,False,로다,Level1
자치통감강목5,221,492,初에 霍氏奢侈어늘 茂陵徐生曰 霍氏必亡이로다,dbf6bc5fbf5b1185,로다,False,로다,Level1
자치통감강목5,366,823,是以로 決意去之하니 觀其語曰 不去면 懼有後悔라하니 則其微意를 可見矣로다,7cdeaf22544d8508,로다,True,로다,Level1
자치통감강목20,1600,2504,觀此하고 尙不知佛學之非하고 又從而爲之說하여 以自解焉하면 則亦末如之何矣로다,6fcbade016090dce,로다,True,로다,Level1
자치통감강목20,1602,2507,嘗與繹雙六이라가 食子未下어늘 賁曰 殿下都無下意로다,1963f6c855dfd8f7,로다,True,로다,Level1
자치통감강목20,1748,2707,苟非實見義重於生인댄 則不能也니 嵊可謂無負乎書矣로다,3f3cf45be211f00e,로다,True,로다,Level1
자치통감강목20,1760,2723,綸流涕曰 天下之事一至於斯하니 湘州若敗인댄 吾亡無日矣로다,18e39c2eb4c70c65,로다,True,로다,Level1
자치통감강목3,58,117,公知其一이요 未知其二로다,464a9bb9d1f7c72e,로다,True,로다,Level1
자치통감강목3,105,239,而敏於用言하여 不自遑暇 如此하니 其成帝業이 宜哉로다,be66e7756f99b9e6,로다,True,로다,Level1
자치통감강목3,105,240,光武下隴하고 歸才六日에 潁川盜起어늘 而往征之하니 可謂能繩祖武矣로다,b10b137eb295e6d3,로다,True,로다,Level1
자치통감강목3,112,267,惟子程子蓋嘗言之하시고 又以爲子房進退從容하여 有儒者之風하니 非高祖之能用子房이요 實子房能用高祖라하시니 其可謂知子房矣로다,69f3e7642387c3a6,로다,False,로다,Level1
자치통감강목3,129,310,信曰 果若人言이로다,53b4bd49d90d3ccc,로다,False,로다,Level1
자치통감강목3,129,311,狡兎死에 走狗烹이요 高鳥盡에 良弓藏이요 敵國破에 謀臣亡이라하니 天下已定하니 我固當烹이로다,8c25838145be6317,로다,True,로다,Level1
자치통감강목3,157,385,嗚呼惜哉로다,53c5e3ba2aaa9791,로다,True,로다,Level1
자치통감강목3,171,423,故로 良이 因事納忠하여 以變移帝意하여 使上無阿私하고 下無猜懼하니 可謂善諫矣로다,d22f88dbd974e6dc,로다,True,로다,Level1
자치통감강목3,243,604,高等이 相謂曰 吾王은 長者라 不倍徳이로다,20eee89b595a3266,로다,True,로다,Level1
자치통감강목3,285,693,廷尉以聞한대 上曰 壯士로다,33d599730177b2e9,로다,True,로다,Level1
자치통감강목3,323,796,至邯鄲하여 喜曰 豨不南據邯鄲而阻(章)［漳］水하니 吾知其無能爲矣로다,2c3bf16d38552d2d,로다,True,로다,Level1
자치통감강목3,428,1053,酒酣에 上이 擊筑自歌曰 大風起兮여 雲飛揚이로다,c4565d55fd981ede,로다,True,로다,Level1
자치통감강목3,428,1054,威加海內兮여 歸故鄕이로다,4093c66f8aef910e,로다,True,로다,Level1
자치통감강목3,444,1089,四人者出커늘 上이 召戚夫人하여 指視之하고 曰 我欲易之러니 彼四人者輔之하니 羽翼已成하여 難動矣로다,ff873562af157096,로다,False,로다,Level1
자치통감강목3,509,1257,爲人子者 父母有過則諫하고 諫而不聽이면 則號泣而隨之하나니 若孝惠者는 可謂篤於小仁而未知大誼也로다,af44c9d8bcb4be23,로다,False,로다,Level1
자치통감강목3,533,1306,參爲相三年에 百姓이 歌之曰 蕭何爲法에 較若畫一이러니 曹參代之하여 守而勿失이로다,74ada1531b4ccb5e,로다,True,로다,Level1
시경집전(상),1489,3409,要之襋之하여 好人服之로다,80f07300e172e94b,로다,True,로다,Level1
시경집전(상),1492,3420,好人提提하여 宛然左辟하나니 佩其象揥로다,a9a68afba4650a9e,로다,True,로다,Level1
시경집전(상),1497,3433,彼汾沮洳에 言采其莫로다,0604ea5a629546fa,로다,False,로다,Level1
시경집전(상),1498,3434,彼其之子여 美無度로다,45f98f7ddae464d6,로다,True,로다,Level1
시경집전(상),1499,3435,美無度나 殊異乎公路로다,bd2b816b519df6fe,로다,True,로다,Level1
시경집전(상),1502,3444,彼汾一方에 言采其桑이로다,b1dace1f638d24e2,로다,False,로다,Level1
시경집전(상),1503,3445,彼其之子여 美如英이로다,d2d72c7c1b2fc043,로다,True,로다,Level1
시경집전(상),1504,3446,美如英이나 殊異乎公行이로다,994701419d467ec3,로다,True,로다,Level1
시경집전(상),1506,3451,彼汾一曲에 言采其藚이로다,d1993cb84a12185b,로다,False,로다,Level1
시경집전(상),1507,3452,彼其之子여 美如玉이로다,649733bef0b408e2,로다,True,로다,Level1
시경집전(상),1508,3453,美如玉이나 殊異乎公族이로다,1217bd9a865344a2,로다,True,로다,Level1
시경집전(상),1511,3460,園有桃하니 其實之殽로다,b6db9baf62efa4ad,로다,False,로다,Level1
시경집전(상),1513,3462,不知我者는 謂我士也驕로다,37f73025fb969647,로다,False,로다,Level1
시경집전(상),1516,3465,其誰知之리오 蓋亦勿思로다,9dc5ed49ac273fa4,로다,False,로다,Level1
시경집전(상),1519,3476,園有棘하니 其實之食이로다,f19a1fe4d790a08a,로다,False,로다,Level1
시경집전(상),1521,3478,不知我者는 謂我士也罔極이로다,f99a492c29db9087,로다,False,로다,Level1
시경집전(상),1524,3481,其誰知之리오 蓋亦勿思로다,9dc5ed49ac273fa4,로다,False,로다,Level1
시경집전(상),1528,3491,父曰嗟予子行役하여 夙夜無已로다,0150bce90e11e2e9,로다,False,로다,Level1
시경집전(상),1533,3502,母曰嗟予季行役하여 夙夜無寐로다,3ef3a0e75f142694,로다,False,로다,Level1
시경집전(상),1537,3510,兄曰嗟予弟行役하여 夙夜必偕로다,5a3639d4e77ece3a,로다,False,로다,Level1
시경집전(상),1346,3089,女曰觀乎인저 士曰旣且로다,323bf06e44daa573,로다,True,로다,Level1
시경집전(상),1348,3091,維士與女 伊其將謔하여 贈之以勺藥이로다,da1ddaf2c2b23d3b,로다,False,로다,Level1
시경집전(상),1354,3110,匪雞則鳴이라 蒼蠅之聲이로다,faf6e5c9053f4983,로다,False,로다,Level1
시경집전(상),1357,3118,匪東方則明이라 月出之光이로다,c2cabe434058b131,로다,True,로다,Level1
시경집전(상),1375,3156,俟我於著乎而하나니 充耳以素乎而요 尙之以瓊華乎而로다,e1b44484dac6450e,로다,True,로다,Level1
시경집전(상),1378,3167,俟我於庭乎而하나니 充耳以靑乎而요 尙之以瓊瑩乎而로다,59e0b4193d43d6ff,로다,True,로다,Level1
시경집전(상),1381,3173,俊我於堂乎而하나니 充耳以黃乎而요 尙之以瓊英乎而로다,4fe59f4670e2e36e,로다,True,로다,Level1
시경집전(상),1386,3180,彼姝者子 在我室兮로다,45e881b556a7a919,로다,True,로다,Level1
시경집전(상),1387,3181,在我室兮하니 履我卽兮로다,1c462de1b9ee96e3,로다,True,로다,Level1
시경집전(상),1390,3185,彼姝者子 在我闥兮로다,c8ccb9f1dbdce901,로다,True,로다,Level1
시경집전(상),1391,3186,在我闥兮하니 履我發兮로다,b4d892b981fb8b56,로다,True,로다,Level1
시경집전(상),1395,3193,顚之倒之어늘 自公召之로다,24383a597d7ceb40,로다,False,로다,Level1
시경집전(상),1399,3201,倒之顚之어늘 自公令之로다,993f3366e20b7615,로다,False,로다,Level1
시경집전(상),1402,3206,不能晨夜하여 不夙則莫로다,7f5b7e2bdd8002f8,로다,True,로다,Level1
시경집전(상),1406,3217,南山崔崔어늘 雄狐綏綏로다,1b061a0adf81c7ea,로다,True,로다,Level1
시경집전(상),1407,3218,魯道有蕩이어늘 齊子由歸로다,40b3990e524ba2c3,로다,False,로다,Level1
시경집전(상),1412,3234,魯道有蕩이어늘 齊子庸止로다,4132ef0f317ec4e5,로다,False,로다,Level1
시경집전(상),1438,3288,盧令令이로소니 其人美且仁이로다,b5f33f45994fceeb,로다,True,로다,Level1
시경집전(상),1441,3293,盧重環이로소니 其人美且鬈이로다,3eb3bd45fa12bd19,로다,True,로다,Level1
시경집전(상),1443,3297,盧重鋂로소니 其人美且偲로다,ee166adf49255876,로다,True,로다,Level1
자치통감강목5,497,1123,兵至䍐地하여 令軍毋燔聚落及芻牧田中하니 䍐羌이 聞之하고 喜曰 漢果不擊我矣로다,f87c7aa111793d1c,로다,True,로다,Level1
자치통감강목5,731,1688,其詩曰 田彼南山하니 蕪穢不治로다,33feaf05bd4dbcaa,로다,True,로다,Level1
자치통감강목5,731,1689,種一頃豆하니 落而爲萁로다,5876840a6e31989e,로다,False,로다,Level1
자치통감강목5,741,1724,其爲善政之累 大矣로다,eeb67cb741352069,로다,False,로다,Level1
자치통감강목5,760,1758,且俗儒不達時宜하여 好是古非今하여 使人眩於名實하여 不知所守하니 何足委任이리오하고 乃歎曰 亂我家者는 太子也로다,06ae92c612914481,로다,True,로다,Level1
자치통감강목5,812,1889,以張敞所論鶡雀觀之하면 亦可見矣로다,732a6c7753967160,로다,False,로다,Level1
자치통감강목5,841,1946,功光祖宗하고 業垂後嗣하니 可謂中興하여 侔德殷宗周宣矣로다,443173b04daf57e7,로다,True,로다,Level1
자치통감강목5,1497,3383,單于來朝할새 拜謁商하고 仰視大畏之하여 遷延却退하니 上이 聞而歎曰 眞漢相矣로다,318081bfa832dcf7,로다,True,로다,Level1
자치통감강목5,1554,3508,自鳳之白罷商하고 後遣定陶王也로 上이 不能平이러니 及聞章言에 感寤納之하여 謂章曰 微京兆尹直言이면 吾不聞社稷計로다,1b5f0aa45916aaa9,로다,True,로다,Level1
자치통감강목6,178,378,上이 乃喟然嘆曰 吾久不見班生이러니 今日에 復聞讜言이로다,2a714927dea6f5fe,로다,True,로다,Level1
자치통감강목6,322,697,上이 大怒曰 小臣이 居下訕上하여 廷辱師傅하니 罪死不赦로다,4a3291a3d445f4fb,로다,False,로다,Level1
자치통감강목6,369,786,漢家는 本起於蜀漢이어늘 今所起之地에 山崩川竭하고 星孛又及攝提大角하여 從參至辰하니 殆必亡矣로다,65f3ca40c8195d3a,로다,False,로다,Level1
자치통감강목6,485,1038,孝成이 欲誣天人이로되 而卒無所益하니 可謂不知命矣로다,b209aa44e2781e26,로다,False,로다,Level1
자치통감강목6,956,2155,以是負國이라 死有餘責이로다,2651009a9191adba,로다,False,로다,Level1
자치통감강목6,989,2220,是故로 聖主는 專務治內以固其本하고 不勤遠略而忽近圖하니 其慮深矣로다,6bfd287a7ac3281a,로다,False,로다,Level1
자치통감강목6,1043,2315,彭宣이 見險而止하니 異乎苟患失之者矣로다,de5dde09bc2b64db,로다,False,로다,Level1
자치통감강목6,1323,2884,悲夫로다,9b72ad273fe872b9,로다,True,로다,Level1
자치통감강목6,1494,3256,"守死善道는 勝實蹈焉하며 貞而不諒은 薛方近之요 郭欽, 蔣詡는 好遯不汚하니 絶紀唐矣로다",2d968e820c03577d,로다,True,로다,Level1
자치통감강목7,352,447,今見大敵勇하니 甚可怪也로다,7c3223acf7deccd6,로다,True,로다,Level1
자치통감강목7,511,672,嘉曰 卿言大하여 非吾任也로다,c6cd8f9c1d309736,로다,False,로다,Level1
시경집전(상),1446,3304,敝笱在梁하니 其魚魴鰥이로다,762bc2b6a593ebc4,로다,True,로다,Level1
시경집전(상),1447,3305,齊子歸止하니 其從如雲이로다,1c7affee82f8e4cc,로다,True,로다,Level1
시경집전(상),1450,3313,敝笱在梁하니 其魚魴鱮로다,c869258250480186,로다,True,로다,Level1
시경집전(상),1451,3314,齊子歸止하니 其從如雨로다,f8c6551744528bfd,로다,True,로다,Level1
시경집전(상),1453,3318,敝笱在梁하니 其魚唯唯로다,2585de42b8352c72,로다,True,로다,Level1
시경집전(상),1454,3319,齊子歸止하니 其從如水로다,9de182414ae058d5,로다,True,로다,Level1
시경집전(상),1458,3326,載驅薄薄하니 簟茀朱鞹이로다,ecbf10f05b4d0b8d,로다,True,로다,Level1
시경집전(상),1459,3327,魯道有蕩이어늘 齊子發夕이로다,93696bf08131471e,로다,True,로다,Level1
시경집전(상),1462,3335,四驪濟濟하니 垂轡濔濔로다,0bdc25549f42722d,로다,True,로다,Level1
시경집전(상),1463,3336,魯道有蕩이어늘 齊子豈弟로다,11ec417287fe6722,로다,True,로다,Level1
시경집전(상),1465,3341,汶水湯湯이어늘 行人彭彭이로다,c7b5d3d34fe65ced,로다,True,로다,Level1
시경집전(상),1466,3342,魯道有蕩이어늘 齊子翺翔이로다,15a45e31da000a86,로다,True,로다,Level1
시경집전(상),1468,3347,汶水滔滔어늘 行人儦儦로다,80b6ccdc6f222a53,로다,True,로다,Level1
시경집전(상),1469,3348,魯道有蕩이어늘 齊子遊敖로다,3d9b94b36c6cfe17,로다,False,로다,Level1
시경집전(상),1473,3355,巧趨蹌兮로소니 射則臧兮로다,75b0a6a3f5b0c8c1,로다,True,로다,Level1
시경집전(상),1478,3368,展我甥兮로다,cdabbda54b1435d8,로다,False,로다,Level1
시경집전(상),1480,3377,猗嗟孌兮여 淸揚婉兮로다,b4904527dcc05b76,로다,True,로다,Level1
시경집전(상),1482,3379,四矢反兮로소니 以禦亂兮로다,804825e56751de20,로다,True,로다,Level1
시경집전(상),1487,3407,糾糾葛屨여 可以履霜이로다,11baf16cf7c81397,로다,False,로다,Level1
시경집전(상),1488,3408,摻摻女手여 可以縫裳이로다,eaeb23181da560ef,로다,True,로다,Level1
자치통감강목7,614,819,賈復이 傷瘡甚하니 王이 大驚曰 我所以不令賈復別將者는 爲其輕敵也러니 果然失吾名將이로다,3cb26e86b4d2ce98,로다,True,로다,Level1
자치통감강목7,623,833,會에 儒生彊華 自關中으로 奉赤伏符하여 來詣王하니 曰 劉秀發兵捕不道에 四夷雲集龍鬪野로다,68ef99e021e1db4c,로다,True,로다,Level1
자치통감강목7,669,899,汝爲敝民矣로다,849826dee605d815,로다,False,로다,Level1
자치통감강목7,865,1190,帝降璽書勞異曰 始雖垂翅回谿나 終能奮翼澠池하니 可謂失之東隅나 收之桑榆로다,d251b0f642954525,로다,True,로다,Level1
자치통감강목7,954,1318,謂援曰 卿이 遨遊二帝間하니 今見卿에 使人大慙이로다,3f53833b54b72a5d,로다,True,로다,Level1
자치통감강목7,957,1322,帝復笑曰 卿非刺客이요 顧說客耳로다,af5cbffe032a6988,로다,False,로다,Level1
자치통감강목7,1240,1710,"生言周, 漢之勢는 可也어니와 至於但見愚人習識劉氏姓號之故로 而謂漢復興은 疎矣로다",b102a32d2c318922,로다,True,로다,Level1
자치통감강목7,1314,1816,人苦不知足이로다,bf30839be95aec16,로다,True,로다,Level1
자치통감강목7,1490,2074,良失斬將弔民之義也로다,f6fdae04c7e144bf,로다,True,로다,Level1
자치통감강목7,1655,2296,時에 宗室諸母因酣悅하여 相與語曰 文叔이 少時謹信하여 與人不款曲하고 唯直柔耳러니 今乃能如此로다,e253bb3f6d22758f,로다,True,로다,Level1
자치통감강목7,1796,2494,聖上이 遠覽古今하고 因時之宜하여 辭而未許하시니 雖大禹之序西戎하고 周公之讓白雉하고 太宗之却走馬라도 義兼之矣로다,8fd32fda7bfe9e23,로다,True,로다,Level1
자치통감강목7,1900,2636,明達如是하니 宜其永終天祿하고 享國久長也로다,6fb369966f77a523,로다,True,로다,Level1
자치통감강목8,88,118,世祖之臣이 智不及此하여 陷其君於過擧而不得聞也로다,0debf60d0cf1e98b,로다,False,로다,Level1
자치통감강목8,89,121,然而信聖人之言이 不如信圖讖之篤也로다,e503fd026ab6fc79,로다,False,로다,Level1
자치통감강목8,638,939,萬年之日長恨矣로다,cd3bb020311f17ba,로다,True,로다,Level1
자치통감강목8,674,982,不禁火하니 民安作로다,4c27151b52339ca4,로다,False,로다,Level1
자치통감강목8,788,1150,奉이 乃歎曰 賢者는 固不可測이로다,9ad134e19bc7dff0,로다,True,로다,Level1
자치통감강목8,1055,1522,固之序事에 不激詭하고 不抑抗하며 贍而不穢하고 詳而有體하여 使讀之者로 亹亹而不厭하니 信哉라 其能成名也로다,20fb4bad80452c5b,로다,True,로다,Level1
자치통감강목8,1056,1524,"然其論議常排死節하고 否正直하여 而不敍殺身成仁之爲美하니 則輕仁義, 賤守節이 甚矣로다",147e789763f74a62,로다,False,로다,Level1
자치통감강목8,1245,1770,友愛兄弟하고 禮賢納諫하여 中國(又)［乂］安하니 方之章帝에 實過之矣로다,203459169f1528fc,로다,True,로다,Level1
시경집전(상),1548,3531,坎坎伐檀兮어늘 寘之河之干兮하니 河水淸且漣猗로다,f424ccdb49798545,로다,True,로다,Level1
시경집전(상),1551,3534,彼君子兮여 不素餐兮로다,0e5368a13d3389ef,로다,False,로다,Level1
시경집전(상),1554,3554,坎坎伐輻兮어늘 寘之河之側兮하니 河水淸且直猗로다,f954bd03ebb19507,로다,True,로다,Level1
시경집전(상),1557,3557,彼君子兮여 不素食兮로다,0e5368a13d3389ef,로다,False,로다,Level1
시경집전(상),1559,3563,坎坎伐輪兮어늘 寘之河之漘兮하니 河水淸且淪猗로다,04ffe55baa1b9274,로다,True,로다,Level1
시경집전(상),1562,3566,彼君子兮여 不素飧兮로다,0e5368a13d3389ef,로다,True,로다,Level1
시경집전(상),1568,3578,樂土樂土여 爰得我所로다,f2f842f9408feb6f,로다,True,로다,Level1
시경집전(상),1574,3590,樂國樂國이여 爰得我直이로다,8e1c504d6a8aa5e4,로다,True,로다,Level1
시경집전(상),1617,3683,揚之水여 白石鑿鑿이로다,a5ca362f5066009b,로다,True,로다,Level1
시경집전(상),1622,3696,揚之水여 白石皓皓로다,90912400c91bb0f2,로다,False,로다,Level1
시경집전(상),1626,3702,揚之水여 白石粼粼이로다,ffcac4fd53e03152,로다,True,로다,Level1
시경집전(상),1631,3714,椒聊之實이여 蕃衍盈升이로다,b3c47f522b0c1dfb,로다,False,로다,Level1
시경집전(상),1632,3715,彼其之子여 碩大無朋이로다,4072729f51359e2f,로다,True,로다,Level1
시경집전(상),1633,3716,椒聊且여 遠條且로다,0da91e77db241cab,로다,False,로다,Level1
시경집전(상),1636,3726,椒聊之實이여 蕃衍盈匊이로다,fb8a685e36f1f070,로다,False,로다,Level1
시경집전(상),1637,3727,彼其之子여 碩大且篤이로다,2720dc7a9cbbabe1,로다,True,로다,Level1
시경집전(상),1638,3728,椒聊且여 遠條且로다,0da91e77db241cab,로다,False,로다,Level1
시경집전(상),1641,3734,綢繆束薪일새 三星在天이로다,f649f89604f1251a,로다,True,로다,Level1
시경집전(상),1646,3744,綢繆束芻일새 三星在隅로다,d50d956ab1b5e4cb,로다,True,로다,Level1
시경집전(상),1650,3751,綢繆束楚일새 三星在戶로다,e5933bdf9932a46f,로다,True,로다,Level1
자치통감강목8,1754,2429,忠則忠矣나 然其燭理不明而處義不精하니 亦不足稱也已로다,cef79dd1ec03e5d7,로다,True,로다,Level1
자치통감강목8,1869,2579,而子始以不訾之身으로 怒萬乘之主하고 及其享受爵祿에 又不聞匡(求)［救］之術하니 進退無所據矣로다,cc7d9a53b47a86c6,로다,False,로다,Level1
자치통감강목8,2097,2906,逃名而名我隨하고 避名而名我追하니 可謂百世之師者矣로다,25ef3de92b8d9329,로다,True,로다,Level1
자치통감강목8,2122,2943,雄曰 進君은 適所以自伐也로다,484532776756c4da,로다,False,로다,Level1
자치통감강목9,27,36,太守喜曰 人皆有一天이어늘 我獨有二天이로다,1d9b4f5f52ea1ee7,로다,True,로다,Level1
자치통감강목9,103,142,得水면 尙可活이로다,247ec7787a1f0280,로다,True,로다,Level1
자치통감강목9,173,246,陳君은 可謂善則稱君이요 過則稱己者也로다,d036d614638453bb,로다,False,로다,Level1
자치통감강목9,205,295,河南尹不疑 嘗擧陵孝廉이러니 謂曰 擧君은 適所以自罰也로다,03671c1b16a37c22,로다,True,로다,Level1
자치통감강목9,588,865,吾近日過元舍에 廬落整頓하고 耕耘以時하니 此非惡人이요 當是敎化未至耳로다,96132ca8fb3a65b0,로다,True,로다,Level1
자치통감강목9,984,1432,或이 謂李膺曰 可去矣로다,a19a6e744b01e1bd,로다,False,로다,Level1
자치통감강목9,994,1449,漢室이 滅矣로다,de2e2be458f4ba66,로다,True,로다,Level1
자치통감강목9,995,1450,但未知瞻烏爰止于誰之屋耳로다,87b34e8bf9f1e96c,로다,False,로다,Level1
자치통감강목9,1006,1470,夏馥이 聞儉亡命하고 歎曰 孽自己作이어늘 空汙良善이로다,d92e210940d2bfe8,로다,True,로다,Level1
자치통감강목9,1017,1485,而競爲驕奢하여 與亂世爭權하니 此卽晉之三郤矣로다,35cda9d3b02f4597,로다,False,로다,Level1
자치통감강목9,1027,1499,夫惟郭泰 旣明且哲하여 以保其身하고 申屠蟠이 見幾而作하여 不俟終日하니 卓乎其不可及已로다,5213445418c1bfda,로다,True,로다,Level1
자치통감강목9,1219,1777,死後에 必復致大鳥矣로다,a133a35c65626315,로다,True,로다,Level1
자치통감강목9,1361,1975,帝怒鈞曰 此真狂子也로다,3c13ed86ef930b64,로다,False,로다,Level1
자치통감강목9,1573,2280,恨見君晩이로다,6590e747c31df683,로다,False,로다,Level1
주역전의(상),41,202,而明道先生以爲加一倍法이라하시니 其發明孔子之言이 又可謂最切要矣로다,ac6260960a345079,로다,True,로다,Level1
주역전의(상),154,777,象陳數列하고 言盡理得하니 彌億萬年토록 永著常式이로다,d11a939e4c7e4e43,로다,True,로다,Level1
시경집전(상),1655,3761,有杕之杜여 其葉湑湑로다,3d3462dd8d4a267b,로다,True,로다,Level1
시경집전(상),1662,3776,有杕之杜여 其葉菁菁이로다,f85bd466c51fa396,로다,True,로다,Level1
시경집전(상),1669,3786,羔裘豹袪로소니 自我人居居로다,7cb82483873b76cc,로다,True,로다,Level1
시경집전(상),1672,3792,羔裘豹褎로소니 自我人究究로다,8e0a9b6e6ef626b2,로다,False,로다,Level1
시경집전(상),1677,3799,肅肅鴇羽여 集于苞栩로다,100550e5b9fd3d46,로다,True,로다,Level1
시경집전(상),1682,3814,肅肅鴇翼이여 集于苞棘이로다,2c810302cb23c357,로다,True,로다,Level1
시경집전(상),1686,3819,肅肅鴇行이여 集于苞桑이로다,275ae8fd1a4d541d,로다,True,로다,Level1
시경집전(상),1693,3842,嗚呼痛哉로다,814ee7addac5d618,로다,True,로다,Level1
시경집전(상),1697,3850,有杕之杜여 生于道左로다,19c90bc7e7c3c79e,로다,False,로다,Level1
시경집전(상),1702,3861,有杕之杜여 生于道周로다,10589da7071d8572,로다,False,로다,Level1
시경집전(상),1707,3868,葛生蒙楚하며 蘞蔓于野로다,fd820c829d5d5c89,로다,False,로다,Level1
시경집전(상),1711,3875,葛生蒙棘하며 蘞蔓于域이로다,2b3e30590bb73c38,로다,True,로다,Level1
시경집전(상),1714,3880,角枕粲兮며 錦衾爛兮로다,2a09e7a8ff48f95f,로다,True,로다,Level1
시경집전(상),1743,3936,有車鄰鄰이며 有馬白顚이로다,21a8994370354b04,로다,False,로다,Level1
시경집전(상),1744,3937,未見君子호니 寺人之令이로다,77ce543606e23101,로다,False,로다,Level1
시경집전(상),1747,3946,阪有漆이며 隰有栗이로다,770df87079495d7d,로다,False,로다,Level1
시경집전(상),1752,3953,阪有桑이며 隰有楊이로다,3db55744cc61c7a6,로다,False,로다,Level1
시경집전(상),1757,3959,駟驖孔阜하니 六轡在手로다,6be8e2d7b86f36a8,로다,False,로다,Level1
시경집전(상),1758,3960,公之媚子 從公于狩로다,aa585a4a10d1097e,로다,False,로다,Level1
시경집전(상),1760,3968,奉時辰牡하니 辰牡孔碩이로다,0c99b394157ff8f9,로다,False,로다,Level1
주역전의(상),228,997,萬物이 資始하나니 乃統天이로다,4cc5629e52a439a6,로다,True,로다,Level1
주역전의(상),438,1504,且夫易은 不可以占險이어늘 三者有闕하니 筮雖當이나 未也라하더니 後에 蒯果敗하니 此可以見占法矣로다,d91ca908b541c890,로다,False,로다,Level1
주역전의(상),442,1510,上六은 龍戰于野하니 其血이 玄黃이로다,637f4c4c640838e7,로다,False,로다,Level1
주역전의(상),510,1687,以貴下賤하니 大得民也로다,1df99290854ceef0,로다,True,로다,Level1
주역전의(상),512,1693,六二는 屯如邅如하며 乘馬班如하니 匪寇면 婚媾리니 女子貞하여 不字라가 十年에야 乃字로다,10e5c685f65baf86,로다,False,로다,Level1
주역전의(상),535,1762,上六은 乘馬班如하여 泣血漣如로다,d7cd08ca7cf76331,로다,True,로다,Level1
주역전의(상),564,1857,九二는 包蒙이면 吉하고 納婦면 吉하리니 子克家로다,4b5d8218e4ed4de3,로다,False,로다,Level1
주역전의(상),627,2022,敬愼不敗는 發明占外之占하니 聖人示人之意切矣로다,3d5ea6b632bd8755,로다,True,로다,Level1
주역전의(상),628,2023,六四는 需于血이니 出自穴이로다,3ee1d305535a53f5,로다,False,로다,Level1
주역전의(상),687,2179,或從王事하여 无成이로다,b3a7a32daf24b314,로다,False,로다,Level1
주역전의(상),736,2307,九二는 在師하여 中할새 吉하고 无咎하니 王三錫命이로다,a9c8a7cdd781322a,로다,False,로다,Level1
주역전의(상),749,2346,六四는 師左次니 无咎로다,8b56b459c32a1dcd,로다,False,로다,Level1
주역전의(상),808,2510,比之匪人이로다,93f0f785cccfb886,로다,False,로다,Level1
주역전의(상),839,2598,小畜은 亨하나 密雲不雨 自我西郊로다,18af844cc20567f4,로다,False,로다,Level1
주역전의(상),866,2690,九三은 輿說輻이며 夫妻反目이로다,a785fe14bbd3c581,로다,False,로다,Level1
주역전의(상),878,2722,九五는 有孚라 攣如하여 富以其隣이로다,36b3317663c696c3,로다,True,로다,Level1
주역전의(상),889,2763,其占如此하니 爲戒深矣로다,c768d5ae884e77c6,로다,False,로다,Level1
주역전의(상),920,2843,履虎尾하여 咥人이니 凶하고 武人이 爲于大君이로다,9d4799b4fb36e76f,로다,False,로다,Level1
주역전의(상),935,2880,故其占이 爲雖正而危하니 爲戒深矣로다,1d94fcb0b534ac62,로다,False,로다,Level1
주역전의(상),974,2998,六四는 翩翩히 不富以其隣하여 不戒以孚로다,5cda3b3bf2bc9231,로다,True,로다,Level1
주역전의(상),1017,3114,六三은 包羞로다,242886e48ef7ec92,로다,False,로다,Level1
주역전의(상),1031,3147,桑之爲物이 其根深固요 苞는 謂叢生者니 其固尤甚하니 聖人之戒 深矣로다,0a3893cfaeb18e59,로다,True,로다,Level1
주역전의(상),1035,3161,上九는 傾否니 先否하고 後喜로다,8b0fac02f6cbd52d,로다,True,로다,Level1
주역전의(상),1071,3258,九三은 伏戎于莽하고 升其高陵하여 三歲不興이로다,c290897f84445180,로다,False,로다,Level1
주역전의(상),1084,3292,九五는 同人이 先號咷而後笑니 大師克이라야 相遇로다,11fad9f392c048fd,로다,True,로다,Level1
주역전의(상),1141,3463,上九는 自天祐之라 吉无不利로다,638ff7d8323899bf,로다,True,로다,Level1
주역전의(상),1232,3719,斷可識矣로다,c24341d43772380f,로다,False,로다,Level1
주역전의(상),1235,3741,爻言六二處豫之道하니 爲敎之意深矣로다,accfc45d1d194d16,로다,False,로다,Level1
주역전의(상),1247,3783,六五는 貞호되 疾하나 恒不死로다,9265894c1e2cbca3,로다,False,로다,Level1
주역전의(상),1285,3884,係小子요 失丈夫로다,1d99364f974b3e6c,로다,False,로다,Level1
주역전의(상),1308,3949,上六은 拘係之요 乃從維之니 王用亨于西山이로다,7e0c60aab3b8bbab,로다,False,로다,Level1
주역전의(상),1309,3950,王用亨于西山이로다,1ff29bf0ce471458,로다,False,로다,Level1
주역전의(상),1360,4095,上九는 不事王侯하고 高尙其事로다,f31d3197e88f8e50,로다,False,로다,Level1
주역전의(상),1442,4310,六三은 觀我生하여 進退로다,248d5cf1478f9525,로다,False,로다,Level1
주역전의(상),1536,4591,乃聖人之用心也니 爲戒深矣로다,e10679d1ee7a88f7,로다,True,로다,Level1
주역전의(상),1538,4597,初九는 賁其趾니 舍車而徒로다,cafda5c6b9257171,로다,False,로다,Level1
주역전의(상),1544,4615,六二는 賁其須로다,408bf29575a9c67c,로다,False,로다,Level1
주역전의(상),1597,4758,言未有與는 剝之未盛엔 有與면 猶可勝也니 示人之意深矣로다,3fcc24a27b29c49c,로다,False,로다,Level1
주역전의(상),1659,4939,六四는 中行하되 獨復이로다,5b94c43860d7e94d,로다,False,로다,Level1
주역전의(상),1702,5071,六三은 无妄之災니 或繫之牛하나 行人之得이 邑人之災로다,7f2a099cd7b108cb,로다,False,로다,Level1
주역전의(하),1408,4261,六四는 悔亡하니 田獲三品이로다,24eb48196b882b3a,로다,True,로다,Level1
주역전의(하),1458,4404,象占如此하니 爲戒深矣로다,81e478fbb4f298c4,로다,False,로다,Level1
주역전의(하),1462,4414,小人者는 備之不至면 則害於善이니 聖人爲戒之意深矣로다,8b1fce76096d49bf,로다,True,로다,Level1
주역전의(하),1600,4766,九二는 鳴鶴이 在陰이어늘 其子和之로다,a578ed22bf01848f,로다,True,로다,Level1
주역전의(하),1605,4782,"六三은 得敵하여 或鼓,或罷,或泣,或歌로다",b2dff79f5223d0cb,로다,True,로다,Level1
주역전의(하),1674,4984,六五는 密雲不雨는 自我西郊니 公이 弋取彼在穴이로다,26ef690ea7fe3389,로다,True,로다,Level1
주역전의(하),1709,5086,雖不爲上所用이나 中正之道 无終廢之理하니 不得行於今이면 必行於異時也니 聖人之勸戒深矣로다,00530a81c1fa65dd,로다,False,로다,Level1
주역전의(하),1768,5245,九四는 貞이면 吉하여 悔亡하리니 震用伐鬼方하여 三年에야 有賞于大國이로다,ae957a7358df9d85,로다,False,로다,Level1
주역전의(하),1880,5470,鳴鶴이 在陰이어늘 其子和之로다,e184894c8598df25,로다,True,로다,Level1
주역전의(하),1882,5478,君子之道 或出或處或默或語나 二人同心하니 其利斷金이로다,d98d1e177dcc587e,로다,True,로다,Level1
주역전의(하),1882,5479,同心之言이 其臭如蘭이로다,6dd3876125661e3a,로다,True,로다,Level1
주역전의(하),2054,5810,斷可識矣로다,c24341d43772380f,로다,False,로다,Level1
중용장구,108,303,詩曰 妻子好合이 如鼓瑟琴하며 兄弟旣翕하여 和樂且耽이로다,a707af5b79d42fa5,로다,True,로다,Level1
중용장구,130,353,詩曰 嘉樂君子여 憲憲令德이로다,43f049ec96d73dc6,로다,True,로다,Level1
중용장구,195,554,是는 果於自棄니 其爲不仁이 甚矣로다,b4b1406e0ab12583,로다,False,로다,Level1
중용장구,239,666,洋洋乎發育萬物하여 峻極于天이로다,04313c56591ef5f6,로다,True,로다,Level1
중용장구,241,670,禮儀三百이요 威儀三千이로다,dbd4f90b4ac3d011,로다,False,로다,Level1
춘추좌씨전1,286,1858,韓宣子適魯하야 見易象與魯春秋曰 周禮盡在魯矣로다,eba35518a478b105,로다,False,로다,Level1
춘추좌씨전1,296,1909,答曰 異乎余所聞이로다,b31b3c076c69f368,로다,False,로다,Level1
춘추좌씨전1,338,2070,公曰 爾有母遺언마는 繄我獨無로다,2ed0a12ca0d580d0,로다,True,로다,Level1
시경집전(상),1761,3969,公曰左之하시니 舍拔則獲이로다,10151b53c8918a23,로다,True,로다,Level1
시경집전(상),1763,3979,遊于北國하니 四馬旣閑이로다,b32408433812539d,로다,True,로다,Level1
시경집전(상),1764,3980,輶車鸞鑣로소니 載獫歇驕로다,64ddc41e2d5fcc51,로다,False,로다,Level1
시경집전(상),1767,3992,小戎俴收로소니 五楘梁輈로다,2ba79bace3c3a3fb,로다,True,로다,Level1
시경집전(상),1769,3994,文茵暢轂이로소니 駕我騏馵로다,1594fd8efeb2e316,로다,True,로다,Level1
시경집전(상),1770,3995,言念君子호니 溫其如玉이로다,2015cdf8d24177f0,로다,True,로다,Level1
시경집전(상),1771,3996,在其板屋하여 亂我心曲이로다,771068282306d39f,로다,True,로다,Level1
시경집전(상),1774,4030,四牡孔阜하니 六轡在手로다,22e2c3f8e833214b,로다,True,로다,Level1
시경집전(상),1776,4032,龍盾之合이요 鋈以觼軜이로다,47012a1076f9a425,로다,True,로다,Level1
시경집전(상),1777,4033,言念君子호니 溫其在邑이로다,c9032f1573344e01,로다,True,로다,Level1
시경집전(상),1780,4047,俴駟孔群이어늘 厹矛鋈錞로다,80fcb83ed6983911,로다,True,로다,Level1
시경집전(상),1781,4048,蒙伐有苑이어늘 虎韔鏤膺이로다,6ff8070a479e666d,로다,True,로다,Level1
시경집전(상),1782,4049,交韐二弓하니 竹閉緄縢이로다,a68db63bc501ecd4,로다,False,로다,Level1
시경집전(상),1784,4051,厭厭良人이여 秩秩德音이로다,9ce5e252fc6ef070,로다,True,로다,Level1
시경집전(상),1787,4070,蒹葭蒼蒼하니 白露爲霜이로다,563c4c73d18b9a80,로다,True,로다,Level1
시경집전(상),1788,4071,所謂伊人이 在水一方이로다,0dd3cce8cc90b354,로다,False,로다,Level1
시경집전(상),1790,4073,遡游從之나 宛在水中央이로다,492152007925e162,로다,True,로다,Level1
시경집전(상),1793,4085,蒹葭凄凄하니 白露未晞로다,e8f5991ebdd16d37,로다,True,로다,Level1
시경집전(상),1794,4086,所謂伊人이 在水之湄로다,0dd3cce8cc90b354,로다,False,로다,Level1
시경집전(상),1796,4088,遡游從之나 宛在水中坻로다,ec1c18169cd1b6cc,로다,True,로다,Level1
주역전의(하),652,1952,九二는 惕號니 莫(暮)夜에 有戎이라도 勿恤이로다,4882f6a0d28a8c06,로다,True,로다,Level1
주역전의(하),663,1990,九四는 臀无膚며 其行次且니 牽羊하면 悔亡하련마는 聞言하여도 不信하리로다,ceb3284a645a0d07,로다,False,로다,Level1
주역전의(하),673,2022,蓋人心一有所欲이면 則離道矣니 夫子於此에 示人之意 深矣로다,8333fe38471c6b46,로다,True,로다,Level1
주역전의(하),674,2023,程傳備矣로다,3f2de15752dbc665,로다,False,로다,Level1
주역전의(하),829,2456,九三은 升虛邑이로다,0ef14219c5361629,로다,True,로다,Level1
주역전의(하),841,2482,六五는 貞이라야 吉하리니 升階로다,bf9647ac00b25812,로다,True,로다,Level1
주역전의(하),850,2503,冥升在上하니 消不富也로다,c7716e6ab9357221,로다,False,로다,Level1
주역전의(하),870,2557,入于幽谷하여 三歲라도 不覿이로다,d113828829b6ee7a,로다,False,로다,Level1
주역전의(하),882,2609,繫辭曰 非所困而困焉하니 名必辱이요 非所據而據焉하니 身必危로다,359c00643167a29d,로다,False,로다,Level1
주역전의(하),920,2738,舊井에 无禽이로다,3aac4c54cdd17389,로다,False,로다,Level1
주역전의(하),926,2756,九二는 井谷이라 射鮒요 甕敝漏로다,894e22324909426d,로다,False,로다,Level1
주역전의(하),945,2809,九五는 井冽寒泉食이로다,71654b837283d094,로다,False,로다,Level1
주역전의(하),1102,3343,震遂泥는 未光也로다,aa7b47b1e7884f63,로다,False,로다,Level1
주역전의(하),1105,3347,震에 往來厲하나 億无喪하고 有事로다,b15d6131b8867a56,로다,False,로다,Level1
주역전의(하),1112,3377,聖人이 於震終에 示人知懼能改之義하시니 爲勸이 深矣로다,bda50516b0f8b0a2,로다,True,로다,Level1
주역전의(하),1138,3463,其心不快로다,4c364f353bf0173a,로다,False,로다,Level1
주역전의(하),1144,3481,列其夤이니 厲薰心이로다,756117f9925a29a4,로다,False,로다,Level1
주역전의(하),1349,4098,六二는 旅卽次하여 懷其資하고 得童僕貞이로다,937d2426990e6012,로다,False,로다,Level1
주역전의(하),1361,4126,九四는 旅于處하고 得其資斧하나 我心은 不快로다,63c90ddfb41b7ba9,로다,False,로다,Level1
주역전의(하),1376,4176,以旅在上하니 其義焚也요 喪牛于易하니 終莫之聞也로다,33caf350819f79e1,로다,False,로다,Level1
시경집전(상),1829,4159,誰從穆公고 子車鍼虎로다,282fe71c13fb0537,로다,False,로다,Level1
시경집전(상),1830,4160,維此鍼虎여 百夫之禦로다,f3eddd06c349aca6,로다,True,로다,Level1
시경집전(상),1831,4161,臨其穴하여 惴惴其慓이로다,3617ada611087305,로다,False,로다,Level1
시경집전(상),1832,4162,彼蒼者天이여 殲我良人이로다,c1333019a3f3d86a,로다,True,로다,Level1
시경집전(상),1833,4163,如可贖兮인댄 人百其身이로다,443a89771ce0fd1b,로다,True,로다,Level1
시경집전(상),1835,4167,死而棄民이로다,84bebd67e853d0ee,로다,False,로다,Level1
시경집전(상),1835,4176,俗之弊也 久矣로다,5cf27cb654b12da7,로다,False,로다,Level1
시경집전(상),1837,4179,鴥彼晨風이여 鬱彼北林이로다,f65fadf310b27c14,로다,True,로다,Level1
시경집전(상),1842,4191,山有苞櫟이며 隰有六駁이로다,775e79fa1451e942,로다,True,로다,Level1
시경집전(상),1847,4198,山有苞棣며 隰有樹檖로다,7796aa96ada4b16d,로다,False,로다,Level1
시경집전(상),1865,4240,何以贈之오 路車乘黃이로다,babd7e23eb3c5f4d,로다,False,로다,Level1
시경집전(상),1867,4248,我送舅氏호니 悠悠我思로다,fba3dd0182650a82,로다,True,로다,Level1
시경집전(상),1868,4249,何以贈之오 瓊瑰玉佩로다,4bf183c0eba05723,로다,False,로다,Level1
시경집전(상),1872,4272,於我乎에 夏屋渠渠러니 今也엔 每食無餘로다,6e9bd859343c5b71,로다,True,로다,Level1
시경집전(상),1876,4281,於我乎에 每食四簋러니 今也엔 每食不飽로다,59318808817bd4f7,로다,True,로다,Level1
시경집전(상),1879,4289,穆生退曰 可以逝矣로다,7346c95fe40c01a3,로다,False,로다,Level1
시경집전(상),1882,4303,子之湯兮여 宛丘之上兮로다,26773e7c691e0d97,로다,False,로다,Level1
시경집전(상),1883,4304,洵有情兮나 而無望兮로다,3f20af35d3208583,로다,True,로다,Level1
시경집전(상),1886,4314,坎其擊鼓여 宛丘之下로다,bc1d13650f0748f5,로다,True,로다,Level1
시경집전(상),1887,4315,無冬無夏히 値其鷺羽로다,318cd42a9831209b,로다,True,로다,Level1
시경집전(상),1798,4095,蒹葭采采하니 白露未已로다,3b1f5e847c3b7903,로다,True,로다,Level1
시경집전(상),1799,4096,所謂伊人이 在水之涘로다,ed49f1122b54cd8f,로다,False,로다,Level1
시경집전(상),1801,4098,遡游從之나 宛在水中沚로다,ec1c18169cd1b6cc,로다,True,로다,Level1
시경집전(상),1804,4105,終南何有오 有條有梅로다,d1f3a56e1de6a419,로다,True,로다,Level1
시경집전(상),1808,4117,終南何有오 有紀有堂이로다,9d107a02cb8f7fa7,로다,True,로다,Level1
시경집전(상),1809,4118,君子至止하시니 黻衣繡裳이로다,1b9a37ab222fa44c,로다,True,로다,Level1
시경집전(상),1810,4119,佩玉將將하시니 壽考不忘이로다,6ca613af451cef90,로다,True,로다,Level1
시경집전(상),1813,4129,交交黃鳥여 止于棘이로다,ad2416d6c12a3f70,로다,True,로다,Level1
시경집전(상),1814,4130,誰從穆公고 子車奄息이로다,87944823bcbcf189,로다,True,로다,Level1
시경집전(상),1815,4131,維此奄息이여 百夫之特이로다,3ea4800cb8a609cc,로다,True,로다,Level1
시경집전(상),1816,4132,臨其穴하여 惴惴其慄이로다,3617ada611087305,로다,False,로다,Level1
시경집전(상),1817,4133,彼蒼者天이여 殲我良人이로다,c1333019a3f3d86a,로다,False,로다,Level1
시경집전(상),1818,4134,如可贖兮인댄 人百其身이로다,a456f058e2d99924,로다,True,로다,Level1
시경집전(상),1821,4150,交交黃鳥여 止于桑이로다,c1faea537d7bff2b,로다,True,로다,Level1
시경집전(상),1822,4151,誰從穆公고 子車仲行이로다,931b1928f7ff7824,로다,True,로다,Level1
시경집전(상),1823,4152,維此仲行이여 百夫之防이로다,25b15dd5a70d93b5,로다,True,로다,Level1
시경집전(상),1824,4153,臨其穴하여 惴惴其慄이로다,3617ada611087305,로다,False,로다,Level1
시경집전(상),1825,4154,彼蒼者天이여 殲我良人이로다,c1333019a3f3d86a,로다,False,로다,Level1
시경집전(상),1826,4155,如可贖兮인댄 人百其身이로다,443a89771ce0fd1b,로다,True,로다,Level1
시경집전(상),1828,4158,交交黃鳥여 止于楚로다,ad2416d6c12a3f70,로다,True,로다,Level1
주역전의(상),1751,5197,九二는 輿說(脫)輹이로다,0124c9422c0e2710,로다,False,로다,Level1
주역전의(상),1794,5338,觀我朶頤하니 亦不足貴也로다,0451d58d51b437b2,로다,False,로다,Level1
주역전의(상),1866,5560,枯楊生華 何可久也며 老婦士夫亦可醜也로다,5238af75e1ed1a33,로다,False,로다,Level1
주역전의(하),90,280,不恒其德하니 无所容也로다,eb7b8aac592607b0,로다,True,로다,Level1
주역전의(하),106,320,振恒在上하니 大无功也로다,95d5cd7f8adf45b1,로다,True,로다,Level1
주역전의(하),177,503,壯于趾하니 其孚窮也로다,e39446e267372a59,로다,False,로다,Level1
주역전의(하),186,517,九三은 小人은 用壯이요 君子는 用罔이니 貞이면 厲하니 羝羊이 觸藩하여 羸其角이로다,d3c62d839979f9b3,로다,False,로다,Level1
주역전의(하),193,542,九四는 貞이면 吉하여 悔亡하리니 藩決不羸하며 壯于大輿之輹이로다,a68bec19ec9f5f54,로다,False,로다,Level1
주역전의(하),210,609,晉은 康侯를 用錫馬蕃庶하고 晝日三接이로다,a7794c7e0862680a,로다,True,로다,Level1
주역전의(하),270,778,初九는 明夷于飛에 垂其翼이니 君子于行에 三日不食하여 有攸往에 主人이 有言이로다,d1f4e1d5ffe46c54,로다,True,로다,Level1
주역전의(하),284,838,南狩之志를 乃大得也로다,4acdaecc7f4d947f,로다,False,로다,Level1
주역전의(하),286,841,六四는 入于左腹하여 獲明夷之心하여 于出門庭이로다,76f0374c3b025298,로다,False,로다,Level1
주역전의(하),287,842,入于左腹이니 獲明夷之心을 于出門庭이로다,e6648b18347655ef,로다,False,로다,Level1
주역전의(하),297,882,上六은 不明하여 晦니 初登于天하고 後入于地로다,5d21a53d96cbd4c1,로다,True,로다,Level1
주역전의(하),344,1001,五恭己於外하고 二正家於內하여 內外同德하니 可謂至矣로다,b4b2e961a5fb1e01,로다,True,로다,Level1
주역전의(하),445,1324,九五는 大蹇에 朋來로다,6942eb3248f1ab25,로다,False,로다,Level1
주역전의(하),502,1506,上六은 公用射隼于高墉之上하여 獲之니 无不利로다,052af3e72db6dbe9,로다,False,로다,Level1
주역전의(하),540,1631,六三은 三人行엔 則損一人하고 一人行엔 則得其友로다,0342932d59479d65,로다,False,로다,Level1
주역전의(하),548,1662,損其疾하니 亦可喜也로다,7da162c27f28707b,로다,True,로다,Level1
주역전의(하),626,1890,聖人設戒之意 深矣로다,9efc423e2fe59bf6,로다,True,로다,Level1
시경집전(상),1889,4322,坎其擊缶여 宛丘之道로다,253d42045c250e20,로다,True,로다,Level1
시경집전(상),1890,4323,無冬無夏히 値其鷺翿로다,a3d61330607728d5,로다,True,로다,Level1
시경집전(상),1894,4329,子仲之子 婆娑其下로다,2a343b634d6cad66,로다,True,로다,Level1
시경집전(상),1897,4335,穀旦于差하니 南方之原이로다,c135c4af31ee86fc,로다,False,로다,Level1
시경집전(상),1898,4336,不績其麻요 市也婆娑로다,73aee0fe19b4249a,로다,True,로다,Level1
시경집전(상),1901,4341,穀旦于逝하니 越以鬷邁로다,d1441487df5d11d4,로다,True,로다,Level1
시경집전(상),1902,4342,視爾如荍호니 貽我握椒로다,2594f7899e94dd8e,로다,True,로다,Level1
시경집전(상),1906,4352,衡門之下여 可以棲遲로다,bcd29a94cb87ae33,로다,True,로다,Level1
시경집전(상),1907,4353,泌之洋洋이여 可以樂飢로다,04d63bc1d903b3e0,로다,True,로다,Level1
시경집전(상),1917,4372,東門之池여 可以漚麻로다,c6cdae54bf01ef4d,로다,False,로다,Level1
시경집전(상),1918,4373,彼美淑姬여 可與晤歌로다,9c1c81589524d178,로다,True,로다,Level1
시경집전(상),1921,4379,東門之池여 可以漚紵로다,d85485e64649da5d,로다,False,로다,Level1
시경집전(상),1922,4380,彼美淑姬여 可與晤語로다,cbc7d7ab8a51dc16,로다,True,로다,Level1
시경집전(상),1924,4383,東門之池여 可以漚菅이로다,1cce42f5b2842edf,로다,False,로다,Level1
시경집전(상),1925,4384,彼美淑姬여 可與晤言이로다,cbc7d7ab8a51dc16,로다,True,로다,Level1
시경집전(상),1928,4388,東門之楊이여 其葉牂牂이로다,ad21158ea95a46f3,로다,True,로다,Level1
시경집전(상),1929,4389,昏以爲期호니 明星煌煌이로다,652c7079ed8856ad,로다,True,로다,Level1
시경집전(상),1932,4398,東門之楊이여 其葉肺肺로다,ad21158ea95a46f3,로다,True,로다,Level1
시경집전(상),1933,4399,昏以爲期호니 明星晢晢로다,6889d4bc3ae716d7,로다,True,로다,Level1
시경집전(상),1936,4404,墓門有棘이어늘 斧以斯之로다,452e4d52a65b7d72,로다,False,로다,Level1
춘추좌씨전1,378,2151,宋宣公可謂知人矣로다,fd4811ae28f4279a,로다,False,로다,Level1
춘추좌씨전1,412,2252,君命寡人하야 同恤社稷之難이어늘 今問諸使者하니 曰師未及國이라하니 非寡人之所敢知也로다,bdd0c8abcff60175,로다,False,로다,Level1
춘추좌씨전1,438,2297,洩伯曰 五父必不免이로다,9866801ffa571c6c,로다,False,로다,Level1
춘추좌씨전1,452,2320,是不爲夫婦로다,c5b5d2a49c7d1d98,로다,True,로다,Level1
춘추좌씨전1,477,2369,君子謂鄭莊公於是乎可謂正矣로다,84b2995987a5fa6f,로다,True,로다,Level1
춘추좌씨전1,495,2415,許無刑而伐之하고 服而舍之하며 度德而處之하고 量力而行之하고 相時而動하야 無累後人하니 可謂知禮矣로다,7456ab5a9b3e80c6,로다,False,로다,Level1
춘추좌씨전1,496,2418,鄭莊公失政刑矣로다,8a4be9fe769db67d,로다,True,로다,Level1
춘추좌씨전1,549,2527,君違를 不忘諫之以德이로다,b38cbeb1723cfb68,로다,True,로다,Level1
춘추좌씨전1,613,2661,善自爲謀로다,9fb9c5a3cfc36149,로다,False,로다,Level1
춘추좌씨전1,715,2847,公載以出曰 謀及婦人하니 宜其死也로다,bc27ac33d2eb1311,로다,True,로다,Level1
춘추좌씨전1,746,2896,復惡已甚矣로다,d88d98147087b909,로다,False,로다,Level1
춘추좌씨전1,874,3135,旣而聞之하니 曰公子御說之辭也라 臧孫達曰 是宜爲君이로다,996eeea9173ac10d,로다,False,로다,Level1
춘추좌씨전1,943,3256,鬻拳은 可謂愛君矣로다,8e3b33d6ba4500d7,로다,False,로다,Level1
춘추좌씨전1,965,3304,詩云 翹翹車乘으로 招我以弓이로다,69939152c7999ae1,로다,True,로다,Level1
춘추좌씨전1,1033,3432,御人以告子元한대 子元曰 婦人不忘襲讎어늘 我反忘之로다,4836cdd2f0cfa37d,로다,True,로다,Level1
춘추좌씨전1,1112,3567,士蔿曰 大子不得立矣로다,b30a4b61e6131cd7,로다,False,로다,Level1
춘추좌씨전1,1113,3574,萬은 盈數也오 魏는 大名也어늘 以是始賞하니 天啓之矣로다,04405b299fd6cd30,로다,True,로다,Level1
춘추좌씨전1,1114,3581,公侯之卦也로다,e2dd3609243f83a3,로다,False,로다,Level1
춘추좌씨전1,1139,3656,君有心矣로다,7e5d643a72143c53,로다,False,로다,Level1
춘추좌씨전2,102,282,童謠云 丙之晨에 龍尾伏辰이어든 均服振振하야 取虢之旂로다,7d595d98e63a399b,로다,True,로다,Level1
시경집전(상),1937,4405,夫也不良이어늘 國人知之로다,beac4fe56dd5b06d,로다,False,로다,Level1
시경집전(상),1938,4406,知而不已하나니 誰昔然矣로다,51f14e02a74ef8f7,로다,True,로다,Level1
시경집전(상),1941,4415,墓門有梅어늘 有鴞萃止로다,adf1684e78533829,로다,True,로다,Level1
시경집전(상),1942,4416,夫也不良이어늘 歌以訊之로다,ac7109e48e967239,로다,True,로다,Level1
시경집전(상),1947,4427,防有鵲巢며 卭有旨苕로다,b8ac0280f7aac32e,로다,True,로다,Level1
시경집전(상),1951,4439,中唐有璧하며 卭有旨鷊이로다,4a8edea7c2fa61be,로다,True,로다,Level1
시경집전(상),1955,4448,月出皎兮어늘 佼人僚兮로다,0c72a52a5610dd23,로다,True,로다,Level1
시경집전(상),1959,4459,月出皓兮어늘 佼人懰兮로다,0c72a52a5610dd23,로다,True,로다,Level1
시경집전(상),1962,4465,月出照兮어늘 佼人燎兮로다,c61f1f2405bab2f8,로다,True,로다,Level1
시경집전(상),1970,4483,駕我乘馬하여 說于株野로다,28dad982517b1bc1,로다,False,로다,Level1
시경집전(상),1971,4484,乘我乘駒하여 朝食于株로다,7637115d10b09521,로다,False,로다,Level1
시경집전(상),1975,4492,彼澤之陂에 有蒲與荷로다,8f7a36c170fb7028,로다,True,로다,Level1
시경집전(상),1980,4503,彼澤之陂에 有蒲與蕳이로다,5fb6c150281f8b24,로다,True,로다,Level1
시경집전(상),1981,4504,有美一人이여 碩大且卷이로다,2616c5aa5ce8112d,로다,True,로다,Level1
시경집전(상),1984,4510,彼澤之陂에 有蒲菡萏이로다,8f7a36c170fb7028,로다,True,로다,Level1
시경집전(상),1985,4511,有美一人이여 碩大且儼이로다,98d2a751036b0947,로다,True,로다,Level1
시경집전(상),1991,4529,羔裘逍遙하며 狐裘以朝로다,cde098ed267f17e3,로다,False,로다,Level1
시경집전(상),1995,4535,羔裘翺翔하며 狐裘在堂이로다,87ed8890f35f5c31,로다,False,로다,Level1
시경집전(상),1998,4540,羔裘如膏하니 日出有曜로다,8de9042a3dcce9d6,로다,True,로다,Level1
시경집전(상),2009,4571,傳曰 子夏三年之喪畢하고 見於夫子하여 援琴而弦할새 衎衎而樂하고 作而曰 先王制禮라 不敢不及이로이다 夫子曰 君子也로다,fc14124ceb3444b5,로다,True,로다,Level1
춘추좌씨전2,119,328,古人有言曰 知臣莫若君이라하니 弗可改也已로다,43b5a61998be31db,로다,False,로다,Level1
춘추좌씨전2,131,367,期年狄必至리니 示之弱矣로다,1dd7d17cfa77deb6,로다,True,로다,Level1
춘추좌씨전2,145,426,詩所謂白圭之玷은 尙可磨也어니와 斯言之玷은 不可爲也라하니 荀息有焉이로다,b211034a74b7abc6,로다,False,로다,Level1
춘추좌씨전2,176,528,讓不忘其上이로다,5b25140f5db949e2,로다,True,로다,Level1
춘추좌씨전2,212,635,韓簡退曰 吾幸而得囚로다,c0d260d48ff33a89,로다,True,로다,Level1
춘추좌씨전2,229,715,君失問이로다,071f6da9dfdf55e2,로다,False,로다,Level1
춘추좌씨전2,286,835,幸而後敗로다,59d8560b9c517999,로다,False,로다,Level1
춘추좌씨전2,288,850,未足以懲君이로다,26440b4a3e1789d4,로다,True,로다,Level1
춘추좌씨전2,297,866,其禮先亡矣로다,ca9248160985b3ac,로다,False,로다,Level1
춘추좌씨전2,303,916,爲禮卒於無別이로다,2b9d7e23521e7bd5,로다,True,로다,Level1
춘추좌씨전2,330,1064,下義其罪하고 上賞其姦하야 上下相蒙하니 難與處矣로다,fb1e83daca7152cc,로다,False,로다,Level1
춘추좌씨전2,331,1084,鄂不韡韡로다,6f20294241abe779,로다,True,로다,Level1
춘추좌씨전2,334,1117,不稱其服이라하니 子臧之服이 不稱也夫ㄴ저 詩曰 自詒伊慼이라하니 其子臧之謂矣로다,f68f719bcbf94999,로다,False,로다,Level1
춘추좌씨전2,416,1396,出告二子曰 非神敗令尹이라 令尹其不勤民하니 實自敗也로다,b3ee8252b988551b,로다,False,로다,Level1
춘추좌씨전2,420,1427,文公其能刑矣로다,ff2ec84b8858396d,로다,True,로다,Level1
춘추좌씨전2,420,1428,三罪而民服이로다,1fb471706ea76fe5,로다,False,로다,Level1
춘추좌씨전2,535,1756,宜君王之欲殺女而立職也로다,7c26bb8484aaaa4c,로다,False,로다,Level1
춘추좌씨전2,537,1769,周芮良夫之詩曰 大風有隧하니 貪人敗類로다,00b10a2683fa3e6f,로다,True,로다,Level1
춘추좌씨전2,537,1770,聽言則對나 誦言如醉로다,96505c38c7e10649,로다,False,로다,Level1
춘추좌씨전2,547,1798,狼瞫於是乎君子로다,3f05bcfca973ea9f,로다,True,로다,Level1
시경집전(상),2009,4572,閔子騫이 三年之喪畢하고 見於夫子하여 援琴而弦할새 切切而哀하고 作而曰 先王制禮라 不敢過也로이다 夫子曰 君子也로다,50877f00feed0357,로다,True,로다,Level1
시경집전(상),2011,4577,隰有萇楚하니 猗儺其枝로다,74aac25d9fa5b003,로다,False,로다,Level1
시경집전(상),2015,4585,隰有萇楚하니 猗儺其華로다,2ac4daffaba64ef3,로다,True,로다,Level1
시경집전(상),2018,4589,隰有萇楚하니 猗儺其實이로다,b44d4df9a768e6ac,로다,True,로다,Level1
시경집전(상),2035,4620,蜉蝣之羽여 衣裳楚楚로다,dc445c9c9d0dca23,로다,True,로다,Level1
시경집전(상),2039,4631,蜉蝣之翼이여 采采衣服이로다,31e8394056e80622,로다,True,로다,Level1
시경집전(상),2042,4636,蜉蝣掘閱하니 麻衣如雪이로다,ea0af7475a818bd0,로다,True,로다,Level1
시경집전(상),2047,4644,彼其之子는 三百赤芾이로다,822500cf28751c6a,로다,False,로다,Level1
시경집전(상),2050,4654,維鵜在梁하니 不濡其翼이로다,11eb03bd5926c6be,로다,False,로다,Level1
시경집전(상),2051,4655,彼其之子여 不稱其服이로다,2aa9f244823ec32a,로다,False,로다,Level1
시경집전(상),2053,4658,維鵜在梁하니 不濡其咮로다,b705198fb1b86e56,로다,False,로다,Level1
시경집전(상),2054,4659,彼其之子여 不遂其媾로다,2132a27ee50d36ec,로다,False,로다,Level1
시경집전(상),2056,4664,薈兮蔚兮 南山朝隮로다,722af65b4fcbf43a,로다,True,로다,Level1
시경집전(상),2057,4665,婉兮孌兮 季女斯飢로다,a1848818de86ddc5,로다,True,로다,Level1
시경집전(상),2061,4672,鳲鳩在桑하니 其子七兮로다,6d42c564691742f6,로다,False,로다,Level1
시경집전(상),2062,4673,淑人君子여 其儀一兮로다,09b132d59d2db58b,로다,True,로다,Level1
시경집전(상),2063,4674,其儀一兮하니 心如結兮로다,70b96e8bbef79625,로다,True,로다,Level1
시경집전(상),2066,4686,鳲鳩在桑하니 其子在梅로다,fa790750120c48ca,로다,False,로다,Level1
시경집전(상),2067,4687,淑人君子여 其帶伊絲로다,b4b7adb5d90b77c2,로다,False,로다,Level1
시경집전(상),2068,4688,其帶伊絲니 其弁伊騏로다,e3dba9811b8eb532,로다,False,로다,Level1
춘추좌씨전2,547,1800,怒不作亂하고 而以從師하니 可謂君子矣로다,8c692ab4230e3a1c,로다,True,로다,Level1
춘추좌씨전2,585,1888,詩云 惟彼二國이 其政不獲일새 惟此四國이 爰究爰度이라하니 其秦穆之謂矣로다,a08792386da9385f,로다,False,로다,Level1
춘추좌씨전2,597,1909,皐陶庭堅不祀忽諸로다,d894276fee61ad70,로다,True,로다,Level1
춘추좌씨전2,610,1939,死而棄民이로다,01a01e2aff0d09f8,로다,False,로다,Level1
춘추좌씨전2,786,2381,禮以順天이 天之道也어늘 己則反天하고 而又以討人하니 難以免矣로다,b85cb42ace95fe1a,로다,False,로다,Level1
춘추좌씨전3,48,94,殘民以逞이로다,16c05dff4d20decd,로다,False,로다,Level1
춘추좌씨전3,49,97,宋城에 華元爲植하야 巡功이러니 城者謳曰 睅其目하고 皤其腹이 棄甲而復이로다,e3ed4b748b5a1225,로다,False,로다,Level1
춘추좌씨전3,49,98,于思于思여 棄甲復來로다,d06ccc1f7a93d7fa,로다,False,로다,Level1
춘추좌씨전3,49,101,夫其口衆我寡로다,7cce4eecd441b05f,로다,False,로다,Level1
춘추좌씨전3,54,135,宣子曰 嗚呼라 詩曰 我之懷矣여 自詒伊慼이라하니 其我之謂矣로다,a6d8f1e643fa66c2,로다,True,로다,Level1
춘추좌씨전3,54,137,董狐는 古之良史也라 書法不隱하고 趙宣子는 古之良大夫也라 爲法受惡이로다,fceea095b8198c24,로다,False,로다,Level1
춘추좌씨전3,191,410,吾未之聞也로다,753fbb2453486bd7,로다,False,로다,Level1
춘추좌씨전3,212,571,每射에 抽矢하야 菆를 納諸廚子之房하니 廚子怒曰 非子之求라 而蒲之愛로다,26e40de1928ae166,로다,False,로다,Level1
춘추좌씨전3,224,634,淸丘之盟은 唯宋可以免焉이로다,8c44b20e269a0a50,로다,False,로다,Level1
춘추좌씨전3,238,672,懷於魯矣로다,848d816ef7ec6b5b,로다,False,로다,Level1
춘추좌씨전3,353,1065,武子曰 吾知免矣로다,e7a9a9c54b1d98b0,로다,False,로다,Level1
춘추좌씨전3,356,1097,詩曰 不解于位면 民之攸墍라하니 其是之謂矣로다,ade6383ec394d228,로다,False,로다,Level1
춘추좌씨전3,357,1100,後之人必有任是夫ㄴ저 國棄矣로다,3803e2f3336baaeb,로다,False,로다,Level1
춘추좌씨전3,383,1165,晉侯享齊侯에 齊侯視韓厥하니 韓厥曰 君知厥也乎잇가 齊侯曰 服改矣로다,1f74bcdd8cb95bf4,로다,False,로다,Level1
춘추좌씨전3,427,1249,自棄也已로다,d6e3d256ae9a4b73,로다,False,로다,Level1
시경집전(상),2071,4698,鳲鳩在桑하니 其子在棘이로다,5141f91f91ad0526,로다,False,로다,Level1
시경집전(상),2072,4699,淑人君子여 其儀不忒이로다,96e076a1a97feefb,로다,False,로다,Level1
시경집전(상),2073,4700,其儀不忒하니 正是四國이로다,a98af0693e27160c,로다,True,로다,Level1
시경집전(상),2075,4704,鳲鳩在桑하니 其子在榛이로다,6e33e1927ec4cb33,로다,True,로다,Level1
시경집전(상),2076,4705,淑人君子여 正是國人이로다,32d107f75cd79e1c,로다,False,로다,Level1
시경집전(상),2080,4711,冽彼下泉이여 浸彼苞稂이로다,b5dc2748ed7c695d,로다,False,로다,Level1
시경집전(상),2084,4722,冽彼下泉이여 浸彼苞蕭로다,6035fe4f3fc16f39,로다,True,로다,Level1
시경집전(상),2087,4727,冽彼下泉이여 浸彼苞蓍로다,d1ba3582cd28d3c0,로다,True,로다,Level1
시경집전(상),2109,4791,女心傷悲여 殆及公子同歸로다,b05846eadef1cc5c,로다,True,로다,Level1
시경집전(상),2151,4919,躋彼公堂하여 稱彼兕觥하니 萬壽無疆이로다,47139cd0bc0359dc,로다,True,로다,Level1
시경집전(상),2176,5002,制彼裳衣하여 勿士行枚로다,0e9e9a635cb177fa,로다,False,로다,Level1
시경집전(상),2177,5003,蜎蜎者蠋이여 烝在桑野로다,3652aca7635702e5,로다,False,로다,Level1
시경집전(상),2178,5004,敦彼獨宿이여 亦在車下로다,108fb7c14029818e,로다,True,로다,Level1
시경집전(상),2186,5030,不可畏也라 伊可懷也로다,13d0cc30a70abd28,로다,True,로다,Level1
시경집전(상),2192,5048,洒掃穹窒하니 我征聿至로다,0c2663a6bcf0d24b,로다,False,로다,Level1
시경집전(상),2193,5049,有敦瓜苦여 烝在栗薪이로다,8272bdd1ddc15a4d,로다,False,로다,Level1
시경집전(상),2196,5060,栗은 周土所宜木이니 與苦瓜皆微物也로되 見之而喜하니 則其行久而感深을 可知矣로다,77b04ae3973d8133,로다,True,로다,Level1
시경집전(상),2199,5063,倉庚于飛여 熠燿其羽로다,4ccc65bee990b47a,로다,True,로다,Level1
시경집전(상),2200,5064,之子于歸여 皇駁其馬로다,7a4e98b37761074a,로다,False,로다,Level1
시경집전(상),2201,5065,親結其縭하니 九十其儀로다,a7b5d4e81078d175,로다,True,로다,Level1
논어집주,9,48,今人은 不會讀書로다,86df7d6de89a2808,로다,True,로다,Level1
논어집주,63,279,若有子면 可謂達禮樂之本矣로다,8834522105f80616,로다,True,로다,Level1
논어집주,73,316,賜也는 始可與言詩已矣로다,bffde15dc3cc8217,로다,True,로다,Level1
논어집주,83,347,故로 夫子言詩三百篇을 而惟此一言이 足以盡蓋其義라하시니 其示人之意亦深切矣로다,bf4158efeb397ad2,로다,True,로다,Level1
논어집주,118,455,吾與回言終日에 不違如愚러니 退而省其私한대 亦足以發하나니 回也不愚로다,b3e1d7f55e3fb5aa,로다,False,로다,Level1
논어집주,202,745,起予者는 商也로다,1d20978f21a273b0,로다,True,로다,Level1
논어집주,202,746,始可與言詩已矣로다,149e3f6a0c01db23,로다,True,로다,Level1
논어집주,204,755,孔子曰 繪事後素라하신대 而子夏曰 禮後乎인저하니 可謂能繼其志矣로다,a19518e5a2be2a28,로다,False,로다,Level1
논어집주,236,872,事君盡禮를 人以爲諂也로다,775fb26dc54bc0ee,로다,False,로다,Level1
논어집주,255,938,故로 聞管仲之器小면 則疑其爲儉하고 以不儉告之면 則又疑其知禮하니 蓋世方以詭遇爲功하여 而不知爲之範하니 則不悟其小가 宜矣로다,c495932ac7449485,로다,False,로다,Level1
논어집주,289,1043,蓋有之矣어늘 我未之見也로다,b635f21941d48aba,로다,True,로다,Level1
논어집주,347,1220,子謂公冶長하시되 可妻也로다,2420e45efaf27e9c,로다,False,로다,Level1
논어집주,357,1258,或曰 雍也는 仁而不佞이로다,347551931f9e90d9,로다,False,로다,Level1
논어집주,365,1296,子路聞之하고 喜한대 子曰 由也는 好勇이 過我나 無所取材로다,c2774a19cc15b728,로다,True,로다,Level1
논어집주,398,1401,若子路면 可謂能用其勇矣로다,a8a1d4c39c6f80a6,로다,False,로다,Level1
논어집주,405,1426,晏平仲은 善與人交로다,f55dc04739a09982,로다,True,로다,Level1
논어집주,410,1447,曰 仁矣乎잇가 曰 未知로다,dd75b80c17800e17,로다,False,로다,Level1
논어집주,421,1501,不知所以裁之로다,3115b1a2b4e439cf,로다,False,로다,Level1
논어집주,426,1527,或乞醯焉이어늘 乞諸其隣而與之로다,04dd82c1a74c8cf0,로다,False,로다,Level1
논어집주,441,1592,夫子自恐終不得見而歎之하시니 其警學者深矣로다,9dbfcca0f2d39892,로다,True,로다,Level1
춘추좌씨전3,427,1250,視流而行速하야 不安其位하니 宜不能久로다,e1cfe2e91d985415,로다,False,로다,Level1
춘추좌씨전3,448,1311,吾亡無日矣로다,835f24f96f9ea375,로다,False,로다,Level1
춘추좌씨전3,467,1354,詩曰 女也不爽이어늘 士貳其行이로다,cad071914afc0a94,로다,False,로다,Level1
춘추좌씨전3,516,1465,晉侯夢에 大厲가 被髮及地하고 搏膺而踊曰 殺余孫하니 不義로다,91c7fba1e87e7f0f,로다,True,로다,Level1
춘추좌씨전3,540,1552,今吾子之言은 亂之道也니 不可以爲法이로다,2083519678a745cf,로다,False,로다,Level1
춘추좌씨전3,566,1658,故詩曰 兕觵其觩나 旨酒思柔로다,451b7c8ab070e1f3,로다,False,로다,Level1
춘추좌씨전3,617,1826,王怒曰 大辱國이로다,c5a379191edc6352,로다,False,로다,Level1
춘추좌씨전3,655,1970,仲尼曰 鮑莊子之知不如葵로다,7297a3e55de99dfb,로다,False,로다,Level1
춘추좌씨전3,657,1976,從而歌之曰 濟洹之水에 贈我以瓊瑰로다,6d1f389f9cdd53bd,로다,False,로다,Level1
춘추좌씨전3,660,2001,郤至奉豕에 寺人孟張奪之어늘 郤至射而殺之하니 公曰 季子欺余로다,b2378500f285fec2,로다,False,로다,Level1
춘추좌씨전4,47,105,詩曰 其惟哲人은 告之話言이면 順德之行이라하니 季孫於是爲不哲矣로다,c1d384e233808f9a,로다,False,로다,Level1
춘추좌씨전4,68,159,祈［祁］奚於是能擧善矣로다,b776428defa12d87,로다,False,로다,Level1
춘추좌씨전4,68,161,商書曰 無偏無黨이면 王道蕩蕩이라하니 其祈［祁］奚之謂矣로다,65ec78efcde4f668,로다,False,로다,Level1
춘추좌씨전4,68,165,詩云 惟其有之라 是以似之라하니 祈［祁］奚有焉이로다,042a56fa4fd538cc,로다,False,로다,Level1
춘추좌씨전4,81,197,韓獻子患之하야 言於朝曰 文王帥殷之叛國以事紂는 唯知時也어늘 今我易之하니 難哉로다,4608bf5639cf97af,로다,False,로다,Level1
춘추좌씨전4,89,257,國人誦之曰 臧之狐裘여 敗我於狐駘로다,66eaa9101e5d0d35,로다,False,로다,Level1
춘추좌씨전4,89,258,我君小子라 朱儒是使로다,fdce6628bbfedc39,로다,False,로다,Level1
춘추좌씨전4,89,259,朱儒朱儒여 使我敗於邾로다,ed504d12cdd8ebf1,로다,False,로다,Level1
춘추좌씨전4,109,285,楚共王於是不刑이로다,f727e9d7f406893a,로다,False,로다,Level1
춘추좌씨전4,109,286,詩曰 周道挺挺하니 我心扃扃이로다,671521a260a8e47a,로다,True,로다,Level1
시경집전(상),2226,5128,伐柯伐柯여 其則不遠이로다,1cb879f6435955d5,로다,True,로다,Level1
시경집전(상),2227,5129,我遘之子호니 籩豆有踐이로다,d75322144ab9df8f,로다,True,로다,Level1
시경집전(상),2231,5139,九罭之魚여 鱒魴이로다,a962b8a4e07e6a4f,로다,True,로다,Level1
시경집전(상),2232,5140,我覯之子호니 袞衣繡裳이로다,27c8a45d652e6233,로다,True,로다,Level1
시경집전(상),2243,5166,狼跋其胡요 載疐其尾로다,9448d2e00c715183,로다,False,로다,Level1
시경집전(상),2246,5182,"蓋不使讒邪之口로 得以加乎公之忠聖이니 此可見其愛公之深, 敬公之至요 而其立言이 亦有法矣로다",e280ca69dfe0139d,로다,True,로다,Level1
시경집전(상),2247,5183,狼疐其尾요 載跋其胡로다,202a97faac8d2980,로다,False,로다,Level1
시경집전(상),2257,5222,呦呦鹿鳴이여 食野之苹이로다,c6b42c3cd7285a18,로다,True,로다,Level1
시경집전(상),2263,5246,呦呦鹿鳴이여 食野之蒿로다,d9ba06cd33d09083,로다,True,로다,Level1
시경집전(상),2265,5248,視民不恌니 君子是則是傚로다,659878f571653dcc,로다,True,로다,Level1
시경집전(상),2266,5249,我有旨酒하니 嘉賓式燕以敖로다,8d397882f3501ebd,로다,True,로다,Level1
시경집전(상),2269,5258,呦呦鹿鳴이여 食野之芩이로다,5876b6e6ee7d269c,로다,True,로다,Level1
시경집전(상),2271,5260,鼓瑟鼓琴이여 和樂且湛이로다,0895bfb2dadb81eb,로다,True,로다,Level1
시경집전(상),2272,5261,我有旨酒하여 以燕樂嘉賓之心이로다,704e6ddbd54b61f4,로다,True,로다,Level1
시경집전(상),2278,5277,四牡騑騑하니 周道倭遲로다,8f3b5fba615a0b50,로다,False,로다,Level1
시경집전(상),2281,5291,臣勞於事而不自言이어늘 君探其情而代之言하니 上下之間에 可謂各盡其道矣로다,4cb228038756a074,로다,True,로다,Level1
시경집전(상),2282,5296,四牡騑騑하니 嘽嘽駱馬로다,4006205be23a2b89,로다,False,로다,Level1
시경집전(상),2285,5302,翩翩者鵻여 載飛載下하여 集于苞栩로다,0e6c2109766407f4,로다,True,로다,Level1
시경집전(상),2289,5313,翩翩者鵻여 載飛載止하여 集于苞杞로다,3eba02fe026d3f1c,로다,True,로다,Level1
시경집전(상),2297,5328,皇皇者華여 于彼原隰이로다,99f6a430a0618760,로다,True,로다,Level1
춘추좌씨전5,54,321,已侈하니 所謂不及五稔者는 夫子之謂矣로다,8cfc8a176256df41,로다,True,로다,Level1
춘추좌씨전5,57,348,吾圖之하리라하고 告盧蒲嫳한대 盧蒲嫳曰 彼는 君之讐也니 天或者將棄彼矣로다,2653487ecc10f6b3,로다,True,로다,Level1
춘추좌씨전5,59,364,薳氏之有後於楚國也가 宜哉로다,af00fba3f8ddbc1d,로다,False,로다,Level1
춘추좌씨전5,84,477,展莊叔見之曰 車甚澤하니 人必瘁리라 宜其亡也로다,711b949145e20a54,로다,True,로다,Level1
춘추좌씨전5,108,548,公曰 欲之而言叛하니 祗見疏也로다,6009481f6af04543,로다,False,로다,Level1
춘추좌씨전5,113,581,晉國不恤周宗之闕하고 而夏肄是屛하니 其棄諸姬를 亦可知也已로다,560fae36ef686a69,로다,False,로다,Level1
춘추좌씨전5,119,610,始基之矣오 猶未也라 然勤而不怨矣로다,a3d6188b29e0494f,로다,True,로다,Level1
춘추좌씨전5,119,612,憂而不困者也로다,b7a74c84eb9ae563,로다,True,로다,Level1
춘추좌씨전5,119,619,國未可量也로다,b589bbeeceabea85,로다,False,로다,Level1
춘추좌씨전5,120,636,猶有先王之遺民焉이로다,2ff2ab330f126a09,로다,False,로다,Level1
춘추좌씨전5,120,642,處而不底하고 行而不流하며 五聲和하고 八風平하며 節有度하고 守有序하니 盛德之所同也로다,6105a422d26a9578,로다,True,로다,Level1
춘추좌씨전5,121,645,勤而不德하니 非禹면 其誰能修之리오 見舞韶箾者하고 曰 德至矣哉大矣로다 如天之無不幬也하고 如地之無不載也로다,9e562a89554a3cfb,로다,True,로다,Level1
춘추좌씨전5,158,793,夫諸侯之上卿이 會而不信하야 寵名皆棄하니 不信之不可也如是로다,e73b86fad4f8b4d1,로다,False,로다,Level1
춘추좌씨전5,163,821,及三年하여 又誦之曰 我有子弟를 子産誨之하고 我有田疇를 子産殖之로다,0ee47ad43752748a,로다,True,로다,Level1
춘추좌씨전5,171,837,穆叔出而告人曰 孟孫將死矣로다,2a669f28db0c2e37,로다,False,로다,Level1
춘추좌씨전5,171,838,吾語諸趙孟之偸也어늘 而又甚焉이로다,70bf4cfed4591a36,로다,False,로다,Level1
춘추좌씨전5,178,861,冬十月에 滕成公來會葬할새 惰而多涕하니 子服惠伯曰 滕君將死矣로다,e7a5d1d0ea5184c2,로다,True,로다,Level1
춘추좌씨전5,182,894,詩曰 辭之輯矣면 民之協矣며 辭之繹矣면 民之莫矣라하니 其知之矣로다,b6e0486f99e7cb97,로다,False,로다,Level1
춘추좌씨전5,190,933,子皮欲使尹何爲邑한대 子産曰 少하니 未知可否로다,5ecef52dd9986dab,로다,False,로다,Level1
춘추좌씨전5,190,948,衣服은 附在吾身이라 我知而愼之하고 大官大邑은 所以庇身也로되 我遠而慢之로다,2e516818b8c153d6,로다,False,로다,Level1
춘추좌씨전4,141,344,是故啓蟄而郊하고 郊而後耕이어늘 今旣耕而卜郊하니 宜其不從也로다,bf02081d226694f9,로다,True,로다,Level1
춘추좌씨전4,146,365,穆叔曰 孫子必亡이로다,b3a8134ec96ebf87,로다,False,로다,Level1
춘추좌씨전4,208,599,師競已甚이로다,9eb76fb9bb9d2030,로다,True,로다,Level1
춘추좌씨전4,240,721,詩曰 樂只君子여 殿天子之邦이로다,eb230c563f293c68,로다,True,로다,Level1
춘추좌씨전4,240,722,樂只君子여 福祿攸同이로다,35bb15afadd3c661,로다,True,로다,Level1
춘추좌씨전4,296,957,君子謂 子囊忠이로다,c4a913aee779632c,로다,True,로다,Level1
춘추좌씨전4,344,1064,築者謳曰 澤門之晳은 實興我役하고 邑中之黔은 實慰我心이로다,67dede1d46b6fda6,로다,False,로다,Level1
춘추좌씨전4,414,1251,衛寗惠子疾에 召悼子曰 吾得罪於君하니 悔而無及也로다,41d5fa8df1723317,로다,True,로다,Level1
춘추좌씨전4,445,1385,善戒로다,ea405b8dedf426a3,로다,False,로다,Level1
춘추좌씨전4,446,1389,齊將伐晉하리니 不可以不懼로다,b1ce0b2e4ab75d5a,로다,False,로다,Level1
춘추좌씨전4,485,1571,仲尼曰 知之難也로다,5613f5b9c56a1571,로다,True,로다,Level1
춘추좌씨전4,512,1650,其有亡釁乎ㄴ저 不然이면 其有惑疾하야 將死而憂也로다,caa9a711c06b17d4,로다,False,로다,Level1
춘추좌씨전4,549,1788,大叔文子聞之하고 曰 嗚呼라 詩所謂我躬不說이온 皇恤我後者니 寗子可謂不恤其後矣로다,8b48c1cbdcb657d0,로다,True,로다,Level1
춘추좌씨전5,18,64,讓不失禮로다,26cd157c655d408b,로다,False,로다,Level1
춘추좌씨전5,34,187,辭不失舊로다,bfdbd8178e3aaa5c,로다,False,로다,Level1
춘추좌씨전5,44,211,父子死余矣로다,58edf9ea7e4caaa3,로다,True,로다,Level1
춘추좌씨전5,49,269,大宰退하야 告人曰 令尹將死矣로다,253433f8e688178b,로다,False,로다,Level1
춘추좌씨전5,52,300,能歆神人하니 宜其光輔五君하야 以爲盟主也로다,5be4ddd1ea7d6c62,로다,True,로다,Level1
춘추좌씨전5,53,308,民之主也어니와 抑武也는 不足以當之로다,e95eaf9d77cbbd37,로다,False,로다,Level1
춘추좌씨전5,53,315,保家之主也여 吾有望矣로다,94c3d770da948658,로다,True,로다,Level1
시경집전(상),2397,5563,如松柏之茂하여 無不爾或承이로다,8d6979d48e27b28a,로다,True,로다,Level1
시경집전(상),2401,5571,曰歸曰歸여 歲亦莫止리로다,65c7eabc3d6a2411,로다,True,로다,Level1
시경집전(상),2407,5592,曰歸曰歸여 心亦憂止로다,b35b8ea27709b99f,로다,True,로다,Level1
시경집전(상),2409,5594,我戍未定이니 靡使歸聘이로다,973bcc1cd6a0ca07,로다,True,로다,Level1
시경집전(상),2413,5602,曰歸曰歸여 歲亦陽止리로다,f86653506a7df8b2,로다,True,로다,Level1
시경집전(상),2417,5611,彼爾維何오 維常之華로다,64c7f56884c0ae6f,로다,True,로다,Level1
시경집전(상),2418,5612,彼路斯何오 君子之車로다,181a8699b84df20e,로다,True,로다,Level1
시경집전(상),2419,5613,戎車旣駕하니 四牡業業이로다,677a4b4486baa865,로다,True,로다,Level1
시경집전(상),2420,5614,豈敢定居리오 一月三捷이로다,2e33a2172eb61ca1,로다,True,로다,Level1
시경집전(상),2423,5625,駕彼四牡하니 四牡騤騤로다,6401d91c84b3a490,로다,True,로다,Level1
시경집전(상),2424,5626,君子所依요 小人所腓로다,ef8bcfde237b0269,로다,False,로다,Level1
시경집전(상),2425,5627,四牡翼翼하니 象弭魚服이로다,c47de1a5d4a7d19b,로다,True,로다,Level1
시경집전(상),2426,5628,豈不日戒리오 玁狁孔棘이로다,9541d33bf22e6224,로다,False,로다,Level1
시경집전(상),2430,5641,今我來思엔 雨雪霏霏로다,7c8ee86c9e7a7a41,로다,True,로다,Level1
시경집전(상),2437,5657,自天子所하여 謂我來矣로다,1dfd5b9849cb6d10,로다,True,로다,Level1
시경집전(상),2445,5670,憂心悄悄하니 僕夫況瘁로다,00896028ff8a5412,로다,True,로다,Level1
시경집전(상),2449,5688,出車彭彭하며 旂旐央央이로다,77c681721e198dfd,로다,True,로다,Level1
시경집전(상),2451,5690,赫赫南仲이여 玁狁于襄이로다,327ad3af7bccffc1,로다,True,로다,Level1
시경집전(상),2455,5708,今我來思엔 雨雪載塗로다,f086dd1a1b345dcf,로다,True,로다,Level1
시경집전(상),2460,5719,喓喓草蟲이며 趯趯阜螽이로다,a325ca5a4a23546d,로다,True,로다,Level1
시경집전(상),2298,5329,駪駪征夫여 每懷靡及이로다,829ce8bed78e1470,로다,True,로다,Level1
시경집전(상),2300,5340,然이나 其辭之婉而不迫이 如此하니 詩之忠厚를 亦可見矣로다,9d6d3b1d7da85bd6,로다,True,로다,Level1
시경집전(상),2301,5341,我馬維駒니 六轡如濡로다,cd3641492e04e8bd,로다,True,로다,Level1
시경집전(상),2302,5342,載馳載驅하여 周爰咨諏로다,e61d08ad4952996d,로다,True,로다,Level1
시경집전(상),2305,5351,我馬維騏니 六轡如絲로다,3ceebaa17d2a5f9e,로다,False,로다,Level1
시경집전(상),2306,5352,載馳載驅하여 周爰咨謀로다,08bce25054e2e839,로다,False,로다,Level1
시경집전(상),2308,5356,我馬維駱이니 六轡沃若이로다,95865adbd9645ae0,로다,True,로다,Level1
시경집전(상),2309,5357,載馳載驅하여 周爰咨度이로다,e6da552290577579,로다,True,로다,Level1
시경집전(상),2311,5361,我馬維駰이니 六轡旣均이로다,6142b34099159e42,로다,True,로다,Level1
시경집전(상),2312,5362,載馳載驅하여 周爰咨詢이로다,3cd80bc4b6b22867,로다,False,로다,Level1
시경집전(상),2324,5395,脊令在原하니 兄弟急難이로다,7a20097919448840,로다,True,로다,Level1
시경집전(상),2333,5422,雖有兄弟나 不如友生이로다,1b2e85b8fdc7eac8,로다,True,로다,Level1
시경집전(상),2351,5455,嚶其鳴矣여 求其友聲이로다,48cf448bbafaecdc,로다,True,로다,Level1
시경집전(상),2357,5466,伐木許許어늘 釃酒有藇로다,cc6d904eb23072bd,로다,True,로다,Level1
시경집전(상),2364,5488,孔子曰所求乎朋友로 先施之를 未能也라하시니 此可謂能先施矣로다,deb51384a6e04bf2,로다,False,로다,Level1
시경집전(상),2365,5489,伐木于阪이어늘 釃酒有衍이로다,76db71815607a200,로다,False,로다,Level1
시경집전(상),2366,5490,籩豆有踐하니 兄弟無遠이로다,5cd4cc90c07ebe79,로다,True,로다,Level1
시경집전(상),2377,5516,俾爾多益이라 以莫不庶로다,c5ff2f7b447a5c94,로다,True,로다,Level1
시경집전(상),2385,5534,如山如阜하며 如岡如陵하며 如川之方至하여 以莫不增이로다,fc2ddcaba6a8a8b4,로다,True,로다,Level1
시경집전(상),2393,5553,群黎百姓이 徧爲爾德이로다,436df504bab2cfd4,로다,True,로다,Level1
춘추좌씨전5,227,1102,叔孫穆子曰 楚公子美矣君哉로다 鄭子皮曰 二執戈者前矣로다,5d65ffc09bf8bbb1,로다,True,로다,Level1
춘추좌씨전5,228,1116,言以知物이 其是之謂矣로다,5b036170283acc24,로다,False,로다,Level1
춘추좌씨전5,233,1172,明德遠矣로다,72d2a24fb10c4f78,로다,True,로다,Level1
춘추좌씨전5,236,1201,乃執子南而數之曰 國之大節有五어늘 女皆奸之로다,771668a052ac7b85,로다,False,로다,Level1
춘추좌씨전5,245,1253,詩曰 無競惟［維］人이라하니 善矣로다,ac1a6c8d842702ed,로다,False,로다,Level1
춘추좌씨전5,246,1281,肸未之聞也로다,d0f2557dffcb787a,로다,False,로다,Level1
춘추좌씨전5,265,1371,詩曰 敬愼威儀하야 以近有德이라하니 夫子近德矣로다,36af78f160812a6a,로다,False,로다,Level1
춘추좌씨전5,277,1412,吾得聞此數也로다,c8b2750c349e3190,로다,False,로다,Level1
춘추좌씨전5,296,1522,齊公孫竈卒하다 司馬竈見晏子曰 又喪子雅矣라 晏子曰 惜也로다,a51a182b4d8ce8f9,로다,True,로다,Level1
춘추좌씨전5,363,1843,始吾有虞於子러니 今則已矣로다,8e5ab661e8c846de,로다,True,로다,Level1
춘추좌씨전5,374,1903,吾君賄어늘 左右諂諛로다,46e51456719dd333,로다,False,로다,Level1
춘추좌씨전5,398,2043,詩曰 君子是則是效라하니 孟僖子可則效已矣로다,831d94b8ed64def0,로다,False,로다,Level1
춘추좌씨전6,13,25,是宮也成이면 諸侯必叛하고 君必有咎를 夫子知之矣로다,a6c2094baa119b36,로다,False,로다,Level1
춘추좌씨전6,46,169,周公饗義어늘 魯無義로다,ec9da1b868928ba9,로다,False,로다,Level1
춘추좌씨전6,49,181,叔孫昭子曰 非禮也라호대 弗聽하니 叔向辭之曰 大夫之事畢矣어늘 而又命孤로다,7242bae9c8aaef8b,로다,False,로다,Level1
춘추좌씨전6,50,184,子皮盡用其幣하고 歸하야 謂子羽曰 非知之實難이라 將在行之로다,18cc6ac15e2e5cea,로다,False,로다,Level1
춘추좌씨전6,50,186,書曰 欲敗度하고 縱敗禮라하니 我之謂矣로다,62c96a338b9ec0c1,로다,False,로다,Level1
춘추좌씨전6,50,187,夫子知度與禮矣로되 我實縱欲하야 而不能自克也로다,4930adaf3ca9f43a,로다,False,로다,Level1
춘추좌씨전6,71,248,王惡周矣로다,89feb1d253d14171,로다,False,로다,Level1
춘추좌씨전6,73,257,無守氣矣로다,6c2c3dc212587077,로다,False,로다,Level1
춘추좌씨전8,54,172,生不能用하고 死而誄之는 非禮也오 稱一人은 非名也니 君兩失之로다,c761fb957d3f9058,로다,False,로다,Level1
춘추좌씨전8,57,197,楚國第에 我死면 令尹司馬는 非勝而誰오 勝聞之曰 令尹之狂也로다,c93336e12ca53f6b,로다,False,로다,Level1
춘추좌씨전8,71,273,衛侯夢于北宮에 見人登昆吾之觀하야 被髮北面而譟曰 登此昆吾之虛하니 綿綿生之瓜로다,2d3eeeff748b5951,로다,True,로다,Level1
춘추좌씨전8,71,277,衛侯貞卜하니 其繇曰 如魚竀尾하니 衡流而方羊이로다,832a032754a2a950,로다,True,로다,Level1
춘추좌씨전8,78,316,惠王知志로다,530adddbf9fe8029,로다,False,로다,Level1
춘추좌씨전8,78,318,志曰 聖人不煩卜筮라하니 惠王其有焉이로다,6c9453d3d3ada2d0,로다,False,로다,Level1
춘추좌씨전8,88,347,數年不覺하야 使我高蹈로다,0a1afd261b4cfa04,로다,True,로다,Level1
춘추좌씨전8,88,348,唯其儒書하야 以爲二國憂로다,f84a60ccff96c476,로다,False,로다,Level1
춘추좌씨전8,101,391,聞之하고 褚師與司寇亥乘曰 今日幸而後亡이로다,7b5b3c0cdac7ca1b,로다,False,로다,Level1
시경집전(상),2462,5721,旣見君子라야 我心則降이로다,8a788fbd46316cff,로다,True,로다,Level1
시경집전(상),2463,5722,赫赫南仲이여 薄伐西戎이로다,6fea5bb16729d4df,로다,True,로다,Level1
시경집전(상),2467,5730,赫赫南仲이여 玁狁于夷로다,1a64f0e3cad61b68,로다,True,로다,Level1
시경집전(상),2471,5743,有杕之杜여 有睆其實이로다,197c93200a432238,로다,True,로다,Level1
시경집전(상),2472,5744,王事靡盬라 繼嗣我日이로다,7016279ded293ee0,로다,False,로다,Level1
시경집전(상),2473,5745,日月陽止라 女心傷止니 征夫遑止로다,d7e4c0dc9a11c6b7,로다,True,로다,Level1
시경집전(상),2476,5757,有杕之杜여 其葉萋萋로다,9651554fc0df8d0d,로다,True,로다,Level1
시경집전(상),2478,5759,卉木萋止라 女心悲止니 征夫歸止로다,98dc855fbfcb7794,로다,True,로다,Level1
시경집전(상),2481,5764,王事靡盬라 憂我父母로다,61f9848b73729366,로다,True,로다,Level1
시경집전(상),2482,5765,檀車幝幝하며 四牡痯痯하니 征夫不遠이로다,3cd73befc51f68c1,로다,True,로다,Level1
시경집전(상),2486,5772,期逝不至라 而多爲恤이로다,8a05e36a83931bdb,로다,True,로다,Level1
시경집전(상),2487,5773,卜筮偕止하여 會言近止하니 征夫邇止로다,ddd4f841a2e45e2b,로다,True,로다,Level1
시경집전(상),2500,5803,魚麗于罶하니 鱨鯊로다,a69e68dcc2129c0e,로다,False,로다,Level1
시경집전(상),2501,5804,君子有酒하니 旨且多로다,49062dd60016b7be,로다,False,로다,Level1
시경집전(상),2504,5815,魚麗于罶하니 魴鱧로다,494621d1366ba7f9,로다,False,로다,Level1
시경집전(상),2505,5816,君子有酒하니 多且旨로다,ab2dd658966426ef,로다,False,로다,Level1
시경집전(상),2507,5819,魚麗于罶하니 鰋鯉로다,17d5fc471876e0b6,로다,False,로다,Level1
시경집전(상),2508,5820,君子有酒하니 旨且有로다,09a8ec68a4b53fa6,로다,False,로다,Level1
시경집전(상),2510,5824,物其多矣니 維其嘉矣로다,df7d182bb9685a95,로다,True,로다,Level1
시경집전(상),2512,5826,物其旨矣니 維其偕矣로다,64f9f17acbd98227,로다,False,로다,Level1
시경집전(상),2514,5828,物其有矣니 維其時矣로다,9059b4bc9f474e5f,로다,False,로다,Level1
시경집전(상),2516,5837,毛公이 分魚麗하여 以足前什이어늘 而說者不察하고 遂分魚麗以上爲文武詩하고 嘉魚以下爲成王詩라하니 其失甚矣로다,cd5044d9bdaab37a,로다,True,로다,Level1
시경집전(상),2520,5843,南有嘉魚하니 烝然罩罩로다,6522d4e6794b126a,로다,True,로다,Level1
시경집전(상),2521,5844,君子有酒하니 嘉賓式燕以樂로다,398755d17836d2bc,로다,True,로다,Level1
시경집전(상),2524,5853,南有嘉魚하니 烝然汕汕이로다,27d3374f1e30f9e1,로다,True,로다,Level1
시경집전(상),2525,5854,君子有酒하니 嘉賓式燕以衎이로다,398755d17836d2bc,로다,True,로다,Level1
시경집전(상),2527,5858,南有樛木하니 甘瓠纍之로다,b7cd6f45284ebf6f,로다,False,로다,Level1
시경집전(상),2528,5859,君子有酒하니 嘉賓式燕綏之로다,943b70f86f46873e,로다,True,로다,Level1
시경집전(상),2531,5865,翩翩者鵻여 烝然來思로다,fad735b9810dbe0d,로다,True,로다,Level1
시경집전(상),2532,5866,君子有酒하니 嘉賓式燕又思로다,94a1e1961c19aa9d,로다,True,로다,Level1
시경집전(상),2538,5875,南山有臺요 北山有萊로다,f0c700e3248a8305,로다,False,로다,Level1
시경집전(상),2539,5876,樂只君子여 邦家之基로다,f79f28986d42964d,로다,True,로다,Level1
시경집전(상),2540,5877,樂只君子여 萬壽無期로다,3063834261693037,로다,True,로다,Level1
시경집전(상),2543,5884,南山有桑이요 北山有楊이로다,d321f0bfebe42cc9,로다,False,로다,Level1
시경집전(상),2544,5885,樂只君子여 邦家之光이로다,8e29acb945b5ecb8,로다,True,로다,Level1
시경집전(상),2545,5886,樂只君子여 萬壽無疆이로다,2a66c8b6748ec526,로다,True,로다,Level1
시경집전(상),2547,5888,南山有杞요 北山有李로다,2879b934ab90d61e,로다,False,로다,Level1
시경집전(상),2548,5889,樂只君子여 民之父母로다,6bea30f6c67b581b,로다,True,로다,Level1
시경집전(상),2549,5890,樂只君子여 德音不已로다,c7d7b9750d2be3c5,로다,True,로다,Level1
시경집전(상),2551,5893,南山有栲요 北山有杻로다,38921816295e0def,로다,False,로다,Level1
시경집전(상),2591,5981,其桐其椅여 其實離離로다,d466c565fe744eaf,로다,True,로다,Level1
시경집전(상),2592,5982,豈弟君子여 莫不令儀로다,98f283d287e4316b,로다,True,로다,Level1
시경집전(상),2594,5989,前兩章은 言厭厭夜飮하고 後兩章은 言令德令儀하니 雖過三爵이나 亦可謂不繼以淫矣로다,0663ba2438c89b51,로다,True,로다,Level1
시경집전(상),2612,6029,菁菁者莪여 在彼中阿로다,a7ecd57a01e6a32c,로다,True,로다,Level1
시경집전(상),2613,6030,旣見君子호니 樂且有儀로다,f105fb51f7c48904,로다,True,로다,Level1
시경집전(상),2616,6039,菁菁者莪여 在彼中沚로다,c9278f2cfe62bc0a,로다,True,로다,Level1
시경집전(상),2617,6040,旣見君子호니 我心則喜로다,bc396880a42dfbb8,로다,True,로다,Level1
시경집전(상),2619,6044,菁菁者我여 在彼中陵이로다,2be4fd698838d224,로다,True,로다,Level1
시경집전(상),2620,6045,旣見君子호니 錫我百朋이로다,1b51574babcc3839,로다,True,로다,Level1
시경집전(상),2622,6050,汎汎楊舟여 載沈載浮로다,8661ed001fddceb8,로다,True,로다,Level1
시경집전(상),2623,6051,旣見君子호니 我心則休로다,e32a585b62d5a8a3,로다,True,로다,Level1
시경집전(상),2632,6074,比物四驪여 閑之維則이로다,52aa3ed4c0d681a6,로다,False,로다,Level1
시경집전(상),2638,6089,四牡脩廣하니 其大有顒이로다,08223a951a4725e3,로다,True,로다,Level1
시경집전(상),2639,6090,薄伐玁狁하여 以奏膚公이로다,5f1ea2a3eca1a768,로다,True,로다,Level1
시경집전(상),2641,6092,共武之服하여 以定王國이로다,a5fa423fad1ce462,로다,True,로다,Level1
시경집전(상),2646,6102,元戎十乘로 以先啓行이로다,45096c9a55a1491c,로다,True,로다,Level1
시경집전(상),2650,6120,四牡旣佶하니 旣佶且閑이로다,cb27dcb6c861a379,로다,True,로다,Level1
시경집전(상),2652,6122,文武吉甫여 萬邦爲憲이로다,4e6e7c00252432f8,로다,True,로다,Level1
시경집전(상),2654,6133,吉甫燕喜하니 旣多受祉로다,2880bd5f84622f00,로다,True,로다,Level1
시경집전(상),2655,6134,來歸自鎬하니 我行永久로다,ab54e504e52c3b6f,로다,False,로다,Level1
춘추좌씨전6,90,299,子産於是乎知禮로다,6999690a2fed255d,로다,True,로다,Level1
춘추좌씨전6,91,304,必亡이로다,e57cdb9c32d79438,로다,False,로다,Level1
춘추좌씨전6,94,313,投壺에 晉侯先한대 穆子曰 有酒如淮하고 有肉如坻로다,cf04505e77fb086c,로다,True,로다,Level1
춘추좌씨전6,94,315,齊侯擧矢曰 有酒如澠하고 有肉如陵이로다,a9c71b5e149365b2,로다,True,로다,Level1
춘추좌씨전6,94,317,伯瑕謂穆子曰 子失辭로다,2ec133166148bff7,로다,True,로다,Level1
춘추좌씨전6,102,347,南蒯之將叛也에 其鄕人或知之하고 過之而歎하며 且言曰 恤恤乎湫乎攸乎로다,b86adf80135c9027,로다,True,로다,Level1
춘추좌씨전6,102,348,深思而淺謀하고 邇身而遠志하고 家臣而君圖하는 有人矣哉로다,b77992f461b023b2,로다,False,로다,Level1
춘추좌씨전6,105,393,式昭德音이로다,0cd109f72171ba47,로다,True,로다,Level1
춘추좌씨전6,105,394,思我王度하니 式如玉하고 式如金이로다,a3b596a430fdd21e,로다,True,로다,Level1
춘추좌씨전6,139,574,子産歸할새 未至에 聞子皮卒하고 哭且曰 吾已로다,49857131f45af8b9,로다,True,로다,Level1
춘추좌씨전6,140,577,仲尼謂子産하사대 於是行也에 足以爲國基矣로다,c9b3598d058dd9b7,로다,True,로다,Level1
춘추좌씨전6,146,601,合諸侯而執其老로다,10af395a27797bb7,로다,False,로다,Level1
춘추좌씨전6,160,651,治國制刑에 不隱於親이로다,e6a457449ecc8822,로다,True,로다,Level1
춘추좌씨전6,160,652,三數叔魚之惡하야 不爲末減하니 曰義也夫ᄂ저 可謂直矣로다,57345e99ed17996d,로다,True,로다,Level1
춘추좌씨전6,160,656,三言而除三惡하고 加三利로다,a7c16f74cdef2998,로다,True,로다,Level1
춘추좌씨전6,173,721,數典而忘其祖로다,05d21b2f49ca6e8a,로다,False,로다,Level1
춘추좌씨전6,189,794,吾有望矣로다,7d06b0ce776d055f,로다,False,로다,Level1
춘추좌씨전6,201,834,不君君矣로다,44c833e1e8b3c8e9,로다,False,로다,Level1
춘추좌씨전6,203,848,吾聞之컨대 天子失官이로되 學在四夷라하니 猶信이로다,c7d09245985e20fb,로다,False,로다,Level1
춘추좌씨전6,280,1282,王曰 而告我也後로다,57fd66891a5fd88c,로다,False,로다,Level1
춘추좌씨전6,399,1796,我不能矣어니와 吾今而後에 知禮之可以爲國也로다,31a4a95b45da58f4,로다,False,로다,Level1
춘추좌씨전7,13,39,無極謂令尹曰 吾幾禍子로다,490372c94a9dddc2,로다,False,로다,Level1
춘추좌씨전7,30,149,賈大夫曰 才之不可以已로다,c210af7de7f3b347,로다,False,로다,Level1
춘추좌씨전7,31,154,仲尼聞魏子之擧也하고 以爲義曰 近不失親하고 遠不失擧하니 可謂義矣로다,0c9ede7dabcab32b,로다,False,로다,Level1
춘추좌씨전7,46,220,失其度矣로다,c101c4e917e5a708,로다,False,로다,Level1
춘추좌씨전7,46,227,中行寅爲下卿而干上令하고 擅作刑器하야 以爲國法하니 是法姦也어늘 又加范氏焉하야 易之亡也로다,f71f6015c7b471f6,로다,True,로다,Level1
춘추좌씨전7,160,627,司馬曰 我實失子로다,636758863ba55480,로다,True,로다,Level1
춘추좌씨전7,248,879,子然於是不忠이로다,34715efdbbd59c36,로다,False,로다,Level1
춘추좌씨전7,248,886,子然無以勸能矣로다,29106c518d66ed7c,로다,True,로다,Level1
춘추좌씨전7,314,1091,君旣許我矣니 其若之何오 史鰌曰 無害로다,fd3f7499b84d3e59,로다,False,로다,Level1
춘추좌씨전7,338,1149,大子告人曰 戲陽速禍余라하니 戲陽速告人曰 大子則禍余로다,ecc0f1682cc44b60,로다,False,로다,Level1
춘추좌씨전7,411,1371,趙孟曰 國無小로다,b96ca410cbf71a6f,로다,False,로다,Level1
춘추좌씨전7,466,1503,秋七月에 楚子在城父하야 將救陳할새 卜戰하니 不吉하고 卜退하니 不吉이어늘 王曰 然則死也로다,eee9d81355a9f911,로다,False,로다,Level1
춘추좌씨전7,500,1640,必使能이니 國未可望也로다,1829fe212424234f,로다,False,로다,Level1
춘추좌씨전7,571,1866,執焉而又說其言하니 從之固矣로다,d3d32fb253b5c698,로다,False,로다,Level1
춘추좌씨전7,591,1921,吳申叔儀乞糧於公孫有山氏曰 佩玉繠兮나 余無所繫之오 旨酒一盛兮나 余與褐之父睨之로다,fa2a8a3f1bef4c74,로다,True,로다,Level1
춘추좌씨전8,42,126,吾不早聞命이로다,5b66641da1ee6255,로다,True,로다,Level1
춘추좌씨전8,46,144,及門하니 公孫敢門焉이라가 曰 無入爲也하라 季子曰 是公孫也로다,1330082d22faecd7,로다,False,로다,Level1
춘추좌씨전8,53,166,旻天不弔하야 不憖遺一老하야 俾屛余一人以在位하니 煢煢余在疚로다,cfc9a341f05d7839,로다,True,로다,Level1
춘추좌씨전8,53,168,無自律이로다,a13905a401bb8b93,로다,True,로다,Level1
시경집전(상),2553,5895,樂只君子여 德音是茂로다,f1a993048592a6ff,로다,True,로다,Level1
시경집전(상),2555,5900,南山有枸요 北山有楰로다,4b9f516dae793d02,로다,False,로다,Level1
시경집전(상),2557,5902,樂只君子여 保艾爾後로다,03a9860bbbf9389c,로다,True,로다,Level1
시경집전(상),2563,5913,蓼彼蕭斯에 零露湑兮로다,dab11cf88661de4a,로다,True,로다,Level1
시경집전(상),2564,5914,旣見君子호니 我心寫(瀉)［叶想羽反］兮로다,14c63a492df451ea,로다,True,로다,Level1
시경집전(상),2565,5915,燕笑語兮하니 是以有譽處兮로다,bbe031602713363c,로다,True,로다,Level1
시경집전(상),2568,5929,蓼彼蕭斯에 零露瀼瀼이로다,a9e0157fd0696319,로다,True,로다,Level1
시경집전(상),2569,5930,旣見君子호니 爲龍爲光이로다,972d63d78c2f82d9,로다,True,로다,Level1
시경집전(상),2570,5931,其德不爽하니 壽考不忘이로다,fba8f71a0e915427,로다,True,로다,Level1
시경집전(상),2572,5937,蓼彼蕭斯에 零露泥泥로다,d7d4415668ef1d30,로다,True,로다,Level1
시경집전(상),2573,5938,旣見君子호니 孔燕豈弟로다,093e2fad12ecf8fa,로다,True,로다,Level1
시경집전(상),2574,5939,宜兄宜弟라 令德壽豈로다,52023af85ca5aeab,로다,False,로다,Level1
시경집전(상),2576,5947,蓼彼蕭斯에 零露濃濃이로다,7c0cee114c3a2676,로다,True,로다,Level1
시경집전(상),2578,5949,和鸞雝雝하니 萬福攸同이로다,b0be4fc2c9551ea3,로다,True,로다,Level1
시경집전(상),2581,5959,湛湛露斯여 匪陽不晞로다,ad92a3583e2928c2,로다,True,로다,Level1
시경집전(상),2582,5960,厭厭夜飮이여 不醉無歸로다,5efb0d07e54c0a9d,로다,True,로다,Level1
시경집전(상),2585,5969,湛湛露斯여 在彼豊草로다,8161e2e147dd9b2d,로다,True,로다,Level1
시경집전(상),2586,5970,厭厭夜飮이여 在宗載考로다,eae34de8eb5d0652,로다,False,로다,Level1
시경집전(상),2588,5975,湛湛露斯여 在彼杞棘이로다,5cf091b7bf9cbc7d,로다,True,로다,Level1
시경집전(상),2589,5976,顯允君子여 莫不令德이로다,e4d307a1e4d347bb,로다,True,로다,Level1
시경집전(상),2656,6135,飮御諸友하니 炰鼈膾鯉로다,4d24cea99392f7ef,로다,True,로다,Level1
시경집전(상),2657,6136,侯誰在矣오 張仲孝友로다,8f1c6281be30b2a8,로다,True,로다,Level1
시경집전(상),2661,6148,薄言采芑을 于彼新田이며 于此菑畝로다,98168e4e4fec0ed7,로다,True,로다,Level1
시경집전(상),2662,6149,方叔涖止하니 其車三千이로소니 師干之試로다,6678c201ffe9b5d1,로다,True,로다,Level1
시경집전(상),2664,6151,路車有奭이로소니 簟笰魚服이며 鉤膺鞗革이로다,8de1db73b79eb2d8,로다,True,로다,Level1
시경집전(상),2667,6171,薄言采芑를 于彼新田이며 于此中鄕이로다,5646e502a60ac6fa,로다,True,로다,Level1
시경집전(상),2668,6172,方叔涖止하니 其車三千이로소니 旂旐央央이로다,0d6a1fc9c2239b62,로다,True,로다,Level1
시경집전(상),2669,6173,方叔率止하니 約軝錯衡이며 八鸞瑲瑲이로다,b50080c5c01e07b9,로다,True,로다,Level1
시경집전(상),2670,6174,服其命服하니 朱芾斯皇이며 有瑲蔥珩이로다,56052cf8fe3e10e6,로다,True,로다,Level1
시경집전(상),2672,6189,鴥彼飛隼이여 其飛戾天이며 亦集爰止로다,2a641a93b5d80fec,로다,True,로다,Level1
시경집전(상),2673,6190,方叔涖止하니 其車三千이로소니 師干之試로다,6678c201ffe9b5d1,로다,True,로다,Level1
시경집전(상),2674,6191,方叔率止하니 鉦人伐鼓어늘 陳師鞠旅로다,4a68bd078d456b37,로다,True,로다,Level1
시경집전(상),2675,6192,顯允方叔이여 伐鼓淵淵이며 振旅闐闐이로다,9567eff81fef8fc1,로다,True,로다,Level1
시경집전(상),2678,6210,蠢爾蠻荊이 大邦爲讐로다,59f79ea5291e6a05,로다,False,로다,Level1
시경집전(상),2679,6211,方叔元老나 克壯其猶로다,7f00b8a4a2faa311,로다,True,로다,Level1
시경집전(상),2680,6212,方叔率止하니 執訊獲醜로다,7de8cb8d44e6a517,로다,True,로다,Level1
시경집전(상),2681,6213,戎車嘽嘽하니 嘽嘽焞焞하여 如霆如雷로다,8e73ea97ea120b22,로다,True,로다,Level1
시경집전(상),2682,6214,顯允方叔이여 征伐玁狁하니 蠻荊來威로다,ee76d40c025189ee,로다,True,로다,Level1
시경집전(상),2686,6226,四牡龐龐하니 駕言徂東이로다,4c78710876dc9acb,로다,True,로다,Level1
시경집전(상),2689,6237,田車旣好하니 四牡孔阜로다,091758cfebd1fd3f,로다,True,로다,Level1
논어집주,794,2819,雖欲從之나 末由也已로다,c247b96b4f8392d8,로다,True,로다,Level1
논어집주,800,2853,人而欺天은 莫大之罪어늘 引以自咎하시니 其責子路深矣로다,12e3c4383e55e9ab,로다,True,로다,Level1
논어집주,815,2897,不舍晝夜로다,aa3c32b3bf35a781,로다,True,로다,Level1
논어집주,853,3029,偏其反而로다,847270120b4ee331,로다,False,로다,Level1
논어집주,1002,3352,從我於陳蔡者皆不及門也로다,f47debc63ba9f74e,로다,True,로다,Level1
논어집주,1007,3363,回也는 非助我者也로다,3e061d91d9280159,로다,True,로다,Level1
논어집주,1010,3375,人不間於其父母昆弟之言이로다,2137c46e8a251c54,로다,False,로다,Level1
논어집주,1042,3449,若由也는 不得其死然이로다,393bf1037a26e679,로다,False,로다,Level1
논어집주,1091,3590,吾以子爲異之問이러니 曾由與求之問이로다,9f21ee3537913794,로다,True,로다,Level1
논어집주,1101,3607,故로 曰 弑父與君은 亦不從也라하시니 其庶乎二子可免矣로다,e43593cbe27ff1f1,로다,False,로다,Level1
논어집주,1104,3611,賊夫人之子로다,30fb141d6d97a091,로다,True,로다,Level1
논어집주,1155,3846,人皆有兄弟어늘 我獨亡로다,022c80b9472527ef,로다,True,로다,Level1
논어집주,1176,3902,夫子之說이 君子也나 駟不及舌이로다,3f2c0b1ef282e3ff,로다,False,로다,Level1
논어집주,1179,3909,夫棘子成은 矯當時之弊에 固失之過요 而子貢은 矯子成之弊에 又無本末輕重之差하니 胥失之矣로다,47556c9f1d19e702,로다,False,로다,Level1
논어집주,1223,4023,孔子以不欲啓之하시니 其旨深矣로다,047d83f700beb2ea,로다,False,로다,Level1
논어집주,1301,4233,魯衛之政이 兄弟也로다,82d25b0d3ccc61d8,로다,False,로다,Level1
논어집주,1303,4237,善居室이로다,e9df1e709cbe664a,로다,False,로다,Level1
논어집주,1319,4279,漢自高惠로 至於文景에 黎民醇厚하여 幾致刑措하니 庶乎其近之矣로다,d84aa6f02422b9b7,로다,False,로다,Level1
논어집주,1325,4298,其事也로다,bcbba9771b6997d6,로다,False,로다,Level1
논어집주,1326,4310,"其所以正名分, 抑季氏하여 而敎冉有之意가 深矣로다",25a8275182e01319,로다,False,로다,Level1
시경집전(하),29,67,生芻一束이로서니 其人如玉이로다,255af7a79f87bee4,로다,True,로다,Level1
시경집전(하),64,128,秩秩斯干이요 幽幽南山이로다,0cd4a0d744d88792,로다,True,로다,Level1
시경집전(하),65,129,如竹苞矣요 如松茂矣로다,e12236be4dc466fa,로다,True,로다,Level1
시경집전(하),66,130,兄及弟矣 式相好矣요 無相猶矣로다,1fa2f26b9b0335e5,로다,False,로다,Level1
시경집전(하),70,148,爰居爰處며 爰笑爰語로다,b5d4243c93117520,로다,True,로다,Level1
시경집전(하),73,156,風雨攸除며 鳥鼠攸去로소니 君子攸芋로다,002d22315ef9cced,로다,True,로다,Level1
시경집전(하),76,164,如鳥斯革하며 如翬斯飛로소니 君子攸躋로다,6311cbb73316e5cd,로다,True,로다,Level1
시경집전(하),80,172,噲噲其正이며 噦噦其冥이로소니 君子攸寧이로다,4d04e4e775ecc619,로다,True,로다,Level1
시경집전(하),82,180,下莞上簟이로소니 乃安斯寢이로다,ad2f35eec0c3cab8,로다,True,로다,Level1
시경집전(하),84,182,吉夢維何오 維熊維羆과 維虺維蛇로다,33cd6873069c15d6,로다,True,로다,Level1
시경집전(하),89,191,維虺維蛇는 女子之祥이로다,67ca3734f12dc656,로다,True,로다,Level1
시경집전(하),94,205,其泣喤喤이로소니 朱芾斯皇하여 室家君王이로다,9979c10bcb059e07,로다,True,로다,Level1
시경집전(하),99,216,無非無儀라 唯酒食是議하여 無父母詒罹로다,9fcc306e36ca885b,로다,False,로다,Level1
시경집전(하),104,231,誰謂爾無羊이리오 三百維群이로다,a7ab761ab24c452b,로다,False,로다,Level1
시경집전(하),105,232,誰謂爾無牛리오 九十其犉이로다,81bd61ae2fa779bd,로다,False,로다,Level1
시경집전(하),106,233,爾羊來思하니 其角濈濈이로다,534e34724e124430,로다,True,로다,Level1
시경집전(하),107,234,爾牛來思하니 其耳濕濕이로다,5529b29a2035f4ce,로다,True,로다,Level1
시경집전(하),110,243,或降于阿하며 或飮于池하며 或寢或訛로다,d63e091ec16c4577,로다,False,로다,Level1
시경집전(하),112,245,三十維物이라 爾牲則具로다,6ee5c7a3764c1978,로다,False,로다,Level1
시경집전(하),115,252,爾牧來思하니 以薪以蒸이며 以雌以雄이로다,808c35812a592738,로다,False,로다,Level1
논어집주,445,1603,雍也는 可使南面이로다,53d029ccc456d906,로다,True,로다,Level1
논어집주,453,1627,仲弓이 因言內主於敬而簡이면 則爲要直이요 內存乎簡而簡이면 則爲疏略이라하니 可謂得其旨矣로다,5ae4be6db9c4df89,로다,True,로다,Level1
논어집주,456,1664,今人은 乃謂聖本生知요 非學可至라하여 而所以爲學者不過記誦文辭之間하니 其亦異乎顔子之學矣로다,dc42cf731880d3fa,로다,True,로다,Level1
논어집주,484,1788,力不足者는 中道而廢하나니 今女畫이로다,abc5b368bed20a6a,로다,True,로다,Level1
논어집주,493,1820,孟之反은 不伐이로다,2fa2a56c830e3304,로다,True,로다,Level1
논어집주,495,1832,然이나 不知學者는 欲上人之心이 無時而忘也니 若孟之反은 可以爲法矣로다,e980a30fcba8b567,로다,True,로다,Level1
논어집주,551,2046,吾不復夢見周公이로다,f53c69fcd5375268,로다,True,로다,Level1
논어집주,628,2264,故로 章末에 申言有恒之義하시니 其示人入德之門이 可謂深切而著明矣로다,e931efb87f203f5a,로다,True,로다,Level1
논어집주,646,2318,丘也幸이로다,a0b079d0fe8416eb,로다,False,로다,Level1
논어집주,648,2326,然이나 其受以爲過也에 亦不正言其所以過하여 初若不知孟子之事者하시니 可以爲萬世之法矣로다,37296c6f34ec96ac,로다,True,로다,Level1
논어집주,656,2352,公西華仰而歎之하니 其亦深知夫子之意矣로다,06eea2f0449e6900,로다,True,로다,Level1
논어집주,668,2390,泰伯은 其可謂至德也已矣로다,dd1672e1186c5bc2,로다,True,로다,Level1
논어집주,677,2430,語畢而又呼之하여 以致反復丁寧之意하시니 其警之也深矣로다,3a421211d0cfc18b,로다,True,로다,Level1
논어집주,733,2608,巍巍乎唯天爲大어시늘 唯堯則之하시니 蕩蕩乎民無能名焉이로다,26d975167a987aea,로다,True,로다,Level1
논어집주,744,2647,三分天下에 有其二하사 以服事殷하시니 周之德은 其可謂至德也已矣로다,c06f468c6fe72a33,로다,True,로다,Level1
논어집주,745,2653,孔子因武王之言하여 而及文王之德하고 且與泰伯으로 皆以至德稱之하시니 其指微矣로다,513af92637d9dd46,로다,True,로다,Level1
논어집주,746,2657,禹는 吾無間然矣로다,cb41a271ebc4d1a8,로다,True,로다,Level1
논어집주,746,2659,禹는 吾無間然矣로다,44e0912d0fafb66d,로다,True,로다,Level1
논어집주,752,2677,博學而無所成名이로다,a9f3cc8405947656,로다,False,로다,Level1
논어집주,789,2805,仰之彌高하며 鑽之彌堅하며 瞻之在前이러니 忽焉在後로다,1977fcce3d6696c4,로다,True,로다,Level1
시경집전(상),2743,6365,爰及矜人하니 哀此鰥寡로다,536b7505bdc900b8,로다,True,로다,Level1
시경집전(상),2745,6376,追敍其始而言曰 鴻鴈于飛하니 則肅肅其羽矣요 之子于征하니 則劬勞于野矣로다,8e8fc820fc160eb1,로다,True,로다,Level1
시경집전(상),2746,6379,鴻鴈于飛하니 集于中澤이로다,2aebace8eeec59be,로다,True,로다,Level1
시경집전(상),2747,6380,之子于垣하니 百堵皆作이로다,9e9b495c5714582b,로다,True,로다,Level1
시경집전(상),2748,6381,雖則劬勞나 其究安宅이로다,9818b9025ac6ef24,로다,True,로다,Level1
시경집전(상),2751,6387,鴻鴈于飛하니 哀鳴嗸嗸로다,2f86f98bbdf84ec3,로다,True,로다,Level1
시경집전(상),2756,6397,夜如何其오 夜未央이나 庭燎之光이로다,b8b34756c5b9c587,로다,True,로다,Level1
시경집전(상),2757,6398,君子至止하니 鸞聲將將이로다,15ea870061149db1,로다,True,로다,Level1
시경집전(상),2760,6407,夜如何其오 夜未艾나 庭燎晣晣로다,90c3ebe7c239a98e,로다,True,로다,Level1
시경집전(상),2761,6408,君子至止하니 鸞聲噦噦로다,8f0eec9ac6220689,로다,True,로다,Level1
시경집전(상),2763,6413,夜如何其오 夜鄕晨이라 庭燎有煇이로다,db4056137342a376,로다,True,로다,Level1
시경집전(상),2764,6414,君子至止하니 言觀其旂로다,43e69a4f2a05093f,로다,True,로다,Level1
시경집전(상),2767,6420,沔彼流水여 朝宗于海로다,9747b4dbb97338a5,로다,True,로다,Level1
시경집전(상),2768,6421,鴥彼飛隼이여 載飛載止로다,350986cdfd236cee,로다,True,로다,Level1
시경집전(상),2773,6430,沔彼流水여 其流湯湯이로다,4f1aed49cbe75da9,로다,True,로다,Level1
시경집전(상),2774,6431,鴥彼飛隼이여 載飛載揚이로다,f31600a3be74247d,로다,True,로다,Level1
시경집전(상),2776,6433,心之憂矣여 不可弭忘이로다,e1a2846b60af2df7,로다,True,로다,Level1
시경집전(상),2778,6440,鴥彼飛隼이여 率彼中陵이로다,0188e4943fd35931,로다,True,로다,Level1
시경집전(상),2791,6463,鶴鳴于九皐어든 聲聞于天이로다,b5f95119c765728e,로다,True,로다,Level1
시경집전(하),8,17,祈父여 亶不聰이로다,82244d36433546e5,로다,True,로다,Level1
시경집전(하),237,524,潛雖伏矣나 亦孔之炤이로다,bacfb59a2b2951b9,로다,True,로다,Level1
시경집전(하),247,540,民人之無祿은 天夭是椓이로다,641ef3a4ba208c29,로다,False,로다,Level1
시경집전(하),248,541,哿矣富人이어니와 哀此惸獨이로다,4711f43a08a289a1,로다,False,로다,Level1
시경집전(하),253,550,日有食之하니 亦孔之醜로다,5292b90720f8ef1d,로다,False,로다,Level1
시경집전(하),255,552,今此下民이 亦孔之哀로다,d5242572fd301312,로다,True,로다,Level1
시경집전(하),259,572,四國無政하여 不用其良이로다,9821a2148924281c,로다,False,로다,Level1
시경집전(하),264,581,爗爗震電이 不寧不令이로다,44af15b9d2d279b4,로다,False,로다,Level1
시경집전(하),273,602,楀維師氏어늘 豔妻煽方處로다,55970730a6453d1a,로다,False,로다,Level1
시경집전(하),285,630,擇有車馬하여 以居徂向이로다,8a11b4182ae96ef6,로다,False,로다,Level1
시경집전(하),289,643,無罪無辜어늘 讒口囂囂로다,59d0bb14754103cb,로다,False,로다,Level1
시경집전(하),294,653,悠悠我里여 亦孔之痗로다,6c2e07aa5be67bdc,로다,False,로다,Level1
시경집전(하),303,665,旻天疾威라 弗慮弗圖로다,4d2fd9f4d87043f3,로다,False,로다,Level1
시경집전(하),312,682,庶曰式臧이어늘 覆出爲惡이로다,a5226ad0620a9992,로다,False,로다,Level1
시경집전(하),316,696,如彼行邁 則靡所臻이로다,16dfd2b4d4ca1f7c,로다,False,로다,Level1
시경집전(하),329,723,巧言如流하여 俾躬處休로다,7eb8ecae853ab1bc,로다,True,로다,Level1
시경집전(하),332,731,維曰于仕나 孔棘且殆로다,6b119265f360e5f1,로다,False,로다,Level1
시경집전(하),334,733,亦云可使는 怨及朋友로다,1fd0a965e725b1e5,로다,False,로다,Level1
시경집전(하),347,765,我視謀猶한대 亦孔之卭이로다,629779c3e15a06f0,로다,False,로다,Level1
시경집전(하),350,772,潝潝訿訿하나니 亦孔之哀로다,595b3b1f5c5cb0b6,로다,False,로다,Level1
시경집전(하),357,781,謀夫孔多라 是用不集이로다,3e6b331bb84e61a0,로다,False,로다,Level1
시경집전(상),2690,6238,東有甫草어늘 駕言行狩로다,189f301e7ba6c8d4,로다,False,로다,Level1
시경집전(상),2693,6247,之子于苗하니 選徒囂囂로다,236a48ddb765a4f0,로다,True,로다,Level1
시경집전(상),2694,6248,建旐說旄하여 搏獸于敖로다,b3cdd527e30d5e18,로다,True,로다,Level1
시경집전(상),2697,6257,駕彼四牡하니 四牡奕奕이로다,7593d24201fd0f63,로다,True,로다,Level1
시경집전(상),2698,6258,赤芾金舃으로 會同有繹이로다,ee6d26f888463716,로다,True,로다,Level1
시경집전(상),2702,6266,射夫旣同하여 助我擧柴로다,75b1bc3cc3f5b936,로다,False,로다,Level1
시경집전(상),2705,6278,四黃旣駕하니 兩驂不猗로다,9a2145677e2af635,로다,True,로다,Level1
시경집전(상),2706,6279,不失其馳어늘 舍矢如破로다,33671b52d18c8ecc,로다,True,로다,Level1
시경집전(상),2707,6285,不善射御者는 詭遇則獲이요 不然이면 不能也어늘 今御者不失其馳驅之法하고 而射者舍矢如破하니 則可謂善射御矣로다,70dce77753e65d6e,로다,True,로다,Level1
시경집전(상),2709,6287,蕭蕭馬鳴이며 悠悠旆旌이로다,0fc3f836162e37df,로다,True,로다,Level1
시경집전(상),2710,6288,徒御不驚이며 大庖不盈이로다,cc61409a60ac1c0a,로다,False,로다,Level1
시경집전(상),2713,6305,之子于征하니 有聞無聲이로다,bb863219b5d0bfbf,로다,True,로다,Level1
시경집전(상),2714,6306,允矣君子여 展也大成이로다,e13c39e077735b2e,로다,True,로다,Level1
시경집전(상),2721,6317,升彼大阜하여 從其羣醜로다,9bf8f53ae0709f0c,로다,False,로다,Level1
시경집전(상),2726,6328,漆沮之從이여 天子之所로다,88780b87e8008893,로다,True,로다,Level1
시경집전(상),2729,6338,瞻彼中原호니 其祁孔有로다,325f407bfb85ee47,로다,False,로다,Level1
시경집전(상),2731,6340,悉率左右하여 以燕天子로다,913eb5c4044575cb,로다,True,로다,Level1
시경집전(상),2736,6349,以御賓客하고 且以酌醴로다,97cb5d91757877be,로다,False,로다,Level1
시경집전(상),2741,6363,鴻鴈于飛하니 肅肅其羽로다,f17017f0e76cb464,로다,True,로다,Level1
시경집전(상),2742,6364,之子于征하니 劬勞于野로다,8ec957381fcdea69,로다,False,로다,Level1
논어집주,1451,4716,曰 可以爲文矣로다,73c4bee08fad094a,로다,False,로다,Level1
논어집주,1470,4758,故로 沮其謀而夫子復以此應之하시니 其所以警之者深矣로다,1037758cf3805668,로다,False,로다,Level1
논어집주,1477,4780,古之學者는 爲己러니 今之學者는 爲人이로다,4548089993617c69,로다,False,로다,Level1
논어집주,1536,4921,作者七人矣로다,a39ea5d1d7a2b1ba,로다,False,로다,Level1
논어집주,1591,5087,邦有道에 如矢하며 邦無道에 如矢로다,40a6cf7d6d624200,로다,True,로다,Level1
논어집주,1593,5095,邦有道則仕하고 邦無道則可卷而懷之로다,9be106bcabeffbe6,로다,True,로다,Level1
논어집주,1620,5180,知柳下惠之賢而不與立也로다,f5f14653bafb63fd,로다,True,로다,Level1
논어집주,1710,5407,且爾言이 過矣로다,1f9ea7c12d6a8062,로다,True,로다,Level1
논어집주,1860,5777,古者에 民有三疾이러니 今也에는 或是之亡也로다,fe8d9ea0e248b733,로다,True,로다,Level1
논어집주,1862,5781,古之狂也는 肆러니 今之狂也는 蕩이요 古之矜也는 廉이러니 今之矜也는 忿戾요 古之愚也는 直이러니 今之愚也는 詐而已矣로다,22064e725719dd01,로다,True,로다,Level1
논어집주,1876,5822,四時行焉하며 百物生焉이라하시니 則可謂至明白矣로다,f4a95d13536a7bfc,로다,False,로다,Level1
논어집주,1938,6012,欲潔其身而亂大倫이로다,06c44124c033569b,로다,False,로다,Level1
논어집주,1974,6126,異乎吾所聞이로다,cba9471fc8a10ddd,로다,False,로다,Level1
논어집주,1999,6201,言游過矣로다,24eeb3fc7d9b4e9e,로다,False,로다,Level1
논어집주,2008,6246,難與並爲仁矣로다,06b811ea44c15d1c,로다,False,로다,Level1
논어집주,2033,6307,多見其不知量也로다,9b5f492a672b14f1,로다,False,로다,Level1
당송팔대가문초구양수1,345,1881,古不虛語를 於今見焉이로다,25595a73ca3888e7,로다,False,로다,Level1
당송팔대가문초구양수2,466,1846,可謂盛矣로다,3aeb647bb4776dd4,로다,True,로다,Level1
당송팔대가문초구양수2,478,1895,於此에 見春秋之意也로다,bf355c5db81615ec,로다,False,로다,Level1
당송팔대가문초구양수2,494,1967,五代本紀備矣로다,2d3cc148d74d694d,로다,False,로다,Level1
시경집전(하),116,253,爾羊來思하니 矜矜兢兢하며 不騫不崩이로다,542a79165bb6ec4a,로다,False,로다,Level1
시경집전(하),117,254,麾之以肱하니 畢來旣升이로다,e138668f369716ee,로다,True,로다,Level1
시경집전(하),122,266,旐維旟矣는 室家溱溱이로다,c475342beea5e2ce,로다,True,로다,Level1
시경집전(하),125,275,節彼南山이여 維石巖巖이로다,7a0fdbede3baa86c,로다,True,로다,Level1
시경집전(하),126,276,赫赫師尹이여 民具爾瞻이로다,731a9b60cf65cd1b,로다,True,로다,Level1
시경집전(하),131,288,節彼南山이여 有實其猗로다,21fcba1581499404,로다,True,로다,Level1
시경집전(하),162,347,我瞻四方하니 蹙蹙靡所聘이로다,a9e3ddf1ae5d2fb2,로다,True,로다,Level1
시경집전(하),166,356,旣夷旣懌하여는 如相醻矣로다,42e33db39db973aa,로다,False,로다,Level1
시경집전(하),179,389,民之訛言이 亦孔之將이로다,8389647e2924dc61,로다,False,로다,Level1
시경집전(하),185,402,不自我先이며 不自我後로다,73ea5c5f3e49cffe,로다,False,로다,Level1
시경집전(하),191,412,民之無辜 幷其臣僕이로다,f0a2296d1f3496a0,로다,False,로다,Level1
시경집전(하),196,422,瞻彼中林한대 侯薪侯蒸이로다,b1fb7654dad33564,로다,False,로다,Level1
시경집전(하),197,423,民今方殆어늘 視天夢夢이로다,8698aad5c00b1f14,로다,True,로다,Level1
시경집전(하),203,438,民之訛言을 寧莫之懲이로다,3ec8beaf8dfc3614,로다,False,로다,Level1
시경집전(하),215,469,天之扤我여 如不我克이로다,0651f75106fcc0a7,로다,True,로다,Level1
시경집전(하),220,480,心之憂矣여 如或結之로다,b973374885549e73,로다,True,로다,Level1
시경집전(하),223,483,赫赫宗周를 褒姒威之로다,d4d551cbaaa9f7b0,로다,True,로다,Level1
시경집전(하),226,498,終其永懷하니 又窘陰雨로다,cc51cfcacf59fa78,로다,False,로다,Level1
시경집전(하),228,500,載輸爾載오야 將伯助予로다,fbbe6e326e92a7f7,로다,False,로다,Level1
시경집전(하),236,523,魚在于沼하니 亦匪克樂이로다,4fa4c39f7a68846b,로다,False,로다,Level1
당송팔대가문초구양수2,496,1980,嘗夜讀書에 見唐元稹均田圖하고 慨然嘆曰 此致治之本也로다,89f9e6f3d2968a1e,로다,True,로다,Level1
당송팔대가문초구양수2,535,2104,可爲流涕者矣로다,8366df78e3e9b787,로다,True,로다,Level1
당송팔대가문초구양수2,550,2158,則天下國家可從而知也로다,f91c26e5e1c1ed5a,로다,False,로다,Level1
당송팔대가문초구양수3,5,14,遷遠出孔子之後하야 而乃上述黃帝以來하고 又詳悉其世次하야 其不量力而務勝하니 宜其失之多也로다,5539b6e058cf354e,로다,False,로다,Level1
당송팔대가문초구양수3,7,24,夫孔子所以爲聖人者는 其智知所取捨皆如此로다,263a571e1a03a916,로다,False,로다,Level1
당송팔대가문초구양수3,20,71,因覽遺稿하야 見其所載職官名氏하야 以較其人盛衰先後와 孰在孰亡이면 足以知榮寵爲虛名而資笑談之一噱也요 亦因以誇於田夫野老而已로다,8d839fb70139d63a,로다,True,로다,Level1
당송팔대가문초구양수3,25,85,可謂兼於兩得也로다,39683746bc992193,로다,True,로다,Level1
당송팔대가문초구양수3,26,90,蓋自公薨後三十年에 始克類次而集之爲四十卷하니 公期可謂能世其家者也로다,5e3b078dc4790386,로다,True,로다,Level1
당송팔대가문초구양수3,26,92,公爲有後矣로다,912efecb29d4ba6d,로다,True,로다,Level1
당송팔대가문초구양수3,29,102,公其可無恨이로다,36cc53032d6d3968,로다,False,로다,Level1
당송팔대가문초구양수3,30,109,嗟吾子美는 以一酒食之過로 至廢爲民하야 而流落以死하니 此其可以歎息流涕하고 而爲當世仁人君子之職位宜與國家樂育賢材者 惜也로다,8dbed7e81cb68412,로다,True,로다,Level1
당송팔대가문초구양수3,31,115,獨子美爲於擧世不爲之時에 其始終自守하야 不牽世俗趨舍하니 可謂特立之士也로다,9629f7c11625ac23,로다,False,로다,Level1
당송팔대가문초구양수3,37,134,是則余之有待於後者遠矣라 非汲汲有求於今世也로다,a22f6ec95fa2feb3,로다,False,로다,Level1
당송팔대가문초구양수3,38,137,余乃知不待千歲而有與余同於今世者矣로다,aa5dca1ca15361ec,로다,False,로다,Level1
당송팔대가문초구양수3,44,156,陳留江君鄰幾가 常與聖兪子美遊하고 而又與聖兪로 同時以卒하니 余旣誌而銘之하고 後十有五年에 來守淮西하야 又於其家에 得其文集而序之로다,d433cf252ac6b0fa,로다,False,로다,Level1
당송팔대가문초구양수3,52,187,然則非詩之能窮人이라 殆窮者而後工也로다,5a14efd230c22faf,로다,False,로다,Level1
당송팔대가문초구양수3,58,207,乃知景山出於甌閩數千里之外하야 負其藝於大衆之中하야 一賈而售하야 遂以名知於人者가 繄其母之賢也로다,f7b9f222cf89dc2a,로다,True,로다,Level1
당송팔대가문초구양수3,59,209,然後又知景山之母가 不獨成其子之名이요 而又以其餘遺其女也로다,a69c59cc899d5675,로다,False,로다,Level1
당송팔대가문초구양수3,66,232,然惟儼雖傲乎退偃於一室이나 天下之務와 當世之利病은 與其言에 終日不厭하니 惜其將老也已로다,d7e7c411cae056aa,로다,True,로다,Level1
당송팔대가문초구양수3,81,281,然嘗竊謂仲容之字는 不足以表其所以名之之義로다,48356eab8821a430,로다,False,로다,Level1
당송팔대가문초구양수3,88,310,於是에 又見其志之果也로다,26ed2c76bfbd8108,로다,False,로다,Level1
당송팔대가문초구양수3,89,312,然自子思孟子已下는 意皆輕之하니 使其與游夏로 幷進於孔子之門이면 吾不知其先後也로다,29c24af58ae8be46,로다,False,로다,Level1
당송팔대가문초구양수3,95,340,以此見聖人之戒用剛也에 不獨於其彖象이요 而又嘗深戒於其初로다,27d696ba691c2a6c,로다,False,로다,Level1
당송팔대가문초구양수3,126,430,今君之行也에 予疑夫不能久畜於衡山之阿也로다,ea4eb8b0420f92fa,로다,False,로다,Level1
당송팔대가문초구양수3,128,432,旣重曾鞏文하고 不放口許曾鞏하니 正是名公送秀才文字法家로다,f47404745ee3074c,로다,True,로다,Level1
당송팔대가문초구양수3,129,439,況若曾生之業은 其大者固以魁壘요 其於小者亦可以中尺度어늘 而有司棄之하니 可怪也로다,71844edece678da4,로다,False,로다,Level1
당송팔대가문초구양수3,140,474,然後知孟子之歎이 蓋有激云爾로다,c75ab8e40cf89a45,로다,False,로다,Level1
당송팔대가문초구양수3,142,482,乃知今周易所載는 非孔子文言之全篇也로다,fe3786c1447f58a1,로다,False,로다,Level1
당송팔대가문초구양수3,145,498,(必)［不］然이면 自漢諸儒로 已有此名하니 不知從何而失之也로다,135f13975b3301ae,로다,True,로다,Level1
당송팔대가문초구양수3,148,514,孔子之古經은 亡矣로다,41f4820044d1f5e7,로다,False,로다,Level1
당송팔대가문초구양수3,150,516,公於詩譜補亡하니 非獨見公之潛心六藝之學이요 又可幷見公之不沒鄭氏之善如此로다,96d6f87d83bd4535,로다,False,로다,Level1
당송팔대가문초구양수3,152,528,予疑毛鄭之失이 旣多나 然不敢輕爲改易者는 意其爲說不止於箋傳而已니 恨不得盡見二家之書하야 未能徧通其旨로다,00d9e5b25cfe617c,로다,False,로다,Level1
당송팔대가문초구양수3,168,595,其文字雜以夷夏하야 讀者罕得其眞일새 往往就而正焉하니 鑒聿之書는 非獨有取於吾儒라 亦欲傳於其徒也로다,94c972645940b11d,로다,False,로다,Level1
당송팔대가문초구양수3,171,601,宜其說者之多也로다,4aac18a3f2941699,로다,False,로다,Level1
당송팔대가문초구양수3,206,759,勇力은 人所有나 而能知用其勇者는 少矣니 若懌은 可謂義勇之士로다,157c00672d111130,로다,True,로다,Level1
당송팔대가문초구양수3,207,764,及得桑懌事하야 乃知古之人有然焉하니 遷書不誣也요 知今人固有而但不盡知也로다,e3b89a3029c21f2c,로다,False,로다,Level1
당송팔대가문초구양수3,211,771,吾家藏書一萬卷이요 集錄三代以來金石遺文一千卷이요 有琴一張하며 有碁一局하고 而常置酒一壺로다,9cb049d183566b82,로다,False,로다,Level1
당송팔대가문초구양수3,212,775,而屢易其號하니 此莊生所謂畏影而走乎日中者也로다,0eaa12c4f7e2e77d,로다,False,로다,Level1
당송팔대가문초구양수3,212,786,此吾之所以志也로다,54c1ce17a239f169,로다,True,로다,Level1
당송팔대가문초구양수3,224,835,知一是已로다,35c44c2397d6ea6a,로다,False,로다,Level1
시경집전(하),359,783,如匪行邁謀라 是用不得于道로다,90b271fabc4c120a,로다,False,로다,Level1
시경집전(하),364,792,如彼築室于道謀라 是用不潰于成이로다,eeabc418d1d90969,로다,False,로다,Level1
시경집전(하),373,812,人知其一이요 莫知其他로다,7677b00552250e79,로다,True,로다,Level1
시경집전(하),379,825,宛彼鳴鳩여 翰飛戾天이로다,ec2d63e7f2e2f14d,로다,True,로다,Level1
시경집전(하),385,838,彼昏不知는 壹醉日富로다,f5c8e7ee4b162e3a,로다,False,로다,Level1
시경집전(하),389,851,中原有菽이어늘 庶民采之로다,681f540ca681a6d3,로다,False,로다,Level1
시경집전(하),390,852,螟蛉有子어늘 蜾蠃負之로다,37c20f4302bd19e2,로다,False,로다,Level1
시경집전(하),394,863,題彼脊令한대 載飛載鳴이로다,ea2d000bf7c5aa0d,로다,False,로다,Level1
시경집전(하),399,874,交交桑扈여 率場啄粟이로다,5eb8d7c4d54ca550,로다,True,로다,Level1
시경집전(하),400,875,京我塡寡여 宜岸宜獄이로다,70cddd270bc8c0f3,로다,False,로다,Level1
시경집전(하),410,896,弁彼鸒斯여 歸飛提提로다,399ade8985b4a5b2,로다,False,로다,Level1
시경집전(하),416,912,踧踧周道여 鞠爲茂草로다,5f883563adffada6,로다,False,로다,Level1
시경집전(하),417,913,我心憂傷이여 惄焉如擣로다,1e70d2898223ef5b,로다,True,로다,Level1
시경집전(하),423,927,靡瞻匪父며 靡依匪母로다,f96e5e3b3dcbcfa1,로다,True,로다,Level1
시경집전(하),429,944,有漼者淵에 萑葦淠淠로다,ea523428bfed52b9,로다,False,로다,Level1
시경집전(하),442,970,君子秉心은 維其忍之로다,649dabbe34f005f2,로다,False,로다,Level1
시경집전(하),447,978,君子不惠라 不舒究之로다,2a65f1dcaa608ff1,로다,False,로다,Level1
시경집전(하),449,980,舍彼有罪요 予之佗矣로다,871020925a3d94df,로다,False,로다,Level1
시경집전(하),462,1020,昊天泰憮나 予愼無辜로다,920a8dc9ee2b15ed,로다,True,로다,Level1
시경집전(하),473,1049,盜言孔甘이라 亂是用餤이로다,9e6b6b7b3c30b485,로다,False,로다,Level1
시경집전(하),474,1050,匪其止共이라 維王之卭이로다,69e918a594fce631,로다,False,로다,Level1
시경집전(하),486,1073,巧言如簧은 顔之厚矣로다,e3e13874c9c59f17,로다,False,로다,Level1
시경집전(하),489,1086,彼何人斯오 居河之麋로다,e138f4d4d9d3912c,로다,False,로다,Level1
시경집전(하),490,1087,無拳無勇이나 職爲亂階로다,77a9ec12ab48f19b,로다,True,로다,Level1
시경집전(하),497,1103,彼何人斯오 其心孔艱이로다,fc7806fc00f7862e,로다,False,로다,Level1
시경집전(하),499,1105,伊誰云從고 維暴之云이로다,1c61fe4469607927,로다,False,로다,Level1
시경집전(하),501,1113,其心甚險이로다,3ae3ed3b1991f81b,로다,True,로다,Level1
시경집전(하),512,1134,彼何人斯오 其爲飄風이로다,80ae955b7b5bb972,로다,True,로다,Level1
시경집전(하),514,1136,胡逝我梁고 祗攪我心이로다,bf8c0b92b6493fea,로다,True,로다,Level1
시경집전(하),523,1153,還而不入하니 否難知也로다,506c1857c4dc03dc,로다,True,로다,Level1
시경집전(하),539,1193,萋兮斐兮로 成是貝錦이로다,64da9791c3a8a5ca,로다,False,로다,Level1
시경집전(하),540,1194,彼譖人者여 亦已大甚이로다,578e5ec9d0e084a4,로다,False,로다,Level1
시경집전(하),542,1200,彼爲是者는 亦已大甚矣로다,377743cbd117cca9,로다,False,로다,Level1
시경집전(하),543,1201,哆兮侈兮로 成是南箕로다,a10e4449954dc3d4,로다,True,로다,Level1
시경집전(하),552,1225,驕人好好어늘 勞人草草로다,a1f45afa011fe365,로다,False,로다,Level1
시경집전(하),561,1243,楊園之道여 猗于畝丘로다,a364fefc23832619,로다,False,로다,Level1
시경집전(하),568,1265,習習谷風이며 維風及雨로다,c48f5401fa6d5590,로다,True,로다,Level1
시경집전(하),573,1276,習習谷風이여 維風及頹로다,9fd14b6e8c8c08e3,로다,True,로다,Level1
시경집전(하),575,1278,將安將樂이란 棄予如遺로다,1b181b1acfcbd2b5,로다,True,로다,Level1
시경집전(하),583,1291,蓼蓼者莪러니 匪莪伊蒿로다,6f44b32da903ec2f,로다,True,로다,Level1
시경집전(하),662,1465,冬日烈烈이어늘 飄風發發이로다,0029c4695ff33dec,로다,True,로다,Level1
시경집전(하),666,1472,山有嘉卉하니 侯栗侯梅로다,b3f4265d562d1f0b,로다,True,로다,Level1
시경집전(하),667,1473,廢爲殘賊하니 莫知其尤로다,551da03e292ce4ee,로다,True,로다,Level1
시경집전(하),670,1478,相彼泉水한대 載淸載濁이로다,74afb2ac1ad18660,로다,True,로다,Level1
시경집전(하),682,1499,山有蕨薇어늘 隰有杞桋로다,5f3d769820a379ff,로다,False,로다,Level1
시경집전(하),683,1500,君子作歌하여 維以告哀로다,938ac6c24a26bea4,로다,True,로다,Level1
시경집전(하),697,1524,四牡彭彭하니 王事傍傍이로다,7c5fcb131193ca73,로다,True,로다,Level1
시경집전(하),699,1526,旅力方剛이라 經營四方이로다,1e66b51accdcce40,로다,True,로다,Level1
시경집전(하),703,1534,或息偃在牀이어늘 或不已于行이로다,8e12ec6608e9a281,로다,False,로다,Level1
시경집전(하),707,1540,或栖遲偃仰이어늘 或王事鞅掌이로다,584050ccab1cde15,로다,False,로다,Level1
시경집전(하),710,1545,或出入風議어늘 或靡事不爲로다,3ec38c08c37e9bd5,로다,False,로다,Level1
시경집전(하),727,1572,心之憂矣여 其毒大苦로다,5f785989e97e7097,로다,True,로다,Level1
시경집전(하),734,1587,念我獨兮어늘 我事孔庶로다,991fe205b93ace98,로다,True,로다,Level1
시경집전(하),735,1588,心之憂矣여 憚我不暇로다,cf76d998ca69f37b,로다,True,로다,Level1
시경집전(하),741,1599,曷云其還고 政事愈蹙이로다,3b0e03154e6b6b33,로다,False,로다,Level1
시경집전(하),743,1601,心之憂矣여 自詒伊戚이로다,fc5c7693398fe75a,로다,True,로다,Level1
시경집전(하),759,1629,淑人君子여 懷允不忘이로다,6cec7f35c4ac5a0b,로다,True,로다,Level1
시경집전(하),763,1638,淑人君子여 其德不回로다,4c3eec24fc232ea3,로다,True,로다,Level1
시경집전(하),766,1644,淑人君子여 其德不猶로다,67b27c4c6346ae8e,로다,False,로다,Level1
시경집전(하),769,1653,以雅以南과 以籥이 不僭이로다,7c0a562409affa8d,로다,True,로다,Level1
당송팔대가문초구양수3,226,838,冶女之文이 令人悅眼이요 而最得體處는 在安頓魏國公上하니 以史遷之烟波로 行宋人之格調로다,939698ce5dd9943d,로다,True,로다,Level1
당송팔대가문초구양수3,229,854,故能出入將相하야 勤勞王家而夷險一節하고 至於臨大事決大議하얀 垂紳正笏하야 不動聲色하야 而措天下於泰山之安하니 可謂社稷之臣矣로다,520a2f8c3a417d76,로다,True,로다,Level1
당송팔대가문초구양수3,236,882,蓋錢塘이 兼有天下之美하고 而斯堂者又盡得錢塘之美焉하니 宜乎公之甚愛而難忘也로다,334b088ce447f243,로다,True,로다,Level1
당송팔대가문초구양수3,236,883,梅公은 淸愼好學君子也라 視其所好에 可以知其人焉이로다,38169e1e93346c48,로다,True,로다,Level1
당송팔대가문초구양수3,237,885,如累九層之臺에 一層高一層하니 眞是奇絶이로다,00a288cf4998d362,로다,True,로다,Level1
당송팔대가문초구양수3,251,932,噫라 予方仕宦奔走하니 不知再至城南하야 登此亭이 復幾閏이로다,f6f57d380db6dd74,로다,True,로다,Level1
당송팔대가문초구양수3,287,1066,李侯는 可謂賢矣로다,e9d73b889dddaf08,로다,True,로다,Level1
당송팔대가문초구양수3,291,1081,是爲勇者之觀也로다,e3e9f3f9eb405686,로다,True,로다,Level1
당송팔대가문초구양수3,314,1171,穀城縣이 政久廢러니 狄君居之朞月에 稱治하고 又能遵國典하야 修禮興學하야 急其有司所不責者하야 諰諰然惟恐不及하니 可謂有志之士矣로다,b162ddfaa06c94e4,로다,True,로다,Level1
당송팔대가문초구양수3,339,1245,朱公은 能不以陋而安之하고 其心又喜夫人之去憂患而就樂易하니 詩所謂愷悌君子者矣로다,d434babd2eef3b7a,로다,True,로다,Level1
당송팔대가문초구양수3,392,1504,亦有能保로다,98d3ee6720ffff9c,로다,False,로다,Level1
당송팔대가문초구양수3,395,1516,天子曰 嗚呼라 惟汝父旦이 事我文考眞宗하야 叶德一心하야 克終厥位하야 有始有卒하니 其可謂全德元老矣로다,c5964c6c4e61828b,로다,True,로다,Level1
당송팔대가문초구양수3,410,1608,是以로 君明臣賢하야 德顯名尊하야 生而俱享其榮하고 歿而長配於廟하니 可謂有始有卒이 如明詔所褒로다,7f909a3103ee08b0,로다,True,로다,Level1
당송팔대가문초구양수3,411,1622,公爲蓍龜로다,21ba8e93c544a70d,로다,True,로다,Level1
당송팔대가문초구양수3,411,1646,惟時元老로다,7523564b52df8c3d,로다,True,로다,Level1
당송팔대가문초구양수3,431,1752,有爛其文이로다,91dd24ff0127574b,로다,True,로다,Level1
당송팔대가문초구양수3,431,1766,玆可謂忠이로다,50dea7f5fcbed8e9,로다,True,로다,Level1
당송팔대가문초구양수3,454,1851,公之孫四十人이며 曾孫二人이요 合伯季之後면 若子若孫若曾孫이 六十有八人이요 女若孫曾五十有四人이로되 而仕于朝者가 多以才稱於時하니 嗚呼라 可謂盛矣로다,e94d3be6a386db16,로다,True,로다,Level1
당송팔대가문초구양수3,455,1860,踵武偕來로다,39a6b53b813193b1,로다,True,로다,Level1
당송팔대가문초구양수3,455,1868,儀同太師로다,802b9f56b5f84fa8,로다,False,로다,Level1
시경집전(하),587,1299,蓼蓼者莪러니 匪莪伊蔚로다,766ce1329e95b324,로다,True,로다,Level1
시경집전(하),590,1304,缾之罄矣여 維罍之恥로다,ae4f2c231c659137,로다,False,로다,Level1
시경집전(하),591,1305,鮮民之生이여 不如死之久矣로다,09991d4fe5f1bfd7,로다,True,로다,Level1
시경집전(하),602,1327,南山烈烈이어늘 飄風發發이로다,a29791a043590043,로다,True,로다,Level1
시경집전(하),606,1334,南山律律이어늘 飄風弗弗이로다,a29791a043590043,로다,True,로다,Level1
시경집전(하),611,1342,有饛簋飧이요 有捄棘匕로다,de55e325b26ff810,로다,True,로다,Level1
시경집전(하),612,1343,周道如砥하니 其直如矢로다,3ec979bc884ff859,로다,True,로다,Level1
시경집전(하),617,1359,小東大東에 杼柚其空이로다,aede00a79682c20d,로다,False,로다,Level1
시경집전(하),618,1360,糾糾葛屨여 可以履霜이로다,11baf16cf7c81397,로다,False,로다,Level1
시경집전(하),620,1362,旣往旣來하니 使我心疚로다,ddeda271c21cd49c,로다,True,로다,Level1
시경집전(하),624,1374,契契寤歎호니 哀我憚人이로다,3d22ed4b9ee43c1a,로다,True,로다,Level1
시경집전(하),630,1389,西人之子는 粲粲衣服이로다,adf35ce16c024329,로다,False,로다,Level1
시경집전(하),632,1391,私人之子는 百僚是試로다,a9192d41b5b01a3c,로다,False,로다,Level1
시경집전(하),636,1405,鞙鞙佩璲을 不以其長이로다,f34371621d7a3fb3,로다,False,로다,Level1
시경집전(하),638,1407,跂彼織女 終日七襄이로다,11e2d7807f2fca59,로다,True,로다,Level1
시경집전(하),642,1421,睆彼牽牛 不以服箱이로다,484bed6fc0018f00,로다,True,로다,Level1
시경집전(하),644,1423,有捄天畢이 載施之行이로다,249d0e8ea20ff005,로다,True,로다,Level1
시경집전(하),648,1435,維北有斗나 不可以挹酒漿이로다,dd53203af9a33785,로다,False,로다,Level1
시경집전(하),650,1437,維北有斗하니 西柄之揭로다,e1e524eb1728802f,로다,False,로다,Level1
시경집전(하),658,1458,秋日凄凄라 百卉具腓로다,241f9dcd1e32bea4,로다,True,로다,Level1
시경집전(하),779,1671,以妥以侑하여 以介景福이로다,18109861252458c9,로다,True,로다,Level1
시경집전(하),783,1688,或剝或亨하며 或肆或將이로다,e303e1013f38acdc,로다,True,로다,Level1
시경집전(하),786,1691,孝孫有慶하여 報以介福하니 萬壽無疆이로다,50cc227dff98eeae,로다,True,로다,Level1
시경집전(하),789,1705,君婦莫莫하니 爲豆孔庶로다,e7e6c7bf342892d6,로다,True,로다,Level1
시경집전(하),792,1708,神保是格이라 報以介福하니 萬壽攸酢이로다,df869770bafbf38d,로다,True,로다,Level1
시경집전(하),803,1747,孝孫徂位어늘 工祝致告로다,46f28912ac45d2fd,로다,True,로다,Level1
시경집전(하),805,1749,鼓鍾送尸하니 神保聿歸로다,ebdbdb068a99dd12,로다,False,로다,Level1
시경집전(하),807,1751,諸父兄弟 備言燕私로다,60d124824b82e477,로다,True,로다,Level1
시경집전(하),809,1764,樂具入奏하니 以綏後祿이로다,dd1d8cd96b985319,로다,True,로다,Level1
시경집전(하),812,1767,神嗜飮食하여 使君壽考로다,6a28fd3025b807e0,로다,True,로다,Level1
시경집전(하),814,1769,子子孫孫이 勿替引之로다,f03a353787fa27b3,로다,True,로다,Level1
시경집전(하),818,1782,信彼南山을 維禹甸之로다,762ca4d7abe6a6aa,로다,True,로다,Level1
시경집전(하),820,1784,我疆我理하니 南東其畝로다,3c3fbbe317d433e5,로다,False,로다,Level1
시경집전(하),825,1801,旣霑旣足하여 生我百穀이로다,9e78a27410de7790,로다,True,로다,Level1
시경집전(하),829,1809,畀我尸賓하니 壽考萬年이로다,ef8415a518e0fb29,로다,True,로다,Level1
시경집전(하),834,1820,曾孫壽考하여 受天之祐로다,b75aba840c987a7b,로다,True,로다,Level1
시경집전(하),839,1829,以啓其毛하고 取其血膋로다,493fde740b6b2688,로다,False,로다,Level1
시경집전(하),842,1845,先祖是皇하사 報以介福하니 萬壽無疆이로다,3bff53a722df39da,로다,True,로다,Level1
시경집전(하),845,1852,倬彼甫田에 歲取十千이로다,a0688ba9a2310df6,로다,True,로다,Level1
시경집전(하),846,1853,我取其陳하여 食我農人하니 自古有年이로다,18fb5063a6323243,로다,True,로다,Level1
당송팔대가문초구양수3,471,1961,公旣樂善이요 而稱爲知人하니 士之顯于朝者가 多公所薦達이요 至擇其女之所從하야도 又得二人者하니 如此면 可謂賢也已로다,daa02801e0cd3775,로다,True,로다,Level1
당송팔대가문초구양수3,472,1992,惟予聖考로다,451ad3a532acbb90,로다,False,로다,Level1
당송팔대가문초구양수3,472,1996,司空侍中이로다,a14442e4c85f23e9,로다,True,로다,Level1
당송팔대가문초구양수3,542,2445,繼世而卿이로다,d20a552288e81eb9,로다,False,로다,Level1
당송팔대가문초구양수3,554,2500,吾居禁中하야 有求恩澤者어든 每以杜某不可告之而止者가 多於所封還也하니 其助我多矣로다,4d9c961b9498ddb8,로다,True,로다,Level1
당송팔대가문초구양수3,559,2530,惟德之恭이로다,8e665f28f086f0c4,로다,True,로다,Level1
당송팔대가문초구양수3,559,2534,四方之瞻이로다,1105a5ee86bbcf0e,로다,True,로다,Level1
당송팔대가문초구양수3,559,2540,有矩有規로다,12690d1be6982ee4,로다,True,로다,Level1
당송팔대가문초구양수3,559,2544,惟公是毗로다,3a88265c2b468274,로다,False,로다,Level1
당송팔대가문초구양수3,559,2562,喪予元老로다,77792ad3417f5eb8,로다,False,로다,Level1
당송팔대가문초구양수3,559,2568,萬世之詒로다,a195d99da9005f6e,로다,True,로다,Level1
당송팔대가문초구양수3,600,2800,幽宮是閟로다,dffcd2c6174287f6,로다,False,로다,Level1
당송팔대가문초구양수4,19,102,侍從之親이요 樞機之密이로다 名望三朝에 淸職峻秩이니 愷悌之仁은 宜國黃耉어늘 七十而止하니 孰云多壽리오 惟善在人하니 刻銘不朽로다,fed51891fde703a2,로다,True,로다,Level1
당송팔대가문초구양수4,52,265,首尾分應有力하니 自班馬中來로다,40db52ea0ef503ff,로다,False,로다,Level1
당송팔대가문초구양수4,65,319,開封은 天子之畿요 益州는 蜀一都會라 皆世號尤難理者로되 而公尤有名하야 其猛寬之政이 前後異施하니 可謂知其方矣로다,b9309da421d49e56,로다,True,로다,Level1
당송팔대가문초구양수4,71,349,公不爲相하고 告病還家러니 賵賻之榮은 尙書是加라 公有敏德하니 焯其行事요 公有令名하니 有司之諡라 事告之史하니 諡傳子孫이요 又刻銘章하야 納于墓門이로다,9407fb52e07cf7d7,로다,True,로다,Level1
당송팔대가문초구양수4,81,398,士之所難은 有蘊無時어늘 偉歟梅公은 人主之知라 勇無不敢하야 惟義之爲러니 困于翼飛하야 中垂以斂이라 一失其塗에 進退而坎이러니 理不終窮하야 旣晩而通이라 惟其壽考는 福祿之隆이로다,24f2be05a7b26347,로다,True,로다,Level1
당송팔대가문초구양수4,90,441,公有文集十卷과 兵書十五卷하니 讀其書에 可以見公之志요 考其始終之節에 可以知公之心이니 嗚呼라 可謂忠矣로다,34df291cadba5633,로다,True,로다,Level1
당송팔대가문초구양수4,92,447,避亂中州에 曾祖始南하고 祖屈僞邦하야 令于烏江이라 又適南粤하니 皇考是生이라 晦顯有時라가 發于皇明이라 在考司馬에 始仕坊州라가 遂家中部하니 道德之優로다,9eb0d30b4f848b8b,로다,False,로다,Level1
당송팔대가문초구양수4,92,448,司馬四子에 唯公克大하니 非徒大之라 將又長之로다,977bdccf8b7c54cd,로다,True,로다,Level1
당송팔대가문초구양수4,134,617,府君之顯은 不彰于初러니 其久不渝하야 卒克以敷라 弘農之分이 遂播南土러라 嗚呼라 德則承先이요 而葬也塋于祖로다,ba829eba88f28eaa,로다,True,로다,Level1
당송팔대가문초구양수4,145,679,可謂異矣로다,b73dd00b70492ff9,로다,True,로다,Level1
당송팔대가문초구양수4,146,684,其敏以達하고 其果以決하며 其守不奪하고 其摧不折이라 其終一節하니 玆謂不沒이로다,478afa2851da1766,로다,True,로다,Level1
당송팔대가문초구양수4,169,794,然詡는 節義可信之士니 以詡能報君하고 而君能知詡하니 則君之爲人을 可知也已로다,55744c0e95fafa52,로다,True,로다,Level1
당송팔대가문초구양수4,191,905,其長養敎育之恩을 既不可報요 而至於狀貌起居言笑之可思慕者하야도 皆不得而見焉矣로다,0a67975211474d60,로다,True,로다,Level1
당송팔대가문초구양수4,191,906,惟勉而紀吾叔父之可傳於世者면 庶以盡脩之志焉이로다,7eaec4de24fdcc78,로다,True,로다,Level1
당송팔대가문초구양수4,209,1000,劉氏顯晦는 以時亂治라 有聲王朝는 自君再世라 惟德之貽니 是將久大라 曷知其然가 君實有子로다,961d24a4bdac49af,로다,True,로다,Level1
당송팔대가문초구양수4,224,1072,有韞于中不以施하고 一憤樂死其如歸라 豈其志之將衰리오 不然이면 世果可嫉其如斯로다,cb5b7ae234b2f6f3,로다,True,로다,Level1
당송팔대가문초구양수4,242,1159,徂徠之巖巖과 與子之德兮여 魯人之所瞻이로다 汶水之湯湯과 與子之道兮여 逾遠而彌長이로다,f9629b362f216ca5,로다,True,로다,Level1
당송팔대가문초구양수4,243,1162,此文은 極其變化로다,64ffe7764563fb19,로다,False,로다,Level1
당송팔대가문초구양수4,245,1170,及卽之與居하얀 愈久而愈可愛하고 間而出其所有어든 愈叩而愈無窮하니 嗚呼라 可謂純明篤實之君子也로다,d4fcdc681e05a208,로다,True,로다,Level1
당송팔대가문초구양수4,251,1203,蘇顯唐世하니 實欒城人이라 以宦留眉하니 蕃蕃子孫이라 自其高曾으로 鄕里稱仁이라 偉歟明允은 大發於文하니 亦旣有文이요 而又有子라 其存不朽하고 其嗣彌昌하니 嗚呼明允이여 可謂不亡이로다,5ae8dffb5683fda5,로다,True,로다,Level1
당송팔대가문초구양수4,268,1276,不戚其窮하며 不困其鳴이요 不躓于艱하고 不履于傾이라 養其和平하야 以發厥聲하니 震越渾鍠에 衆聽以驚이라 以揚其淸하며 以播其英이요 以成其名하며 以告諸冥이로다,5a4b24831ab15113,로다,True,로다,Level1
당송팔대가문초구양수4,288,1349,總寫交游之情이로되 而自任及樂善이 宛然言外로다,c69b2c269eca03f0,로다,True,로다,Level1
당송팔대가문초구양수4,291,1359,初在洛時에 已哭堯夫而銘之하고 其後六年에 又哭希深而銘之하고 今又哭吾子野而銘하니 於是에 又知非徒相得之難이요 而善人君子를 欲使幸而久在於世라도 亦不可得하니 嗚呼라 可哀也已로다,1042bbf3b3be39ea,로다,True,로다,Level1
당송팔대가문초구양수4,297,1377,可爲無後者之慰로다,3d87855b6db629cf,로다,True,로다,Level1
당송팔대가문초구양수4,300,1395,爲簡肅公者可以無憾也로다,551ea25699c50db9,로다,False,로다,Level1
당송팔대가문초구양수4,358,1599,寧自混以爲高언정 不少屈以合世하니 可謂自重之士矣로다,531b48de7dc954c8,로다,True,로다,Level1
당송팔대가문초구양수4,368,1653,予惟薛氏는 於絳爲著姓이요 簡肅公은 於公爲兄弟며 而公之世德을 予既見之銘이어늘 而其子又欲碣以昭顯于世하니 可謂孝矣로다,d74827a24b624250,로다,True,로다,Level1
당송팔대가문초구양수4,370,1660,長厚之行이요 長厚之言이로다,07f5bc271a18a349,로다,True,로다,Level1
당송팔대가문초구양수4,529,2339,或集器皿하며 或屯几格하며 或醉醇酎하야 因之沒溺하며 或投熱羮하야 遂喪其魄하니 諒雖死而不悔라 亦可戒夫貪得이로다,d972846dad5fafe9,로다,False,로다,Level1
당송팔대가문초구양수4,531,2350,誠可嫉而可憎이로다,c546080cfe55d6a5,로다,False,로다,Level1
당송팔대가문초구양수4,538,2377,其昭然在上而萬物仰之者는 精氣之聚爾러니 及其斃也하얀 瓦礫之不若也로다,ab5d89082a9cbb3e,로다,True,로다,Level1
당송팔대가문초구양수4,549,2445,學者非韓不學也하니 可謂盛矣로다,0ff492a9c43ddbba,로다,False,로다,Level1
당송팔대가문초구양수4,555,2468,若翶獨不然하야 其賦曰 衆囂囂而雜處兮여 咸歎老而嗟卑로다,f1ae52068cfb213f,로다,True,로다,Level1
당송팔대가문초구양수5,30,213,通篇이 克用與全忠兩相搆釁處와 及莊宗所繼其父行事慷慨大略이니 歐公一一點綴生色並如畫로다,4efcf3314743f027,로다,True,로다,Level1
당송팔대가문초구양수5,133,970,翔歎曰 李振은 謬爲丈夫矣로다,c08956725133f81a,로다,True,로다,Level1
당송팔대가문초구양수5,196,1323,其已破蜀에 因遣使者하야 以唐威德으로 風諭南詔諸蠻하야 欲因以綏來之하니 可謂有志矣로다,d71350a976ae2983,로다,True,로다,Level1
당송팔대가문초구양수5,200,1333,雖其盡忠勞力이 時有補益이나 而恃功矜寵하야 威福自出호되 旁無賢人君子之助요 其獨見之慮가 禍釁所生이라 至於臣主俱傷하야 幾滅其族하니 斯其可哀者也로다,95c277f67d88af92,로다,False,로다,Level1
당송팔대가문초구양수5,236,1603,吾不意五代時에 有戰將若此요 而歐陽公所當叙事處도 亦不下太史公之敘李廣傳也하니 可愛可愛로다,afbb2d48c1442948,로다,True,로다,Level1
당송팔대가문초구양수5,253,1699,夫能事其親以孝然後에 能事其君以忠이니 若烏震者는 可謂大不孝矣로다,cdf3da8b0076cde2,로다,False,로다,Level1
당송팔대가문초구양수5,297,2008,莊宗益怒하야 謂其嬖伶史彦瓊曰 我與群臣飮博에 須錢十餘萬이어늘 而憲以故紙紿我로다,6faea5a106e40a3d,로다,False,로다,Level1
당송팔대가문초구양수5,309,2093,晉之亟亡而維翰之及於難은 亦天道然爾로다,346736aa28d16600,로다,False,로다,Level1
당송팔대가문초구양수5,317,2138,自古禍福成敗之理가 未有如晉氏之明驗也하니 其始以契丹而興하고 終爲契丹所滅이로다,4b1f554127693a42,로다,False,로다,Level1
당송팔대가문초구양수5,337,2278,顧符存審曰 吾不惜澤州與梁이니 一州易得이어니와 約難得也로다,dfc485f9c92546ff,로다,False,로다,Level1
당송팔대가문초구양수5,357,2402,從珂登城呼外兵而泣曰 吾從先帝二十年에 大小數百戰하야 甲不解體하고 金創滿身하니 士卒固嘗從我矣로다,638c4305615cc832,로다,True,로다,Level1
당송팔대가문초구양수6,6,65,昻卽趨出하야 解官還于家하야 語其子曰 吾本不欲仕亂世러니 果爲刑人所辱이로다,78db889d8611ff9a,로다,True,로다,Level1
당송팔대가문초구양수6,11,98,可爲流涕者矣로다,e16068c66522696c,로다,True,로다,Level1
당송팔대가문초구양수6,63,505,殆非宦者之言也로다,3c794cc0117f1b5d,로다,False,로다,Level1
당송팔대가문초구양수6,230,1553,若彥珣之惡而恬然不以爲怪하니 則晉出帝之絕其父에 宜其擧世不知爲非也로다,bc2dba27762d750d,로다,False,로다,Level1
시경집전(하),848,1855,攸介攸止에 烝我髦士로다,e35919fec7a98545,로다,True,로다,Level1
시경집전(하),852,1879,我田旣臧이 農夫之慶이로다,43409623e95798ef,로다,True,로다,Level1
시경집전(하),854,1881,以介我稷黍하여 以穀我士女로다,055a2200e548c980,로다,True,로다,Level1
시경집전(하),859,1896,攘其左右하여 嘗其旨否로다,c60c2da781fe1e72,로다,True,로다,Level1
시경집전(하),861,1898,曾孫不怒하며 農夫克敏이로다,02bcb69b4f37ff64,로다,True,로다,Level1
시경집전(하),868,1911,報以介福하니 萬壽無疆이로다,4cae7cdacba04a40,로다,True,로다,Level1
시경집전(하),874,1922,旣庭且碩이라 曾孫是若이로다,2ae912bc11ccab88,로다,True,로다,Level1
시경집전(하),883,1945,雨我公田이요 遂及我私로다,f3146e0a921552e2,로다,True,로다,Level1
시경집전(하),885,1947,彼有遺秉하며 此有滯穗하니 伊寡婦之利로다,9a427787a08fa540,로다,True,로다,Level1
시경집전(하),889,1962,饁彼南畝어늘 田畯至喜로다,97f98ffc1e46b051,로다,True,로다,Level1
시경집전(하),891,1964,以享以祀하니 以介景福이로다,4610f3b5f089c049,로다,True,로다,Level1
시경집전(하),896,1978,瞻彼洛矣한대 維水泱泱이로다,1285199079d1e71a,로다,True,로다,Level1
시경집전(하),897,1979,君子至止하시니 福祿如茨로다,46c972e238377dc0,로다,True,로다,Level1
시경집전(하),898,1980,韎韐有奭하니 以作六師로다,b1ac46f8325fe2bd,로다,True,로다,Level1
시경집전(하),901,1994,瞻彼洛矣한대 維水泱泱이로다,1285199079d1e71a,로다,True,로다,Level1
시경집전(하),902,1995,君子至止하시니 鞞琫有珌이로다,35381ed7be5f49cc,로다,True,로다,Level1
시경집전(하),903,1996,君子萬年에 保其家室이로다,48c47ed5afaf9957,로다,True,로다,Level1
시경집전(하),905,2000,瞻彼洛矣한대 維水泱泱이로다,1285199079d1e71a,로다,True,로다,Level1
시경집전(하),906,2001,君子至止하시니 福祿旣同이로다,728b1dc687066c03,로다,True,로다,Level1
시경집전(하),907,2002,君子萬年에 保其家邦이로다,6d0e288931fcc729,로다,True,로다,Level1
당송팔대가문초구양수4,396,1766,君夫人崔氏는 有賢行하야 能敎其子하니 而二子孝謹하야 克自樹立하야 卒能改葬君如吉卜하니 君其可謂有後矣로다,b57b9aecb9728b88,로다,True,로다,Level1
당송팔대가문초구양수4,447,1971,始脩將行에 期公餞我러니 今其去也에 來奠公觴이로다,f2f54cb24d8d5200,로다,True,로다,Level1
당송팔대가문초구양수4,456,2016,窮山之崖와 野水之濱과 猿猱之窟과 麋鹿之群도 猶不容於其間兮여 遂卽萬鬼而爲隣이로다,a02d6ce780e79092,로다,True,로다,Level1
당송팔대가문초구양수4,457,2021,乃學之力이로다,a1603a8d90674c61,로다,True,로다,Level1
당송팔대가문초구양수4,457,2022,至其握手爲訣하며 隱几待終하얀 顔色不變하고 笑言從容하니 死生之間에 旣已能通於性命이라 憂患之至에 宜其不累於心胸이로다,7093fd6e678c4119,로다,True,로다,Level1
당송팔대가문초구양수4,457,2024,惟其師友之益과 平生之舊는 情之難忘이니 言不可究로다,563f468ab351354e,로다,True,로다,Level1
당송팔대가문초구양수4,459,2034,小人之幸이요 君子之嗟로다,319bad064d57e8d1,로다,True,로다,Level1
당송팔대가문초구양수4,461,2042,蘊而不見하야 遂以沒地하니 獨留文章하야 照耀後世로다,bda4505736ff8118,로다,True,로다,Level1
당송팔대가문초구양수4,470,2075,嗚呼曼卿이여 盛衰之理는 吾固知其如此어니와 而感念疇昔에 悲涼悽愴하야 不覺臨風而隕涕者는 有媿乎太上之忘情이로다,28ed4890737e539b,로다,True,로다,Level1
당송팔대가문초구양수4,511,2237,基構累積에 顯顯昌昌하야 益大而光하야 稱于三后之意하니 可謂至孝로다,325c496774e74c0a,로다,True,로다,Level1
당송팔대가문초구양수4,512,2243,地爽而潔하며 宇敞而邃하고 神靈杳冥하야 如來如宅하니 合於禮經孝子(警)［謦］咳思親之義로다,c6f91d3dfe3288f8,로다,True,로다,Level1
당송팔대가문초구양수4,515,2254,巍峨穹崇하야 奠京之東하니 有山而崧이요 奫淪道源하야 滙流而淵하니 有洛之川이로다,a62bd7d49fcc7c09,로다,True,로다,Level1
당송팔대가문초구양수4,515,2257,太祖太宗이요 眞宗之陵이로다,8956f1ff4c8e9e47,로다,False,로다,Level1
당송팔대가문초구양수4,515,2259,帝懷穹旻하야 受命我宋하야 造初于屯하며 帝念先烈하야 用顧余家하니 宣力以勤이로다,602ea698f984d26c,로다,True,로다,Level1
당송팔대가문초구양수4,515,2262,燕翼貽謀를 是惟永圖하니 其傳在予로다,d5b49821f485e5f7,로다,False,로다,Level1
당송팔대가문초구양수4,515,2272,家臣之來에 役夫萬名이라 三年有成이로다,08763e922c4c92a4,로다,False,로다,Level1
당송팔대가문초구양수4,515,2281,亦孝天子로다,57640d6b6438db63,로다,True,로다,Level1
당송팔대가문초구양수4,520,2301,若玄宗者는 方溺於此요 而又慕於彼하야 不勝其勞하니 是眞可笑也로다,7b173f4b92f155bd,로다,False,로다,Level1
당송팔대가문초구양수4,522,2304,歐陽子方夜讀書할새 聞有聲이 自西南來者하고 悚然而聽之曰 異哉로다,7d789b6ac80eeba8,로다,True,로다,Level1
당송팔대가문초구양수4,524,2311,此秋聲也로다,095a05d63ab018e2,로다,True,로다,Level1
시경집전(하),910,2006,裳裳者華여 其葉湑兮로다,4bf85e6c79bc1eeb,로다,True,로다,Level1
시경집전(하),911,2007,我覯之子하니 我心寫兮로다,3b337b4f05331094,로다,True,로다,Level1
시경집전(하),912,2008,我心寫兮하니 是以有譽處兮로다,5c19f1a616581a9a,로다,True,로다,Level1
시경집전(하),915,2018,裳裳者華여 芸其黃矣로다,dc6a265182e45b7d,로다,True,로다,Level1
시경집전(하),916,2019,我覯之子하니 維其有章矣로다,4db1366794ffa6af,로다,True,로다,Level1
시경집전(하),917,2020,維其有章矣니 是以有慶矣로다,6ed7ec4935d4c4a9,로다,True,로다,Level1
시경집전(하),919,2024,裳裳者華여 或黃或白이로다,58541fc8db867cb8,로다,True,로다,Level1
시경집전(하),920,2025,我覯之子하니 乘其四駱이로다,e9a0eada8c86d4c5,로다,True,로다,Level1
시경집전(하),921,2026,乘其四駱하니 六轡沃若이로다,65dae393f5fc9bde,로다,True,로다,Level1
시경집전(하),924,2030,右之右之에 君子有之로다,94006e74a150b854,로다,False,로다,Level1
시경집전(하),925,2031,維其有之라 是以似之로다,fae31a8de1a79ffc,로다,False,로다,Level1
시경집전(하),928,2037,交交桑扈여 有鶯其羽로다,a670489c2921b9d0,로다,True,로다,Level1
시경집전(하),929,2038,君子樂胥하니 受天之祜로다,0f83cb0568c06d6b,로다,True,로다,Level1
시경집전(하),932,2047,交交桑扈여 有鶯其領이로다,72fc7bac9e04376a,로다,True,로다,Level1
시경집전(하),933,2048,君子樂胥하니 萬邦之屛이로다,e9732d3b767699b8,로다,True,로다,Level1
시경집전(하),935,2052,之屛之翰하니 百辟爲憲이로다,c0752bf775986093,로다,True,로다,Level1
시경집전(하),938,2060,兕觥其觩하니 旨酒思柔로다,95ab7335b418bc64,로다,True,로다,Level1
시경집전(하),939,2061,彼交匪敖하니 萬福來求로다,f081d5a0e64234ad,로다,True,로다,Level1
시경집전(하),942,2070,鴛鴦于飛하니 畢之羅之로다,8bda6e5189a7fa38,로다,False,로다,Level1
시경집전(하),943,2071,君子萬年에 福祿宜之로다,2b2ae14f5b403fec,로다,True,로다,Level1
시경집전(하),997,2181,鮮我覯爾호니 我心寫兮로다,02639938d0d996a5,로다,True,로다,Level1
시경집전(하),1000,2185,高山仰止며 景行行止로다,c80ee9ec64af9b44,로다,True,로다,Level1
시경집전(하),1001,2186,四牡騑騑하니 六轡如琴이로다,26646d0ebf600dde,로다,True,로다,Level1
시경집전(하),1004,2194,"表記曰 小雅曰 高山仰止, 景行行止라한대 子曰 詩之好仁이 如此로다",1e7e45d7580d2d27,로다,True,로다,Level1
시경집전(하),1006,2198,營營靑蠅이여 止于樊이로다,e7f4f2ad95c3e292,로다,False,로다,Level1
시경집전(하),1010,2206,營營靑蠅이여 止于棘이로다,0549e20651fe0142,로다,False,로다,Level1
시경집전(하),1011,2207,讒人罔極하여 交亂四國이로다,a4c99a7c9253ed24,로다,False,로다,Level1
시경집전(하),1013,2211,營營靑蠅이여 止于榛이로다,32ef12ea01a854b6,로다,False,로다,Level1
시경집전(하),1014,2212,讒人罔極하여 構我二人이로다,9744a5a608205e16,로다,False,로다,Level1
시경집전(하),1019,2219,酒旣和旨하여 飮酒孔偕로다,739ad6b589041c6a,로다,True,로다,Level1
시경집전(하),1023,2223,發彼有的하여 以祈爾爵이로다,8d866057b6011439,로다,False,로다,Level1
시경집전(하),1027,2254,烝衎烈祖하여 以洽百禮로다,f8141d4ef427f881,로다,False,로다,Level1
시경집전(하),1028,2255,百禮旣至하니 有壬有林이로다,1570c1a07cc35465,로다,False,로다,Level1
시경집전(하),1029,2256,錫爾純嘏하니 子孫其湛이로다,c5d18c3f6447105c,로다,True,로다,Level1
시경집전(하),1030,2257,其湛曰樂하니 各奏爾能이로다,ee63718be8fc6398,로다,False,로다,Level1
시경집전(하),1032,2259,酌彼康爵하여 以奏爾時로다,1015ceafc35789ac,로다,False,로다,Level1
시경집전(하),1035,2278,賓之初筵엔 溫溫其恭이로다,8525b5038c1e7c75,로다,False,로다,Level1
시경집전(하),1041,2284,是曰旣醉라 不知其秩이로다,233264cb10717851,로다,False,로다,Level1
시경집전(하),1046,2294,是曰旣醉라 不知其郵로다,af269f4633060366,로다,False,로다,Level1
시경집전(하),1047,2295,側弁之俄하여 屢舞傞傞로다,f32e95c252dabf53,로다,True,로다,Level1
당송팔대가문초구양수6,245,1687,則天下國家可從而知也로다,2828962547a838c0,로다,False,로다,Level1
당송팔대가문초소순1,133,837,其亦難矣로다,0fba3a7844d0bb58,로다,True,로다,Level1
당송팔대가문초소순1,142,898,吁라 聖人之慮事也蓋詳이로다,3ef6d33716413d6f,로다,True,로다,Level1
당송팔대가문초소순1,145,926,亦旣薄矣로다,8e38e5b94885e545,로다,True,로다,Level1
당송팔대가문초소순1,145,929,又甚矣로다,9617d93a03a6de84,로다,True,로다,Level1
당송팔대가문초소순1,148,941,則夫子固曰 我可以賞罰人矣로다,bedd1e558bbc0ac4,로다,False,로다,Level1
당송팔대가문초소순1,171,1096,用力寡而成功博이니 其能爲春秋繼요 而使後之史無及焉者는 以是夫로다,184c47b02d39ccea,로다,True,로다,Level1
당송팔대가문초소순1,176,1128,李善王忳以深仁厚義한대 槪之獨行과 與夫前書張湯을 不載於酷吏하고 史記姚杜仇趙之徒를 不載於遊俠과 遠矣로다,352196ce48567727,로다,False,로다,Level1
당송팔대가문초소순1,189,1185,致君之道는 盡於此矣로다,9c43d2f3dd1878f1,로다,False,로다,Level1
당송팔대가문초소순1,193,1196,人之不能抗天觸神忤雷霆은 亦明矣로다,bbfa5fec218c1efc,로다,True,로다,Level1
당송팔대가문초소순1,402,2570,西人稽首하고 公我父兄이로다,6e576b640e0e13f8,로다,False,로다,Level1
당송팔대가문초소순1,414,2637,卒也에 長公은 再以斥廢라가 僅而能免이나 而少公은 終得以遺老로 自解脫하여 攸攸卒歲하니 亦奇矣로다,c8cf942b0ae3a356,로다,True,로다,Level1
당송팔대가문초소식1,107,509,詩曰 譬彼舟流컨대 不知所屆로다,4b8effda8908441d,로다,True,로다,Level1
당송팔대가문초소식1,127,615,秦人之歌曰 涇水一石에 其泥數斗로다,49657b5b410dafee,로다,True,로다,Level1
당송팔대가문초소식1,308,1432,此乃文忠公搏虎手處니 惜乎라 世不能用이로다,ac8f208728b8a3ae,로다,True,로다,Level1
당송팔대가문초소식2,102,480,翟子威니 飯我豆하고 羹芋魁로다,3f6b03844e4852cb,로다,False,로다,Level1
당송팔대가문초소식2,354,1479,是殆見吾善者機也로다,155b7ad274006d70,로다,False,로다,Level1
당송팔대가문초소식2,490,2113,可謂能定大事矣로다,73220ed827bf5e93,로다,False,로다,Level1
당송팔대가문초소식2,493,2122,予覽此文컨대 以遷之一字로 爲案하니 以無畏而遷者五요 以有畏而不果遷者二요 以畏而遷者六으로 共十三國이니 以錯證存亡處 如一線矣로다,66122af8897411f2,로다,False,로다,Level1
당송팔대가문초소식3,152,584,亦危而難成矣로다,930eccb7f6737b26,로다,False,로다,Level1
당송팔대가문초소식5,256,989,神母詔之는 匪亟匪徐로다,7bc3097b4980e418,로다,True,로다,Level1
당송팔대가문초소식5,256,1002,士曰時哉로다,2c292d6faa71643a,로다,True,로다,Level1
당송팔대가문초소식5,256,1003,旣用君實하니 我後子先하야 時不可失이로다,cd780e8c01c66d1e,로다,True,로다,Level1
당송팔대가문초소식5,256,1007,功則多矣하니 百年之思로다,7e9259a3088c469d,로다,True,로다,Level1
당송팔대가문초소식5,256,1009,匪公之思요 神考是懷로다,540cd73cc2659749,로다,True,로다,Level1
당송팔대가문초소식5,256,1011,薦于淸廟하니 神考之功이로다,d68104a789277ef6,로다,False,로다,Level1
당송팔대가문초소식5,261,1027,吾以所見所聞所傳聞而考之컨대 其可必也審矣로다,3e6038c628054604,로다,True,로다,Level1
당송팔대가문초소식5,265,1040,魏公之業이 與槐俱萌이로다,8995b093854cd543,로다,True,로다,Level1
당송팔대가문초소식5,265,1042,旣相眞宗하니 四方砥平이요 歸視其家호니 槐陰滿庭이로다,8f000b924080f41e,로다,True,로다,Level1
당송팔대가문초소식5,265,1049,惟德之符로다,fe150db07870051b,로다,False,로다,Level1
당송팔대가문초소식5,272,1074,惟師潞公이여 展也大成이로다,2fbcc80db2231e78,로다,True,로다,Level1
당송팔대가문초소식5,272,1076,駕言三城에 河流不揚이로다,251336b2b0a27456,로다,False,로다,Level1
당송팔대가문초소식5,303,1180,其盡萬物之態也로다,ebd1e9ad797b216b,로다,True,로다,Level1
당송팔대가문초소식5,311,1214,古之眞人은 有化無死로다,1f08a757947cffb4,로다,True,로다,Level1
당송팔대가문초소식5,317,1234,愛莫起之로다,1009819f95f5ad22,로다,True,로다,Level1
당송팔대가문초소식5,324,1254,維周之虎로다,a567fabfb824784f,로다,False,로다,Level1
당송팔대가문초소식5,335,1286,帝念民하사 乃下招라 籋(躡)歸雲하야 逝房妖로다,819fb11e389df42d,로다,True,로다,Level1
당송팔대가문초소식5,347,1322,代佛出世하니 惟大弟子로다,b47b886c8c002bd8,로다,True,로다,Level1
당송팔대가문초소식5,355,1344,神馬尻輿하야 攝衣從之로다,9c869e00ac6ecd6e,로다,True,로다,Level1
당송팔대가문초소식5,398,1467,於是에 飮酒樂甚하야 扣舷而歌之하니 歌曰 桂棹兮蘭槳으로 擊空明兮泝流光이로다,582c515545ff13f2,로다,True,로다,Level1
시경집전(하),946,2079,鴛鴦在梁하니 戢其左翼이로다,c33531e4e04384ed,로다,False,로다,Level1
시경집전(하),947,2080,君子萬年에 宜其遐福이로다,91a7dd499c3871a2,로다,True,로다,Level1
시경집전(하),949,2086,乘馬在廐하니 摧之秣之로다,f9a58ffcac832b17,로다,False,로다,Level1
시경집전(하),950,2087,君子萬年에 福祿艾之로다,b5ef399cdff7cf63,로다,True,로다,Level1
시경집전(하),953,2093,乘馬在廐하니 秣之摧之로다,a2055cf1021e5166,로다,True,로다,Level1
시경집전(하),954,2094,君子萬年에 福祿綏之로다,cb11b1bd274ce6f0,로다,True,로다,Level1
시경집전(하),959,2100,豈伊異人이리오 兄弟라 匪他로다,3861408de964c66f,로다,True,로다,Level1
시경집전(하),960,2101,蔦與女蘿 施于松柏이로다,4d7fee6aed5c0048,로다,True,로다,Level1
시경집전(하),962,2103,旣見君子하니 庶幾說懌로다,0308431ba003f41b,로다,True,로다,Level1
시경집전(하),967,2123,豈伊異人이리오 兄弟具來로다,1dc9be62226da556,로다,True,로다,Level1
시경집전(하),968,2124,蔦與女蘿 施于松上이로다,6105af861b12a9a3,로다,False,로다,Level1
시경집전(하),970,2126,旣見君子하니 庶幾有臧이로다,5bc469afca556651,로다,True,로다,Level1
시경집전(하),972,2132,有頍者弁이여 實維在首로다,1e13b6544e3a9217,로다,False,로다,Level1
시경집전(하),974,2134,豈伊異人이리오 兄弟甥舅로다,463d42b5e6da53c5,로다,False,로다,Level1
시경집전(하),977,2137,樂酒今夕하여 君子維宴이로다,09378fb806fa744b,로다,True,로다,Level1
시경집전(하),980,2148,間關車之舝兮여 思變季女逝兮로다,5c65986329a89859,로다,True,로다,Level1
시경집전(하),985,2161,依彼平林에 有集維鷮로다,a299bc129bae17ac,로다,True,로다,Level1
시경집전(하),986,2162,辰彼碩女 令德來敎로다,bb30fcd740bb5af8,로다,True,로다,Level1
시경집전(하),987,2163,式燕且譽하여 好爾無射이로다,70541e91ff028c98,로다,True,로다,Level1
시경집전(하),996,2180,析其柞薪호니 其葉湑兮로다,c9cb39b0a83a2a2e,로다,False,로다,Level1
당송팔대가문초소식3,266,1049,唐柳宗元이 非之曰 屈子以禮之末로 忍絶其父將死之言이로다,a380f8c9d5bdf380,로다,True,로다,Level1
당송팔대가문초소식3,319,1248,故로 受之以賁라하니 盡矣로다,39b944964e7e1e9f,로다,True,로다,Level1
당송팔대가문초소식4,9,32,求聖人之意컨대 若左氏면 可以有取焉이로다,71f71193a90935cd,로다,True,로다,Level1
당송팔대가문초소식4,19,76,左氏得其正矣로다,475966953ac7089d,로다,True,로다,Level1
당송팔대가문초소식5,45,136,其木이 皆十圍요 岸谷隱然하야 凡園之百物이 無一不可人意者하니 信其用力之多且久也로다,bc3675229d74ea7a,로다,True,로다,Level1
당송팔대가문초소식5,76,234,曰 鶴飛去兮여 西山之缺이로다,b1db721302307cfb,로다,True,로다,Level1
당송팔대가문초소식5,76,235,高翔而下覽兮여 擇所適이로다,b5003a9d94571798,로다,True,로다,Level1
당송팔대가문초소식5,76,237,忽何所見고 矯然而復擊이로다,f9f224f8419b0fb2,로다,True,로다,Level1
당송팔대가문초소식5,76,238,獨終日於澗谷之間兮여 啄蒼苔而履白石이로다,39615cfcaabbed3f,로다,True,로다,Level1
당송팔대가문초소식5,76,239,鶴歸來兮여 東山之陰이로다,73565057b7aaeb00,로다,True,로다,Level1
당송팔대가문초소식5,76,240,其下有人兮여 黃冠草屨요 葛衣而鼓琴이로다,e967aed1d4faf81f,로다,True,로다,Level1
당송팔대가문초소식5,76,241,躬耕而食兮하야 其餘以汝飽로다,815b8051ab7e58df,로다,True,로다,Level1
당송팔대가문초소식5,108,363,夏侯湛이 贊東方生云 開濟明豁하고 包含宏大로되 陵轢卿相하고 嘲哂豪傑이로다,5664ba2260775067,로다,True,로다,Level1
당송팔대가문초소식5,144,487,乃歌曰 桓山之上에 維石嵯峨兮여 司馬之惡이 與石不磨兮로다,535810445efea30b,로다,True,로다,Level1
당송팔대가문초소식5,180,650,庖丁之理解와 郢人之鼻斲이 信矣로다,aeaf61dcc13d76f1,로다,False,로다,Level1
당송팔대가문초소식5,203,739,以此爲政한대 天下歌之曰 蕭何爲法에 顜(講)若畫一이러니 曹參代之하야 守而勿失이로다,5c769752b27a4c12,로다,True,로다,Level1
당송팔대가문초소식5,206,769,佑我文母와 及其孝孫이로다,e7aa0f5dcbf9743b,로다,False,로다,Level1
당송팔대가문초소식5,206,770,孝孫來饗하시니 左右耆耈로다,2866ef6dd9d89ab9,로다,False,로다,Level1
당송팔대가문초소식5,206,772,多士爲祥하니 文母所培로다,0c5e48ca9f76f41c,로다,True,로다,Level1
당송팔대가문초소식5,206,775,相以銘詩하니 震于四海로다,6860cf19b6ea7172,로다,True,로다,Level1
시경집전(하),1049,2297,醉而不出하니 是謂伐德이로다,a22564b1558ba82b,로다,False,로다,Level1
시경집전(하),1064,2331,魚在在藻하니 有頒其首로다,3eed851e280e4519,로다,True,로다,Level1
시경집전(하),1068,2341,魚在在藻하니 有莘其尾로다,bcdf4255ddf5d9dd,로다,False,로다,Level1
시경집전(하),1071,2345,魚在在藻하니 依于其蒲로다,59c6dcfd160bba9a,로다,True,로다,Level1
시경집전(하),1075,2352,采菽采菽은 筐之筥之로다,7dfda676f0e28839,로다,True,로다,Level1
시경집전(하),1077,2354,雖無予之나 路車乘馬로다,48caea37811730c9,로다,False,로다,Level1
시경집전(하),1078,2355,又何予之요 玄袞及黼로다,982d759e15648d37,로다,False,로다,Level1
시경집전(하),1084,2371,載驂載駟하니 君子所屆로다,1288c3426496713f,로다,False,로다,Level1
시경집전(하),1087,2380,赤芾在股요 邪幅在下로다,44ca4826a31beb55,로다,True,로다,Level1
시경집전(하),1088,2381,彼交匪紓하니 天子所予로다,dfd26217acba74f5,로다,False,로다,Level1
시경집전(하),1089,2382,樂只君子여 天子命之로다,9b5c91145f40925d,로다,False,로다,Level1
시경집전(하),1090,2383,樂只君子여 福祿申之로다,4e6c595b055c05e9,로다,True,로다,Level1
시경집전(하),1093,2391,維柞之枝여 其葉蓬蓬이로다,2eb1f7c6ac32ff04,로다,False,로다,Level1
시경집전(하),1094,2392,樂只君子여 殿天子之邦이로다,1747a5c82a574f97,로다,True,로다,Level1
시경집전(하),1095,2393,樂只君子여 萬福攸同이로다,4efa36dfcf8c0631,로다,True,로다,Level1
시경집전(하),1096,2394,平平左右 亦是率從이로다,f7dab6eaef71a603,로다,False,로다,Level1
시경집전(하),1099,2404,汎汎楊舟여 紼纚維之로다,d2c6e6d0937483ce,로다,False,로다,Level1
시경집전(하),1100,2405,樂只君子여 天子葵之로다,b4e094e7c66dc75a,로다,False,로다,Level1
시경집전(하),1101,2406,樂只君子여 福祿膍之로다,6cb55670cb3abc36,로다,True,로다,Level1
시경집전(하),1102,2407,優哉游哉라 亦是戾矣로다,27686051679cf574,로다,True,로다,Level1
시경집전(하),1289,2768,漸漸之石이여 維其卒矣로다,a14cac8f358857b4,로다,True,로다,Level1
시경집전(하),1291,2770,武人東征이여 不遑出矣로다,4f21865ca822e824,로다,False,로다,Level1
시경집전(하),1294,2776,月離于畢하니 俾滂沱矣로다,21b6f5dc3ff6b4ae,로다,True,로다,Level1
시경집전(하),1295,2777,武人東征이여 不遑他矣로다,fcf8e5cd6f3a7287,로다,True,로다,Level1
시경집전(하),1299,2789,苕之華여 芸其黃矣로다,634b3e4cc56ee1e9,로다,True,로다,Level1
시경집전(하),1300,2790,心之憂矣여 維其傷矣로다,341f71803b5e50a1,로다,True,로다,Level1
시경집전(하),1303,2795,苕之華여 其葉靑靑이로다,2eae4f5069341e15,로다,True,로다,Level1
시경집전(하),1306,2800,牂羊墳首며 三星在罶로다,0daf8c7957b59267,로다,True,로다,Level1
시경집전(하),1307,2801,人可以食이언정 鮮可以飽로다,fa3f975a55928a6c,로다,True,로다,Level1
시경집전(하),1320,2827,哀我征夫 朝夕不暇로다,e18b39c34f647fb2,로다,True,로다,Level1
시경집전(하),1323,2831,有芃者狐여 率彼幽草로다,4ed3d180b4090b1b,로다,True,로다,Level1
시경집전(하),1324,2832,有棧之車여 行彼周道로다,1362ae71bbed01dc,로다,False,로다,Level1
시경집전(하),1329,2841,周雖舊邦이나 斯命維新이로다,31398ac6b58c4da2,로다,True,로다,Level1
시경집전(하),1337,2862,凡周之士도 不顯가 亦世로다,88fd2cfd049088b4,로다,True,로다,Level1
시경집전(하),1340,2874,世之不顯가 厥猶翼翼이로다,0f2909b9cdcf35c1,로다,False,로다,Level1
시경집전(하),1341,2875,思皇多士 生此王國이로다,eba9235ea8b4091e,로다,True,로다,Level1
시경집전(하),1342,2876,王國克生하니 維周之楨이로다,d516462440be680a,로다,True,로다,Level1
시경집전(하),1349,2891,上帝旣命이라 侯于周服이로다,bf6f592942662c1e,로다,True,로다,Level1
시경집전(하),1354,2906,厥作祼將이여 常服黼冔로다,d2a5527c8b334196,로다,True,로다,Level1
시경집전(하),1357,2927,善不可不傳于後嗣로다,3cf39530af04e9d2,로다,False,로다,Level1
시경집전(하),1211,2623,隰桑有阿하니 其葉有沃이로다,cb42882175f49a9b,로다,True,로다,Level1
시경집전(하),1214,2627,隰桑有阿하니 其葉有幽로다,e572382c12ea3913,로다,True,로다,Level1
시경집전(하),1215,2628,旣見君子호니 德音孜膠로다,a7888c5d1261fe8d,로다,True,로다,Level1
시경집전(하),1227,2653,天步艱難이어늘 之子不猶로다,166fe3104bcc31dc,로다,False,로다,Level1
시경집전(하),1235,2669,維彼碩人이여 實勞我心이로다,b596e957f855cb5e,로다,False,로다,Level1
시경집전(하),1242,2682,有鶖在梁이어늘 有鶴在林이로다,65ffe5f99c5839ec,로다,False,로다,Level1
시경집전(하),1243,2683,維彼碩人이여 實勞我心이로다,b596e957f855cb5e,로다,False,로다,Level1
시경집전(하),1246,2691,鴛鴦在梁하니 戢其左翼이로다,23742744206c09c7,로다,True,로다,Level1
시경집전(하),1247,2692,之子無良하여 二三其德이로다,fbd2e7874e8ab8b8,로다,True,로다,Level1
시경집전(하),1250,2698,之子之遠이여 俾我疷兮로다,2c75f9beb5066ab9,로다,True,로다,Level1
시경집전(하),1254,2707,綿蠻黃鳥 止于丘阿로다,9951137a2809af0f,로다,True,로다,Level1
시경집전(하),1260,2718,綿蠻黃鳥 止于丘隅로다,33207d7a303b21f0,로다,True,로다,Level1
시경집전(하),1265,2726,綿蠻黃鳥 止于丘側이로다,5a3566f541450947,로다,True,로다,Level1
시경집전(하),1272,2736,君子有酒어늘 酌言嘗之로다,abe0aafa8b4596d6,로다,False,로다,Level1
시경집전(하),1276,2744,君子有酒어늘 酌言獻之로다,a286b6e6e811be38,로다,False,로다,Level1
시경집전(하),1279,2750,君子有酒어늘 酌言酢之로다,947b625f89490f32,로다,False,로다,Level1
시경집전(하),1281,2754,有兎斯首를 燔之炮之라 君子有酒어늘 酌言醻之로다,a6d4980e4f73b794,로다,False,로다,Level1
시경집전(하),1284,2760,漸漸之石이여 維其高矣로다,315e28b247021b4d,로다,True,로다,Level1
시경집전(하),1285,2761,山川悠遠하니 維其勞矣로다,89d9b20d218d57c1,로다,True,로다,Level1
시경집전(하),1286,2762,武人東征이여 不遑朝矣로다,61769ca2a21b4bda,로다,True,로다,Level1
당송팔대가문초소식5,398,1468,渺渺兮予懷여 望美人兮天一方이로다,dc6a5d89d4e73cff,로다,True,로다,Level1
당송팔대가문초소식5,405,1493,顧而樂之하야 行歌相答이러니 已而요 歎曰 有客이면 無酒요 有酒면 無肴로다,d232d98786a872b2,로다,True,로다,Level1
당송팔대가문초소식5,450,1652,茯苓麻麥이 有時而匱兮여 有則食하고 無則已者 與我無旣兮로다,329715fe84dd4419,로다,False,로다,Level1
당송팔대가문초소철1,243,1613,難哉로다,2660ad4b6dc5e55b,로다,False,로다,Level1
당송팔대가문초소철1,252,1671,性拙且懶하여 終不能奉咫尺之書하여 致慇懃於左右하고 乃使魯直以書先之하니 其爲愧恨을 可量也로다,0d170dfbd779952d,로다,False,로다,Level1
당송팔대가문초소철1,298,1959,詩曰 蒹葭蒼蒼하니 白露爲霜이로다,d71e573772098495,로다,True,로다,Level1
당송팔대가문초소철1,310,2019,世之英雄은 其處於世에 亦有幸不幸耶로다,07df1840601deedd,로다,True,로다,Level1
당송팔대가문초소철2,27,142,其智慮曾不足以及其後世하니 此亦甚可怪也로다,cee056b8be4af8fd,로다,True,로다,Level1
당송팔대가문초소철2,48,269,難哉로다,7080e717d6cf525c,로다,True,로다,Level1
당송팔대가문초소철2,91,513,外戚宦官更相屠滅하여 至以外兵繼之하니 嗚呼殆哉로다,0f9199564129b583,로다,False,로다,Level1
당송팔대가문초소철2,102,558,惜其爲義不終하여 使獻帝不安於上하고 義士憤怨於下로다,014487092c9a7810,로다,False,로다,Level1
당송팔대가문초소철2,155,875,大雅之稱文王曰 殷之孫子 其麗不億이언만 上帝旣命이라 侯于周服이로다,6e8f77776b9f4bf7,로다,False,로다,Level1
당송팔대가문초소철2,155,876,侯服于周하니 天命靡常이로다,8d3d07909caefa5f,로다,False,로다,Level1
당송팔대가문초소철2,169,955,國險而民附하고 賢才爲用하니 諸葛孔明以爲可與爲援이요 而不可圖라하거늘 而曹公以劉琮待之하여 欲一擧而下之하니 難哉로다,b79b75fdbbb04c9f,로다,False,로다,Level1
당송팔대가문초소철2,184,1055,世無孔孟하여 使楊墨塞路而莫之闢하니 吾則罪人爾矣로다,6bdb1fae7324c5ab,로다,False,로다,Level1
당송팔대가문초소철2,229,1318,今管仲婾取一時之欲하여 而僥倖於長久하니 難哉로다,a5b0ab280d37409e,로다,False,로다,Level1
당송팔대가문초소철2,232,1329,棄民五世而欲一朝收之하니 宜其難哉로다,53606a5e6db58984,로다,True,로다,Level1
당송팔대가문초소철3,131,689,故曰 畟畟良耜로 俶載南畝하여 播厥百穀하니 實函斯活이로다,a6a1359e497a55d3,로다,True,로다,Level1
당송팔대가문초소철3,131,693,而其終章曰 荼蓼朽止하니 黍稷茂止로다,4115c5132c714219,로다,True,로다,Level1
당송팔대가문초소철3,131,694,穫之挃挃하며 積之栗栗하니 其崇如墉이로다 其比如櫛하니 以開百室이로다,eb4c8c921b812460,로다,True,로다,Level1
시경집전(하),1106,2417,騂騂角弓이며 翩其反矣로다,017cf6008badcafe,로다,True,로다,Level1
시경집전(하),1114,2433,不令兄弟는 交相爲瘉로다,ac42d81071c3e260,로다,False,로다,Level1
시경집전(하),1118,2438,受爵不讓하나니 至于已斯亡이로다,f383a28e0d681c71,로다,False,로다,Level1
시경집전(하),1121,2443,老馬反爲駒하여 不顧其後로다,5e34653b0fa0d0b8,로다,False,로다,Level1
시경집전(하),1122,2444,如食宜饇어늘 如酌孔取로다,58ca935da54ccb66,로다,False,로다,Level1
시경집전(하),1130,2457,莫肯下遺요 式居婁驕로다,4438ebcda611eb26,로다,False,로다,Level1
시경집전(하),1147,2494,曷予靖之리오 居以凶矜이로다,f29bbab7f569839c,로다,True,로다,Level1
시경집전(하),1151,2506,彼都人士여 狐裘黃黃이로다,491dbf5e39784e3f,로다,True,로다,Level1
시경집전(하),1155,2516,彼都人士여 臺笠緇撮이로다,3f832ef4c011e8b5,로다,False,로다,Level1
시경집전(하),1156,2517,彼君子女여 綢直如髮이로다,7232169b6050496f,로다,False,로다,Level1
시경집전(하),1159,2525,彼都人士여 充耳琇實이로다,4eb72aa3007361a1,로다,False,로다,Level1
시경집전(하),1160,2526,彼君子女여 謂之尹吉이로다,7a08cea2426dbf40,로다,False,로다,Level1
시경집전(하),1163,2535,彼都人士여 垂帶而厲로다,c751999c2cf95ba2,로다,False,로다,Level1
시경집전(하),1164,2536,彼君子女여 卷髮如蠆로다,bb6025adb43b174c,로다,False,로다,Level1
시경집전(하),1168,2545,匪伊卷之라 髮則有旟로다,0a95e78364a80269,로다,False,로다,Level1
시경집전(하),1184,2575,其釣維何오 維魴及鱮로다,ffce3abfb38d672e,로다,False,로다,Level1
시경집전(하),1188,2580,芃芃黍苗를 陰雨膏之로다,73d990746d12bfbf,로다,False,로다,Level1
시경집전(하),1189,2581,悠悠南行을 召伯勞之로다,7038425da0eeeb58,로다,True,로다,Level1
시경집전(하),1199,2599,烈烈征師를 召伯成之로다,7dacd92758a25a1a,로다,False,로다,Level1
시경집전(하),1207,2614,隰桑有阿하니 其葉有難로다,50ea29280d46fe52,로다,True,로다,Level1
당송팔대가문초왕안석1,365,1670,往者에 足下遽不棄絶하고 手書勤勤하야 尙告以其所不及하니 幸甚 幸甚이로다,0addeaaa2443771f,로다,False,로다,Level1
당송팔대가문초왕안석1,366,1681,某之事도 不幸而類此로다,921726d1fdc4a59a,로다,False,로다,Level1
당송팔대가문초왕안석1,370,1695,自涇至此가 蓋五百里요 而又有山川之阨이어늘 足下樂從所聞하야 而不以爲遠하니 亦有志矣로다,da3ab9b3e4e61d55,로다,True,로다,Level1
당송팔대가문초왕안석1,380,1726,某는 鄙朴하야 未嘗得邂逅러니 而蒙以書辱於千里之遠하니 固已幸甚이로다,9e33f688d3b1ebaa,로다,True,로다,Level1
당송팔대가문초왕안석1,386,1751,鞏在京師에 避兄而舍는 此雖某라도 亦辠之也니 宜足下深攻之也로다,0a7016372691a1d9,로다,True,로다,Level1
당송팔대가문초왕안석1,387,1766,家兄未嘗親鞏也는 顧亦過于聽耳어늘 足下乃欲引忌者怨者過於聽者之言하야 縣斷賢者之是非하니 甚不然也로다,23ab541398c489c5,로다,False,로다,Level1
당송팔대가문초왕안석1,391,1781,夫顧而自忖其中則欿然이요 其爲貌言也 乃有以召君子之愛하니 宜乎不知其爲懼與媿也로다,5fec538cb311fcd2,로다,True,로다,Level1
당송팔대가문초왕안석1,396,1791,足下恥爲進士하고 貴其身 而以自娛於文하야 而貧無以自存하니 此尤所以爲難者로다,2355ac3cf590c0dd,로다,True,로다,Level1
당송팔대가문초왕안석1,402,1815,足下之賜過矣라 不敢當也로다,9d97e1867cd72098,로다,True,로다,Level1
당송팔대가문초왕안석1,431,1912,不得與夫虎豹翬翟之文章과 楩柟豫章竹箭之材하야 俱出而爲用於天下하고 顧藏其神奇하야 而與龍蛇로 雜此土以處也로다,b5035d4009c2780f,로다,True,로다,Level1
당송팔대가문초왕안석1,434,1923,二百四十二年之間에 字而不名者는 十二人而已니 人有可貴로되 而不失其所以貴가 乃爾其少也로다,ea6d82bb6074df83,로다,False,로다,Level1
당송팔대가문초왕안석1,448,1966,予在揚州에 朝之人過焉者 多堪大臣之事로되 可信而望者는 陳升之而已矣로다,b004365ab3dc82ba,로다,False,로다,Level1
당송팔대가문초왕안석1,456,1998,惜也不得志於君하야 使眞儒之效不白於當世라 然其於衆人也에 卓矣로다,6068b39af41d1728,로다,False,로다,Level1
당송팔대가문초왕안석1,469,2079,太初는 於是無變今之法하고 而不失古之實하니 其不可以無傳也로다,18362f9537b17f30,로다,True,로다,Level1
당송팔대가문초왕안석1,475,2108,夫吏者 無變今之法하고 而不失古之實하니 此는 有道者之所能也니 林君之爲 其幾於此矣로다,46ab6151fb4607ae,로다,True,로다,Level1
당송팔대가문초왕안석1,490,2167,以至和元年八月에 始作하야 而以二年之六月에 成하니 夫其爲役이 亦大矣로다,3f0c96e0b9ae2472,로다,False,로다,Level1
당송팔대가문초왕안석1,491,2171,然則城郭者는 先王有之나 而非所以恃而爲存也로다,79d1cd073b7c03d4,로다,False,로다,Level1
당송팔대가문초왕안석1,497,2200,公所以捄災補敗之政이 如此하니 其賢於世吏遠矣로다,82a29272d5efdb37,로다,False,로다,Level1
당송팔대가문초왕안석1,501,2215,其仁民之心이 效見於事如此하니 亦可以已나 而猶自以爲未也라하고 又思有以告後之人하야 令嗣續而完之하야 以永其存하니 善夫로다,adeb45d9e3cf1b9d,로다,True,로다,Level1
당송팔대가문초왕안석1,502,2223,其可歎也로다,ef404a19074a66ad,로다,True,로다,Level1
당송팔대가문초왕안석1,508,2243,此何足以盡吾沈君之才리오마는 抑可以觀其志矣로다,b96a04ad35b6c469,로다,True,로다,Level1
당송팔대가문초왕안석1,542,2383,蓋慧禮者를 予知之호니 其行謹潔하야 學博而才敏하고 而又卒之以不私하니 宜成此不難也로다,82815f53c83615e3,로다,False,로다,Level1
당송팔대가문초왕안석1,546,2402,智福은 有才略하고 善治其徒衆이로다,90be45beb4196c6d,로다,False,로다,Level1
당송팔대가문초왕안석1,555,2429,亦奇로다,d60060965fc4e1b2,로다,True,로다,Level1
당송팔대가문초왕안석1,556,2435,雖然이나 子旣圖之矣니 余不可以無記也로다,5fa42f6a4397cd34,로다,True,로다,Level1
당송팔대가문초왕안석2,4,14,荀卿이 生於亂世하야 不能考論先王之法하야 著之天下하고 而惑於亂世之俗하야 遂以爲聖世之士도 亦若是而已라하니 亦已過也로다,f71061afe1fc5d94,로다,True,로다,Level1
당송팔대가문초왕안석2,7,25,所謂君子者는 貴其能不易乎世也라 荀卿이 生於亂世하야 而遂以亂世之事로 量聖人이로다,3bc2dcd03c8a2038,로다,False,로다,Level1
당송팔대가문초왕안석2,18,60,以聖人觀之하면 猶太山之於岡陵이요 河海之於陂澤이니 然則聖人之事를 可知其大矣로다,ccfa6f6f3710d945,로다,False,로다,Level1
당송팔대가문초왕안석2,36,138,觀其言하고 迹其事컨댄 乃與夫儀秦軫代와 無以異也로다,8a8aedf2c4cae6f9,로다,False,로다,Level1
당송팔대가문초왕안석2,48,193,然周之說이 其於道에 旣反之하니 宜其得罪於聖人之徒也로다,94643d5887e5ae44,로다,False,로다,Level1
당송팔대가문초왕안석2,49,198,周之能言而不通乎此也로다,90c58b611acba54d,로다,True,로다,Level1
당송팔대가문초왕안석2,60,248,故荀卿以爲特劫之法度之威하야 而爲之於外爾니 此亦不思之過也로다,131874ee9de0b053,로다,False,로다,Level1
당송팔대가문초왕안석2,69,284,禮反其所自始요 樂反其所自生이니 吾於禮樂에 見聖人所貴其生也至矣로다,a63059996589373a,로다,False,로다,Level1
당송팔대가문초왕안석2,74,329,禮樂之意不傳이 久矣로다,300357e7d85b01a1,로다,True,로다,Level1
당송팔대가문초왕안석2,76,351,易에 曰 損은 先難而後獲이라하니 顔子之謂也로다,e4e18c5b27090dc7,로다,False,로다,Level1
당송팔대가문초왕안석2,90,439,今天下蓋嘗患無材로다,b5d8718a80b1e643,로다,True,로다,Level1
당송팔대가문초왕안석2,122,567,其相似也適然이로다,f11674490a29c472,로다,False,로다,Level1
당송팔대가문초왕안석2,131,585,夫文公之好惡는 蓋所謂皆過其分者耳로다,6fae79e061e998d7,로다,False,로다,Level1
당송팔대가문초왕안석2,139,613,當李氏之危也하야 佑能切諫호되 鉉獨無一說하고 以佑見誅에 鉉又不能力諍하야 卒使其君으로 有殺忠臣之名하고 踐亡國之禍하니 皆鉉之由也로다,91ef2bdb73008b08,로다,False,로다,Level1
당송팔대가문초왕안석2,152,642,此兩人者는 汚隱困約之時에 自貴其身하고 不妄願知하니 亦曰有待焉이로다,3bf8559914916353,로다,False,로다,Level1
시경집전(하),1369,2958,"是詩는 首言文王在上於昭于天, 文王陟降在帝左右하고 而終之以此하니 其旨深矣로다",dabcf617d7e65ca4,로다,True,로다,Level1
시경집전(하),1394,3015,大邦有子하니 俔天之妹로다,15856d68d4acb283,로다,True,로다,Level1
시경집전(하),1405,3038,矢于牧野하니 維予侯興이로다,a00f99928c445e87,로다,True,로다,Level1
시경집전(하),1409,3050,牧野洋洋하니 檀車煌煌하며 駟騵彭彭이로다,2c2d9734ed9dc8b0,로다,True,로다,Level1
시경집전(하),1411,3052,涼彼武王하여 肆伐大商하니 會朝淸明이로다,a2481b1d40d68c50,로다,True,로다,Level1
시경집전(하),1424,3100,周原膴膴하니 蓳茶如飴로다,498746b4de1809fb,로다,True,로다,Level1
시경집전(하),1435,3127,縮版以載하니 作廟翼翼이로다,029b3e419c1f2ecb,로다,True,로다,Level1
시경집전(하),1439,3136,百堵皆興하니 鼛鼓弗勝이로다,dcbfc9e5421b2923,로다,True,로다,Level1
시경집전(하),1443,3149,迺立冢土하니 戎醜攸行이로다,2e3a1a2ad855f6b7,로다,True,로다,Level1
시경집전(하),1447,3161,混夷駾矣하여 維其喙矣로다,bede68a641f93071,로다,True,로다,Level1
시경집전(하),1457,3199,芃芃棫樸을 薪之槱之로다,5343097153604d28,로다,False,로다,Level1
시경집전(하),1458,3200,濟濟辟王이여 左右趣之로다,303a9a59ae7b6fdd,로다,True,로다,Level1
시경집전(하),1461,3209,濟濟辟王이여 左右奉璋이로다,bbf0afb36d51f82a,로다,True,로다,Level1
시경집전(하),1462,3210,奉璋峨峨하니 髦士攸宜로다,a4f360c32fe19d6b,로다,True,로다,Level1
시경집전(하),1464,3216,淠彼涇舟를 烝徒楫之로다,d3f453f15730107a,로다,False,로다,Level1
시경집전(하),1465,3217,周王于邁하시니 六師及之로다,dbef21965d496dd2,로다,False,로다,Level1
시경집전(하),1468,3224,倬彼雲漢이여 爲章于天이로다,ec93b0a9ea637c0a,로다,True,로다,Level1
시경집전(하),1471,3234,追琢其章이요 金玉其相이로다,a793bb450ee9ddc6,로다,True,로다,Level1
시경집전(하),1472,3235,勉勉我王이여 綱紀四方이로다,70cbffbaf3883a44,로다,True,로다,Level1
시경집전(하),1477,3245,瞻彼旱麓한대 榛楛濟濟로다,b051343700fb71cc,로다,False,로다,Level1
당송팔대가문초소철3,131,695,百室盈止하니 婦子寧止로다,149c04b1269f7ec9,로다,True,로다,Level1
당송팔대가문초소철3,131,696,殺時犉牡하니 有捄其角이로다,719271622c5a7d6c,로다,False,로다,Level1
당송팔대가문초소철3,210,1140,詩曰 泂酌彼行潦하여 挹彼注玆라도 可以饙饎로다,e4e70cb32d8d76bd,로다,False,로다,Level1
당송팔대가문초소철3,231,1256,詩曰 卓彼甫田에 歲取十千이로다,d03acb6da693aeb4,로다,True,로다,Level1
당송팔대가문초소철3,306,1650,自開寶以來 得若干人에 而君之祖考伯父三人在焉이니 嗚呼盛哉로다,598e03e866a2e8fb,로다,True,로다,Level1
당송팔대가문초왕안석1,1,4,譬則武丁之於傅說과 孔明之於昭烈에 不是過已로다,e191709918025d61,로다,True,로다,Level1
당송팔대가문초왕안석1,11,44,因言 唐太宗必得魏徵하고 劉備必得諸葛亮然後에 可以有爲하니 二子誠不世出之人也로다,d5962b76998fd756,로다,True,로다,Level1
당송팔대가문초왕안석1,72,452,而惜也로다,369b98d457cd1962,로다,True,로다,Level1
당송팔대가문초왕안석1,72,455,及其位高而勢危하고 寵專而氣銳하야 所以材佞之士得投間以入하고 而平生所自喜者가 反爲左右所閼하야 而國家도 亦多故矣니 惜哉로다,ac83c5e2552dc6e4,로다,True,로다,Level1
당송팔대가문초왕안석1,227,1161,於是裳裳者華魚藻之詩가 作於時而曰 左之左之에 君子宜之요 右之右之에 君子有之로다,f95d1e7d3c9a9169,로다,False,로다,Level1
당송팔대가문초왕안석1,296,1414,上固欲公毋涉難冒險하고 以百全取勝하시니 如所喩면 甚善甚善이로다,d11d3ca0f51bdef5,로다,False,로다,Level1
당송팔대가문초왕안석1,297,1420,自古以好坑殺人은 致畔하고 以能撫養은 收其用하니 皆公所覽見이로다,d498f60cc410a742,로다,False,로다,Level1
당송팔대가문초왕안석1,297,1424,與討而驅之와 使堅附賊爲我患은 利害不侔也로다,d7a3aa147bf32a47,로다,False,로다,Level1
당송팔대가문초왕안석1,302,1441,譬由笙磬之音과 圭璋之器가 有節奏焉하고 有法度焉하야 雖庸耳라도 必知雅正之可貴하고 溫潤之可寶也로다,bb6a14528962a4a1,로다,True,로다,Level1
당송팔대가문초왕안석1,317,1499,間閱足下之詩라가 竊有疑焉하니 不敢不以告로다,b08d6a06d5a62583,로다,False,로다,Level1
당송팔대가문초왕안석1,321,1531,議者多言 遽欲開納西人이면 則示之以弱하야 彼更倔强이라하나 以事情料之컨대 殆不如此로다,bac56508950c654f,로다,False,로다,Level1
당송팔대가문초왕안석1,347,1623,無由會晤하니 不任區區向往之至로다,855ce17a8c333929,로다,True,로다,Level1
당송팔대가문초왕안석1,361,1659,辱書勤勤하야 敎我以義命之說하니 此乃足下忠愛於故舊하야 不忍捐棄하고 而欲誘之以善也니 不敢忘不敢忘이로다,c4b4bf6a28fbd580,로다,True,로다,Level1
당송팔대가문초왕안석1,362,1664,顧非與足下久相從而熟講之하니 不足以盡也로다,811bd9d98adb7bcd,로다,True,로다,Level1
당송팔대가문초왕안석1,365,1669,此其所以爲不肖而得辠於君子者니 而足下之所知也로다,39e8c406caadd839,로다,False,로다,Level1
당송팔대가문초왕안석2,159,665,宜其歷年以千數로되 而聖人之經이 卒於不明하야 而學者莫能資其言하야 以施於世也로다,216832e6cdc07517,로다,True,로다,Level1
당송팔대가문초왕안석2,161,669,學者不知古之所以敎하고 而蔽於傳注之學也久矣로다,9c1f3b0aff01fff9,로다,True,로다,Level1
당송팔대가문초왕안석2,175,818,是故로 不可以無銘也로다,4e4d3ad6976886e7,로다,False,로다,Level1
당송팔대가문초왕안석2,182,864,其可謂賢於人也已로다,6a752d394202010d,로다,True,로다,Level1
당송팔대가문초왕안석2,191,949,乃亦以詒其鄕里로다,0526ff3d4e704245,로다,True,로다,Level1
당송팔대가문초왕안석2,197,976,千載之祠 如祠之初로다,bb78029bf8c3db03,로다,True,로다,Level1
당송팔대가문초왕안석2,202,1000,又以爲詔令不宜偏出數易이라하야 請繇中書密院然後下하니 其所嘗言甚衆하야 不可悉數로다,d2f434c806113ae1,로다,True,로다,Level1
당송팔대가문초왕안석2,240,1228,權彊所忌요 讒諂所讐로다,b36513a7f701e446,로다,True,로다,Level1
당송팔대가문초왕안석2,253,1303,於宋繼顯하니 自公攸始로다,7b1378f62d7b2014,로다,True,로다,Level1
당송팔대가문초왕안석2,265,1362,吏方操法以責士하니 則君之流離窮困하야 幾至老死하니 尙以得罪於言者도 亦其理也로다,168560076a2a1bb3,로다,False,로다,Level1
당송팔대가문초왕안석2,267,1373,嗚呼已矣라 卜此新宮이로다,51af9c3ac07b3bc4,로다,True,로다,Level1
당송팔대가문초왕안석2,271,1390,遇事强果하야 未嘗少屈하니 蓋孔子所謂剛者는 殆蘇君矣로다,922e31f9d08bda69,로다,True,로다,Level1
당송팔대가문초왕안석2,280,1453,初에 公爲臨江軍에 先君爲之佐하고 其後二十五年에 某得主簿於淮南하야 而兄事之하니 仍世有好에 義不可以辭無銘也로다,ea58df74f8c1716b,로다,False,로다,Level1
당송팔대가문초왕안석2,293,1538,其尤可以見公之志也로다,5d8f788a07b465ca,로다,False,로다,Level1
당송팔대가문초왕안석2,302,1591,正晝而隕하니 嗚呼可悲로다,6b75d3c9d74b2153,로다,True,로다,Level1
당송팔대가문초왕안석2,312,1659,始에 公自任以當世之重也하고 雖人望公則亦然이러니 及遭太宗하야 自謂志可行이라가 卒之閉於奸邪하니 彼誠有命焉이로다,3ca2cb011d299973,로다,True,로다,Level1
당송팔대가문초왕안석2,312,1663,雖其少枉이라도 合乎未可必也니 彼誠有命焉이로다,7cbbcaf99b239ce9,로다,True,로다,Level1
당송팔대가문초왕안석2,318,1691,可謂賢已로다,922dab754de0c7c9,로다,True,로다,Level1
당송팔대가문초왕안석2,319,1695,今又銘叔하니 嗚呼可哀로다,7d521e88b240484b,로다,True,로다,Level1
당송팔대가문초왕안석2,325,1723,可悲也已로다,8e3e32eae05aafce,로다,True,로다,Level1
당송팔대가문초왕안석2,327,1726,又予以時로다,5c7679731b92408a,로다,True,로다,Level1
당송팔대가문초왕안석2,327,1728,使驟而馳로다,adca0a07b99a5b1b,로다,True,로다,Level1
당송팔대가문초왕안석2,327,1730,後有推之로다,24b188cc102ce7ff,로다,True,로다,Level1
당송팔대가문초왕안석2,327,1736,書以余辭로다,1426a51749e57bfd,로다,True,로다,Level1
당송팔대가문초왕안석2,344,1889,以完歸親維有祉로다,cdded5fc2dd8166e,로다,True,로다,Level1
당송팔대가문초왕안석2,373,2009,君以此其材로 至白首無所遇로되 而恂恂自克하야 以考厥終하고 克有名子하야 載其行治하니 其可銘이로다,43442b417d3f1fbb,로다,True,로다,Level1
당송팔대가문초왕안석2,374,2012,視時弛張하야 以不悖于常하니 維士之良이로다,d341ce2d98c77237,로다,True,로다,Level1
당송팔대가문초왕안석2,379,2035,甚可悲也로다,b9b057f7590cfdce,로다,True,로다,Level1
당송팔대가문초왕안석2,381,2043,維其心之亨하야 以實其聲也로다,640564e6dc234491,로다,True,로다,Level1
당송팔대가문초왕안석2,387,2065,其若是하니 余不可以無銘이로다,23aeac24f883c572,로다,True,로다,Level1
당송팔대가문초왕안석2,394,2112,惟其有命이라 故止於斯로다,f02f54fa92f35f9f,로다,False,로다,Level1
당송팔대가문초왕안석2,398,2134,君知此矣니 則其自信不屈은 宜以有所負而然이어늘 惜乎라 其未試也로다,d04e5bd9cdc90ce3,로다,True,로다,Level1
당송팔대가문초왕안석2,400,2141,天偶人觭로다,4836cc027701d40c,로다,True,로다,Level1
당송팔대가문초왕안석2,400,2142,翔其德音이어늘 而躓於時로다,118295ed3e61af27,로다,True,로다,Level1
당송팔대가문초왕안석2,408,2244,此亦所謂未見其止而可惜者也로다,446683eec6b50bac,로다,True,로다,Level1
당송팔대가문초왕안석2,413,2260,其可哀也已로다,3f22fd20430a0fbb,로다,True,로다,Level1
당송팔대가문초왕안석2,414,2261,士固有離世異俗하야 獨行其意라가 罵譏笑侮困辱而不悔는 彼皆無衆人之求요 而有所待於後世者也니 其齟齬固宜로다,71f1f7ace0557fdd,로다,True,로다,Level1
당송팔대가문초왕안석2,414,2265,彼有所待而不悔者를 其知之矣로다,1ecd216c2e1e8e23,로다,True,로다,Level1
당송팔대가문초왕안석2,416,2271,有拔而起之라가 莫擠而止之로다,461ff13883ce384f,로다,True,로다,Level1
당송팔대가문초왕안석2,429,2326,雖吾小人이나 與榮焉이요 無悔焉이니 不知子之兄可不可로다,84e673071556c8a8,로다,True,로다,Level1
시경집전(하),1731,3913,君子萬年에 介爾景福이로다,023e4662200f3327,로다,True,로다,Level1
시경집전(하),1735,3921,君子萬年에 介爾昭明이로다,a99418bb9e5a0b69,로다,True,로다,Level1
시경집전(하),1737,3926,昭明有融하니 高朗令終이로다,b73ccdf4dc636850,로다,True,로다,Level1
시경집전(하),1738,3927,令終有俶하니 公尸嘉告로다,febf6693c8092b42,로다,True,로다,Level1
시경집전(하),1741,3939,朋友攸攝이 攝以威儀로다,c34e29d0802dafe8,로다,True,로다,Level1
시경집전(하),1744,3946,威儀孔時어늘 君子有孝子로다,59441583e3a81bc5,로다,True,로다,Level1
시경집전(하),1745,3947,孝子不匱하니 永錫爾類로다,13ffbf56323f6cfc,로다,True,로다,Level1
시경집전(하),1747,3954,君子旣孝而嗣子又孝하니 其孝可謂源源不竭矣로다,d2a0bc5b708f15fe,로다,True,로다,Level1
시경집전(하),1748,3955,其類維何오 室家之壺이로다,5b662d51147a1486,로다,True,로다,Level1
시경집전(하),1749,3956,君子萬年에 永錫祚胤이로다,7e0cb6116a80c20d,로다,True,로다,Level1
시경집전(하),1752,3961,君子萬年에 景命有僕이로다,c067544d7105d110,로다,True,로다,Level1
시경집전(하),1755,3965,其僕維何오 釐爾女士로다,ea46755968c17513,로다,True,로다,Level1
시경집전(하),1756,3966,釐爾女士요 從以孫子로다,bc853b24135d1e08,로다,True,로다,Level1
시경집전(하),1759,3972,鳧鷖在涇이어늘 公尸來燕來寧이로다,9beb6a55e4ce1567,로다,True,로다,Level1
시경집전(하),1760,3973,爾酒旣淸하며 爾殽旣馨이로다,fdb84a0b031460dd,로다,True,로다,Level1
시경집전(하),1761,3974,公尸燕飮하니 福祿來成이로다,a8223bdc151b95cd,로다,True,로다,Level1
시경집전(하),1764,3983,鳧鷖在沙어늘 公尸來燕來宜로다,cd491e580f546115,로다,True,로다,Level1
시경집전(하),1765,3984,爾酒旣多하며 爾殽旣嘉로다,31552a485e3c2ec1,로다,True,로다,Level1
시경집전(하),1766,3985,公尸燕飮하니 福祿來爲로다,ca05cef1386dd70e,로다,True,로다,Level1
시경집전(하),1768,3988,鳧鷖在渚어늘 公尸來燕來處로다,fa9df84b12f14259,로다,True,로다,Level1
시경집전(하),1478,3246,豈弟君子여 干祿豈弟로다,2ba1d654a8ab4bee,로다,True,로다,Level1
시경집전(하),1481,3256,瑟彼玉瓚에 黃流在中이로다,caa22a328146dad4,로다,True,로다,Level1
시경집전(하),1482,3257,豈弟君子여 福祿攸降이이로다,c606e5b0c1052c70,로다,True,로다,Level1
시경집전(하),1485,3265,鳶飛戾天이어늘 魚躍于淵이로다,971c2ec28ef0cbba,로다,True,로다,Level1
시경집전(하),1490,3274,以享以祀하여 以介景福이로다,c78a33472a96e970,로다,True,로다,Level1
시경집전(하),1492,3278,瑟彼柞棫은 民所燎矣로다,6620335c7886e5b6,로다,True,로다,Level1
시경집전(하),1493,3279,豈弟君子는 神所勞矣로다,5cecdee05454ae6e,로다,True,로다,Level1
시경집전(하),1495,3284,莫莫葛藟여 施于條枚로다,9a80000181a3ad93,로다,True,로다,Level1
시경집전(하),1496,3285,豈弟君子여 求福不回로다,dc9bc38eb823b269,로다,True,로다,Level1
시경집전(하),1532,3373,攘之剔之하니 其檿其柘로다,d8f57b6e632311a7,로다,False,로다,Level1
시경집전(하),1560,3459,無飮我泉이라 我泉我池로다,d4a2d3e080166fa2,로다,True,로다,Level1
시경집전(하),1572,3493,臨衝閑閑하니 崇墉言言이로다,b1e75968763dd6e1,로다,True,로다,Level1
시경집전(하),1573,3494,執訊連連하며 攸馘安安이로다,f1cecf3faebb93d9,로다,False,로다,Level1
시경집전(하),1574,3495,是類是禡하여 是致是附하시니 四方以無侮로다,9ff83c64a09fc1bf,로다,True,로다,Level1
시경집전(하),1575,3496,臨衝茀茀하니 崇墉仡仡이로다,a4167b6012e96652,로다,True,로다,Level1
시경집전(하),1576,3497,是伐是肆하며 是絶是忽하시니 四方以無拂이로다,5f5256347d70d3fa,로다,True,로다,Level1
시경집전(하),1582,3516,庶民攻之라 不日成之로다,9731ca2f50f4c2c5,로다,False,로다,Level1
시경집전(하),1583,3517,經始勿亟하시나 庶民子來로다,025ab9525ee991be,로다,True,로다,Level1
시경집전(하),1586,3528,王在靈囿하시니 麀鹿攸伏이로다,b87b01243b14eea8,로다,True,로다,Level1
시경집전(하),1587,3529,麀鹿濯濯이어늘 白鳥翯翯이로다,3aef444c5d3c5b9b,로다,True,로다,Level1
당송팔대가문초왕안석2,515,2718,爲吾能爲하니 已矣無悲로다,b03f10244770add8,로다,True,로다,Level1
당송팔대가문초왕안석2,519,2736,夫人之德如是하니 是宜有銘者로다,dc1912d5221e0f53,로다,True,로다,Level1
당송팔대가문초왕안석2,520,2742,惟德之經이로다,6d618e03b16a2e0e,로다,True,로다,Level1
당송팔대가문초왕안석2,523,2753,其可銘也로다,a93ad479e4ab0e3a,로다,True,로다,Level1
당송팔대가문초왕안석2,544,2852,良可悲也로다,612de523b1b88f53,로다,True,로다,Level1
당송팔대가문초왕안석2,545,2855,歸孔昭兮로다,4f1ced6ebce19201,로다,True,로다,Level1
당송팔대가문초왕안석2,545,2856,窈其爲德이요 婉有儀兮로다,e0f86963dc9a17df,로다,True,로다,Level1
당송팔대가문초왕안석2,545,2857,命云如何오 壯則萎兮로다,d4585a7a94650941,로다,True,로다,Level1
당송팔대가문초왕안석2,545,2858,烝烝令子 悲慕思兮로다,f4d52e715268039a,로다,True,로다,Level1
당송팔대가문초왕안석2,545,2859,有嚴葬祔하야 祭配祗兮로다,056d2ca4b896ed7b,로다,True,로다,Level1
당송팔대가문초왕안석2,545,2860,告哀無窮하야 銘此詩兮로다,5c43edbd17db707d,로다,True,로다,Level1
당송팔대가문초왕안석2,554,2899,今湜能言其父之賢如此하니 問其州人與之游仕於此者면 乃以爲良然이로다,78fdfa58735eea9f,로다,True,로다,Level1
당송팔대가문초왕안석2,558,2915,公賢遠矣로다,455f27ec5154fccf,로다,True,로다,Level1
당송팔대가문초왕안석2,616,3159,功名成就하고 不居而去하니 其出處進退는 又庶乎英魄靈氣 不隨異物腐散하야 而長在乎箕山之側과 與潁水之湄로다,6cf4ad7235797402,로다,True,로다,Level1
당송팔대가문초왕안석2,620,3181,能人所難하니 可謂君子로다,f921345e91ec2222,로다,True,로다,Level1
당송팔대가문초유종원1,53,392,豈說者過也로다,7a95bf01c3a51add,로다,False,로다,Level1
당송팔대가문초유종원1,69,518,東西來者 皆曰 海上多君子에 周爲倡焉이라하니 敢再拜稱賀로다,736031a6f8f57021,로다,True,로다,Level1
당송팔대가문초유종원1,82,649,佞之惡 而恭反得罪로다,c9a27fd331c83788,로다,True,로다,Level1
당송팔대가문초유종원1,94,739,明天子賢宰相이 得史才如此而又不果하니 甚可痛哉로다,e4f3eb38c78e2102,로다,True,로다,Level1
당송팔대가문초유종원1,107,793,兄之學爲不負孔氏矣로다,0b3bfd6878563e6d,로다,True,로다,Level1
당송팔대가문초왕안석2,430,2334,其卒也에 族分而貲衰하니 舜元爲善士로다,9f45b3c51cd7a4b9,로다,True,로다,Level1
당송팔대가문초왕안석2,435,2351,芭稱雄書以爲勝周易이라하니 易不可勝也니 芭尙不爲知雄者로다,0adf7382be7b3c5a,로다,False,로다,Level1
당송팔대가문초왕안석2,435,2357,天之生夫人也에 而命之如此하니 蓋非余所能知也로다,98dc955858dc56f6,로다,True,로다,Level1
당송팔대가문초왕안석2,437,2370,莫吾知庸이나 亦莫吾侮로다,e9d9e72ac6bcd1d5,로다,False,로다,Level1
당송팔대가문초왕안석2,437,2371,神則尙反이리니 歸形此土로다,41db745e7ec3fc52,로다,True,로다,Level1
당송팔대가문초왕안석2,441,2391,今棄予而死矣하니 悲夫로다,aa6c1953123a88a8,로다,True,로다,Level1
당송팔대가문초왕안석2,443,2400,樂以不罷하야 不怨以疑로다,96e8f236cec4e83e,로다,True,로다,Level1
당송팔대가문초왕안석2,443,2402,將在于玆로다,de38ebf7bde8f9c3,로다,True,로다,Level1
당송팔대가문초왕안석2,451,2435,孔子曰 秀而不實者 有矣夫하시니 漢臣幾是矣로다,03c542a3c07da6a3,로다,False,로다,Level1
당송팔대가문초왕안석2,464,2487,其可銘也已로다,5b635a4509090cd5,로다,False,로다,Level1
당송팔대가문초왕안석2,465,2493,匪佚之爲私라 維志之求로다,2a85e4da7d1e0953,로다,False,로다,Level1
당송팔대가문초왕안석2,469,2502,故其所稱述을 多所謂天之君子하니 若君者 似之矣로다,4f1e97efd21dc0eb,로다,False,로다,Level1
당송팔대가문초왕안석2,478,2544,古所謂淑人君子者를 公於是可以當之矣로다,11aaaf0042fb560d,로다,False,로다,Level1
당송팔대가문초왕안석2,491,2621,其於義與命에 可謂能安之矣로다,621e0d61abc99282,로다,False,로다,Level1
당송팔대가문초왕안석2,498,2653,濤有學行하야 知名하고 旊斿는 亦皆嶷嶷有立하니 君祉所施 庶在於此로다,46be130ad4fbc5a8,로다,False,로다,Level1
당송팔대가문초왕안석2,502,2671,雖然이나 先生孝友最隆하야 委百世之重이어늘 而無所屬以傳이로다,39daeb2a63fe0498,로다,True,로다,Level1
당송팔대가문초왕안석2,503,2678,極矣로다,825c1e422830fc76,로다,True,로다,Level1
당송팔대가문초왕안석2,508,2694,於呼鮮哉인저 可謂君子로다,56287743d1be290e,로다,True,로다,Level1
당송팔대가문초왕안석2,512,2704,夫其所以事親能如此하니 雖有不至라도 其亦可以無憾矣로다,cb8e3b4b259e563a,로다,False,로다,Level1
당송팔대가문초왕안석2,513,2713,悲夫로다,24e001b06e08601a,로다,True,로다,Level1
시경집전(하),1588,3530,王在靈沼하시니 於牣魚躍이로다,81023e1604e1adf3,로다,True,로다,Level1
시경집전(하),1591,3539,於論鼓鍾이여 於樂辟廱이로다,f25547d9bd4f850f,로다,True,로다,Level1
시경집전(하),1593,3549,於論鼓鍾이여 於樂辟廱이로다,f25547d9bd4f850f,로다,True,로다,Level1
시경집전(하),1594,3550,鼉鼓逢逢하니 矇瞍奏公이로다,7ad1d0adba4dd332,로다,False,로다,Level1
시경집전(하),1617,3604,受天之祜하시니 四方來賀로다,1d5dee62140e18f9,로다,True,로다,Level1
시경집전(하),1625,3620,甚大乎其有聲也로다,b5d2c9f72b63661a,로다,True,로다,Level1
시경집전(하),1637,3643,豊水東注하니 維禹之績이로다,e33f7831e0a403dd,로다,True,로다,Level1
시경집전(하),1660,3720,神人之生에 而有以異於人을 何足怪哉리오하니 斯言이 得之矣로다,bff10df5e2103b0f,로다,True,로다,Level1
시경집전(하),1669,3741,誕寘之寒冰한대 鳥覆翼之로다,e48835c0ca920a8c,로다,True,로다,Level1
시경집전(하),1679,3768,誕后稷之穡이 有相之道로다,7fe7008a088a11e5,로다,False,로다,Level1
시경집전(하),1686,3788,誕降嘉種하니 維秬維秠며 維穈維芑로다,027e7f8c16b5f4be,로다,True,로다,Level1
시경집전(하),1694,3805,載燔載烈하여 以興嗣歲로다,72e36586a2ae48f2,로다,True,로다,Level1
시경집전(하),1696,3818,卬盛于豆하니 于豆于登이로다,b139b6003fc5fd5c,로다,False,로다,Level1
시경집전(하),1710,3860,肆筵設席하니 授几有緝御로다,b71bfd69490d7152,로다,False,로다,Level1
시경집전(하),1713,3863,嘉殽脾臄이며 或歌或咢이로다,6453684009d302d3,로다,True,로다,Level1
시경집전(하),1717,3876,舍矢旣均하니 序賓以賢이로다,58ac791f73f9c05c,로다,False,로다,Level1
시경집전(하),1719,3878,四鍭如樹하니 序賓以不侮로다,38c3bf7315637cb7,로다,False,로다,Level1
시경집전(하),1722,3893,曾孫維主하니 酒醴維醹로다,0368946469116e7f,로다,True,로다,Level1
시경집전(하),1723,3894,酌以大斗하여 以祈黃耉로다,fcced7938a86c035,로다,True,로다,Level1
시경집전(하),1725,3896,壽考維祺하여 以介景福이로다,44c8c811881f4ade,로다,True,로다,Level1
시경집전(하),1841,4163,泂酌彼行潦하여 挹彼注玆라도 可以餴饎로다,3041e4a4542c7d14,로다,True,로다,Level1
시경집전(하),1842,4164,豈弟君子여 民之父母로다,fb44eead43bf145e,로다,True,로다,Level1
시경집전(하),1845,4174,泂酌彼行潦하여 挹彼注玆라도 可以濯罍로다,97166cb5ebe718b5,로다,True,로다,Level1
시경집전(하),1846,4175,豈弟君子여 民之攸歸로다,e6e7614bc185a224,로다,True,로다,Level1
시경집전(하),1848,4178,泂酌彼行潦하여 挹彼注玆라도 可以濯漑로다,00fc17e5d8421a65,로다,True,로다,Level1
시경집전(하),1849,4179,豈弟君子여 民之攸墍로다,72f1c40343962516,로다,True,로다,Level1
시경집전(하),1852,4184,有卷者阿에 飄風自南이로다,0aea42d90d895967,로다,True,로다,Level1
시경집전(하),1853,4185,豈弟君子 來游來歌하여 以矢其音이로다,6c54c23a6ce69727,로다,True,로다,Level1
시경집전(하),1856,4192,伴奐爾游矣며 優游爾休矣로다,d34f6d89187d5ad2,로다,True,로다,Level1
시경집전(하),1857,4193,豈弟君子아 俾爾彌爾性하여 似先公酋矣리로다,4ca62f80b88f3700,로다,True,로다,Level1
시경집전(하),1860,4202,爾土宇昄章하니 亦孔之厚矣로다,9260a7af61b23f2f,로다,True,로다,Level1
시경집전(하),1861,4203,豈弟君子아 俾爾彌爾性하여 百神爾主矣리로다,31c07a992c1bbdcd,로다,True,로다,Level1
시경집전(하),1864,4208,爾受命長矣니 笰祿爾康矣로다,3c1af0a5c4a147b4,로다,True,로다,Level1
시경집전(하),1865,4209,豈弟君子아 俾爾彌爾性하여 純嘏爾常矣리로다,5ea515d7230f2a11,로다,True,로다,Level1
시경집전(하),1875,4230,鳳凰于飛하니 翽翽其羽라 亦集爰止로다,b418a8ecc299f9f2,로다,True,로다,Level1
시경집전(하),1876,4231,藹藹王多吉士하시니 維君子使라 媚于天子로다,d63fd9cfa0bfe886,로다,True,로다,Level1
시경집전(하),1879,4240,鳳凰于飛하니 翽翽其羽라 亦傅于天이로다,7b965fc2a8a42385,로다,True,로다,Level1
시경집전(하),1880,4241,藹藹王多吉人하시니 維君子命이라 媚于庶人이로다,28c3f647d737e37d,로다,True,로다,Level1
시경집전(하),1882,4244,鳳凰鳴矣니 于彼高岡이로다,1abefd82f4a02d96,로다,True,로다,Level1
시경집전(하),1883,4245,梧桐生矣니 于彼朝陽이로다,22dd3e5d790c09bc,로다,False,로다,Level1
시경집전(하),1769,3989,爾酒旣湑하며 爾殽伊脯로다,7d37d028ccc5e9f1,로다,True,로다,Level1
시경집전(하),1770,3990,公尸燕飮하니 福祿來下로다,2e868f5638599bcf,로다,True,로다,Level1
시경집전(하),1772,3994,鳧鷖在潨이어늘 公尸來燕來宗이로다,27858b424ca62312,로다,True,로다,Level1
시경집전(하),1773,3995,旣燕于宗하니 福祿攸降이로다,900ff695dcd97f7a,로다,True,로다,Level1
시경집전(하),1774,3996,公尸燕飮하니 福祿來崇이로다,970e9e42379b692e,로다,True,로다,Level1
시경집전(하),1776,4001,鳧鷖難亹이어늘 公尸來止熏熏이로다,0515ce0705c33ebc,로다,True,로다,Level1
시경집전(하),1777,4002,旨酒欣欣하며 燔炙芬芬이로다,220021617ab8978b,로다,True,로다,Level1
시경집전(하),1778,4003,公尸燕飮하니 無有後艱이로다,e03d8b4b55a0ad3b,로다,True,로다,Level1
시경집전(하),1781,4009,假樂君子여 顯顯令德이로다,b89ad418efbd7ac1,로다,True,로다,Level1
시경집전(하),1782,4010,宜民宜人이라 受祿于天이로다,f9ebd25dd85adee5,로다,True,로다,Level1
시경집전(하),1786,4019,干祿百福이라 子孫千億이로다,d1f1d14ada41a656,로다,True,로다,Level1
시경집전(하),1788,4021,不愆不忘하여 率由舊章이로다,d88464a72d051857,로다,False,로다,Level1
시경집전(하),1793,4031,受福無疆이라 四方之綱이로다,8a97ecc4ff138adb,로다,True,로다,Level1
시경집전(하),1808,4075,旣庶旣繁하며 旣順迺宣하여 而無永嘆이로다,e5cc8df8619b0e32,로다,False,로다,Level1
시경집전(하),1810,4077,何以舟之오 維玉及瑤과 鞞琫容刀로다,c1f7eebdf6c3a83b,로다,True,로다,Level1
시경집전(하),1821,4109,旣登乃依로다,180dc54e2ea3fe3a,로다,False,로다,Level1
시경집전(하),1823,4111,食之飮之하며 君之宗之로다,8d4b5fda920f8731,로다,True,로다,Level1
시경집전(하),1828,4126,觀其流泉하니 其軍三單이로다,79241c7397aee312,로다,False,로다,Level1
시경집전(하),1830,4128,度其夕陽하니 豳居允荒이로다,5670df576d763096,로다,True,로다,Level1
시경집전(하),1837,4146,止旅迺密이어늘 芮鞫之卽이로다,6d4bfca0c4adcab6,로다,False,로다,Level1
당송팔대가문초유종원1,130,916,今觀秀才所增益者에 不啻銖兩하니 吾固伏膺而俯矣로다,c6ad53ae026e2f20,로다,True,로다,Level1
당송팔대가문초유종원1,167,1149,果於直道는 斯古人之所難이어늘 而兄行之로다,b8e659618f8f6326,로다,True,로다,Level1
당송팔대가문초유종원1,170,1166,大謬妄矣로다,a4ff4a00ead835dc,로다,True,로다,Level1
당송팔대가문초유종원1,190,1254,贍望淸風에 若在天外하니 無任感激欣躍之至로다,5a56d93e3784c5a8,로다,True,로다,Level1
당송팔대가문초유종원1,212,1412,凡我從事於文者 所宜追惜而悼慕也로다,a815ba2b0993769e,로다,False,로다,Level1
당송팔대가문초유종원1,217,1430,嗚呼 有可惜哉로다,5587b0fd1ba72c84,로다,True,로다,Level1
당송팔대가문초유종원1,253,1561,非所謂去名求實者矣로다,e4df99791c218c9e,로다,True,로다,Level1
당송팔대가문초유종원1,255,1573,則其賢於爲莊墨申韓之言하여 而逐逐然唯印組爲務以相軋者에 其亦遠矣로다,553c649307413560,로다,True,로다,Level1
당송팔대가문초유종원1,274,1679,是足爲佐天子相天下法矣니 物莫近乎此也로다,f0a0fd1c43f5289b,로다,True,로다,Level1
당송팔대가문초유종원1,282,1731,吾見蚩之有在也로다,bab5a05aa25da280,로다,False,로다,Level1
당송팔대가문초유종원1,318,1934,見公之作에 知公之志로다,a757b9b4b9a490c9,로다,False,로다,Level1
당송팔대가문초유종원1,322,1949,邦人이 悅是祥也하여 雜然謠曰 甿之熙熙여 崔公之來로다,46a7b6b5f4825c73,로다,True,로다,Level1
당송팔대가문초유종원1,322,1950,公化所徹에 土石蒙烈이로다,5949da627c3a239c,로다,True,로다,Level1
당송팔대가문초유종원2,109,527,是非聖人之言이요 傳之者誤也果矣로다,0fbe4b2317270000,로다,False,로다,Level1
당송팔대가문초유종원2,155,707,幸矣人之葆之者少러니 今元子又文之以指要하니 嗚呼라 其爲好術也過矣로다,10af859c0c26479d,로다,False,로다,Level1
당송팔대가문초유종원2,183,829,今以蔣氏觀之하니 猶信이로다,d86b5b333d45f6ae,로다,True,로다,Level1
당송팔대가문초유종원2,187,845,恒其道하고 一其志하여 不欺其心하니 斯固世之所難得也로다,7b07e8e51be80bab,로다,True,로다,Level1
당송팔대가문초유종원2,213,1134,其蔑有加矣로다,58d0157478a0b8fe,로다,True,로다,Level1
당송팔대가문초유종원2,248,1397,遭世孔疚로다,14fdaa928829408d,로다,True,로다,Level1
당송팔대가문초유종원2,248,1399,進御羔褏로다,f419457d2983dc22,로다,False,로다,Level1
당송팔대가문초유종원2,248,1401,孤雄束咮로다,dada46c7d925c088,로다,True,로다,Level1
당송팔대가문초유종원2,248,1403,蒙耳大呂로다,0f477a20104e348e,로다,True,로다,Level1
당송팔대가문초유종원2,248,1405,焚棄稷黍로다,3eb9edcd76fe4bdc,로다,True,로다,Level1
당송팔대가문초유종원2,248,1407,宮庭之不處로다,80cebb7d951cf139,로다,True,로다,Level1
당송팔대가문초유종원2,248,1409,榮若繡黼로다,ee7194fc72965f39,로다,True,로다,Level1
당송팔대가문초유종원2,248,1411,娛娛笑舞로다,aabd665eb42a98da,로다,True,로다,Level1
당송팔대가문초유종원2,248,1413,惑以爲咸池로다,5a4f70547d6b2a0e,로다,True,로다,Level1
당송팔대가문초유종원2,248,1415,美逾西施로다,8a0af0a5aa563bc4,로다,True,로다,Level1
당송팔대가문초유종원2,248,1417,反寘瑱而遠違로다,868eec1b40ad3bca,로다,True,로다,Level1
당송팔대가문초유종원2,248,1419,進兪緩之不可爲로다,d48ca1c03042fac4,로다,False,로다,Level1
당송팔대가문초유종원2,249,1421,厲鍼石而從之로다,cab8b7795e5a5aaa,로다,True,로다,Level1
당송팔대가문초유종원2,249,1423,曰吾行之遲遲로다,73d9e67be69087cd,로다,True,로다,Level1
당송팔대가문초유종원2,249,1435,夫唯服道以守義로다,95a845cd6e7ccd1f,로다,True,로다,Level1
당송팔대가문초유종원2,249,1437,滔大故而不貳로다,f5c4dda3915a4fe9,로다,True,로다,Level1
당송팔대가문초유종원2,267,1553,能是達矣니 余無以唁矣라 敢更以爲賀로다,8e79ede7b9868927,로다,True,로다,Level1
당송팔대가문초유종원2,290,1736,道合隆汙로다,8c5e1c55b89deb8d,로다,True,로다,Level1
당송팔대가문초유종원2,290,1740,不盈稱孤로다,194236881de281fd,로다,True,로다,Level1
당송팔대가문초유종원2,290,1748,文王爲徒로다,cf37398f583390b9,로다,True,로다,Level1
당송팔대가문초유종원2,290,1752,繼在後儒로다,a92c082ef7dc017b,로다,True,로다,Level1
당송팔대가문초유종원2,381,2673,涇州野如赭하여 人且飢死어늘 而必得穀하고 又用大杖擊無罪者로다,66df9f6a26aeb6f1,로다,False,로다,Level1
시경집전(하),1884,4246,菶菶萋萋하니 雝雝喈喈로다,174b416ac5d0c778,로다,True,로다,Level1
시경집전(하),1887,4252,君子之馬 旣閑且馳로다,464282e8b456d400,로다,True,로다,Level1
시경집전(하),1897,4272,然이나 其憂時感事之意를 亦可見矣로다,45ff7abb01dbf470,로다,True,로다,Level1
시경집전(하),1940,4354,老夫灌灌이어늘 小子蹻蹻이로다,b726da5d8dfc2de1,로다,True,로다,Level1
시경집전(하),1948,4370,喪亂蔑資라 曾莫惠我師로다,9848991db712e491,로다,True,로다,Level1
시경집전(하),1971,4424,疾威上帝는 其命多辟이로다,c76aac521a2ead17,로다,True,로다,Level1
시경집전(하),1985,4458,侯作侯祝 靡屆靡究로다,75546fdd7c2ea937,로다,True,로다,Level1
시경집전(하),1991,4470,爾德不明이라 以無陪無卿이로다,d8dfc2400a46ffd5,로다,True,로다,Level1
시경집전(하),1994,4476,天不湎爾以酒어시늘 不義從式이로다,e4d2e4a781794b3c,로다,True,로다,Level1
시경집전(하),1996,4478,式號式呼하여 俾晝作夜로다,7015eb8c91fea0b7,로다,True,로다,Level1
시경집전(하),2001,4486,內奰于中國하여 覃及鬼方이로다,358e99ed47b8f401,로다,True,로다,Level1
시경집전(하),2006,4495,曾是莫聽이라 大命以傾이로다,32b80ffd3fde3161,로다,True,로다,Level1
시경집전(하),2019,4520,哲人之愚는 亦維斯戾로다,21c357e202763ed5,로다,False,로다,Level1
시경집전(하),2057,4609,此는 正心誠意之極功이어늘 而武公及之하니 則亦聖賢之徒矣로다,03366786a4474d1b,로다,True,로다,Level1
시경집전(하),2069,4628,民各有心이로다,a8f73efd76aeb084,로다,False,로다,Level1
시경집전(하),2077,4646,昊天孔昭하시니 我生靡樂이로다,2ef509dd02e4a914,로다,True,로다,Level1
시경집전(하),2089,4667,今汝乃回遹其德하여 而使民至於困急하니 則喪厥國也必矣로다,cd59ca8691973cf2,로다,True,로다,Level1
시경집전(하),2093,4675,捋采其劉하여 瘼此下民이로다,214bfc6305507b2d,로다,True,로다,Level1
시경집전(하),2098,4688,四牡騤騤하니 旟旐有翩이로다,387f0f89e436b774,로다,True,로다,Level1
시경집전(하),2100,4690,民靡有黎하여 具禍以燼이로다,753531b366169398,로다,True,로다,Level1
시경집전(하),2101,4691,於乎有哀하니 國步斯頻이로다,baa6b463ff0b78b5,로다,True,로다,Level1
시경집전(하),2113,4715,多我覯痻이며 孔棘我圉로다,c4278f153fd4c15d,로다,True,로다,Level1
시경집전(하),2115,4721,爲謀爲毖나 亂況斯削이로다,e81a13065eb677c5,로다,True,로다,Level1
시경집전(하),2118,4724,其何能淑고 載胥及溺이로다,41470a25f0d01813,로다,True,로다,Level1
시경집전(하),2121,4735,如彼逆風이라 亦孔之僾로다,1b80a65eff80c20f,로다,True,로다,Level1
시경집전(하),2124,4738,稼穡維寶며 代食維好로다,fb760e1d5b7192fe,로다,True,로다,Level1
시경집전(하),2128,4746,降此蟊賊하여 稼穡卒痒이로다,1cfe800bd30bb09b,로다,True,로다,Level1
시경집전(하),2130,4748,靡有旅力이 以念穹蒼이로다,97eaaf8ae28785c3,로다,True,로다,Level1
시경집전(하),2140,4770,朋友已譖하여 不胥以穀이로다,358bb75280a18cfa,로다,True,로다,Level1
시경집전(하),2150,4787,民之貪亂이여 寧爲荼毒이로다,d940c3e7f734c29a,로다,True,로다,Level1
시경집전(하),2153,4796,大風有隧하니 有空大谷이로다,fede54df4ee7e461,로다,True,로다,Level1
시경집전(하),2155,4798,維彼不順은 征以中垢로다,6c8207e7243dcbcf,로다,False,로다,Level1
시경집전(하),2158,4804,大風有隧하니 貪人敗類로다,5231207a3d4ef79f,로다,True,로다,Level1
시경집전(하),2160,4806,匪用其良하여 覆俾我悖로다,aba3e8434e4e33bc,로다,True,로다,Level1
시경집전(하),2176,4845,倬彼雲漢이여 昭回于天이로다,4e1d3aa4f13ed173,로다,True,로다,Level1
시경집전(하),2189,4882,旱旣大甚이라 則不可推로다,6248cac93d15670a,로다,True,로다,Level1
시경집전(하),2193,4886,胡不相畏리오 先祖于摧로다,1293622bbfbcc520,로다,True,로다,Level1
시경집전(하),2195,4895,旱旣大甚이라 則不可沮로다,d383fe9c3149b12c,로다,True,로다,Level1
시경집전(하),2196,4896,赫赫炎炎하여 云我無所로다,32a77cda211e580e,로다,True,로다,Level1
시경집전(하),2201,4908,旱旣大甚이라 滌滌山川이로다,c75a0cca6599bb2c,로다,True,로다,Level1
당송팔대가문초유종원2,382,2684,果不用吾言이로다,965c78d1ea3a8f23,로다,False,로다,Level1
당송팔대가문초증공1,56,376,甚矣其難也로다,fe82f87343077d89,로다,False,로다,Level1
당송팔대가문초증공1,65,428,故不敢望於衆人하고 而獨注心於大賢也로다,f8c37e4cab11cf38,로다,False,로다,Level1
당송팔대가문초증공1,150,889,凡三千首이라 盛矣哉로다,ec5afa60309359e0,로다,True,로다,Level1
당송팔대가문초증공1,175,1019,則佛之徒 自以謂得諸內者는 亦可謂妄矣로다,a6572f6e96893162,로다,True,로다,Level1
당송팔대가문초증공1,195,1162,本原事實에 其所繇致此는 有自也哉로다,0ac318bc1c1913f7,로다,False,로다,Level1
당송팔대가문초증공1,214,1258,然向數困於讒하되 而不改其操하니 與夫患失之者로 異矣라 可謂有志者也로다,da5328362fd9fba6,로다,True,로다,Level1
당송팔대가문초증공1,348,1912,噫라 亦其民之不幸也已로다,626a3d9942287064,로다,True,로다,Level1
당송팔대가문초증공1,357,1975,予謂二君之於政이 可謂知所務矣로다,16a88aca9f957e41,로다,False,로다,Level1
당송팔대가문초증공1,374,2087,於是過子産矣로다,6d9c3c4cdf57da7d,로다,False,로다,Level1
당송팔대가문초증공1,381,2132,由是言之컨대 則圖記皆謂齊之南山爲歷山이요 舜所耕處라 故其城名歷城이 爲信然也로다,5fcd67dccf0166af,로다,False,로다,Level1
당송팔대가문초증공1,410,2366,爲法令之所不及이니 是可謂有志者也로다,7e7a68b01120eb11,로다,False,로다,Level1
당송팔대가문초증공1,423,2432,遂以名其亭하니 汪君之志與其識이 可謂協矣로다,84a3cc5988751ac9,로다,False,로다,Level1
당송팔대가문초증공1,428,2455,至於伐鼓鳴角하여는 以警昏昕하고 下漏數刻하여 以節晝夜하니 則又新是四器 列而棲之로다,acdd1398dbac62ee,로다,False,로다,Level1
당송팔대가문초증공1,459,2598,程公能因其地之善하여 以寓其耳目之樂하니 非獨忘其遠且險이요 又將抗其思於埃壒之外하니 其志壯哉로다,afad56638435dbf4,로다,True,로다,Level1
당송팔대가문초증공1,520,2922,前世崇飾非正之號者 其失如此어늘 而後世又謂宜如期親故事增官廣國者는 亦可謂皆不合於禮矣로다,4ee5fe77c9ca4bf8,로다,False,로다,Level1
당송팔대가문초한유1,142,684,孔子之言曰 有德者必有言이라하니 信乎其有德且有言也로다,92a6dc257799e9a8,로다,True,로다,Level1
당송팔대가문초한유1,142,685,揚子雲曰 商書灝灝爾요 周書噩噩爾라하니 信乎其能灝灝而且噩噩也로다,9dad651cc9e3684b,로다,True,로다,Level1
당송팔대가문초한유1,146,696,在彼中阿로다,1fb918166aa1fd1b,로다,False,로다,Level1
당송팔대가문초한유1,146,701,載沈載浮로다,06508fca1170ab5d,로다,False,로다,Level1
시경집전(하),2202,4909,旱魁爲虐하여 如惔如焚이로다,3ad508f28bee0ab5,로다,True,로다,Level1
시경집전(하),2208,4921,胡寧瘨我以旱고 憯不知其故로다,5ccccd8ed9d636d0,로다,True,로다,Level1
시경집전(하),2213,4931,旱旣大甚이라 散無友紀로다,59025d2fea5ac6ee,로다,True,로다,Level1
시경집전(하),2216,4934,靡人不周하여 無不能止로다,c1fd767f060ce816,로다,True,로다,Level1
시경집전(하),2219,4949,瞻卬昊天한대 有嘒其星이로다,de117c3cc6407e33,로다,True,로다,Level1
시경집전(하),2220,4950,大夫君子 昭假無贏이로다,70b71d7d5d38837b,로다,True,로다,Level1
시경집전(하),2227,4966,崧高維嶽이 駿極于天이로다,4dc6b934a9e566c8,로다,True,로다,Level1
시경집전(하),2228,4967,維嶽降神하여 生甫及申이로다,d99d388bfd239868,로다,True,로다,Level1
시경집전(하),2230,4969,四國于蕃이며 四方于宣이로다,e4191834668758d9,로다,True,로다,Level1
시경집전(하),2236,4985,登是南邦하시니 世執其功이로다,9654a70ce5daeb23,로다,True,로다,Level1
시경집전(하),2243,5007,申伯之功을 召伯是營이로다,e5084e2bed2998f3,로다,True,로다,Level1
시경집전(하),2246,5010,四牡蹻蹻하며 鉤膺濯濯이로다,99746cf59ad87c91,로다,True,로다,Level1
시경집전(하),2248,5014,王遣申伯하시니 路車乘馬로다,c08a5a77362d6ca2,로다,False,로다,Level1
시경집전(하),2249,5015,我圖爾居호니 莫如南土로다,f3a5f877469f2d9f,로다,True,로다,Level1
시경집전(하),2254,5022,申伯還南하니 謝于誠歸로다,9c173d64d96dd4db,로다,False,로다,Level1
시경집전(하),2256,5024,以峙其粻하니 式遄其行이로다,fade57db271ea35b,로다,False,로다,Level1
시경집전(하),2260,5034,不顯가 申伯이여 王之元舅로소니 文武是憲이로다,3d0939575b989248,로다,False,로다,Level1
시경집전(하),2262,5042,申伯之德이여 柔惠且直이로다,7be623f433daa690,로다,True,로다,Level1
시경집전(하),2263,5043,揉此萬邦하여 聞于四國이로다,d47794b5356bd075,로다,True,로다,Level1
시경집전(하),2264,5044,吉甫作誦하니 其詩孔碩이로다,836f2aad8c6d20b7,로다,True,로다,Level1
당송팔대가문초한유1,178,884,其亦不仁甚矣로다,c45d9641c3fb9c68,로다,False,로다,Level1
당송팔대가문초한유1,178,887,其亦不量其力이로다,259e81323f0abe88,로다,False,로다,Level1
당송팔대가문초한유1,178,894,死罪로다,ecc034ec38c1cfe3,로다,False,로다,Level1
당송팔대가문초한유1,219,1059,愈之志 在古道하고 又甚好其言辭어늘 觀足下之書와 及十四篇之詩컨대 亦云有志於是矣로다,10c4cdd67cc72f84,로다,True,로다,Level1
당송팔대가문초한유1,228,1099,然皆子之愛我多하고 重我厚하야 不酌時人待我之情하고 而以子之待我之意로 使我望於時人也로다,d0d313b93ed2ab6c,로다,False,로다,Level1
당송팔대가문초한유1,236,1153,旣謂能麤知足下오도 而復懼足下之不我知하니 亦過也로다,0b13161a58623e3f,로다,True,로다,Level1
당송팔대가문초한유1,268,1289,後世復有揚子雲이면 必好之矣리라 子雲死近千載로되 竟未有揚子雲하니 可歎也로다,53d0ce99d0ff64d0,로다,True,로다,Level1
당송팔대가문초한유1,324,1567,其功實大하니 足下與濟父子俱宜牽連得書로다,fbde2fae91ec8089,로다,False,로다,Level1
당송팔대가문초한유1,342,1631,不復有斯人也로다,bf2c4951bfae6c84,로다,True,로다,Level1
당송팔대가문초한유1,354,1672,雨不止하야 薪芻價益高로다,4b9d18093b446b36,로다,False,로다,Level1
당송팔대가문초한유2,4,12,而又侈之以詩書六藝之學과 先聖賢之德音하야 以成其文하고 以(附)［輔］其質하니 宜乎從事於是府而流聲實於天朝也로다,a0ac1fc203560bd3,로다,False,로다,Level1
당송팔대가문초한유2,17,66,縣令不以言하고 連帥不以信하야 民就窮而斂愈急하니 吾見刺史之難爲也로다,340fe60a985a3545,로다,False,로다,Level1
당송팔대가문초한유2,44,176,自朝之聞人以及五都之伯長群吏히 皆厚其餼賂하고 或作歌詩以嘉童子하니 童子亦榮矣로다,d35eb63aa1420edb,로다,False,로다,Level1
당송팔대가문초한유2,48,188,以明經擧者는 誦數十萬言하고 又約通大義하며 徵辭引類하고 旁出入他經者는 又誦數十萬言이니 其爲業也勤矣로다,169f615bcd17b81e,로다,False,로다,Level1
당송팔대가문초한유2,48,189,登第於有司者는 去民畝而就吏祿하고 由是進而累爲卿相者가 常常有之하니 其爲獲也亦大矣로다,cd2cf0fa1187e81c,로다,False,로다,Level1
당송팔대가문초한유2,71,280,三爲屬吏하야 經時五年에 觀道德於前後하고 聽敎誨於左右하니 可謂親薰而炙之矣로다,02db6e865c1bdbd2,로다,False,로다,Level1
당송팔대가문초한유2,72,283,其在門者可進賀也로다,76c1c52cadce63b7,로다,False,로다,Level1
당송팔대가문초한유2,139,551,宜乎施諸樂章하고 紀諸冊書로다,addac39c1102642e,로다,False,로다,Level1
당송팔대가문초한유2,152,646,則滕王閣又無因而至焉矣로다,1974bafd0ca5f036,로다,False,로다,Level1
당송팔대가문초한유2,163,702,弘中之德이 與其所好로 可謂協矣로다,b8a5928a8da31215,로다,False,로다,Level1
당송팔대가문초한유2,163,703,智以謀之하고 仁以居之하니 吾知其去是而羽儀於天朝也不遠矣로다,8d172d4fd7a3c953,로다,False,로다,Level1
당송팔대가문초한유2,165,727,三公同時하야 千里相望하니 可謂盛矣로다,9868793e36907461,로다,True,로다,Level1
당송팔대가문초한유2,166,730,於其記可以知其畫之絶世矣로다,3f5019637cdccaf3,로다,True,로다,Level1
당송팔대가문초한유2,193,843,惜乎라 蕃之居下하야 其可以施於人者不流也로다,09859c0e2bdf849d,로다,True,로다,Level1
당송팔대가문초한유2,204,916,上見其髮禿하고 又所摹畫不能稱上意하니 上嘻笑曰 中書君老而禿하니 不任吾用이로다,72e0669a093ce20b,로다,True,로다,Level1
당송팔대가문초한유2,208,941,彼以煦煦爲仁하고 孑孑爲義하니 其小之也則宜로다,903f9f45b81c3205,로다,False,로다,Level1
당송팔대가문초한유2,209,952,不求其端하고 不訊其末이요 惟怪之欲聞이로다,84dbdac96fd131fe,로다,True,로다,Level1
당송팔대가문초한유2,210,953,古之爲民者四러니 今之爲民者六이요 古之敎者處其一이러니 今之敎者處其三이로다,19cf77cd2e752e0c,로다,True,로다,Level1
당송팔대가문초한유2,211,959,今其言曰 聖人不死면 大盜不止니 剖斗折衡이라야 而民不爭이라하니 嗚呼라 其亦不思而已矣로다,224db41d347bdbc4,로다,True,로다,Level1
당송팔대가문초한유2,212,966,"嗚呼라 其亦幸而出于三代之後하야 不見黜于禹, 湯, 文, 武, 周公, 孔子也요 其亦不幸而不出于三代之前하야 不見正於禹, 湯, 文, 武, 周公, 孔子也로다",4bc78944e26483f7,로다,True,로다,Level1
당송팔대가문초한유2,213,970,責饑之食者曰 曷不爲飮之之易也로다,a148e087d1af067c,로다,False,로다,Level1
당송팔대가문초한유2,214,972,然則古之所謂正心而誠意者는 將以有爲也어늘 今也欲治其心而外天下國家하고 滅其天常하야 子焉而不父其父하고 臣焉而不君其君하며 民焉而不事其事로다,615d3afb1e2988a5,로다,False,로다,Level1
당송팔대가문초한유2,227,1050,士之處此世而望名譽之光道德之行이 難已로다,96632706c922a97b,로다,True,로다,Level1
당송팔대가문초한유2,250,1187,今議者謂學生之無所事와 謂齋郞之幸而進은 不本其意요 因謂可以代任其事而罷之도 蓋亦不得其理矣로다,7ac5f79d5902230f,로다,False,로다,Level1
당송팔대가문초한유2,271,1322,"今世之士가 不務行曾參, 周公, 孔子之行하고 而諱親之名은 則務勝於曾參, 周公, 孔子하니 亦見其惑也로다",41170c10bcc6fe60,로다,False,로다,Level1
당송팔대가문초한유2,278,1376,不可知면 則其謂之不祥也亦宜로다,94942eba6329c09a,로다,False,로다,Level1
당송팔대가문초한유2,278,1378,聖人者必知麟이니 麟之果不爲不祥也로다,776faf8675ef50c3,로다,True,로다,Level1
당송팔대가문초한유2,278,1380,麟之所以爲麟者는 以德不以形이니 若麟之出不待聖人이면 則謂之不祥也亦宜로다,06c90da2ca634c7d,로다,True,로다,Level1
당송팔대가문초한유2,287,1402,愛其子에는 擇師而敎之로되 於其身也엔 則恥師焉하니 惑矣로다,c69f17f94e83f4fc,로다,True,로다,Level1
당송팔대가문초한유2,288,1407,位卑則足羞요 官盛則近諛라하니 嗚呼라 師道之不復可知矣로다,14e436de99e8d436,로다,True,로다,Level1
시경집전(하),2268,5053,天生烝民하시니 有物有則이로다,93a9d10d50a079e3,로다,True,로다,Level1
시경집전(하),2269,5054,民之秉彛라 好是懿德이로다,35e8bb93d7887719,로다,True,로다,Level1
시경집전(하),2277,5072,天子是若하며 明命使賦로다,d8a2e7d1de5a36b5,로다,True,로다,Level1
시경집전(하),2283,5086,賦政于外하니 四方爰發이로다,745ea18b80c65cc8,로다,True,로다,Level1
시경집전(하),2287,5096,邦國若否을 仲山甫明之로다,e6ea86256cb4aad4,로다,True,로다,Level1
시경집전(하),2289,5098,夙夜匪解하여 以事一人이로다,697c7c59209ff10b,로다,True,로다,Level1
시경집전(하),2293,5109,不侮矜寡하며 不畏彊禦로다,5a2b54e9f5bf8625,로다,True,로다,Level1
시경집전(하),2295,5113,不茹柔라 故로 不侮矜寡하고 不吐剛이라 故로 不畏彊禦하니 以此觀之컨대 則仲山甫之柔嘉는 非軟美之謂요 而其保身은 未嘗枉道以徇人을 可知矣로다,eaf5f197f01c92e6,로다,True,로다,Level1
시경집전(하),2297,5115,我儀圖之하니 維仲山甫擧之로소니 愛莫助之로다,468632dbaab0d840,로다,True,로다,Level1
시경집전(하),2298,5116,袞職有闕이어든 維仲山甫補之로다,b9e6fd3f4d90e238,로다,False,로다,Level1
시경집전(하),2302,5126,征夫捷捷하니 每懷靡及이로다,fa6887a9c5352e63,로다,True,로다,Level1
시경집전(하),2307,5137,仲山甫徂齊하나니 式遄其歸로다,3647a14fdd37c8cf,로다,True,로다,Level1
시경집전(하),2308,5138,吉甫作誦하니 穆如淸風이로다,fdf03384c1fe2429,로다,True,로다,Level1
시경집전(하),2319,5170,四牡奕奕하니 孔脩且張이로다,4153803612a0be71,로다,True,로다,Level1
시경집전(하),2320,5171,韓侯入覲하니 以其介圭로 入覲于王이로다,592974c3a63cdc71,로다,True,로다,Level1
시경집전(하),2322,5173,鉤膺鏤錫과 鞹鞃淺幭과 鞗革金厄이로다,14821d9a97a76346,로다,False,로다,Level1
시경집전(하),2324,5189,韓侯出祖하니 出宿于屠로다,2fa18f9956385beb,로다,True,로다,Level1
시경집전(하),2325,5190,顯父餞之하니 淸酒百壺로다,ffcd3a14a2e27545,로다,True,로다,Level1
시경집전(하),2326,5191,其殽維何오 炰鼈鮮魚로다,7db319f065a40d24,로다,False,로다,Level1
시경집전(하),2327,5192,其蔌維何오 維筍及蒲로다,0683bf4bdd94dd69,로다,False,로다,Level1
시경집전(하),2328,5193,其贈維何오 乘馬路車로다,680c5afe95da5c13,로다,False,로다,Level1
시경집전(하),2329,5194,籩豆有且하니 侯氏燕胥로다,5ca5be512e4d71d8,로다,True,로다,Level1
시경집전(하),2331,5204,韓侯取妻하니 汾王之甥이요 蹶父之子로다,56bb51dee55ccde3,로다,True,로다,Level1
시경집전(하),2332,5205,韓侯迎止하니 于蹶之里로다,516cc5bdbd826d08,로다,True,로다,Level1
시경집전(하),2334,5207,諸娣從之하니 祁祁如雲이로다,b40fc5a6144e3340,로다,False,로다,Level1
시경집전(하),2335,5208,韓侯顧之하니 爛其盈門이로다,202dae53de4eac7b,로다,True,로다,Level1
시경집전(하),2338,5218,爲韓姞相攸하니 莫如韓樂이로다,4f7e07318450b680,로다,True,로다,Level1
시경집전(하),2341,5221,有熊有罷하며 有貓有虎로다,4500800e63b50b96,로다,True,로다,Level1
시경집전(하),2342,5222,慶旣令居하니 韓姞燕譽로다,c0a909d1282eb90e,로다,False,로다,Level1
시경집전(하),2344,5230,溥彼韓城이여 燕師所完이로다,81c428371fdcfc76,로다,False,로다,Level1
시경집전(하),2346,5232,王錫韓侯하시니 其追其貊이로다,a413f6ccf8849cbb,로다,False,로다,Level1
시경집전(하),2349,5235,獻其貔皮와 赤豹黃罷로다,f96a342af2096eb6,로다,True,로다,Level1
시경집전(하),2353,5246,江漢浮浮하니 武夫滔滔로다,5b4f1da764bce7d9,로다,True,로다,Level1
시경집전(하),2359,5256,江漢湯湯하니 武夫洸洸이로다,9854c4cc1370c137,로다,True,로다,Level1
시경집전(하),2360,5257,經營四方하여 告成于王이로다,64901edcd544cb18,로다,False,로다,Level1
시경집전(하),2361,5258,四方旣平하니 王國庶定이로다,217567cfda1f4623,로다,False,로다,Level1
시경집전(하),2368,5267,于疆于理하여 至于南海로다,a152b4dfcbe7885d,로다,True,로다,Level1
시경집전(하),2399,5332,不留不處하여 三事就緖로다,49d850f669640b0e,로다,True,로다,Level1
시경집전(하),2403,5341,王舒保作하사 匪紹匪遊하시니 徐方繹騷로다,20997f7346cdd2db,로다,False,로다,Level1
시경집전(하),2404,5342,震驚徐方하니 如雷如霆하여 徐方震驚이로다,a412af52da5945ee,로다,True,로다,Level1
당송팔대가문초한유2,301,1457,我思古人은 伊鄭之僑로다,8ec16b43454e54f2,로다,True,로다,Level1
당송팔대가문초한유2,301,1458,以禮相國이나 人未安其敎로다,f8fdf94cfecd07fe,로다,False,로다,Level1
당송팔대가문초한유2,312,1509,人之將死엔 其臟腑必有先受其病者요 引繩而絶之에도 其絶必有處어늘 觀者見其然하고 從而尤之하니 其亦不達於理矣로다,c1a75c4c0982a477,로다,False,로다,Level1
당송팔대가문초한유2,313,1517,當是時하야 棄城而圖存者를 不可一二數요 擅强兵하고 坐而觀者가 相環也로되 不追議此하고 而責二公以死守하니 亦見其自比於逆亂하야 設淫辭而助之攻也로다,37ac1ecf54de77d3,로다,False,로다,Level1
당송팔대가문초한유2,323,1577,吾不及其時進退揖讓于其間이로다,628b45e7db2cf926,로다,True,로다,Level1
당송팔대가문초한유2,329,1604,是必夫子信讒하야 有間於予也로다,9549433efc7fed3c,로다,True,로다,Level1
당송팔대가문초한유2,331,1622,子知我名과 凡我所爲오도 驅我令去하니 小黠大癡로다,f3ac86180395a701,로다,True,로다,Level1
당송팔대가문초한유2,331,1626,携持琬琰하고 易一羊皮하며 飫於肥甘하야 慕彼糠糜로다,04e542bf9eb8badd,로다,True,로다,Level1
당송팔대가문초한유2,340,1680,噫라 亦異之大者也로다,927c043423cf8c6f,로다,True,로다,Level1
당송팔대가문초한유2,342,1692,得之於功이라도 或失於德하며 得之於身이라도 或失於子孫이어늘 今夫功德如是하고 祥祉如是하니 其善持之也可知已로다,f0b6df30b70b687b,로다,False,로다,Level1
당송팔대가문초한유2,344,1701,今之通都大邑이 介(然)於屈强之間이로되 而不知爲之備하니 噫라 亦惑矣로다,49cd0361fe8b5c71,로다,True,로다,Level1
당송팔대가문초한유2,357,1763,是則古之言通者는 通於道義요 今之言通者는 通於私曲이니 其亦異矣로다,fe47801155caee76,로다,False,로다,Level1
당송팔대가문초한유2,357,1768,今之人行未能及乎賢而欲齊乎聖者는 亦見其病矣로다,c4b8a32825836b24,로다,False,로다,Level1
당송팔대가문초한유2,360,1793,苟如是면 先生之言過矣로다,74cfbf507f364a2b,로다,False,로다,Level1
당송팔대가문초한유2,364,1837,故其爲政에 知所先後하니 可歌也已로다,2f7eddea312f26c0,로다,True,로다,Level1
당송팔대가문초한유2,371,1882,刑德竝流하야 地方數千里에 不識盜賊하야 山行海宿에 不擇處所하니라 事神治人이 其可謂備至耳矣로다,1579ae4b50835a7d,로다,True,로다,Level1
당송팔대가문초한유2,372,1884,南海陰墟는 祝融之宅이라 卽祀于旁에 帝命南伯이라 吏惰不躬이러니 正自今公이라 明用享錫하야 右我家邦이라 惟明天子 惟愼厥使로다 我公在官하니 神人致喜로다,58a9332aec737a8d,로다,True,로다,Level1
당송팔대가문초한유2,412,2158,帝哀征夫하야 命相往釐하시니 士飽而歌하고 馬騰於槽러라 試之新城하니 賊遇敗逃하야 盡抽其有하야 聚以防我어늘 西師躍入하니 道無留者로다,24d3265f21277ddd,로다,True,로다,Level1
당송팔대가문초한유2,412,2159,頟頟蔡城이 其疆千里러니 既入而有하니 莫不順俟라 帝有恩(信)［言］하야 相度來宣하니 誅止其魁하고 釋其下人이라 蔡之卒夫는 投甲呼舞하고 蔡之婦女는 迎門笑語로다 蔡人告饑어늘 船粟往哺하고 蔡人告寒이어늘 賜以繒布로다,31bcaa9154a0f9ea,로다,True,로다,Level1
당송팔대가문초한유2,412,2160,始時蔡人이 禁不往來러니 今相從戲하고 里門夜開러라 始時蔡人이 進戰退戮이러니 今旰而起하야 左餐右粥이로다,e7faf283a336738e,로다,True,로다,Level1
시경집전(하),2407,5352,王奮厥武하시니 如震如怒로다,9967ac020d622d75,로다,True,로다,Level1
시경집전(하),2408,5353,進厥虎臣하시니 闞如虓虎로다,58f23e22b62071ac,로다,True,로다,Level1
시경집전(하),2410,5355,截彼淮浦여 王師之所로다,9e08193d143cc822,로다,True,로다,Level1
시경집전(하),2415,5367,不測不克하여 濯征徐國이로다,5d4bbdaa6de26993,로다,True,로다,Level1
시경집전(하),2417,5376,王猶允塞하시니 徐方旣來로다,5122c1f1915eb18a,로다,True,로다,Level1
시경집전(하),2419,5378,四方旣平하니 徐方來庭이로다,9e19440b3ed4622a,로다,True,로다,Level1
시경집전(하),2428,5391,罪罟不收하여 靡有夷瘳로다,8b1e10468df8626c,로다,True,로다,Level1
시경집전(하),2434,5404,彼宜有罪를 女覆說之로다,7551a06e7db72880,로다,True,로다,Level1
시경집전(하),2437,5408,懿厥哲婦 爲梟爲鴟로다,2ddcca57d793b42e,로다,True,로다,Level1
시경집전(하),2438,5409,婦有長舌이여 維厲之階로다,c712005e63ab05f2,로다,False,로다,Level1
시경집전(하),2446,5433,婦無公事어늘 休其蠶織이로다,c3949e4b69ec8cd1,로다,False,로다,Level1
시경집전(하),2452,5447,人之云亡이니 邦國殄瘁로다,466d918727d7d029,로다,False,로다,Level1
시경집전(하),2455,5455,天之降罔이여 維其優矣로다,12b22d33f9994024,로다,True,로다,Level1
시경집전(하),2456,5456,人之云亡이여 心之憂矣로다,2d47d4d57842bd86,로다,False,로다,Level1
시경집전(하),2457,5457,天之降罔이여 維其幾矣로다,25f5fc931a4c8080,로다,True,로다,Level1
시경집전(하),2458,5458,人之云亡이여 心之悲矣로다,fa8a89a50be50115,로다,False,로다,Level1
시경집전(하),2460,5462,觱沸檻泉이여 維其深矣로다,948b544bfe2bb067,로다,True,로다,Level1
시경집전(하),2462,5464,不自我先이며 不自我後로다,0125517bc55630c4,로다,True,로다,Level1
시경집전(하),2469,5478,瘨我饑饉하여 民卒流亡하여 我居圉卒荒이로다,a42bc618521353c2,로다,False,로다,Level1
시경집전(하),2473,5484,潰潰回遹이어늘 實靖夷我邦이로다,0fc818fca513cf3e,로다,True,로다,Level1
시경집전(하),2477,5495,兢兢業業하여 孔塡不寧은 我位孔貶이로다,733fb833d2d4ee6a,로다,True,로다,Level1
시경집전(하),2481,5502,我相此邦한대 無不潰止로다,bf7a0859eb595e74,로다,True,로다,Level1
시경집전(하),2483,5507,維昔之富에 不如時하며 維今之疚도 不如玆로다,600fbbe64d1cc3f9,로다,True,로다,Level1
시경집전(하),2493,5527,今也日蹙國百里로다,cf320fe8876eb388,로다,True,로다,Level1
시경집전(하),2518,5601,肇禋함으로 迄用有成하니 維周之禎이로다,7cab65625ad37c06,로다,True,로다,Level1
시경집전(하),2523,5611,惠我無疆하여 子孫保之로다,bb616de38f7d3549,로다,True,로다,Level1
시경집전(하),2532,5626,於乎라 前王不忘이로다,371112096c8da594,로다,True,로다,Level1
시경집전(하),2583,5736,鍾鼓喤喤하며 磬筦將將하니 降福穰穰이로다,42c8fcd2cd31c0d8,로다,True,로다,Level1
시경집전(하),2586,5740,旣醉旣飽하여 福祿來反이로다,fceedbef4976bc25,로다,True,로다,Level1
시경집전(하),2606,5780,命我衆人하여 庤乃錢鎛하라 奄觀銍艾리로다,d7f41260597eb2d2,로다,False,로다,Level1
시경집전(하),2617,5820,振鷺于飛하니 于彼西雝이로다,a1fd9629e66e0f30,로다,True,로다,Level1
시경집전(하),2618,5821,我客戾止하니 亦有斯容이로다,58b345e18f12470e,로다,True,로다,Level1
시경집전(하),2622,5831,庶幾夙夜하여 以永終譽리로다,e617a40623fda59d,로다,True,로다,Level1
시경집전(하),2628,5841,降福孔皆로다,8abc9af5ac3d6149,로다,True,로다,Level1
시경집전(하),2632,5851,有瞽有瞽여 在周之庭이로다,1b06aa853641ca0a,로다,True,로다,Level1
시경집전(하),2635,5855,設業設虡하니 崇牙樹羽로다,b6f362027d988e13,로다,True,로다,Level1
시경집전(하),2637,5857,旣備乃奏하니 簫管備擧로다,078b2b175c526dd6,로다,True,로다,Level1
시경집전(하),2640,5870,我客戾止하여 永觀厥成이로다,f29ec9f0e668590e,로다,True,로다,Level1
시경집전(하),2645,5878,以享以祀하여 以介景福이로다,aeb851377d006474,로다,True,로다,Level1
시경집전(하),2648,5886,有來雝雝하여 至止肅肅이로다,ae4a393afb1e7084,로다,True,로다,Level1
시경집전(하),2668,5924,鞗革有鶬하니 休有烈光이로다,58e4ecfac5500ca9,로다,True,로다,Level1
시경집전(하),2676,5943,俾緝熙于純嘏로다,413bdce0a9d16556,로다,False,로다,Level1
시경집전(하),2680,5950,有客有客이여 亦白其馬로다,e55e6d3ec27053d4,로다,False,로다,Level1
시경집전(하),2681,5951,有萋有且하니 敦琢其旅로다,82c77434c79a73cc,로다,True,로다,Level1
시경집전(하),2688,5967,旣有淫威하니 降福孔夷로다,527aa9bc42f9ff0f,로다,True,로다,Level1
시경집전(하),2704,6006,於乎皇王이여 繼序思不忘이로다,d949ef1c1c67960a,로다,True,로다,Level1
시경집전(하),2709,6013,於乎悠哉라 朕未有艾로다,45aa1e7ee18cc1f6,로다,True,로다,Level1
시경집전(하),2710,6014,將予就之나 繼猶判渙이로다,97bed9df87463a61,로다,True,로다,Level1
시경집전(하),2729,6046,莫予荓蜂이랏다 自求辛螫이로다,40109f58973ff5ef,로다,False,로다,Level1
시경집전(하),2730,6047,肇允彼桃蟲이러니 拚飛維鳥로다,f7af680c2ca60fbc,로다,False,로다,Level1
시경집전(하),2736,6067,載芟載柞하니 其耕澤澤이로다,94cbe2a473774a83,로다,False,로다,Level1
시경집전(하),2738,6071,千耦其耘하니 徂隰徂畛이로다,dc8695271b4d8a67,로다,False,로다,Level1
시경집전(하),2742,6076,有略其耜로 俶載南畝로다,5c431ee4bff2b6c5,로다,False,로다,Level1
시경집전(하),2748,6091,厭厭其苗며 綿綿其麃로다,f9f52ed60a9cb821,로다,True,로다,Level1
시경집전(하),2751,6095,爲酒爲醴하여 烝畀祖妣하여 以洽百禮로다,c524376d79ba03b3,로다,True,로다,Level1
시경집전(하),2754,6100,有椒其馨하니 胡考之寧이로다,438a3b04c2333fea,로다,False,로다,Level1
시경집전(하),2756,6104,匪且有且며 匪今斯今이라 振古如玆로다,99967901c93ff5d7,로다,True,로다,Level1
시경집전(하),2762,6114,播厥百穀하니 實函斯活이로다,0e6bf33b570bf293,로다,True,로다,Level1
시경집전(하),2764,6116,或來瞻女하니 載筐及筥로소니 其饟伊黍로다,fd830292256b1cdd,로다,False,로다,Level1
시경집전(하),2766,6119,其笠伊糾며 其鎛斯趙로소니 以薅荼蓼로다,5c3688d1baf0e134,로다,False,로다,Level1
당송팔대가문초한유2,412,2163,淮蔡為亂이어늘 天子伐之하시고 既伐而饑어늘 天子活之로다,0f20aa50eae48750,로다,True,로다,Level1
당송팔대가문초한유2,412,2164,始議伐蔡에 卿士莫隨하고 既伐四年에 小大並疑러니 不赦不疑는 由天子明이시니 凡此蔡功은 惟斷乃成이라 既定淮蔡하고 四夷畢來하니 遂開明堂하고 坐以治之로다,09f7b7f223672b1b,로다,True,로다,Level1
당송팔대가문초한유3,6,32,烏氏在唐하야 有家于初로다 (右)［左］武左領을 二祖紹居로다 中郞少卑하야 屬于尙書로다 不償其勞하니 乃相大夫로다 授我戎節하야 制有疆墟하고 數備禮登하야 以有宗廟로다,b9c868dac882cb79,로다,True,로다,Level1
당송팔대가문초한유3,8,39,襲訓集余러니 乃今有濟로다,b03b19898365ae63,로다,False,로다,Level1
당송팔대가문초한유3,10,71,又垂顯刻하야 以敎無忘하니 可謂大孝로다,0754a563f8d5df1a,로다,True,로다,Level1
당송팔대가문초한유3,22,126,荔子丹兮蕉黃하고 雜肴蔬兮進侯堂이라 侯之船兮兩旗하고 度中流兮風泊之로다 待侯不來兮여 不知我悲로다 侯乘駒兮入廟하야 慰我民兮不嚬以笑라 鵝之山兮柳之水에 桂樹團團兮白石齒齒로다,6ca1cbc4df0bf18f,로다,True,로다,Level1
당송팔대가문초한유3,84,497,太傅之顯은 自其躬興이라 僕射童羈에 孰與之朋가 遭國之難하야 以節自發이라 致其勤艱하야 以復考烈이라 孝由忠立하니 爵名隨之라 銘此玄石하야 維昧之詒로다,dd5d989acaf82a9a,로다,True,로다,Level1
당송팔대가문초한유3,106,621,公歎曰 公乃以是待我로다,b0f507940079339c,로다,True,로다,Level1
당송팔대가문초한유3,108,644,薛氏近世에 莫盛公門하니 公倫五人은 咸有顯聞이라 公之初志는 不以事累라 僶俛以隨도 亦貴於位라 無怨無惡하고 中以自寶하다 不能百年하니 曷足爲壽오 公宜有後하니 有二稚子로다 其祐成之하니 公食廟祀로다,028ec428b0881b17,로다,False,로다,Level1
당송팔대가문초한유3,135,815,生之艱이어니와 成之又艱이라 若有以爲러니 而止於斯로다,e3079cf370cda804,로다,True,로다,Level1
당송팔대가문초한유3,139,837,去官而人民思之하고 身死而親故無所怨議하야 哭之皆哀하니 又可尙也로다,62b2c304c0508066,로다,True,로다,Level1
당송팔대가문초한유3,145,860,丁後母喪에 上使臨弔하고 又詔尙書公曰 父忠而子果孝로다,3c705ea097a1c09c,로다,False,로다,Level1
당송팔대가문초한유3,145,864,歷十一官而無宅于都하고 無田于野하야 無遺資以爲葬하니 斯其可銘也已로다,f17cb2590892d6e5,로다,False,로다,Level1
당송팔대가문초한유3,174,1011,李觀은 本文士요 而又爲韓公之友어늘 不知發之何以如此其略也로다,d8ea204b3d9f7738,로다,False,로다,Level1
당송팔대가문초한유3,195,1104,不贏其躬하고 以尙其後人이로다,308cb76d6941443f,로다,True,로다,Level1
당송팔대가문초한유3,200,1141,可哀也已로다,acaf41efb87a8447,로다,True,로다,Level1
당송팔대가문초한유3,200,1142,可哀也已로다,acaf41efb87a8447,로다,True,로다,Level1
당송팔대가문초한유3,205,1172,宦不遂는 歸譏於時어니와 身不得年은 又將尤誰오 世再絶而紹하니 祭以不隳로다,30b096b307f1b381,로다,True,로다,Level1
당송팔대가문초한유3,210,1211,公待我一以朋友하고 不以幼壯先後致異하니 公可謂篤厚文行君子矣로다,d13f7a1f6efd6ee5,로다,False,로다,Level1
당송팔대가문초한유3,280,1527,土乎質이요 陶乎成器라 復其質이나 非生死類라 全斯用하니 毁不忍棄라 埋而識는 之仁之義라 硯乎硯乎여 與瓦礫異로다,17909f0b733bf6e1,로다,True,로다,Level1
맹자집주,691,2447,然而子葬其親厚하니 則是以所賤事親也로다,d790ad52af284b8b,로다,False,로다,Level1
맹자집주,693,2461,且天之生物也는 使之一本이어늘 而夷子는 二本故也로다,b751d33dd5b68241,로다,False,로다,Level1
맹자집주,708,2543,且子過矣로다,0d16d8e9a618a5c0,로다,False,로다,Level1
맹자집주,736,2649,曰否니이다 曰 然則子非食志也라 食功也로다,ed445210ba7848e3,로다,False,로다,Level1
맹자집주,768,2771,今有人이 日攘其鄰之鷄者어늘 或告之曰 是非君子之道라한대 曰請損之하여 月攘一鷄하여 以待來年然後已로다,b81f5e5e5be0c5e4,로다,False,로다,Level1
맹자집주,797,2881,"聖人救世立法之意가 其切如此하니 若以此意推之면 則不能攻討하고 而又唱爲不必攻討之說者는 其爲邪詖之徒,亂賊之黨을 可知矣로다",2b509d54a3228e40,로다,False,로다,Level1
맹자집주,803,2908,是未可知也로다,702522febdb10a63,로다,True,로다,Level1
맹자집주,879,3104,詩云 商之孫子 其麗不億이언마는 上帝旣命이라 侯于周服이로다,27a1e8165eb7218c,로다,True,로다,Level1
맹자집주,979,3397,子之從於子敖來는 徒餔啜也로다,71fa7acc3003ee86,로다,False,로다,Level1
맹자집주,1008,3469,惠而不知爲政이로다,bbe11b5fee571240,로다,False,로다,Level1
맹자집주,1015,3482,諸葛武侯嘗言 治世는 以大德이요 不以小惠라하니 得孟子之意矣로다,087d2469092c15af,로다,False,로다,Level1
맹자집주,1107,3767,程子之言이 可謂深得此章之旨矣로다,ddba2c0dc27ff2c4,로다,False,로다,Level1
맹자집주,1110,3772,諸君子皆與驩言이어늘 孟子獨不與驩言하시니 是는 簡驩也로다,73e7a56b3043cbf0,로다,False,로다,Level1
맹자집주,1120,3790,有人於此하니 其待我以橫逆이어든 則君子必自反也하여 我必不仁也며 必無禮也로다,ab9896fa798d3e38,로다,False,로다,Level1
맹자집주,1218,4176,然이나 不可考矣로다,31574633c065800e,로다,False,로다,Level1
맹자집주,1264,4327,莊周曰 百里奚는 爵祿이 不入於心이라 故로 飯牛而牛肥하여 使穆公으로 忘其賤而與之政이라하니 亦可謂知百里奚矣로다,757f22d00e3d8ec2,로다,False,로다,Level1
맹자집주,1364,4680,詩云 周道如底하니 其直如矢로다,f21a2b6c18739182,로다,True,로다,Level1
맹자집주,1400,4778,孟子以是折之하시니 其義精矣로다,69f13de2e7646f70,로다,False,로다,Level1
맹자집주,1416,4821,所敬은 在此하고 所長은 在彼하니 果在外라 非由內也로다,54fdeb058a273a9d,로다,False,로다,Level1
맹자집주,1420,4836,敬叔父則敬하고 敬弟則敬하니 果在外라 非由內也로다,d244294280c037f0,로다,False,로다,Level1
당송팔대가문초한유3,288,1560,詹今其死矣로다,fd751c994066507b,로다,True,로다,Level1
당송팔대가문초한유3,304,1625,子之文章은 而不用世하야 乃令吾徒로 掌帝之制로다,d888307c057acf8f,로다,True,로다,Level1
당송팔대가문초한유3,319,1717,未可以爲信也로다,d6b54a22bfff7ec7,로다,True,로다,Level1
당송팔대가문초한유3,319,1720,其信然矣로다,af5477cf2b008271,로다,True,로다,Level1
당송팔대가문초한유3,319,1723,所謂理者不可推요 而壽者不可知矣로다,dfe0278fd4a612db,로다,True,로다,Level1
대학장구,18,57,昔에 尹和靖은 見伊川半年에 方得大學西銘看이러니 今人은 半年에 要讀多少書로다,0a0dc88d655eaa3c,로다,False,로다,Level1
대학장구,72,187,詩云 瞻彼淇澳한대 菉竹猗猗로다,9aa2f824c5cf180f,로다,True,로다,Level1
대학장구,72,188,有斐君子여 如切如磋하며 如琢如磨로다,68c0879c2a980907,로다,True,로다,Level1
대학장구,122,321,詩云 桃之夭夭여 其葉蓁蓁이로다,ae523505534839d8,로다,True,로다,Level1
대학장구,137,358,詩云 節彼南山이여 維石巖巖이로다,a4f69d6732b1828c,로다,True,로다,Level1
대학장구,152,396,因上文引文王詩之意而申言之하니 其丁寧反覆之意 益深切矣로다,d3140ea2f9a7eff1,로다,True,로다,Level1
대학장구,166,432,章內에 三言得失而語益加切하니 蓋至此而天理存亡之幾決矣로다,91611cd23babeac8,로다,True,로다,Level1
대학장구,177,456,此一節은 深明以利爲利之害하여 而重言以結之하니 其丁寧之意切矣로다,92ecacb626cc7ae5,로다,True,로다,Level1
맹자집주,12,51,歐陽永叔은 却言聖人之敎人에 性非所先이라하니 可謂誤矣로다,7770d3f5dae1b95a,로다,False,로다,Level1
맹자집주,32,112,詩云 經始靈臺하여 經之營之하시니 庶民攻之라 不日成之로다,69a41814ad4b193b,로다,True,로다,Level1
맹자집주,32,113,經始勿亟하시나 庶民子來로다,cb395ac2834f12bd,로다,False,로다,Level1
맹자집주,32,114,王在靈囿하시니 麀鹿攸伏이로다,003d034851c7b159,로다,True,로다,Level1
맹자집주,32,115,麀鹿濯濯이어늘 白鳥鶴鶴이로다,52be9d3249c5d9be,로다,True,로다,Level1
맹자집주,46,215,孟子之論王道 不過如此하시니 可謂實矣로다,6d59ffc9bd4702d2,로다,False,로다,Level1
맹자집주,98,363,我非愛其財而易之以羊也언마는 宜乎百姓之謂我受也로다,ac52a4536685979e,로다,False,로다,Level1
맹자집주,1436,4873,詩曰 天生蒸民하시니 有物有則이로다,cc5df08ab52f994a,로다,False,로다,Level1
맹자집주,1464,4976,無或乎王之不智也로다,465677e17ddaa808,로다,True,로다,Level1
맹자집주,1518,5107,一心之微를 衆欲攻之하니 其與存者가 嗚呼幾希로다,286f1b6202f163ca,로다,True,로다,Level1
맹자집주,1623,5372,淳于髡이 未嘗知仁하고 亦未嘗識賢也하니 宜乎其言若是로다,620f3cfe1eea9f77,로다,False,로다,Level1
맹자집주,1659,5465,子之道는 貉道也로다,6ef486574738367e,로다,False,로다,Level1
맹자집주,1673,5487,子過矣로다,2d89c7e6d1b3e1be,로다,False,로다,Level1
맹자집주,1675,5490,是故로 禹는 以四海爲壑이어시늘 今에 吾子는 以鄰國爲壑이로다,31142d9de4ed9c15,로다,True,로다,Level1
맹자집주,1677,5493,仁人之所惡也니 吾子過矣로다,426f98a21d37b732,로다,False,로다,Level1
맹자집주,1928,6063,是猶或이 紾其兄之臂어든 子謂之姑徐徐云爾로다,4d1c430babef26fb,로다,False,로다,Level1
맹자집주,2008,6250,今之爲關也는 將以爲暴로다,f3478c19e35d5130,로다,False,로다,Level1
맹자집주,2050,6344,賢者는 以其昭昭로 使人昭昭어늘 今엔 以其昏昏으로 使人昭昭로다,87dcdfc06d6980ce,로다,False,로다,Level1
맹자집주,2052,6349,山徑之蹊間이 介然用之而成路하고 爲間不用이면 則茅塞之矣나니 今에 茅塞子之心矣로다,10ccf33fb4a96d14,로다,True,로다,Level1
맹자집주,2063,6386,是爲馮婦也로다,b2aeec89300e867d,로다,False,로다,Level1
맹자집주,2069,6419,張子所謂 養則付命於天이요 道則責成於己니 其言이 約而盡矣로다,990fc3f178afdf78,로다,False,로다,Level1
맹자집주,2091,6461,今之與楊墨辯者는 如追放豚하니 旣入其苙이어든 又從而招之로다,1eec55b5926d0b8d,로다,False,로다,Level1
맹자집주,2169,6693,由孔子而來로 至於今이 百有餘歲니 去聖人之世가 若此其未遠也며 近聖人之居가 若此其甚也로되 然而無有乎爾하니 則亦無有乎爾로다,47318b1041c5a4c3,로다,False,로다,Level1
맹자집주,2170,6699,故로 於篇終에 歷序群聖之統하시고 而終之以此하시니 所以明其傳之有在요 而又以俟後聖於無窮也시니 其旨深哉로다,a8f0130fffef4b0f,로다,True,로다,Level1
서경집전(상),151,1040,乃言이 底可績이로다,57eb31f2911ec219,로다,False,로다,Level1
서경집전(상),199,1413,島夷는 皮服이로다,5d838c0b40ad0396,로다,False,로다,Level1
서경집전(상),211,1471,灉沮會同이로다,f811bbaf9713956c,로다,True,로다,Level1
시경집전(하),2843,6300,振振鷺여 鷺于下로다,95eb836caf492d7d,로다,True,로다,Level1
시경집전(하),2845,6302,于胥樂兮로다,3eb151954f53edbc,로다,False,로다,Level1
시경집전(하),2847,6312,有駜有駜하니 駜彼乘牡로다,eb39bb1b5129bdb8,로다,True,로다,Level1
시경집전(하),2848,6313,夙夜在公하니 在公飮酒로다,86bb488e5ff7e1e4,로다,False,로다,Level1
시경집전(하),2849,6314,振振鷺여 鷺于飛로다,08ce967e5272b0f7,로다,True,로다,Level1
시경집전(하),2851,6316,于胥樂兮로다,3eb151954f53edbc,로다,True,로다,Level1
시경집전(하),2853,6319,有駜有駜하니 駜彼乘駽이로다,b23763b4f2e745f9,로다,False,로다,Level1
시경집전(하),2854,6320,夙夜在公하니 在公載燕이로다,8ce8a3ef0ad80ae5,로다,False,로다,Level1
시경집전(하),2855,6321,自今以始하여 歲其有로다,b1e2192b60ba5401,로다,True,로다,Level1
시경집전(하),2857,6323,于胥樂兮로다,3eb151954f53edbc,로다,False,로다,Level1
시경집전(하),2861,6333,魯侯戾止하시니 言觀其旂로다,540bb10700afae7c,로다,True,로다,Level1
시경집전(하),2863,6335,無小無大히 從公于邁로다,9957952f524f9902,로다,False,로다,Level1
시경집전(하),2866,6345,魯侯戾止하시니 其馬蹻蹻로다,9b190110b1f50b2b,로다,True,로다,Level1
시경집전(하),2871,6352,魯侯戾止하시니 在泮飮酒로다,77d2d141db5d356a,로다,False,로다,Level1
시경집전(하),2872,6353,旣飮旨酒하시니 永錫難老로다,08c7168ad9af5ef6,로다,True,로다,Level1
시경집전(하),2881,6369,旣作泮宮하니 淮夷攸服이로다,600ea2dadff3af70,로다,True,로다,Level1
시경집전(하),2883,6371,淑問如皐陶 在泮獻囚리로다,d5658ac2867c2e80,로다,False,로다,Level1
시경집전(하),2888,6382,不告于訩하여 在泮獻功이리로다,e4aaf951c1487352,로다,False,로다,Level1
시경집전(하),2890,6389,角弓其觩하니 束矢其搜로다,b8b9887cb6672d36,로다,True,로다,Level1
시경집전(하),2891,6390,戎車孔博하니 徒御無斁이로다,313feba62cfe4c67,로다,True,로다,Level1
맹자집주,132,540,雖以孟子反覆曉告하여 精切如此로되 而蔽固已深하여 終不能悟하니 是可歎也로다,1e83c44e1cd135a9,로다,True,로다,Level1
맹자집주,193,743,孟子之言이 可謂深切矣어늘 齊王이 不能推而用之하니 惜哉로다,d98949586de6bb42,로다,True,로다,Level1
맹자집주,210,840,其憚於自責하고 恥於下問이 如此하니 不足與有爲를 可知矣로다,4c4327ff6dc41215,로다,False,로다,Level1
맹자집주,290,1101,子誠齊人也로다,94517ad81bf34098,로다,True,로다,Level1
맹자집주,365,1378,以予觀於夫子컨대 賢於堯舜이 遠矣로다,5e3dacc1fe9fdefb,로다,True,로다,Level1
맹자집주,429,1553,子路는 人告之以有過則喜하니 亦可爲百世之師矣로다,606a8064ab72c0f1,로다,True,로다,Level1
맹자집주,477,1702,人君은 不以崇高富貴爲重하고 而以貴德尊士爲賢이면 則上下交而德業成矣로다,e8ecc82c27b6991f,로다,False,로다,Level1
맹자집주,491,1733,亦多矣로다,5699bf85fcac1c1e,로다,True,로다,Level1
맹자집주,524,1825,未也라 沈同이 問燕可伐與아하여늘 吾應之曰 可라하니 彼然而伐之也로다,af23b9d7db213989,로다,False,로다,Level1
맹자집주,533,1870,且古之君子는 過則改之러니 今之君子는 過則順之로다,5d8511a78b1b1a01,로다,False,로다,Level1
맹자집주,533,1872,又從而爲之辭로다,b8f5b4af84c02d18,로다,False,로다,Level1
맹자집주,570,1981,尹士聞之하고 曰士는 誠小人也로다,33aaa8b87056e889,로다,False,로다,Level1
맹자집주,600,2062,其所以擴前聖之未發 而有功於聖人之門이니 程子之言이 信矣로다,d399161c8634f482,로다,False,로다,Level1
맹자집주,652,2257,是以로 雖當禮法廢壞之後하여 制度節文을 不可復考나 而能因略以致詳하고 推舊而爲新하여 不屑屑於旣往之迹 而能合乎先王之意하시니 眞可謂命世亞聖之才矣로다,4a5faa3e59269f8a,로다,True,로다,Level1
맹자집주,657,2275,陳相이 見許行而大悅하여 盡棄其學而學焉이러니 陳相이 見孟子하여 道許行之言曰 滕君則誠賢君也어니와 雖然이나 未聞道也로다,77fdaea0798e9973,로다,True,로다,Level1
맹자집주,673,2375,惟天이 爲大어늘 惟堯則之하시니 蕩蕩乎民無能名焉이로다,d831623e1f90a363,로다,True,로다,Level1
맹자집주,679,2409,今也에 南蠻鴃舌之人이 非先王之道어늘 子倍子之師而學之하니 亦異於曾子矣로다,16ded12074ce5957,로다,False,로다,Level1
맹자집주,682,2413,小雅伐木之詩云 伐木丁丁이어늘 鳥鳴嚶嚶이로다,c542d1e3def66b47,로다,True,로다,Level1
맹자집주,683,2415,魯頌曰 戎狄是膺하니 荊舒是懲이라하니 周公이 方且膺之어시늘 子是之學하니 亦爲不善變矣로다,e801d954782f5586,로다,False,로다,Level1
맹자집주,687,2428,曰 夫物之不齊는 物之情也니 或相倍蓰하며 或相什伯하며 或相千萬이어늘 子比而同之하니 是는 亂天下也로다,065c76b2e01a4851,로다,False,로다,Level1
시경집전(하),2768,6124,茶蓼朽止하니 黍稷茂止로다,1cbe026044c105cc,로다,True,로다,Level1
시경집전(하),2771,6127,其崇如墉하며 其比如櫛하니 以開百室이로다,d8cd90bc4743efa9,로다,True,로다,Level1
시경집전(하),2773,6133,百室盈止하니 婦子寧止로다,ee79980e9e3f2c9c,로다,True,로다,Level1
시경집전(하),2775,6135,殺時犉牡하니 有捄其角이로다,b576d9ed2409f149,로다,True,로다,Level1
시경집전(하),2776,6136,以似以續하여 續古之人이로다,a7a0024bfd3d63ff,로다,True,로다,Level1
시경집전(하),2780,6142,絲衣其紑하니 載弁俅俅로다,77b70c2e07e75af6,로다,True,로다,Level1
시경집전(하),2784,6146,不吳不敖하니 胡考之休로다,a6d1f0db5c8ca7b7,로다,True,로다,Level1
시경집전(하),2791,6167,我龍受之하니 蹻蹻王之造로다,3ac643c522fe5e58,로다,True,로다,Level1
시경집전(하),2792,6168,載用有嗣 實維爾公允師로다,18206ec5d03b9ef2,로다,True,로다,Level1
시경집전(하),2797,6182,綏萬邦하시니 屢豊年이로다,b252c514b75339b8,로다,True,로다,Level1
시경집전(하),2821,6246,有驪有黃하니 以車彭彭이로다,2739cbfd18968647,로다,True,로다,Level1
시경집전(하),2822,6247,思無疆하니 思馬斯臧이로다,1150827aaec61cba,로다,True,로다,Level1
시경집전(하),2827,6259,有騂有騏하니 以車伾伾로다,6d6fb756642372ff,로다,True,로다,Level1
시경집전(하),2828,6260,思無期하니 思馬斯才로다,be5a41ff52c3051f,로다,True,로다,Level1
시경집전(하),2832,6268,有駵有雒하니 以車繹繹이로다,a88981c2e75c0729,로다,True,로다,Level1
시경집전(하),2833,6269,思無斁하니 思馬斯作이로다,781d03ba2d9fb68a,로다,True,로다,Level1
시경집전(하),2837,6279,有驛有魚하니 以車祛祛로다,74a855fa0334788b,로다,True,로다,Level1
시경집전(하),2838,6280,思無邪하니 思馬斯徂로다,2cb2870de0d140cc,로다,True,로다,Level1
시경집전(하),2841,6298,有駜有駜하니 駜彼乘黃이로다,c707b1d134e65c99,로다,True,로다,Level1
시경집전(하),2842,6299,夙夜在公하니 在公明明이로다,5fd6f50b4ee3147f,로다,False,로다,Level1
서경집전(상),213,1480,桑土旣蠶하니 是降丘宅土로다,63c421b924ecba81,로다,False,로다,Level1
서경집전(상),215,1487,厥土는 黑墳이니 厥草는 惟繇요 厥木은 惟條로다,eeae867c89653ccd,로다,False,로다,Level1
서경집전(상),218,1495,厥田은 惟中에 下요 厥賦는 貞이로소니 作十有三載라사 乃同이로다,620eb46b131d530c,로다,False,로다,Level1
서경집전(상),220,1503,厥貢은 漆絲요 厥篚는 織文이로다,bb19d65676fcbf67,로다,False,로다,Level1
서경집전(상),230,1533,厥土는 白墳이니 海濱은 廣斥이로다,9f3af4c2172be9d3,로다,False,로다,Level1
서경집전(상),232,1536,厥田은 惟上에 下요 厥賦는 中에 上이로다,d0d8966e150adc66,로다,False,로다,Level1
서경집전(상),234,1538,厥貢은 鹽絺요 海物은 惟錯이로다,a9e892bd0a500887,로다,False,로다,Level1
서경집전(상),234,1539,岱畎에 絲枲와 鉛松과 怪石이로다,8727646e945d69d3,로다,False,로다,Level1
서경집전(상),234,1540,萊夷作牧하니 厥篚는 檿絲로다,1fed07173f5e635d,로다,False,로다,Level1
서경집전(상),248,1596,厥土는 赤埴墳이니 草木은 漸包로다,1e9bcade6994728c,로다,False,로다,Level1
서경집전(상),250,1602,厥田은 惟上에 中이요 厥賦는 中에 中이로다,263e4048e3cfea9f,로다,False,로다,Level1
서경집전(상),252,1604,厥貢은 惟土五色과 羽畎에 夏翟과 嶧陽에 孤桐과 泗濱에 浮磬이로다,bc925028fcfb5314,로다,False,로다,Level1
서경집전(상),252,1605,淮夷는 蠙珠曁魚로소니 厥篚는 玄纖縞로다,fbc0ff1addf58684,로다,False,로다,Level1
서경집전(상),260,1650,陽鳥의 攸居로다,2b426649d95c512c,로다,False,로다,Level1
서경집전(상),267,1673,篠簜이 旣敷하니 厥草는 惟夭며 厥木은 惟喬요 厥土는 惟塗泥로다,f2cddd3a9c870efd,로다,False,로다,Level1
서경집전(상),269,1680,厥田은 惟下에 下요 厥賦는 下에 上이로소니 上錯이로다,ac21b16f868fae33,로다,False,로다,Level1
서경집전(상),271,1684,厥貢은 惟金三品과 瑤琨篠簜과 齒革羽毛와 惟木이로다,0b5d5204516406c5,로다,False,로다,Level1
서경집전(상),271,1685,島夷는 卉服이로소니 厥篚는 織貝요 厥包橘柚는 錫貢이로다,01f3f3caf43c4c95,로다,False,로다,Level1
서경집전(상),286,1749,厥土는 惟塗泥니 厥田은 惟下에 中이요 厥賦는 上에 下로다,b8552014e73bdf77,로다,False,로다,Level1
서경집전(상),288,1752,厥貢은 羽毛齒革과 惟金三品과 杶榦栝柏과 礪砥砮丹이로다,be80fc101818afc5,로다,False,로다,Level1
시경집전(하),3014,6699,龍旂十乘로 大糦是承이로다,7e81e8de97dd7459,로다,True,로다,Level1
시경집전(하),3017,6706,邦畿千里여 維民所止로소니 肇域彼四海로다,2736baa4b470e65d,로다,True,로다,Level1
시경집전(하),3020,6710,殷受命咸宜라 百祿是何로다,263d058d1cfb153b,로다,True,로다,Level1
시경집전(하),3023,6721,濬哲維商에 長發其祥이로다,272ade0bd689083e,로다,True,로다,Level1
시경집전(하),3029,6737,率履不越하시니 遂視旣發이로다,71a1dccfb129a542,로다,True,로다,Level1
시경집전(하),3030,6738,相土烈烈하시니 海外有截이로다,9204400ec2daa403,로다,True,로다,Level1
시경집전(하),3046,6785,如火烈烈하여 盼莫我敢曷이로다,5d712d1e2963c64e,로다,True,로다,Level1
시경집전(하),3048,6787,韋顧旣伐하시고 昆吾夏桀이로다,890d94faa3a3f893,로다,True,로다,Level1
시경집전(하),3053,6801,實維阿衡이 實左右商王이로다,8d1a544ee1cae036,로다,True,로다,Level1
시경집전(하),3076,6856,商邑翼翼하니 四方之極이로다,1675cac17a1c7022,로다,False,로다,Level1
시경집전(하),3082,6868,松桷有梴하며 旅楹有閑하니 寢成孔安이로다,405a5ab4e86e55fe,로다,True,로다,Level1
예기집설대전2,1,1,檀弓篇首에 言子游하고 及篇內多言之하니 疑是其門人所記로다,56257424c9619893,로다,False,로다,Level1
예기집설대전2,11,16,伯子曰 仲子亦猶行古之道也로다,dd891c9e63664a18,로다,False,로다,Level1
예기집설대전2,12,17,昔者에 文王이 舍伯邑考而立武王하시며 微子舍其孫腯(돈)而立衍也하니 夫仲子亦猶行古之道也로다,338d30bc0c4da3ac,로다,False,로다,Level1
예기집설대전2,61,76,皆不近人情하니 非禮明矣로다,8a6c9de2d2e89a48,로다,False,로다,Level1
예기집설대전2,223,317,曾子曰 爾之愛我也不如彼로다,a21d05ae23ce23f2,로다,False,로다,Level1
예기집설대전2,228,331,於是에 必欲易之하사 易之而沒하시니 可謂斃於正矣로다,754e07a5de0c29f9,로다,False,로다,Level1
예기집설대전2,324,466,夫子曰 嘻라 其甚也로다,af051c4520701252,로다,True,로다,Level1
예기집설대전2,391,563,徒使我不誠於伯高로다,bb5a30c20d3e4082,로다,True,로다,Level1
예기집설대전2,427,616,吾過矣로다 吾過矣로다,7dc838c47cafe7c3,로다,True,로다,Level1
시경집전(하),2892,6391,旣克淮夷하니 孔淑不逆이로다,634c811a99a43aaa,로다,True,로다,Level1
시경집전(하),2896,6402,食我桑黮하고 懷我好音이로다,6ea0d89067b5dd52,로다,True,로다,Level1
시경집전(하),2898,6404,元龜象齒와 大賂南金이로다,d375a13c0e511dfd,로다,False,로다,Level1
시경집전(하),2901,6415,閟宮有侐하니 實實枚枚로다,d18693af7538c8bc,로다,True,로다,Level1
시경집전(하),2905,6419,黍稷重穋과 稙穉菽麥이로다,c3de58d7028f2451,로다,True,로다,Level1
시경집전(하),2920,6456,錫之山川과 土田附庸이로다,8f9f28dc7fe03bae,로다,False,로다,Level1
시경집전(하),2922,6458,龍旂承祀하시니 六轡耳耳로다,6bbc473b0d7b42aa,로다,True,로다,Level1
시경집전(하),2931,6476,萬舞洋洋하니 孝孫有慶이로다,5061fea7601fdf67,로다,True,로다,Level1
시경집전(하),2937,6501,公車千乘이니 朱英綠縢이며 二矛重弓이로다,a75b858c07963966,로다,True,로다,Level1
시경집전(하),2940,6504,荊舒是懲하니 則莫我敢承이로다,29e03ec03618772a,로다,False,로다,Level1
시경집전(하),2946,6534,泰山巖巖하니 魯邦所詹이로다,2256b232b757c475,로다,True,로다,Level1
시경집전(하),2954,6548,莫敢不諾하여 魯侯是若이로다,effa3809dec764ea,로다,True,로다,Level1
시경집전(하),2965,6573,松桷有舃하니 路寢孔碩이로다,ae59143ee921ff32,로다,False,로다,Level1
시경집전(하),2966,6574,新廟奕奕하니 奚斯所作이로다,56cf25b29421f2ec,로다,True,로다,Level1
시경집전(하),2967,6575,孔曼且碩하니 萬民是若이로다,8514e3eae7d75aec,로다,True,로다,Level1
시경집전(하),2971,6595,然이나 其存者亦多闕文疑義하니 今不敢强通也로다,1a0848236a3270ac,로다,False,로다,Level1
시경집전(하),2973,6598,奏鼓簡簡하니 衎我烈祖로다,0ba03a67b75a0f47,로다,True,로다,Level1
시경집전(하),2990,6645,嗟嗟烈祖 有秩斯祜하사 申錫無疆이라 及爾斯所로다,d22ba0491804ad3d,로다,True,로다,Level1
시경집전(하),2996,6657,綏我眉壽하여 黃耉無疆이로다,88bde5d94fc933fd,로다,True,로다,Level1
시경집전(하),3001,6670,來假來饗하여 降福無疆이로다,0d6e3be5417337e1,로다,True,로다,Level1
서경집전(상),288,1754,包匭菁茅며 厥篚는 玄纁璣組로소니 九江이 納錫大龜로다,c4d06609dce53b13,로다,True,로다,Level1
서경집전(상),296,1800,滎波旣豬로다,25a0c445c4021c07,로다,True,로다,Level1
서경집전(상),300,1820,厥土는 惟壤이니 下土는 墳壚로다,253e4d5ab2edab08,로다,False,로다,Level1
서경집전(상),302,1825,厥田은 惟中에 上이요 厥賦는 錯이로소니 上에 中이로다,cf76136e4afb9067,로다,False,로다,Level1
서경집전(상),304,1827,厥貢은 漆枲絺紵요 厥篚는 纖纊이로소니 錫貢磬錯이로다,26e270e03bc84159,로다,True,로다,Level1
서경집전(상),321,1874,厥田은 惟下에 上이요 厥賦는 下에 中이로소니 三錯이로다,f9afa51fc751927b,로다,True,로다,Level1
서경집전(상),323,1883,厥貢은 璆鐵과 銀鏤와 砮磬과 熊羆와 狐狸와 織皮로다,e40b3f672a1b3d0a,로다,True,로다,Level1
서경집전(상),336,1941,灃水攸同이로다,0c353a888a0b0d3e,로다,False,로다,Level1
서경집전(상),348,1972,厥貢은 惟球琳琅玕이로다,a1e6191aba91b6f5,로다,True,로다,Level1
서경집전(상),385,2244,九山에 刊旅하며 九川에 滌源하며 九澤이 旣陂하니 四海會同이로다,b6ecdf5008a79300,로다,True,로다,Level1
서경집전(상),431,2426,惟彼陶唐으로 有此冀方하시니 今失厥道하여 亂其紀綱하여 乃底滅亡이로다,6b61af53ecc6c161,로다,True,로다,Level1
서경집전(상),434,2435,關石和鈞이 王府에 則有하니 荒墜厥緖하여 覆宗絶祀로다,dd3d7ba54ff4074a,로다,True,로다,Level1
서경집전(상),617,3207,今汝聒聒하여 起信이 險膚하니 予不知乃所訟이로다,b6e356632c548187,로다,False,로다,Level1
서경집전(상),627,3231,汝不和吉을 言于百姓하나니 惟汝自生毒이로다,b31d64f2d77dbd00,로다,False,로다,Level1
서경집전(상),649,3312,今予將試以汝遷하여 安定厥邦이어늘 汝不憂朕心之攸困이요 乃咸大不宣乃心하여 欽念以忱하여 動予一人하나니 爾惟自鞠自苦로다,3346498458580369,로다,True,로다,Level1
서경집전(상),649,3314,爾忱이 不屬하니 惟胥以沈이로다,6df9317e30e05668,로다,True,로다,Level1
서경집전(상),651,3324,汝不謀長하여 以思乃災하나니 汝誕勸憂로다,199e11488f93be09,로다,True,로다,Level1
서경집전(상),746,3579,乃言이 惟服이로다,e0024d602e1d8f89,로다,False,로다,Level1
서경집전(상),768,3654,高宗이 初以舟楫霖雨爲喩하고 繼以麴糵鹽梅爲喩하고 至此엔 又以股肱惟人爲喩하니 其所造益深에 所望益切矣로다,8b72e2e8478c83da,로다,True,로다,Level1
서경집전(상),793,3738,上章은 言天棄殷하고 此章은 言民棄殷하니 祖伊之言이 可謂痛切明著矣로다,4e76f90f6daebfc1,로다,True,로다,Level1
시경집전(상),21,95,窈窕淑女를 鍾鼓樂之로다,614485acefe3a3b0,로다,False,로다,Level1
시경집전(상),35,156,爲絺爲綌호니 服之無斁이로다,36ac2e84e5553c6e,로다,False,로다,Level1
시경집전(상),43,183,小序에 以爲后妃之本이라하니 庶幾近之로다,12837cc72008283e,로다,True,로다,Level1
시경집전(상),61,228,南有樛木하니 葛藟纍之로다,a56540c7f5c29ee1,로다,False,로다,Level1
시경집전(상),62,229,樂只君子여 福履綏之로다,6bf0469ba0fc6f1d,로다,False,로다,Level1
시경집전(상),65,240,南有樛木하니 葛藟荒之로다,09bbe86e463513d4,로다,False,로다,Level1
시경집전(상),66,241,樂只君子여 福履將之로다,8d269f70b004bf18,로다,False,로다,Level1
시경집전(상),68,245,南有樛木하니 葛藟縈之로다,56a26f9615a5c326,로다,False,로다,Level1
시경집전(상),69,246,樂只君子여 福履成之로다,676d955eb639805d,로다,False,로다,Level1
시경집전(상),73,251,宜爾子孫이 振振兮로다,b2c20e14e94d2456,로다,False,로다,Level1
시경집전(상),77,261,宜爾子孫이 繩繩兮로다,57e3c312e900bce0,로다,False,로다,Level1
시경집전(상),80,265,宜爾子孫이 蟄蟄兮로다,b2c20e14e94d2456,로다,False,로다,Level1
시경집전(상),83,270,桃之夭夭여 灼灼其華로다,6de2607ecb04440b,로다,True,로다,Level1
시경집전(상),84,271,之子于歸여 宜其室家로다,94abae2fe5e3022e,로다,False,로다,Level1
시경집전(상),87,282,桃之夭夭여 有蕡其實이로다,7e7c0ec59600b227,로다,False,로다,Level1
시경집전(상),88,283,之子于歸여 宜其家室이로다,3bdba3be330423bb,로다,False,로다,Level1
시경집전(상),90,287,桃之夭夭여 其葉蓁蓁이로다,98140e780b44ef1d,로다,False,로다,Level1
시경집전(상),91,288,之子于歸여 宜其家人이로다,e63e403419895e5e,로다,False,로다,Level1
시경집전(상),94,293,肅肅兎罝여 椓之丁丁이로다,253a058cce9dd9e7,로다,False,로다,Level1
시경집전(상),95,294,赳赳武夫여 公侯干城이로다,4bfb11a57d966b84,로다,True,로다,Level1
서경집전(상),798,3748,殷之卽喪이로소니 指乃功한대 不無戮于爾邦이로다,df1d798a7efb4493,로다,False,로다,Level1
서경집전(상),813,3813,召敵讐不怠하여 罪合于一하니 多瘠이라도 罔詔로다,94a5580dc45f916e,로다,True,로다,Level1
서경집전(하),241,882,王이 執書以泣曰 其勿穆卜이로다,cbac136b3232f186,로다,True,로다,Level1
서경집전(하),251,928,西土人이 亦不靜이라하더니 越玆蠢이로다,7d0601a510631a63,로다,True,로다,Level1
서경집전(하),271,1028,爾亦不知天命不易이로다,5817332e4dc453a5,로다,False,로다,Level1
서경집전(하),456,1796,公旣定宅하시고 伻來하여 來視予卜休恒吉하시니 我二人이 共貞이로다,81ba3f3d5b38b54a,로다,False,로다,Level1
서경집전(하),480,1891,惟公德이 明光于上下하며 勤施于四方하여 旁作穆穆迓衡하여 不迷文武勤敎하시니 予沖子는 夙夜에 毖祀로다,3e6cd9486f708a97,로다,True,로다,Level1
서경집전(하),546,2098,予亦念天이 卽于殷하사 大戾하시니 肆不正이로다,3d05f417934d350a,로다,False,로다,Level1
서경집전(하),653,2527,前言若玆誥라 故로 此言若玆多誥하니 周公之告召公에 其言語之際 亦可悲矣로다,3c3476e1fda0a713,로다,True,로다,Level1
서경집전(하),969,3624,惟公이 克成厥終하여 三后協心하여 同底于道하여 道洽政治하여 澤潤生民하여 四夷左衽이 罔不咸賴하니 予小子는 永膺多福이로다,7e15045e15654baa,로다,True,로다,Level1
서경집전(하),1071,4076,徂玆淮夷徐戎이 竝興이로다,59b1e5e19aff4a26,로다,False,로다,Level1
시경집전(상),7,51,鵲巢騶虞之德은 諸侯之風也니 先王之所以敎라 故로 繫之召公이라하니 斯言이 得之矣로다,fe409d122d6b630a,로다,False,로다,Level1
시경집전(상),8,52,關關雎鳩 在河之洲로다,9c06d8cf21128f3a,로다,True,로다,Level1
시경집전(상),9,53,窈窕淑女 君子好逑로다,a604ecdbdb02ad28,로다,True,로다,Level1
시경집전(상),11,73,夫然後에 可以配至尊而爲宗廟主니 此는綱紀之首요 王敎之端也라하니 可謂善說詩矣로다,ebb039220b30e4b0,로다,False,로다,Level1
시경집전(상),12,74,參差荇菜를 左右流之로다,80cf8bc80d29a1a2,로다,False,로다,Level1
시경집전(상),13,75,窈窕淑女를 寤寐求之로다,bf436625266217a0,로다,True,로다,Level1
시경집전(상),18,92,參差荇菜를 左右采之로다,568cf74836fb2cf1,로다,False,로다,Level1
시경집전(상),19,93,窈窕淑女를 琴瑟友之로다,e1a013c19bff8022,로다,True,로다,Level1
시경집전(상),20,94,參差荇菜를 左右芼之로다,3df9c138819e039f,로다,False,로다,Level1
예기집설대전2,427,617,吾離群而索(삭)居가 亦已久矣로다,a6e6096725e96426,로다,False,로다,Level1
예기집설대전2,473,681,曰 其往也에 如慕하고 其反也에 如疑로다,20c744136a0d4fa0,로다,True,로다,Level1
예기집설대전2,583,834,曾子聞之하시고 曰 多矣乎予出祖者로다,24b38ba19c2b47a1,로다,True,로다,Level1
예기집설대전2,599,858,主人이 旣小斂하고 袒括髮이어늘 子游趨而出하야 襲裘帶絰而入한대 曾子曰 我過矣로다 我過矣로다,5ee4d26742a9770f,로다,True,로다,Level1
예기집설대전2,635,906,亡於禮者之禮也에 其動也가 中이로다,d29d11f01c878fb1,로다,False,로다,Level1
예기집설대전2,705,1001,弁人이 有其母死而孺子泣者어늘 孔子曰哀則哀矣나 而難爲繼也로다,98591ff43acb6756,로다,True,로다,Level1
예기집설대전2,777,1105,曰 聞之矣로다,42c64aa199fa8c9c,로다,False,로다,Level1
예기집설대전2,778,1107,有子曰 是非君子之言也로다,aba92883329fe96a,로다,False,로다,Level1
예기집설대전2,779,1109,有子又曰是는 非君子之言也로다,ccca11080b6c87fd,로다,False,로다,Level1
예기집설대전2,780,1112,然則夫子有爲言之也로다,473cc868b9415f82,로다,False,로다,Level1
예기집설대전2,897,1301,專以禮許人이로다,ec43f90a9ac1dd39,로다,False,로다,Level1
예기집설대전2,998,1443,馬氏以小寢大寢으로 爲燕寢正寢하니 與舊說異로다,80131fdfe22777c2,로다,False,로다,Level1
예기집설대전2,1121,1611,季武子寢疾이어늘 蟜固不［脫］齊衰而入見(현)曰 斯道也將亡矣로다,ce80bf33fa02a727,로다,False,로다,Level1
예기집설대전2,1182,1694,凡經中言曾子失禮之事를 不可盡信이니 此亦可見이로다,573d8dd782073a86,로다,False,로다,Level1
예기집설대전2,1191,1708,或人이 旣不知此王姬乃莊公舅之妻하고 而以爲外祖母라하고 又不知外祖母服小功하고 而以大功으로 爲外祖母之服이라하니 其亦妄矣로다,0d8762bf05e30e3b,로다,False,로다,Level1
예기집설대전2,1434,2047,季子之問은 有君子補過之心이요 而孟氏之對은 可謂小人之無忌憚者矣로다,fea8337de8eb520b,로다,False,로다,Level1
예기집설대전2,1441,2057,曾子曰 晏子는 可謂知禮也已니 恭敬之有焉이로다,84b2fff32a047cf7,로다,False,로다,Level1
예기집설대전2,1611,2298,生無以爲養하며 死無以爲禮也로다,22b2b43794410869,로다,False,로다,Level1
예기집설대전2,1686,2404,故公室之窆棺을 視豊碑하고 大夫僭諸侯라 故三家之窆棺을 視桓楹하니 其陵替承襲之弊가 有自來矣로다,36ef73c06f77a97f,로다,False,로다,Level1
예기집설대전2,1749,2498,曾子曰 蕢尙이 不如杞梁之妻之知禮也로다,f652e3ba568d70f2,로다,False,로다,Level1
예기집설대전2,1768,2529,先儒以爲紼은 失之矣로다,0393f938062a4226,로다,False,로다,Level1
예기집설대전2,1822,2602,苛政이 猛於虎也로다,17b3afd9f269cf70,로다,True,로다,Level1
예기집설대전2,1911,2716,禮制若此하니 未詳其說이로다,74bfb4f92ddf53d0,로다,False,로다,Level1
예기집설대전2,1923,2731,邾婁定公之時에 有弑其父者어늘 有司以告한대 公이 瞿然失席曰是寡人之罪也로다,5eea1c84bfb72f59,로다,True,로다,Level1
예기집설대전2,1931,2743,歌於斯하고 哭於斯하며 聚國族於斯로다,66e5864279a78bb6,로다,True,로다,Level1
예기집설대전2,1975,2808,則子罕在宋에 而天下不能當者信矣로다,2e9b9fa5a6d2eea2,로다,False,로다,Level1
예기집설대전2,1993,2834,其有以深得聖人之處其所難處者矣로다,27af7b3df93c9d52,로다,False,로다,Level1
자치통감강목1,247,599,先王之禮於斯盡矣로다,db101c0c140e37d5,로다,False,로다,Level1
자치통감강목1,257,691,使智伯有後而豫子爲之報仇면 其心을 未可知也어니와 智伯이 無後矣而讓也不忘國士之遇하고 以死許之하야 至再三而愈篤하니 則無所爲而爲之者라 (其)［眞］可謂義士矣로다,77562bca12deb535,로다,True,로다,Level1
자치통감강목1,261,721,臣在闕門之外하야 不敢當命이로다,8a5a6365dfaeb519,로다,True,로다,Level1
자치통감강목1,262,745,吳公이 今又吮其子하니 妾不知其死所矣로다,4c2add83312e8797,로다,False,로다,Level1
자치통감강목1,386,959,王이 出謂左右曰 公叔이 病甚하니 悲乎로다,8520ba09af5d9d83,로다,True,로다,Level1
자치통감강목1,421,1083,通鑑與史記不同 而考異에 不載其說하니 未詳所據로다,4ad1ec5bb29aa83e,로다,False,로다,Level1
자치통감강목1,426,1128,惠王이 不恨不用孟子之言하고 而以不用公叔之言으로 爲恨하니 其亦可謂愚矣로다,9ba3cb53c57d7fca,로다,False,로다,Level1
자치통감강목1,450,1194,韓昭侯作高門이어늘 屈宜臼曰 君必不出此門이로다,d07595c4a151a44e,로다,False,로다,Level1
자치통감강목1,498,1319,孟嘗君은 可謂能用諫矣로다,2150fb3a739ad077,로다,False,로다,Level1
자치통감강목1,498,1321,詩曰 采葑采菲無以下體라하니 孟嘗君有焉이로다,5f665258c730477c,로다,False,로다,Level1
자치통감강목1,523,1418,且古之君子는 過則改之러니 今之君子는 過則順之하고 又從而爲之辭로다,f6161719e8f334d9,로다,False,로다,Level1
자치통감강목1,537,1479,意者繆留於仲叔에 陰有所附하야 欲國柄이 歸一而不分이라 故危言以動其君耳로다,d4e6263e1aa6aedd,로다,False,로다,Level1
자치통감강목1,562,1578,而叔이 順中國之俗하고 惡變服之名하야 以忘鄗事之醜하니 非寡人之所望也로다,dc555cda8534a2e3,로다,False,로다,Level1
시경집전(상),170,458,之子于歸에 百兩成之로다,fe2c6b446e8b9565,로다,True,로다,Level1
시경집전(상),173,464,于以采蘩이 于沼于沚로다,eccbcd059a5a7b49,로다,False,로다,Level1
시경집전(상),174,465,于以用之 公侯之事로다,6a2343d536d04b2a,로다,False,로다,Level1
시경집전(상),177,474,于以采蘩이 于澗之中이로다,61b4889e3f2f99a0,로다,False,로다,Level1
시경집전(상),178,475,于以用之 公侯之宮이로다,9006ff501f0ff4d1,로다,False,로다,Level1
시경집전(상),180,480,被之僮僮이여 夙夜在公이로다,0410a1af6cd22a10,로다,False,로다,Level1
시경집전(상),181,481,被之祁祁여 薄言還歸로다,6e205b3f5d8ac3e8,로다,False,로다,Level1
시경집전(상),184,491,喓喓草蟲이며 趯趯阜螽이로다,5d02d7b4b13c37b5,로다,False,로다,Level1
시경집전(상),187,494,我心則降이로다,1061140333ef1955,로다,True,로다,Level1
시경집전(상),193,508,我心則說이로다,e33767ff276ee136,로다,True,로다,Level1
시경집전(상),198,516,我心則夷이로다,bdc7cd0c2042a65f,로다,True,로다,Level1
시경집전(상),201,523,于以采蘋이 南澗之濱이로다 于以采藻 于彼行潦로다,3bb60114c456561d,로다,False,로다,Level1
시경집전(상),204,530,于以盛之 維筐及筥로다,155b277126786d77,로다,False,로다,Level1
시경집전(상),205,531,于以湘之 維錡及釜로다,168f77ad5b304192,로다,False,로다,Level1
시경집전(상),208,537,于以奠之 宗室牖下로다,3ced5755aaa4eb92,로다,False,로다,Level1
시경집전(상),209,538,誰其尸之오 有齊季女로다,8ddfbb89ac5f1963,로다,False,로다,Level1
시경집전(상),238,599,羔羊之皮여 素絲五紽로다,75439e8fc3ab7f82,로다,False,로다,Level1
시경집전(상),239,600,退食自公하니 委蛇委蛇로다,b71c78b3dc2634d7,로다,False,로다,Level1
시경집전(상),243,612,委蛇委蛇하니 自公退食이로다,e85ea132b565bac4,로다,False,로다,Level1
시경집전(상),245,616,羔羊之縫이여 素絲五總이로다,15638b8430bf7a6e,로다,False,로다,Level1
자치통감강목1,605,1691,穿이 弗應한대 平原君이 問之하니 穿이 曰幾能令臧三耳矣로다,bb538e1b93dd9a70,로다,True,로다,Level1
자치통감강목1,620,1744,殺其父而劫其子로다,67872d64b3e00a2d,로다,False,로다,Level1
자치통감강목1,620,1745,楚之不競也여 忍其父而昏其讐로다,4fe8f70651ae58fa,로다,True,로다,Level1
자치통감강목1,620,1748,故荀卿이 論之曰 夫道를 善用之면 則百里之地에 可以獨立이요 不善用之면 則楚以六千里로 而爲讐人役이라하니 信哉로다,f8befa2947792b38,로다,True,로다,Level1
자치통감강목1,634,1772,小而生巨하니 必霸天下로다,b141b06d10329755,로다,True,로다,Level1
자치통감강목1,732,2182,對曰 老臣은 竊以爲媼之愛燕后 賢於長安君이라하노이다 太后曰 君이 過矣로다,746e194d4c629b1f,로다,False,로다,Level1
자치통감강목1,757,2298,樓緩曰 卿得其一이요 不得其二로다,29550d8aae98c4c5,로다,False,로다,Level1
자치통감강목10,494,725,意者컨대 將軍이 殆臨事而懼로다,8bcbe2e2494e0f78,로다,False,로다,Level1
자치통감강목10,835,1262,今吾所求無獲이요 而卿父子顯重하니 但爲卿所賣耳로다,55086faffeb90c29,로다,True,로다,Level1
자치통감강목10,880,1338,操與荀彧書曰 吾到安衆에 破繡必矣로다,a35b3d908176fb23,로다,False,로다,Level1
자치통감강목10,882,1341,他日에 彧問其故한대 操曰 虜遏吾歸師而與吾死地하니 吾是以로 知勝矣로다,8d813feb7aba8986,로다,False,로다,Level1
자치통감강목10,1037,1618,良有以也로다,7925e5b04c1a70e7,로다,False,로다,Level1
자치통감강목10,1048,1641,事去矣로다,7e4cba7c966e35b4,로다,True,로다,Level1
자치통감강목10,1111,1748,操聞其來하고 跣出迎之하여 撫掌笑曰 子卿이 遠來하니 吾事濟矣로다,e415f9e0e5bf0388,로다,True,로다,Level1
자치통감강목10,1125,1773,或謂田豐曰 君必見重矣로다,8b9a2d518c3a1265,로다,False,로다,Level1
자치통감강목10,1206,1903,吳夫人曰 公瑾議是也로다,b757a6ecb6e4a9db,로다,False,로다,Level1
자치통감강목10,1265,2000,操又辟崔琰하여 爲别駕하고 謂曰 昨案户籍하니 可得三十萬衆이라 故爲大州也로다,267704045d785029,로다,False,로다,Level1
자치통감강목10,1387,2194,至是에 表謂備曰 不用君言故로 爲失此大會로다,b6caf1b81468f484,로다,False,로다,Level1
자치통감강목10,1440,2273,琰이 謂朗曰 君弟聰亮明允하고 剛斷英特이 非子所及也로다,888cb5b74e42c55d,로다,True,로다,Level1
자치통감강목10,1528,2427,今卿이 廓開大計하니 正與孤同이로다,f70ef3326829a65e,로다,False,로다,Level1
시경집전(상),98,303,肅肅兎罝여 施于中逵로다,30ffa3c3967169e0,로다,True,로다,Level1
시경집전(상),99,304,赳赳武夫여 公侯好仇로다,ea66a2acee30cd5b,로다,True,로다,Level1
시경집전(상),101,310,肅肅兎罝여 施于中林이로다,e5289072771ed5fc,로다,True,로다,Level1
시경집전(상),102,311,赳赳武夫여 公侯腹心이로다,de5519525986fceb,로다,True,로다,Level1
시경집전(상),116,332,南有喬木하니 不可休息로다,0ca6870773c5bc6f,로다,True,로다,Level1
시경집전(상),117,333,漢有遊女하니 不可求思로다,99aec48b24123c80,로다,False,로다,Level1
시경집전(상),119,335,江之永矣 不可方思로다,9ed3ece93391b3c2,로다,False,로다,Level1
시경집전(상),125,351,江之永矣 不可方思로다,9ed3ece93391b3c2,로다,False,로다,Level1
시경집전(상),131,362,江之永矣 不可方思로다,9ed3ece93391b3c2,로다,False,로다,Level1
시경집전(상),139,380,旣見君子호니 不我遐棄로다,e3376e08a26b457e,로다,True,로다,Level1
시경집전(상),142,386,魴魚頳尾어늘 王室如燬로다,caf04c1069897363,로다,True,로다,Level1
시경집전(상),148,406,于嗟麟兮로다,efe6bc3b02643ef4,로다,True,로다,Level1
시경집전(상),152,416,于嗟麟兮로다,efe6bc3b02643ef4,로다,True,로다,Level1
시경집전(상),155,422,于嗟麟兮로다,efe6bc3b02643ef4,로다,True,로다,Level1
시경집전(상),160,437,今言詩者或乃專美后妃하고 而不本於文王하니 其亦誤矣로다,ec8c56b2466a51ed,로다,True,로다,Level1
시경집전(상),162,441,維鵲有巢에 維鳩居之로다,248a9d1b6420d405,로다,False,로다,Level1
시경집전(상),163,442,之子于歸에 百兩御之로다,f05e118363201b9e,로다,False,로다,Level1
시경집전(상),166,452,維鵲有巢에 維鳩方之로다,2ee62245a89ce408,로다,False,로다,Level1
시경집전(상),167,453,之子于歸에 百兩將之로다,752f29cf25a8e303,로다,False,로다,Level1
시경집전(상),169,457,維鵲有巢에 維鳩盈之로다,4a3042e15872fed6,로다,False,로다,Level1
자치통감강목10,1542,2451,卿言至此하니 甚合孤心이로다,08ad438327f0bb72,로다,False,로다,Level1
자치통감강목10,1543,2454,此는 天以卿二人賛孤也로다,3c413862cf563682,로다,True,로다,Level1
자치통감강목10,1547,2460,備曰 恨少로다,1e3dcf8bde1c79cf,로다,False,로다,Level1
자치통감강목11,12,26,曹操密遣辯士蔣幹하여 布衣葛巾으로 私行하여 說周瑜러니 瑜出迎하여 立謂之曰 子翼이 良苦로다,9915d42f7dc02e7e,로다,False,로다,Level1
자치통감강목11,29,99,及肅過尋陽에 與蒙議論하고 大驚曰 卿今者才略이 非復吳下阿蒙이로다,00032ce20a405f82,로다,True,로다,Level1
자치통감강목11,50,191,巴郡太守嚴顔이 拊心歎曰 此所謂獨坐窮山하여 放虎自衛者也로다,a6a1c4b4110af97e,로다,False,로다,Level1
자치통감강목11,53,211,旣而요 聞昱之謀하고 甚悅曰 君은 非徒明於軍計라 又善處人父子之間이로다,de476bdebbe45c38,로다,True,로다,Level1
자치통감강목11,117,444,君知其一이요 未知其二로다,9d876e628a88d5ca,로다,True,로다,Level1
자치통감강목11,272,1021,丕嘗出射雉하고 顧群臣하고 曰 樂哉로다,6cf61abf6b085a5a,로다,False,로다,Level1
자치통감강목11,305,1114,貞이 聞之하고 謂其徒曰 江東將相이 如此하니 非久下人者也로다,fa0097c146138172,로다,False,로다,Level1
자치통감강목11,307,1119,禁이 將數萬衆하여 敗不能死하고 生降於敵이라가 旣而復歸하니 廢之可也요 殺之可也어늘 乃畫陵屋以辱之하니 斯不君矣로다,d356548a7fb8d46d,로다,False,로다,Level1
자치통감강목11,343,1228,初에 魏主丕 聞漢兵이 樹柵連營七百餘里하고 謂群臣曰 彼不曉兵이로다,cf3f7bdd52a369cd,로다,False,로다,Level1
자치통감강목11,393,1393,丕臨望하고 嘆曰 魏雖有武騎千群이나 無所用之니 未可圖也로다,c6b1d5b02c0cf17f,로다,False,로다,Level1
자치통감강목11,457,1582,而進人者 各務其所尙이어늘 今姚掾이 竝存剛柔하니 可謂博雅矣로다,7353f755e3e012fe,로다,False,로다,Level1
자치통감강목11,593,2016,巧詐不如拙誠이 信矣로다,17421f0083b57195,로다,False,로다,Level1
자치통감강목11,608,2062,朕年六十에 世事難易를 靡所不嘗이로되 近爲鼠子所前却하니 令人氣踊如山이로다,587af1a9b3f0f088,로다,False,로다,Level1
자치통감강목11,643,2170,亮이 嘗推演兵法하여 作八陣圖러니 至是하여 懿案行其營壘하고 嘆曰 天下奇才也로다,16489a9e0de62f59,로다,True,로다,Level1
자치통감강목11,651,2209,"可謂識治之良才요 管, 蕭之亞匹矣로다",bba683dad416ccef,로다,True,로다,Level1
자치통감강목11,652,2211,及亮薨에 立이 垂泣曰 吾終爲左衽矣로다,cf1ee162ec77dfd7,로다,False,로다,Level1
자치통감강목11,659,2231,恪父瑾이 聞之하고 亦嘆曰 恪이 不大興吾家하고 將赤吾族也로다,c277380c7e72c9b9,로다,False,로다,Level1
시경집전(상),246,617,委蛇委蛇하니 退食自公이로다,3b71f963a77649ae,로다,False,로다,Level1
시경집전(상),263,645,摽有梅여 其實七兮로다,7149416697d77400,로다,True,로다,Level1
시경집전(상),267,655,摽有梅여 其實三兮로다,586c59676cf51600,로다,True,로다,Level1
시경집전(상),270,660,摽有梅여 頃筐墍之로다,dd6eb1dabef8eb26,로다,True,로다,Level1
시경집전(상),274,667,嘒彼小星이여 三五在東이로다,db67d3c24823b3ef,로다,True,로다,Level1
시경집전(상),279,683,嘒彼小星이여 維參與昴로다,db15844da1637c8f,로다,True,로다,Level1
시경집전(상),287,697,其後也悔로다,ae81b6b158db73e9,로다,True,로다,Level1
시경집전(상),289,706,故로 媵見江水之有汜而因以起興하여 言 江猶有汜어늘 而之子之歸에 乃不我以로다,51e309c363b8c9a4,로다,True,로다,Level1
시경집전(상),292,710,其後也處로다,077dc03a66342fa9,로다,False,로다,Level1
시경집전(상),296,717,其嘯也歌로다,1b67dc81c4f7b9d3,로다,True,로다,Level1
시경집전(상),300,727,野有死麕이어늘 白茅包之로다,a49ae75050203362,로다,False,로다,Level1
시경집전(상),301,728,有女懷春이어늘 吉士誘之로다,2e1cfc2da77c7ae6,로다,True,로다,Level1
시경집전(상),305,737,白茅純束하나니 有女如玉이로다,e7da5bbdb7f8aa6c,로다,True,로다,Level1
시경집전(상),312,756,何彼穠矣오 唐棣之華로다,504e1c2b95a84fe1,로다,True,로다,Level1
시경집전(상),313,757,曷不肅雝이리오 王姬之車로다,64328e222e4914bf,로다,True,로다,Level1
시경집전(상),315,766,乃唐棣之華也로다,559b58cfb7ee334b,로다,False,로다,Level1
시경집전(상),316,770,何彼穠矣오 華如桃李로다,ae090d2f0da5e94c,로다,True,로다,Level1
시경집전(상),317,771,平王之孫과 齊侯之子로다,30ec298a8572c28c,로다,False,로다,Level1
시경집전(상),319,777,其鈞維何오 維絲伊緡이로다,77a6dac20266d4ca,로다,False,로다,Level1
시경집전(상),320,778,齊侯之子와 平王之孫이로다,5620eec3179a8099,로다,False,로다,Level1
시경집전(상),324,785,于乎騶虞로다,dad908b483697693,로다,True,로다,Level1
시경집전(상),328,794,于嗟乎騶虞로다,dad908b483697693,로다,True,로다,Level1
시경집전(상),338,829,汎彼柏舟여 亦汎其流로다,86d304ad4a0698cf,로다,True,로다,Level1
시경집전(상),350,851,威儀棣棣라 不可選也로다,9685449874593a3d,로다,True,로다,Level1
시경집전(상),358,865,心之憂矣여 如匪澣衣로다,0e3bd813def960a2,로다,True,로다,Level1
시경집전(상),363,876,綠兮衣兮여 綠衣黃裏로다,bcfc261d0b08d383,로다,True,로다,Level1
시경집전(상),367,885,綠兮衣兮여 綠衣黃裳이로다,4e722934021cb1a8,로다,True,로다,Level1
시경집전(상),370,891,綠兮絲兮라 女所治兮로다,4604d03e3b652f41,로다,False,로다,Level1
시경집전(상),371,892,我思古人하여 俾無訧兮로다,8c9217552c763636,로다,True,로다,Level1
시경집전(상),374,900,絺兮綌兮여 凄其以風이로다,92881810e962b539,로다,True,로다,Level1
시경집전(상),375,901,我思古人호니 實獲我心이로다,0b7551ae58958bd5,로다,True,로다,Level1
시경집전(상),380,910,燕燕于飛여 差池其羽로다,2f4e422a7547e4d6,로다,True,로다,Level1
시경집전(상),385,920,燕燕于飛여 頡之頏之로다,52308bef7ab21872,로다,True,로다,Level1
시경집전(상),389,927,燕燕于飛여 下上其音이로다,d80bed4540cff069,로다,True,로다,Level1
시경집전(상),393,933,仲氏任只하니 其心塞淵이로다,61f7e8c687391286,로다,True,로다,Level1
시경집전(상),395,935,先君之思로 以勗寡人이로다,476f7aefbd441a8e,로다,True,로다,Level1
시경집전(상),397,947,州吁之暴와 桓公之死와 戴嬀之去는 皆夫人失位하여 不見答於先君所致也어늘 而戴嬀猶以先君之思로 勉其夫人하니 眞可謂溫且惠矣로다,567c78c7ff390970,로다,True,로다,Level1
시경집전(상),409,968,乃如之人兮 德音無良이로다,5a6fd04332365717,로다,False,로다,Level1
시경집전(상),419,985,謔浪笑敖라 中心是悼로다,32fad08acc4fe18f,로다,True,로다,Level1
시경집전(상),423,996,莫往莫來라 悠悠我思로다,f605d5f87d2c6578,로다,True,로다,Level1
시경집전(상),426,1002,終風且曀요 不日有曀로다,9988a0238b252b88,로다,True,로다,Level1
시경집전(상),429,1010,曀曀其陰이며 虺虺其靁으로다,70c3a647a1cd6678,로다,True,로다,Level1
시경집전(상),448,1046,于嗟闊兮여 不我活兮로다,13617d9aa0c34f7f,로다,True,로다,Level1
시경집전(상),449,1047,于嗟洵兮여 不我信兮로다,7ac38757639fc31d,로다,True,로다,Level1
시경집전(상),453,1056,凱風自南로 吹彼棘心이로다,7c6b1c47466a13a4,로다,True,로다,Level1
시경집전(상),457,1067,凱風自南으로 吹彼棘薪이로다,60759a1bd25a8805,로다,True,로다,Level1
시경집전(상),460,1073,復以聖善稱其母하고 而自謂無令人하니 其自責也 深矣로다,81a4ea1f50bedba5,로다,True,로다,Level1
시경집전(상),461,1074,爰有寒泉이 在浚之下로다,9bea129022b13e1b,로다,True,로다,Level1
시경집전(상),465,1083,睍睆黃鳥 載好其音이로다,3ce4fd03537f8df7,로다,True,로다,Level1
시경집전(상),470,1091,雄雉于飛여 泄泄其羽로다,defb0211aa79f6b5,로다,True,로다,Level1
시경집전(상),471,1092,我之懷矣여 自詒伊阻로다,d431986821657811,로다,True,로다,Level1
시경집전(상),474,1098,雄雉于飛여 下上其音이로다,de5edd957e903fc8,로다,True,로다,Level1
시경집전(상),475,1099,展矣君子여 實勞我心이로다,086f7223e6c6f54d,로다,True,로다,Level1
시경집전(상),477,1104,瞻彼日月호니 悠悠我思로다,8c1393004d1e2e8e,로다,True,로다,Level1
시경집전(상),485,1119,匏有苦葉이어늘 濟有深涉이로다,f1aecf1e972367e2,로다,True,로다,Level1
시경집전(상),489,1129,有瀰濟盈이어늘 有鷕雉鳴이로다,b4b25ead19237a62,로다,True,로다,Level1
시경집전(상),490,1130,濟盈不濡軌하며 雉鳴求其牡로다,f5018d928f2ad298,로다,True,로다,Level1
시경집전(상),510,1175,誰謂茶苦오 其甘如薺로다,484962fd21e59fac,로다,True,로다,Level1
시경집전(상),531,1224,承上章하여 言我於女家에 勤勞如此어늘 而女旣不我養하고 而反以我爲仇讐로다,93052dd8f422c730,로다,True,로다,Level1
시경집전(상),535,1231,不念昔者에 伊余來墍로다,9c96e028244c4637,로다,True,로다,Level1
자치통감강목12,356,1446,及是하여 瓘謂曰可以報江油之辱矣로다,bbc30e3d76bd440c,로다,True,로다,Level1
자치통감강목12,358,1460,會請其子琇하여 爲參軍한대 憲英憂曰 他日에 吾爲國憂이러니 今日에 難至吾家矣로다,39133c255d02a7f5,로다,True,로다,Level1
자치통감강목12,465,1727,瓊聞之曰 廣休는 可謂不黨矣로다,d42da4da28e35444,로다,False,로다,Level1
자치통감강목12,570,2075,議者多有不同하되 賈充荀勖馮紞이 尤以伐吳爲不可하니 祜歎曰 天下不如意事十常居七八이로다,005dc3f7d9cdc562,로다,True,로다,Level1
자치통감강목12,612,2200,然喜任俠하니 處士陳留董養이 見而謂之曰 君好亂樂禍하니 若天下有事면 不作士大夫矣로다,2181d5ad8ecbdff1,로다,False,로다,Level1
자치통감강목12,619,2238,晉主撫掌歡笑하고 召群臣謂曰 若從諸卿言이면 無涼州矣로다,ee4de5bef1114a5c,로다,True,로다,Level1
자치통감강목13,39,172,"帝大笑曰 桓, 靈은 不聞此言이어늘 今朕有直臣하니 固爲勝之로다",8991ed8513d9d895,로다,False,로다,Level1
자치통감강목13,80,326,衛瓘이 與書하여 曰 每與足下로 共論此事로되 日日未果하니 可謂瞻之在前이요 忽焉在後矣로다,8bf02da513ed9e2f,로다,False,로다,Level1
자치통감강목13,124,489,大亂將作矣로다,2ae03ed7503d146d,로다,True,로다,Level1
자치통감강목13,187,704,關内侯索靖이 知天下將亂하고 指洛陽宮門銅駝하고 嘆曰 會見汝在荆棘中耳로다,373591a59b4bf521,로다,True,로다,Level1
자치통감강목13,207,786,閻纉이 撫張華尸하고 慟哭曰 早語君遜位而不肯이러니 今果不免하니 命也로다,9dd5acc549a761a6,로다,True,로다,Level1
자치통감강목13,214,813,崇이 嘆曰 奴輩利吾財耳로다,7a109f6ecb52724b,로다,True,로다,Level1
자치통감강목13,281,1047,旣克張昌하니 劉弘이 謂曰 吾昔爲羊公參軍하니 謂吾後當居其處라하더니 今觀卿하니 必繼老夫矣로다,3797909d4d0e62ea,로다,False,로다,Level1
자치통감강목13,329,1223,劉淵이 聞穎去鄴하고 歎曰 不用吾言하여 遂自犇潰하니 眞奴才也로다,e9b0887250030d9b,로다,True,로다,Level1
자치통감강목13,417,1469,"語之曰 荆州는 有江, 漢之固하고 青州는 有負海之險이어늘 卿二人在外하고 而吾居中하니 足以為三窟矣로다",7994ded268ee90f6,로다,False,로다,Level1
자치통감강목13,478,1597,李憙見之하고 歎曰 望之엔 如可易라가 及至엔 肅如嚴君하니 可謂君子矣로다,b10f2575bd528ed5,로다,True,로다,Level1
자치통감강목13,532,1767,勒이 謂張賓曰 王公이 位重而言卑하니 其圖我必矣로다,cd36c6577aa0ab3b,로다,False,로다,Level1
자치통감강목13,641,2121,勒이 撫几笑曰 王彭祖真可擒也로다,3c39b1510dba285e,로다,False,로다,Level1
자치통감강목13,706,2330,聰이 以表示沈等하고 笑曰 群兒為元達所引하여 遂成癡兒로다,19d29a9f1e547c1d,로다,False,로다,Level1
자치통감강목13,761,2512,乂意輕平하여 視其屋하고 曰 可作馬廐로다 見大鑊하고 曰 可鑄鐵器로다,3267db15c84f269e,로다,False,로다,Level1
시경집전(상),552,1267,何其處也요 必有與也로다,ed440b6b923afb69,로다,True,로다,Level1
시경집전(상),553,1268,何其久也오 必有以也로다,5826ff688c62a8ff,로다,True,로다,Level1
시경집전(상),557,1278,叔兮伯兮 靡所與同이로다,66d2dc45ccf03685,로다,True,로다,Level1
시경집전(상),560,1286,瑣兮尾兮 流離之子로다,4f98b84034b4af4b,로다,False,로다,Level1
시경집전(상),561,1287,叔兮伯兮 褎如充耳로다,24d6eb336dd2b34b,로다,True,로다,Level1
시경집전(상),563,1293,流離患難之餘에 而其言之有序而不迫이 如此하니 其人을 亦可知矣로다,99c224c661480dcf,로다,True,로다,Level1
시경집전(상),570,1306,碩人俁俁하니 公庭萬舞로다,26781aacd2f36407,로다,True,로다,Level1
시경집전(상),571,1307,有力如虎며 執轡如組로다,5ce30fa9699de888,로다,True,로다,Level1
시경집전(상),577,1325,山有榛이며 隰有苓이로다,832ac010d9066155,로다,True,로다,Level1
시경집전(상),578,1326,云誰之思오 西方美人이로다,853a2cd5ac9f1c3c,로다,True,로다,Level1
시경집전(상),579,1327,彼美人兮여 西方之人兮로다,4e45d3363b7745a1,로다,True,로다,Level1
시경집전(상),585,1343,毖彼泉水도 亦流于淇로다,144e98530024b5b6,로다,True,로다,Level1
시경집전(상),601,1383,思須與漕호니 我心悠悠로다,63e35792a3d7cdef,로다,True,로다,Level1
시경집전(상),612,1407,王事適我어늘 政事一埤益我로다,3412b51b0c67ab27,로다,False,로다,Level1
시경집전(상),616,1417,室人이 至無以自安하여 而交徧讁我하니 則其困於內外極矣로다,67337e3f76d281da,로다,True,로다,Level1
시경집전(상),617,1418,王事敦我어늘 政事一埤遺我로다,4d59526a4ac816a6,로다,True,로다,Level1
시경집전(상),623,1430,北風其凉이며 雨雪其雱이로다,8d9b185ce29f6a1c,로다,True,로다,Level1
시경집전(상),625,1432,其虛其邪아 旣亟只且로다,c3f56955eaafedae,로다,False,로다,Level1
시경집전(상),628,1445,北風其喈며 雨雪其霏로다,3273b2ec6ca5b2bf,로다,True,로다,Level1
시경집전(상),630,1447,其虛其邪아 旣亟只且로다,221215e6597fb716,로다,False,로다,Level1
자치통감강목11,727,2446,魏之群司 於是乎失正矣로다,773872f3c313a05e,로다,False,로다,Level1
자치통감강목11,758,2583,好不經之擧하고 開拔奇之津하니 將使天下로 馳騁而起矣로다,2873aa5786d23990,로다,True,로다,Level1
자치통감강목11,787,2696,雍은 可謂長者矣로다,fee8a989a573a04b,로다,True,로다,Level1
자치통감강목12,4,7,死乃可忍이로다,9cff3974f78d2694,로다,True,로다,Level1
자치통감강목12,6,21,然不思建德垂風하여 以固維城之基하고 至使大權偏據하고 社稷無衛하니 悲夫로다,3e34b94994d07b4d,로다,True,로다,Level1
자치통감강목12,11,40,督農楊敏嘗毁琬曰 作事憒憒하여 誠不及前人이로다,4422394856314d4d,로다,False,로다,Level1
자치통감강목12,51,137,君信可人이니 必能辦賊也로다,0fff44749225a767,로다,True,로다,Level1
자치통감강목12,100,272,本謂明公이 匡輔魏室하여 以報明帝之託이러니 今社稷將危하여 天下兇兇하니 此所以不悦也로다,1c7a080dd492fc73,로다,True,로다,Level1
자치통감강목12,112,381,可謂要言不煩이로다,8f10378b21f3793b,로다,False,로다,Level1
자치통감강목12,112,391,此老生之常譚이로다,418239918e61104b,로다,False,로다,Level1
자치통감강목12,147,529,今君令恪十思하니 明恪之劣也로다,324a7402d97edca7,로다,False,로다,Level1
자치통감강목12,191,736,沖嘗與豐俱見畿하고 既退에 畿嘆曰 孝懿無子로다,f1d1ba7d3917abce,로다,True,로다,Level1
자치통감강목12,191,738,君謀爲不死也라 其子足以繼其業이로다,7b86863fe76a1398,로다,False,로다,Level1
자치통감강목12,272,1142,昭使其舅尙書荀顗로 召之한대 泰曰 論者가 以泰方舅러니 今舅不如泰也로다,55279b47d4e16d58,로다,False,로다,Level1
자치통감강목12,294,1206,兵不戢하면 必自焚은 伯約之謂也로다,56f71afd0e6dd06b,로다,True,로다,Level1
자치통감강목12,307,1248,從事中郎荀勖曰 明公爲天下宰하여 宜仗正義以伐違貳로되 而以刺客除賊은 非所以刑于四海也로다,7f33f4f24df9bcff,로다,False,로다,Level1
자치통감강목12,324,1297,從叔父衡은 有名當世호되 亦不知之하여 使守水碓하고 每嘆曰 舒堪數百户長이면 我願畢矣로다,4448d37103cc2bd5,로다,True,로다,Level1
자치통감강목12,325,1308,毓歎而謝曰 吾之不足以盡卿才이 有如此射矣로다,2e6c6ad94fb1f0d2,로다,True,로다,Level1
자치통감강목12,346,1393,會曰 君言遠矣라 我不能行이로다,ccc1907519f9af96,로다,False,로다,Level1
자치통감강목12,352,1430,會驚曰 但取艾인댄 相國知我獨辦之어늘 今來太重하니 必覺我異矣로다,ac84495a7774eccd,로다,False,로다,Level1
자치통감강목15,420,540,猛이 聞之하고 笑曰 慕容評은 眞奴才로다,17194f378536f56b,로다,True,로다,Level1
자치통감강목15,432,562,猛之謂矣로다,b21a882f75211173,로다,False,로다,Level1
자치통감강목15,567,774,郗超卧帳中하여 聽其言이라가 風動帳開하니 安이 笑曰 郗生은 可謂入幕之賓矣로다,a1f83dc45fdef88b,로다,True,로다,Level1
자치통감강목15,595,816,無復遺로다,bc02c34c128c165f,로다,True,로다,Level1
자치통감강목15,704,968,秦王堅이 與群臣飲酒할새 以極醉爲限이어늘 趙整이 作酒歌曰 地列酒泉이요 天垂酒池로다,11b574c8b875d5a5,로다,True,로다,Level1
자치통감강목15,704,969,杜康妙識이요 儀狄先知로다,7138290d4bf8cbed,로다,False,로다,Level1
자치통감강목15,704,970,紂喪殷邦하고 桀傾夏國이로다,2ab99849e9a6c749,로다,False,로다,Level1
자치통감강목15,704,971,由此言之컨대 前危後則이로다,cce1159163135f5b,로다,False,로다,Level1
자치통감강목15,851,1191,吾其左衽矣로다,84ddd1e00a8a7d69,로다,False,로다,Level1
자치통감강목15,960,1362,楷留其老弱하여 置守宰以撫之하고 發其丁壯十餘萬하여 與晏詣鄴하니 垂大悅曰 汝兄弟才兼文武하니 足以繼先王矣로다,f13d3d2a122bb3d8,로다,True,로다,Level1
자치통감강목15,1104,1547,堅이 歎曰 卿은 王景略之儔어늘 而朕不知하니 宜其亡也로다,acfb639bc789f346,로다,True,로다,Level1
자치통감강목15,1110,1556,堅이 似之矣로다,f0c1e6e567dc7358,로다,False,로다,Level1
자치통감강목15,1330,1878,萇이 聞之하고 謂諸將曰 此羌이 見登하니 事不成矣로다,56a9fe94ad441083,로다,False,로다,Level1
자치통감강목15,1409,1988,謂其將死러니 忽然復至로다,c56a9e3649f4e40f,로다,True,로다,Level1
자치통감강목15,1416,2001,嘗於仲堪聽事前戲馬할새 以矟擬仲堪이어늘 參軍劉邁曰 馬矟은 有餘로되 精理不足이로다,3fe2892f6ca8fbcc,로다,False,로다,Level1
자치통감강목15,1568,2226,旣而요 謂珣曰 比來視君하니 一似胡廣이로다,16526d563cb0741f,로다,False,로다,Level1
자치통감강목17,4,12,日晚坐散에 中書令傅亮이 乃悟하고 叩扉請見曰 臣暫宜還都로다,7c3e7314a8ed0ab8,로다,False,로다,Level1
자치통감강목17,8,31,天下之惡一也어늘 鄉論清議를 除之過矣로다,43a5f2f8b524a556,로다,False,로다,Level1
자치통감강목17,16,50,繇歎曰 大事去矣로다,f6d231c6bb897dc5,로다,False,로다,Level1
자치통감강목17,17,52,蒙遜聞之曰 歆已入吾術中이로다,f78877e031389d27,로다,False,로다,Level1
자치통감강목14,125,374,敦이 據石頭하고 歎曰 吾不復得爲盛徳事矣로다,329bd3b83d6b7e7c,로다,True,로다,Level1
자치통감강목14,128,390,敦이 笑曰 卿可謂能言이로다,25469380238a70e5,로다,True,로다,Level1
자치통감강목14,128,391,又謂周顗曰 伯仁아 卿負我로다,2f9596d5041f3cc5,로다,False,로다,Level1
자치통감강목14,167,505,長史氾禕請斬之어늘 岌曰 汜公은 糟粕書生이라 不思大計로다,50ad3612b1d2eb07,로다,False,로다,Level1
자치통감강목14,223,729,群臣進璽에 導以疾不至어늘 壼이 正色於朝曰 王公은 非社稷之臣也로다,febeb744f37a6115,로다,False,로다,Level1
자치통감강목14,358,1161,卿言太過로다,6207ddb5083f8a60,로다,False,로다,Level1
자치통감강목14,359,1166,及聞留侯諫하고 乃曰 賴有此耳로다,b14a40ab25fcf585,로다,False,로다,Level1
자치통감강목14,361,1169,勒이 謂中書令徐光曰 大雅愔(음)愔하여 殊不似將家子로다,9810f3395e166488,로다,True,로다,Level1
자치통감강목14,391,1266,卿은 正慮遂滅卿國耳로다,08b781232065f2a4,로다,False,로다,Level1
자치통감강목14,509,1623,信哉로다,eb12c74005427ed6,로다,False,로다,Level1
자치통감강목14,619,1933,思明이 被收에 歎曰 國之不亡은 以我數人在也러니 今其殆矣로다,5cf26627302c47fc,로다,True,로다,Level1
자치통감강목14,654,2034,艾又破之하니 虎嘆曰 吾以偏師로 定九州러니 今以九州之力으로 困於枹罕하니 彼有人焉하여 未可圖也로다,c8b88501190b62aa,로다,True,로다,Level1
자치통감강목14,660,2052,吾子失言이로다,1f1b4f5e585e4a8d,로다,False,로다,Level1
자치통감강목14,747,2310,會稽王昱이 令曹曰 蔡公이 傲違上命하여 無人臣之禮하니 若人主卑屈於上하고 大義不行於下면 亦不復知所以爲政矣로다,d0082fa6f5b31f30,로다,False,로다,Level1
자치통감강목14,824,2515,"昱이 謂彪之曰 君言이 無不中하니 張, 陳이 無以過也로다",d34e892c843c3554,로다,False,로다,Level1
자치통감강목14,912,2750,實時世之陵夷也로다,6b0d6b5b8748d7ab,로다,False,로다,Level1
자치통감강목15,150,183,人言汝勝我러니 定不及也로다,ce51054e45973d1a,로다,False,로다,Level1
자치통감강목15,196,237,沈勁이 恥父之惡하여 致死以滌之하여 變凶逆之族하여 爲忠義之門하니 可謂能爲子矣로다,61b85f1656abb5a6,로다,True,로다,Level1
자치통감강목15,370,467,初에 燕人이 許割虎牢以西賂秦이러니 晉兵旣退에 燕人이 謂曰 行人失辭로다,4778ab52b891dde4,로다,False,로다,Level1
자치통감강목15,412,526,申胤이 歎曰 鄴必亡矣로다,0db54b53eec092ab,로다,True,로다,Level1
시경집전(상),634,1454,其虛其邪아 旣亟只且로다,221215e6597fb716,로다,False,로다,Level1
시경집전(상),640,1471,靜女其孌하니 貽我彤管이로다,c0b5e0d0112ab5ca,로다,True,로다,Level1
시경집전(상),643,1478,自牧歸荑하니 洵美且異로다,3aba1b7d7c05efa7,로다,True,로다,Level1
시경집전(상),648,1489,新臺有泚하니 河水濔濔로다,31183d22177061e6,로다,True,로다,Level1
시경집전(상),649,1490,燕婉之求에 籧篨不鮮이로다,844814247771c7c7,로다,False,로다,Level1
시경집전(상),652,1501,新臺有洒하니 河水浼浼로다,02e42520472911fa,로다,False,로다,Level1
시경집전(상),653,1502,燕婉之求에 籧篨不殄이로다,e845a87419046799,로다,False,로다,Level1
시경집전(상),655,1507,魚網之設에 鴻則離之로다,3428e6332a93ea33,로다,False,로다,Level1
시경집전(상),656,1508,燕婉之求에 得此戚施로다,257d7a9a1a08a8b7,로다,False,로다,Level1
시경집전(상),661,1518,二子乘舟하니 汎汎其景이로다,c2366337f1a0e7d3,로다,False,로다,Level1
시경집전(상),665,1531,二子乘舟하니 汎汎其逝로다,ef11af6aaae73b9a,로다,False,로다,Level1
시경집전(상),671,1545,汎彼柏舟여 在彼中河로다,23af77398e46775c,로다,True,로다,Level1
시경집전(상),677,1563,汎彼柏舟여 在彼河側이로다,3726a32a40095e73,로다,True,로다,Level1
시경집전(상),683,1573,牆有茨하니 不可掃也로다,db1c0b4943d61532,로다,True,로다,Level1
시경집전(상),684,1574,中冓之言이여 不可道也로다,f2679eed884bbe8c,로다,False,로다,Level1
시경집전(상),685,1575,所可道也인댄 言之醜也로다,0f2a90e9e59b893c,로다,False,로다,Level1
시경집전(상),688,1583,牆有茨하니 不可襄也로다,8bf4dfd8af3bc0c9,로다,False,로다,Level1
시경집전(상),689,1584,中冓之言이여 不可詳也로다,6f193a4ef4151d58,로다,False,로다,Level1
시경집전(상),690,1585,所可詳也인댄 言之長也로다,b62a329a0da5f710,로다,False,로다,Level1
시경집전(상),692,1590,牆有茨하니 不可束也로다,8fc43c925e147548,로다,False,로다,Level1
자치통감강목17,38,100,瞻驚駭하여 謂晦曰 汝名位未多어늘 而人歸趣乃爾로다,5cd52dfcb8ac2b11,로다,True,로다,Level1
자치통감강목17,42,119,鄭鮮之歎曰 觀徐傅言論하니 不復以學問爲長이로다,fedb275d363c11b5,로다,True,로다,Level1
자치통감강목17,51,168,以此六人輔相太子하고 吾與汝曹로 巡行四境하여 伐叛柔服이면 足以得志於天下矣로다,d9796f30216c3670,로다,False,로다,Level1
자치통감강목17,102,349,義眞故吏范晏이 從容戒之한대 義眞曰 靈運空疎하고 延之隘薄하니 魏文帝所謂古今文人이 類不護細行者也로다,803b0521f9ee8d1c,로다,False,로다,Level1
자치통감강목17,107,382,嗚呼라 有國有家는 其鑑之矣로다,00df512e9aaa3de2,로다,True,로다,Level1
자치통감강목17,115,427,但殺人二兄而以之北面하여 挾震主之威하며 據上流之重하니 以古推今에 自免爲難이로다,94ceb09e9f5ed8e0,로다,True,로다,Level1
자치통감강목17,159,559,會稽孔顗曰 遂有黑衣宰相하니 可謂冠屨失所矣로다,50b04a50b5f42b1e,로다,False,로다,Level1
자치통감강목17,263,914,絜等固請한대 乃聽之하니 勅勒皆驚曰 圏我於河西하니 欲殺我也로다,673c970f9fe23f9d,로다,True,로다,Level1
자치통감강목17,269,950,諸賢不諳北土情偽하니 必堕其計로다,5cb50d352e475e44,로다,False,로다,Level1
자치통감강목17,353,1217,道濟曰 卿非大丈夫로다,80d0ba068a9475b2,로다,False,로다,Level1
자치통감강목17,399,1354,景仁對親舊歎曰 引之令入이러니 入便噬人이로다,58f1f1927499c923,로다,True,로다,Level1
자치통감강목17,414,1403,道濟見收憤怒하니 目光如炬하고 脱幘投地曰 乃壊汝萬里長城이로다,fdeb8ae9e99bd1f4,로다,True,로다,Level1
자치통감강목17,435,1456,頃之요 李氏卒에 尹氏撫之不哭曰 汝國破家亡하니 今死晚矣로다,35f88dc89ba5bac1,로다,False,로다,Level1
자치통감강목17,456,1534,此言大爲欺誣矣로다,708a152149fb56aa,로다,False,로다,Level1
자치통감강목17,459,1557,魏主見姑臧水草豐饒하고 由是恨李順하여 謂崔浩曰 卿言이 驗矣로다,3e63600de00aa065,로다,False,로다,Level1
자치통감강목17,460,1564,伊馛弓馬之士로되 而所見乃與崔公同하니 此深可奇也로다,a64c12eff70a096f,로다,True,로다,Level1
자치통감강목17,473,1607,後歲餘에 浩謂允曰 先所論者 果如君言이로다,0b41f769694f138a,로다,False,로다,Level1
자치통감강목17,555,1895,如此則王安於上하고 身全於下矣어늘 道秀反之하니 宜其死也로다,862d0a46da18b1cc,로다,False,로다,Level1
자치통감강목17,562,1917,魏主曰 果如吾言이로다,236575682418b3a1,로다,False,로다,Level1
자치통감강목17,566,1935,而崇樹襁褓하여 迭據方岳하니 國之存亡이 旣不是係요 早肆民上하니 非善誨也로다,e6ceb38fe24a742f,로다,False,로다,Level1
시경집전(상),693,1591,中冓之言이여 不可讀也로다,22b560c8b960a580,로다,True,로다,Level1
시경집전(상),694,1592,所可讀也인댄 言之辱也로다,7dd3c1df4a38f2d5,로다,False,로다,Level1
시경집전(상),696,1600,聖人이 所以著之於經하여 使後世爲惡者로 知雖閨中之言이라도 亦無隱而不彰也시니 其爲訓戒深矣로다,4be0e20a39ae4ab3,로다,True,로다,Level1
시경집전(상),703,1620,玼兮玼兮하니 其之翟也로다,3afce78700a55669,로다,True,로다,Level1
시경집전(상),704,1621,鬒髮如雲하니 不屑髢也로다,06db4d0855c3209d,로다,True,로다,Level1
시경집전(상),708,1637,瑳兮瑳兮하니 其之展也로다,bf09922a414c1e4e,로다,True,로다,Level1
시경집전(상),710,1639,子之淸揚이며 揚且之顔也로다,90e36be7309467c3,로다,True,로다,Level1
시경집전(상),711,1640,展如之人兮여 邦之媛也로다,a18816bc253336a7,로다,True,로다,Level1
시경집전(상),713,1655,辭益婉而意益深矣로다,a9b65eed4fc0bb9a,로다,True,로다,Level1
시경집전(상),715,1658,爰采唐矣를 沬之鄕矣로다,6b3b93acb9231b1a,로다,False,로다,Level1
시경집전(상),716,1659,云誰之思오 美孟姜矣로다,5a37c3e47cc24bed,로다,True,로다,Level1
시경집전(상),717,1660,期我乎桑中이며 要我乎上宮이요 送我乎淇之上矣로다,2df16cf1a23b2096,로다,False,로다,Level1
시경집전(상),720,1670,爰采麥矣를 沬之北矣로다,a2900d45e2008294,로다,False,로다,Level1
시경집전(상),721,1671,云誰之思오 美孟弋矣로다,1eba8df59c82d904,로다,True,로다,Level1
시경집전(상),722,1672,期我乎桑中이며 要我乎上宮이요 送我乎淇之上矣로다,2df16cf1a23b2096,로다,False,로다,Level1
시경집전(상),724,1677,爰采葑矣를 沬之東矣로다,a483054fb6fbb335,로다,False,로다,Level1
시경집전(상),725,1678,云誰之思오 美孟庸矣로다,00a662223c92e8eb,로다,True,로다,Level1
시경집전(상),726,1679,期我乎桑中이며 要我乎上宮이요 送我乎淇之上矣로다,2df16cf1a23b2096,로다,False,로다,Level1
시경집전(상),737,1710,而近世有獻議하여 乞於經筵不以國風進講者하니 殊失聖經之旨矣로다,457589f0e0f15525,로다,True,로다,Level1
시경집전(상),741,1714,樹之榛栗椅桐梓漆하니 爰伐琴瑟이로다,f8518ef67fa35c76,로다,False,로다,Level1
자치통감강목17,593,1998,此乃我負卿也로다,4528d8687ba81863,로다,True,로다,Level1
자치통감강목17,618,2091,宋主嘗與坦論金日磾曰 恨今無復此輩人이로다,966e28e2f0bd2ffa,로다,True,로다,Level1
자치통감강목17,649,2155,王玄謨尤好進言이어늘 宋主謂侍臣曰 觀玄謨所陳하니 令人有封狼居須意로다,b8fc2dd9f36f814d,로다,True,로다,Level1
자치통감강목17,667,2222,湛標又勸浩刊所譔國史于石하여 以彰直筆한대 允聞之하고 謂著作郞宗欽曰 湛標所營分寸之間이 恐爲崔門萬世之禍로다,5414fcca15716b81,로다,False,로다,Level1
자치통감강목17,686,2374,相去步武로되 恨不執手로다,c1d7a899844d79c9,로다,True,로다,Level1
자치통감강목17,692,2410,宋主登石頭城하여 有憂色하여 謂江湛曰 北伐之計를 同議者少러니 今日士民勞怨하니 不得無慚이로다,a8738a869c9b9ba4,로다,True,로다,Level1
자치통감강목17,744,2624,唯羽林郎中劉尼知之하고 勸愛立皇孫濬한대 愛驚曰 君大癡人이로다,08cd4cb43b2b8f3c,로다,False,로다,Level1
자치통감강목17,774,2756,殿下何見疑之深고 駿起再拜曰 家國安危 皆在將軍이로다,231c9b917003001b,로다,False,로다,Level1
자치통감강목17,788,2858,義恭曰 殊當恨晚이로다,4e3e144119b3fbc1,로다,True,로다,Level1
자치통감강목17,793,2870,方應伐逆이니 不容西還이로다,8f45f0303099000d,로다,False,로다,Level1
자치통감강목17,812,2959,秀見義宣하고 出하여 拊膺曰 吾兄誤我로다,a8be673ca90bf347,로다,True,로다,Level1
자치통감강목17,812,2960,乃與癡人作賊하니 今年에 敗矣로다,7ae4c88e079f52f6,로다,False,로다,Level1
자치통감강목18,19,47,常語竣曰 吾平生不喜見要人이러니 今不幸見汝로다,3514fb7925f36631,로다,True,로다,Level1
자치통감강목18,27,79,君臣之際에 足以相保니 聊復(부)爲笑하여 伸卿眉頭耳로다,7a56d9b2cdec171a,로다,False,로다,Level1
자치통감강목18,37,120,前史에 稱卓子康劉文饒之爲人한대 褊心者或不之信이나 余與髙子游處四十年에 未嘗見其喜愠之色하니 乃知古人爲不誣耳로다,415d3e115f95f270,로다,False,로다,Level1
자치통감강목18,109,367,癡人自相惜이로다,275578673d827cfc,로다,False,로다,Level1
자치통감강목18,109,371,他日에 至妃墓하여 指石柱하고 謂智淵曰 此上에 不容有懐字로다,1317941aafcbba92,로다,False,로다,Level1
자치통감강목18,113,384,蔡尙書今日에 可謂能負荷矣로다,c0a6cc0ada09f39f,로다,False,로다,Level1
자치통감강목18,173,634,江州佐吏 得宋主所下令書하고 皆喜하여 共造鄧琬曰 暴亂既除하고 殿下又開黄閤하니 實爲大慶이로다,f5ca540619cbc45f,로다,True,로다,Level1
자치통감강목18,195,733,孝祖毎戰에 常以鼓蓋自随하니 軍中相謂호되 殷統軍은 可謂死將矣로다,addf6b594d484a49,로다,False,로다,Level1
시경집전(상),744,1730,升彼虛矣하여 以望楚矣로다,1922bb58fd4a35a7,로다,True,로다,Level1
시경집전(상),746,1732,卜云其吉이러니 終焉允臧이로다,a16eed6fd75342b1,로다,False,로다,Level1
시경집전(상),751,1745,匪直也人의 秉心塞淵이라 騋牝三千이로다,39b3f1349c292f45,로다,True,로다,Level1
시경집전(상),756,1766,蝃蝀在東하니 莫之敢指로다,23a29435a130eab7,로다,True,로다,Level1
시경집전(상),760,1775,朝隮于西하니 崇朝其雨로다,c2e85784be54ae0d,로다,True,로다,Level1
시경집전(상),763,1783,乃如之人也여 懷昏姻也로다,eb7bd59fa53813cd,로다,True,로다,Level1
시경집전(상),764,1784,大無信也하니 不知命也로다,eefe492ed3506628,로다,True,로다,Level1
시경집전(상),779,1816,孑孑干旄여 在浚之郊로다,a50aa4e6c22c5073,로다,True,로다,Level1
시경집전(상),784,1830,孑孑干旟여 在浚之都로다,dfb8cb39014d8980,로다,True,로다,Level1
시경집전(상),788,1837,孑孑干旌이여 在浚之城이로다,fdeec5cc7b469a84,로다,False,로다,Level1
시경집전(상),807,1876,許人尤之하니 衆穉且狂이로다,2d5d6215aafc7f19,로다,False,로다,Level1
시경집전(상),810,1887,我行其野호니 芃芃其麥이로다,cb645744fe1f9b52,로다,False,로다,Level1
시경집전(상),818,1909,瞻彼淇奧한대 綠竹猗猗로다,55fd3f59737d677f,로다,True,로다,Level1
시경집전(상),819,1910,有匪君子여 如切如磋하며 如琢如磨로다,b58d7b76255b34c5,로다,True,로다,Level1
시경집전(상),821,1912,有匪君子여 終不可諼兮로다,ee504f14f543244d,로다,True,로다,Level1
시경집전(상),824,1926,瞻彼淇奧한대 綠竹靑靑이로다,b87b2e340e4eb924,로다,True,로다,Level1
시경집전(상),825,1927,有匪君子여 充耳琇瑩이며 會弁如星이로다,2f91697f105688e0,로다,True,로다,Level1
시경집전(상),827,1929,有匪君子여 終不可諼兮로다,ee504f14f543244d,로다,True,로다,Level1
시경집전(상),830,1936,瞻彼淇奧한대 綠竹如簀이로다,c8fb3c1dfa851e53,로다,True,로다,Level1
시경집전(상),831,1937,有匪君子여 如金如錫이며 如圭如璧이로다,b7ed19a45ab4a3fa,로다,True,로다,Level1
시경집전(상),832,1938,寬兮綽兮하니 猗重較兮로다,95d4355a8f343545,로다,True,로다,Level1
시경집전(상),833,1939,善戱謔兮하니 不爲虐兮로다,54dc813d5da60d4d,로다,False,로다,Level1
시경집전(상),838,1958,考槃在㵎하니 碩人之寬이로다,a308c037dbb286af,로다,True,로다,Level1
시경집전(상),839,1959,獨寐寤言이나 永矢弗諼이로다,94c6ea16392df20e,로다,True,로다,Level1
시경집전(상),842,1966,考槃在阿하니 碩人之薖로다,60b4a406e7522266,로다,True,로다,Level1
시경집전(상),843,1967,獨寐寐歌나 永矢不過로다,42fc1405332a1452,로다,True,로다,Level1
시경집전(상),845,1973,考槃在陸하니 碩人之軸이로다,9775b6c9800c0144,로다,True,로다,Level1
시경집전(상),846,1974,獨寐寤宿이나 永矢不告이로다,0ecb984bf5862505,로다,True,로다,Level1
시경집전(상),849,1981,碩人其頎하니 衣錦褧衣로다,24da671f9f453991,로다,True,로다,Level1
시경집전(상),850,1982,齊侯之子요 衛侯之妻요 東宮之妹요 邢侯之姨요 譚公維私로다,74fd8a96641ab64e,로다,False,로다,Level1
시경집전(상),855,1997,巧笑倩兮며 美目盼兮로다,837f12bbdda67382,로다,True,로다,Level1
시경집전(상),858,2008,碩人敖敖하니 說于農郊로다,28306387b21b6cb9,로다,False,로다,Level1
시경집전(상),889,2095,桑之落矣니 其黃而隕이로다,4ba8614be010f834,로다,True,로다,Level1
시경집전(상),891,2097,淇水湯湯하니 漸車帷裳이로다,2ba13249c2079e2f,로다,True,로다,Level1
시경집전(상),893,2099,士也罔極하니 二三其德이로다,e66e45d0cf9eae11,로다,False,로다,Level1
시경집전(상),903,2122,及爾偕老러니 老使我怨이로다,6273d73dce9465a2,로다,True,로다,Level1
시경집전(상),912,2141,豈不爾思리오마는 遠莫致之로다,5be5051f1dca7467,로다,True,로다,Level1
시경집전(상),916,2148,女子有行이여 遠兄弟父母［叶滿彼反］로다,f465e5c84628d64b,로다,True,로다,Level1
시경집전(상),923,2162,淇水滺滺하니 檜楫松舟로다,dacfe21bd0065e6e,로다,True,로다,Level1
시경집전(상),928,2170,芄蘭之支여 童子佩觿로다,c7d77b0dcfe5f9c5,로다,True,로다,Level1
시경집전(상),929,2171,雖則佩觿나 能不我知로다,648108651adbad23,로다,True,로다,Level1
시경집전(상),930,2172,容兮遂兮하니 垂帶悸兮로다,43aa2095db064203,로다,True,로다,Level1
시경집전(상),932,2180,芄蘭之葉이여 童子佩韘이로다,2e8e74b474cff12d,로다,True,로다,Level1
시경집전(상),933,2181,雖則佩韘이나 能不我甲이로다,9cf50f9b4b9ba816,로다,True,로다,Level1
시경집전(상),934,2182,容兮遂兮하니 垂帶悸兮로다,43aa2095db064203,로다,True,로다,Level1
시경집전(상),938,2192,誰謂河廣고 一葦杭之로다,1179ed8ce12f1b96,로다,False,로다,Level1
시경집전(상),939,2193,誰謂宋遠고 跂予望之로다,59cdcc7e89647791,로다,True,로다,Level1
시경집전(상),942,2206,誰謂河廣고 曾不容刀로다,7d5ba1021420d445,로다,True,로다,Level1
시경집전(상),943,2207,誰謂宋遠고 曾不崇朝로다,0fa1986859d14fd2,로다,True,로다,Level1
시경집전(상),947,2222,伯兮朅兮하니 邦之桀兮로다,4df8cec9f369693d,로다,True,로다,Level1
시경집전(상),948,2223,伯也執殳하여 爲王前驅로다,019814eab21dd1a8,로다,True,로다,Level1
시경집전(상),955,2239,其雨其雨에 杲杲出日이로다,4d64e266a6658119,로다,True,로다,Level1
시경집전(상),956,2240,願言思伯이라 甘心首疾이로다,a0e22cbd49d9a09c,로다,True,로다,Level1
시경집전(상),960,2246,願言思伯이라 使我心痗로다,c9449b0c105446d9,로다,True,로다,Level1
시경집전(상),965,2266,有狐綏綏하니 在彼淇梁이로다,9384ded9d24bd508,로다,True,로다,Level1
시경집전(상),966,2267,心之憂矣는 之子無裳이로다,0f9d202a7aa5c259,로다,False,로다,Level1
시경집전(상),969,2274,有狐綏綏하니 在彼淇厲로다,1247cf3847eabb0f,로다,True,로다,Level1
시경집전(상),972,2279,有狐綏綏하니 在彼淇側이로다,7109448786e8dddc,로다,True,로다,Level1
시경집전(상),989,2317,彼黍離離어늘 彼稷之苗로다,7534c1b070ba4623,로다,True,로다,Level1
시경집전(상),995,2336,彼黍離離어늘 彼稷之穗로다,bfcb94809f1e730d,로다,True,로다,Level1
자치통감강목18,222,870,召還建康하여 宋主問以擧兵狀한대 對曰 臣이 唯知逆順이요 不識天命이로다,5367527f30f530f9,로다,True,로다,Level1
자치통감강목18,229,886,宋主召蔡興宗하여 以敗書示之曰 我愧卿甚이로다,e646e1b5151f4a33,로다,False,로다,Level1
자치통감강목18,303,1075,上大怒하여 遣后起하니 后兄景文聞之曰 后在家劣弱이러니 今段에 遂能剛正如此로다,74a08c5e36e8997b,로다,True,로다,Level1
자치통감강목18,323,1135,旣而幼主孤立하여 神器傾移하니 履霜堅冰이 所由來遠矣로다,dc512d38069e1178,로다,True,로다,Level1
자치통감강목18,328,1149,道成被徵에 所親以朝廷方誅大臣으로 多勸勿行한대 道成曰 諸卿殊不見事로다,7a116b156047c855,로다,False,로다,Level1
자치통감강목18,411,1394,今年族矣로다,786f97ba8133ae3b,로다,False,로다,Level1
자치통감강목18,425,1464,今敗矣로다,2abbe4b51f6d9dab,로다,False,로다,Level1
자치통감강목18,425,1466,王蘊聞秉走하고 歎曰 事不成矣로다,0ebebbba06ed3c2e,로다,False,로다,Level1
자치통감강목18,426,1477,三才將換에 區區斗城之裏에 出萬死而不辭하니 蓋蹈匹夫之節而無棟梁之具矣로다,0b4b99bc0b36dce1,로다,True,로다,Level1
자치통감강목18,447,1546,道成曰 卿言不無理로다,64fe98770207a4cd,로다,False,로다,Level1
자치통감강목18,459,1570,嘗與論魏晉故事할새 因曰 石苞不早勸晉文하고 死方慟哭하니 方之馮異컨대 非知機也로다,16be075ee10b543d,로다,True,로다,Level1
자치통감강목18,522,1721,淵曰 寒士不遜이로다,bb55f017f0209729,로다,False,로다,Level1
자치통감강목18,585,1893,文惠太子嘗出東田觀穫이러니 顧謂衆賓曰 刈此亦殊可觀이로다,7c39d77b69a964b6,로다,False,로다,Level1
자치통감강목18,592,1932,帝笑曰 肉汚貂로다,9ae9632574c3e5fc,로다,False,로다,Level1
자치통감강목18,672,2162,太后謂群臣曰 文祖前自謂廉이러니 今竟犯法하니 人心信不可知로다,78210810b057c752,로다,False,로다,Level1
자치통감강목18,691,2252,朕在不言之地하여 不應如此喋喋이로다,93ad3d4eae68d988,로다,False,로다,Level1
자치통감강목18,723,2371,所言過哀之咎니 諒爲未衷이로다,74207834f404e2b3,로다,False,로다,Level1
자치통감강목18,786,2528,魏主曰 任城은 吾之子房也로다,776294bef23e2f57,로다,False,로다,Level1
자치통감강목18,788,2534,嘗夜直省中이어늘 撫案歎曰 爲爾寂寂하니 鄧禹笑人이로다,a0a4092b009103bc,로다,True,로다,Level1
자치통감강목18,865,2851,永明巴東之亂에 世祖謂群臣曰 子響遂反이로다,84e87d91584f7864,로다,False,로다,Level1
서경집전(하),785,2985,陟은 升也라,8d95fca31fc7dc28,라,False,라(대조군),Level1
논어집주,389,1372,能勝物之謂剛이라,49c2356f714440de,라,False,라(대조군),Level1
자치통감강목11,9,20,周瑜攻曹仁歲餘에 所殺傷이 甚衆하니 仁이 委城走라,28cbb849415111fe,라,False,라(대조군),Level1
당송팔대가문초소순1,52,342,方是之時에 天下咸喜相慶이나 以爲閤下惟不爲宰相也라 故黙黙在此라,660b32caaad8df02,라,True,라(대조군),Level1
당송팔대가문초구양수4,338,1519,故尙書兵部員外郞知制誥知鄧州軍州事陽夏公之夫人은 姓高氏니 宣州宣城人也라,ada92ddfe8ff8c49,라,False,라(대조군),Level1
서경집전(상),527,2905,阿는 倚요 衡은 平也라,1297d0b635c84dd6,라,False,라(대조군),Level1
서경집전(하),137,566,"王之義, 王之道, 王之路는 皇極之所由行也라",e542f8d5c2712fd0,라,False,라(대조군),Level1
당송팔대가문초한유2,221,1002,"其所以爲情者七이니 曰喜, 曰怒, 曰哀, 曰懼, 曰愛, 曰惡, 曰欲이라",24dfa25e8ab3bbcc,라,False,라(대조군),Level1
자치통감강목4,1262,2881,王賀亦爲繡衣御史하여 逐捕群盜하여 多所縱捨라,8adede36261f44f2,라,False,라(대조군),Level1
춘추좌씨전1,291,1884,三曰 婉而成章으로 曲從義訓하야 以示大順이니 諸所諱辟와 璧假許田之類 是也라,7379dc7549a1b317,라,False,라(대조군),Level1
당송팔대가문초구양수4,301,1397,某娶簡肅公之女하니 質夫之妹也라,d0ecfb7179d82aae,라,False,라(대조군),Level1
시경집전(상),1215,2831,射者는 男子之事요 而中饋는 婦人之職이라,5e7a9ff43c8d57dd,라,False,라(대조군),Level1
당송팔대가문초소식3,5,10,然而不能者는 有所蔽也일새라,f3b9e5a3a3a26988,라,False,라(대조군),Level1
자치통감강목15,1117,1563,顯은 庫仁之子也라,f9ccdca4531fa3e2,라,False,라(대조군),Level1
예기집설대전2,818,1174,三代送葬之具質文相異라,6c9c4c8d8a3e18ea,라,False,라(대조군),Level1
예기집설대전1,553,1747,漢之時에 孝子見讐而不敢復은 則法失於太嚴이니 而孝悌之情을 無所伸矣라,6b76385dd3f325cb,라,False,라(대조군),Level1
자치통감강목7,1875,2602,尋復聽舒하여 咎援失利하고 誣陷之言이 又自松口라,30e987cf16e917ad,라,False,라(대조군),Level1
당송팔대가문초증공1,371,2061,縣百四十餘年에 無城垣而濱大江하여 常編竹爲障以自固요 歲輒更之에 用材與力을 一取於民이라,bdfffa2cb0b24af8,라,False,라(대조군),Level1
춘추좌씨전2,782,2367,凡勝國曰滅之요 獲大城焉曰入之라,21842b43caba6ef6,라,False,라(대조군),Level1
논어집주,2046,6344,曆數는 帝王相繼之次第니 猶歲時氣節之先後也라,7f5c89e392984f7b,라,False,라(대조군),Level1
당송팔대가문초소철1,73,456,議者 常患百貨輕重이 制在富民하여 少則貴賣以取贏하고 多則賤買以要利하니 利有所壅하여 商賈難通이라,6e41cce2c85172d0,라,False,라(대조군),Level1
춘추좌씨전4,161,396,國有大命하고 而有正卿이어늘 童子言焉하니 將爲戮矣리라,930d236a58ee616e,라,False,라(대조군),Level1
시경집전(하),639,1414,七襄은 未詳이라,430e08a1b6694fa9,라,False,라(대조군),Level1
주역전의(상),782,2454,以陽剛居中正하여 盡比道之善者也니 以陽剛當尊位하여 爲君德은 元也요 居中得正은 能永而貞也라,74835257c7dd7b63,라,True,라(대조군),Level1
당송팔대가문초구양수3,145,496,不必復自名其所作又爲繫辭也라,27ebcfd2beda01fb,라,False,라(대조군),Level1
서경집전(하),612,2349,嗚呼라,24e5a6656c0e001e,라,True,라(대조군),Level1
주역전의(하),501,1504,君子之所解者는 謂退去小人也니 小人去則君子之道行이라,987eb91343b8a6a2,라,True,라(대조군),Level1
당송팔대가문초구양수1,281,1598,兀爾府州가 便爲孤壘하야 而自守不暇리니 是賊可以入據我城堡하고 耕牧我土田하야 夾河對岸이 爲其巢穴이라,772d955bdadb7323,라,False,라(대조군),Level1
당송팔대가문초구양수6,218,1423,嗚呼라,b5830bc7354f4e3d,라,True,라(대조군),Level1
서경집전(상),640,3286,誕은 大요 亶은 誠也라,fa939107a76b8a78,라,True,라(대조군),Level1
서경집전(상),638,3280,自今以往으로 各敬汝事하여 整齊汝位하고 法度汝言하라,15d7751e534b9e31,라,False,라(대조군),Level1
당송팔대가문초소식4,358,1412,"故로 其學遂行하야 秦以是喪天下하고 陵夷至於勝, 廣, 劉, 項之禍하야는 死者十八九하야 天下蕭然하니 洪水之患이 蓋不至此也라",2627bbab762f119b,라,False,라(대조군),Level1
서경집전(상),448,2516,次는 位也니 官은 以職言이요 次는 以位言이라,57a608b7eadd325e,라,False,라(대조군),Level1
당송팔대가문초소순1,346,2191,若夫庸陋巽懦하여 不才나 而無過者면 漕刑이 雖賢明이라도 其勢不得易置하니 此는 猶弊車躄馬而求僕夫之善御也라,afe6516fbaa95605,라,False,라(대조군),Level1
자치통감강목20,183,309,於是에 英雄이 散逸하고 才智가 不用하니 思有以振而發之나 而天下始多故矣라,699d6d3e28509f17,라,False,라(대조군),Level1
자치통감강목10,309,439,車服僭擬하고 召呼三臺하여 尙書以下詣府啓事하고 築塢於郿하니 高厚皆七丈이요 積榖三十年儲라,9f0e7ccfd6f3971c,라,False,라(대조군),Level1
자치통감강목4,1778,4062,臣敞等이 數進諫이나 不變更하고 日以益甚하니 恐危社稷하여 天下不安이라,693b665ebdbaf499,라,False,라(대조군),Level1
서경집전(상),789,3726,格人은 猶言至人也니 格人元龜는 皆能先知吉凶者라,398317eb1c8ec1c3,라,False,라(대조군),Level1
당송팔대가문초소식5,156,528,成都는 西南大都會也라,127ee47d8cf370ac,라,False,라(대조군),Level1
자치통감강목17,337,1161,國家積德이 當享年萬億이요 不待假名以爲益也라,fdf2a888afc1bb70,라,True,라(대조군),Level1
당송팔대가문초한유2,110,433,人之稱大丈夫者를 我知之矣로라,f17a2e489f9b1bff,라,True,라(대조군),Level1
춘추좌씨전5,237,1213,王室故也라,5edfe434c070a422,라,False,라(대조군),Level1
맹자집주,1431,4855,乃若은 發語辭라,85073ee09aa9a9b3,라,False,라(대조군),Level1
당송팔대가문초소식2,221,935,竄流海國에 脫身羈鬼之林하고 洒掃眞祠하야 拜賜散人之號라,dac8bba7d6f6ab0a,라,True,라(대조군),Level1
시경집전(상),1500,3438,沮洳는 水浸處下濕之地라,86d231e340425882,라,False,라(대조군),Level1
논어집주,854,3035,此는 逸詩也니 於六義屬興이라 上兩句는 無意義요 但以起下兩句之辭耳라,6cc5e48c03ba752a,라,False,라(대조군),Level1
주역전의(하),1827,5367,小險大易가 各隨所向이라,023dd9e487c30045,라,False,라(대조군),Level1
서경집전(하),602,2307,綽은 大요 叢은 聚也라,34a5d75ee2f78d9a,라,False,라(대조군),Level1
주역전의(하),1625,4828,居信之極而不知變하니 雖得其貞이나 亦凶道也라,acf2fd86d1ac6736,라,False,라(대조군),Level1
주역전의(하),1693,5038,陰陽이 各得正位하니 所以爲旣濟也라,497cc88a5fc3590d,라,False,라(대조군),Level1
시경집전(상),2771,6426,諸侯春見天子曰朝요 夏見曰宗이라,4c30784ed542f6c6,라,False,라(대조군),Level1
당송팔대가문초왕안석1,380,1727,足下求免於今之世하고 而求合於古之人하며 不以問世之能言하고 而欲有取於不肖하니 此某之所以難於對也로라,fd6cc9d66a587cb3,라,False,라(대조군),Level1
시경집전(하),557,1232,豺虎不食이어든 投畀有北호리라,d38425baf50d22b4,라,False,라(대조군),Level1
시경집전(상),97,302,故로 詩人이 因其所事以起興而美之하니 而文王德化之盛을 因可見矣라,b8ffbe4bca0098ec,라,True,라(대조군),Level1
서경집전(하),663,2581,故로 仲能掩前人之愆者는 惟在於忠孝而已라,ebc69dfef6d55c2d,라,False,라(대조군),Level1
춘추좌씨전3,347,1001,其晉實有闕이라,1e1f3fb9325dc35b,라,False,라(대조군),Level1
자치통감강목5,1208,2779,中國四方에 皆有關梁障塞는 非獨以備塞外也요 亦以防中國姦邪放縱하여 出爲寇害라,1fa8cc66fe7470e5,라,False,라(대조군),Level1
당송팔대가문초유종원2,259,1509,殺鼠如丘하여 棄之隱處하니 臭數月乃已라,7d40c554f5af8de9,라,False,라(대조군),Level1
당송팔대가문초한유2,255,1222,古者諸侯五月而葬하고 大夫三月而葬하고 士逾月하니 無故히 未有過時而不葬者也라,e3e0bad3cc54b7d2,라,False,라(대조군),Level1
당송팔대가문초구양수5,2,7,惜也라,22e226855999302f,라,True,라(대조군),Level1
서경집전(상),386,2245,隩는 隈也니 李氏曰 涯內近水爲隩라,65ab859f1d5fcf87,라,False,라(대조군),Level1
주역전의(상),964,2953,二以陽剛得中하여 上應於五하고 五以柔順得中하여 下應於二하여 君臣同德하니 是는 以剛中之才로 爲上所專任이라,56add761b2867889,라,False,라(대조군),Level1
당송팔대가문초소식1,139,674,且夫常平之爲法也는 可謂至矣니 所守者約이요 而所及者廣이라,bfef92b108d9b606,라,False,라(대조군),Level1
당송팔대가문초한유3,87,513,朝廷選公卿於外하야 將徵以爲左丞하니 吏部已用薛尙書代之矣라,02f9d639f36c0e9a,라,False,라(대조군),Level1
서경집전(상),55,434,金作贖刑者는 金은 黃金이요 贖은 贖其罪也니 蓋罪之極輕하여 雖入於鞭扑之刑이나 而情法猶有可議者也라,d6137d11873652de,라,False,라(대조군),Level1
주역전의(하),558,1687,若不行其損하고 變而以剛陽之道로 益於下면 則无咎而得其正且吉也니 如是則宜有所往이니 往則有益矣라,6fa8ea501370431b,라,False,라(대조군),Level1
자치통감강목11,364,1283,桓이 與諸君으로 共據高城하여 臨江背山하여 以逸待勞하고 以主制客이면 此百戰百勝之勢라,052c74fe9d7ff724,라,True,라(대조군),Level1
맹자집주,1163,3894,良人은 夫也라,d3b04232002d4cd8,라,False,라(대조군),Level1
논어집주,1554,4979,修己以敬은 夫子之言이 至矣盡矣어늘 而子路少之라 故로 再以其充積之盛하여 自然及物者로 告之하시니 無他道也라,a411fcfa00f9c430,라,False,라(대조군),Level1
시경집전(하),420,920,不脫衣冠而寐曰假寐라,5dc8661ef66745d8,라,False,라(대조군),Level1
자치통감강목11,530,1812,庚戌年(230) 八年이라,1eb8efa169ab048c,라,False,라(대조군),Level1
시경집전(하),1584,3518,賦也라,8ee2540f4365747d,라,False,라(대조군),Level1
논어집주,456,1663,然이나 其未至於聖人者는 守之也요 非化之也니 假之以年이면 則不日而化矣리라,e56fbe8331dd0791,라,False,라(대조군),Level1
시경집전(하),894,1975,然이나 前篇엔 上之人이 以我田旣臧으로 爲農夫之慶하여 而欲報之以介福하고 此篇은 農夫以雨我公田하여 遂及私田하여 而欲其享祀以介景福이라,6a7d0fdf27b23192,라,False,라(대조군),Level1
춘추좌씨전1,968,3325,若在異國이면 必姜姓也리라,20ca19a238ddb6a5,라,False,라(대조군),Level1
당송팔대가문초소식2,522,2236,皆非所以論帝王王天下之大端也라,46337d70648a95f8,라,False,라(대조군),Level1
당송팔대가문초증공1,418,2404,羲之之書晩乃善하니 則其所能은 蓋亦以精力自致者요 非天成也라,9186a449dbba657a,라,False,라(대조군),Level1
자치통감강목12,70,208,九年이라,1ff901c1ae17a812,라,False,라(대조군),Level1
자치통감강목1,700,2052,夫韓魏父子兄弟 接踵而死於秦者 將十世矣라,50e9d286eb815322,라,False,라(대조군),Level1
서경집전(상),524,2896,勿以小善而不爲니 萬邦之慶이 積於小요 勿以小惡而爲之니 厥宗之墜 不在大하니 蓋善必積而後成이요 惡雖小而可懼라,0c0718e79609ef73,라,False,라(대조군),Level1
주역전의(상),1333,4025,山下有風하니 風遇山而回하면 則物皆散亂이라,7c15548574b1f6bf,라,False,라(대조군),Level1
춘추좌씨전5,335,1717,季孫命杜洩한대 杜洩曰 卿喪自朝가 魯禮也라,41a886d315289d10,라,True,라(대조군),Level1
서경집전(상),701,3474,君薨이어든 百官總己하여 聽於冡宰하니 居憂亮陰不言은 禮之常也라,60881a5d716c5708,라,False,라(대조군),Level1
자치통감강목5,1513,3413,中國所以爲通厚蠻夷하여 㥦快其求者는 爲壤比而爲寇也라,5f738536518bdd87,라,True,라(대조군),Level1
당송팔대가문초소식2,384,1613,揚雄이 好爲艱深之詞하야 以文淺易之說하니 若正言之면 則人人知之矣리라,22878a0be29140fa,라,False,라(대조군),Level1
예기집설대전2,1609,2295,以生者而從之於死면 則傷乎不仁하고 於死者而養之以生이면 則傷乎不知니 非君子之所當爲也라,cff6983afc0b5f95,라,False,라(대조군),Level1
자치통감강목15,1077,1510,垂以桑椹爲軍糧하여 北趣中山할새 使農先驅하니 (胿)［眭］邃等이 皆來迎이라,1df244bd5cedafcb,라,False,라(대조군),Level1
당송팔대가문초구양수6,122,870,富貴成敗는 人之常理요 錄功宥過는 霸者之事也라,540178ecb3d8d04a,라,False,라(대조군),Level1
서경집전(상),800,3763,微子痛殷之將亡하여 謀於箕子比干이어늘 史錄其問答之語하니 亦誥體也라,ce6df67be3d110ba,라,True,라(대조군),Level1
주역전의(상),1323,4006,陽剛은 尊而在上者也어늘 今往居於上하고 陰柔는 卑而在下者也어늘 今來居於下라,8c32317665cd0902,라,False,라(대조군),Level1
자치통감강목4,1543,3538,往時에 令民出馬러니 其止勿出하고 諸給中都官者를 減之하라,cb0bcc6f5c721897,라,False,라(대조군),Level1
시경집전(하),576,1279,興也라,132140857a360a8c,라,True,라(대조군),Level1
당송팔대가문초구양수2,313,1162,當堅之時하야 自晉而外에 天下莫不爲秦이라,4bf6334b564dd01a,라,False,라(대조군),Level1
당송팔대가문초구양수2,58,201,比者伏遇尊號皇帝陛下 堯舜聰明이요 禹湯勤儉이라,2f3adb696958e1b6,라,True,라(대조군),Level1
자치통감강목19,950,1335,梁天監六年이요 魏正始四年이라,6186a8f72fe8d3e7,라,False,라(대조군),Level1
예기집설대전2,1547,2207,故稱王以別之니 亦猶王制於諸侯에 亦稱太子必稱群后以別之也라,e41b4dee6b5f0837,라,False,라(대조군),Level1
시경집전(하),2559,5688,天은 卽帝也니 郊而曰天은 所以尊之也라,bb8a4acf4332dd46,라,False,라(대조군),Level1
논어집주,65,285,恭은 致敬也요 禮는 節文也라,3af5f204611663f5,라,False,라(대조군),Level1
당송팔대가문초구양수3,171,602,凡人之用智가 有短長하고 其施設各異라,3e54e4f4f7fd8d4e,라,False,라(대조군),Level1
자치통감강목17,756,2658,世祖克沮渠氏하고 得趙𢾺玄始曆하니 時人以爲密이라,b74dfed909b07c1a,라,False,라(대조군),Level1
주역전의(하),402,1182,旣惡之甚則猜하여 成其罪惡하여 如見載鬼滿一車也라,31dbc3429bea602f,라,True,라(대조군),Level1
서경집전(하),868,3257,王有疾이라 故로 不悅懌이라,7e73ece341a9436d,라,False,라(대조군),Level1
춘추좌씨전5,184,902,書曰莒人弑其君買朱鉏라하니 言罪之在也라,595fe38db289844d,라,False,라(대조군),Level1
주역전의(하),828,2454,凡象에 言有慶者는 如是則有福慶及於物也요 言有喜者는 事旣善而又有可喜也라,fc659c7d60e6f24c,라,False,라(대조군),Level1
시경집전(하),1619,3606,賦也라,8ee2540f4365747d,라,False,라(대조군),Level1
예기집설대전2,528,760,練은 素錦也라,12fb7bd71efae127,라,True,라(대조군),Level1
자치통감강목10,1079,1696,遂卒하니 時年二十六이라,28ca15a83453e539,라,False,라(대조군),Level1
당송팔대가문초구양수4,201,954,言事者以謂自元昊反으로 一方用兵에 而天下之民弊하고 財絀於上而盜起於下라,55ac637757ee3241,라,False,라(대조군),Level1
당송팔대가문초유종원2,282,1689,置吏奉貢하고 咸若采衛하니 冠帶憲令으로 進用文(事)［士］라,753d6a22742097c4,라,False,라(대조군),Level1
시경집전(하),978,2139,阜는 猶多也라,b59cf933c244d04a,라,False,라(대조군),Level1
예기집설대전2,1698,2423,墓與祀는 人所易忽也어늘 而能加之敬하면 則無往而不用吾敬矣요 敬則無適而不安이라,0065af10a0a601b7,라,False,라(대조군),Level1
당송팔대가문초구양수2,523,2069,故曰譏之也라,aa24f61019986c9f,라,False,라(대조군),Level1
맹자집주,1250,4272,不然也라,b225a2ada86062fe,라,False,라(대조군),Level1
당송팔대가문초한유1,207,1013,梁擧八人에 無有失者요 其餘는 則王皆與謀焉이라,f78f94a48db378c3,라,False,라(대조군),Level1
서경집전(하),640,2465,大無我責上에 疑有缺文이라,dd6489bbf4f2af4b,라,False,라(대조군),Level1
당송팔대가문초구양수6,47,391,莊宗還洛에 進載鄴女千人以從하니 道路相屬하야 男女無別이라,e190e3424d2e696e,라,True,라(대조군),Level1
시경집전(하),850,1873,此詩는 述公卿有田祿者力於農事하여 以奉方社田祖之祭라,6afb8b53c0369269,라,False,라(대조군),Level1
서경집전(하),594,2279,變名易實하여 以眩觀者曰幻이라,bc83b60ea7044929,라,False,라(대조군),Level1
자치통감강목13,265,987,十二月에 顒表至하니 冏이 大懼하여 會百官議之할새 尙書令王戎曰 二王兵盛하니 不可當也라,8be7fe0d190bc4c6,라,False,라(대조군),Level1
자치통감강목5,556,1287,民函陰陽之氣하여 有仁義欲利之心하니 在敎化之所助라,4947bea4c053d9d9,라,False,라(대조군),Level1
당송팔대가문초소식3,5,13,販夫販婦得一金에 而不知其所措는 非智不若이요 所居之卑也일새라,725d3155eec5230c,라,False,라(대조군),Level1
예기집설대전2,179,243,註云 伯氏는 狐突이니 別氏者는 狐是總氏라,739548a6a6673afe,라,False,라(대조군),Level1
자치통감강목14,592,1840,皝이 遣謂翰曰 涉夜干이 勇冠三軍하니 宜小避之하라,74d7ed586ed10217,라,False,라(대조군),Level1
시경집전(상),1172,2724,大叔于田은 刺莊公也라,33a92299462a0886,라,True,라(대조군),Level1
당송팔대가문초소식4,240,945,古者立宗之道는 嫡子旣爲宗이면 則其庶子之嫡子 又各爲其庶子之宗하니 其法止於四나 而其實無窮이라,2046c5fa87cd41c2,라,False,라(대조군),Level1
맹자집주,694,2465,孟子言 人之愛其兄子與隣之子가 本有差等하니 書之取譬는 本爲小民無知而犯法이 如赤子無知而入井耳라,42cf2f79d3a376ee,라,True,라(대조군),Level1
서경집전(상),42,310,美珠를 謂之璿이요 璣는 機也니 以璿飾璣는 所以象天體之轉運也라,d4c233ae67470750,라,True,라(대조군),Level1
시경집전(상),144,395,孔은 甚이요 邇는 近也라,f633e9c3739909b1,라,False,라(대조군),Level1
춘추좌씨전8,71,274,余爲渾良夫니 叫天無辜하리라,094f79fd090fcb82,라,False,라(대조군),Level1
춘추좌씨전6,45,161,曰 詩云 陳錫載周라하니 能施也라,c04f13cff0009bda,라,True,라(대조군),Level1
주역전의(하),1657,4933,過臣之分이면 則其咎可知라,3ce4f11e99aa743d,라,False,라(대조군),Level1
시경집전(하),1224,2648,我는 申后自我也라,8217bd53363d5cfd,라,False,라(대조군),Level1
맹자집주,1476,5009,設使人無秉彝之良心이요 而但有利害之私情이면 則凡可以偸生免死者를 皆將不顧禮義而爲之矣리라,08f200c240f50fa5,라,False,라(대조군),Level1
당송팔대가문초왕안석1,456,1995,故其得志於君이면 則變時而之道 若反手然하니 彼其術素修 而志素定也일새라,4c2981f5bdf9072e,라,True,라(대조군),Level1
맹자집주,1708,5552,動心忍性은 謂竦動其心하고 堅忍其性也라,2ecbf9264ac25b8f,라,False,라(대조군),Level1
주역전의(하),1042,3153,然其有陽剛之德하니 上聰明而下巽正하여 終必相得이라,dce502637ba475a1,라,True,라(대조군),Level1
당송팔대가문초구양수4,552,2458,嗚呼라 韓氏之文之道는 萬世所共尊이요 天下所共傳而有也니 予於此本에 特以其舊物而尤惜之하노라,fa6af003e8218390,라,True,라(대조군),Level1
예기집설대전1,713,2246,三月이 爲一時니 天氣小變이라,1825aa26166b699e,라,False,라(대조군),Level1
당송팔대가문초구양수3,251,937,明道二年十月十二日也라,09ddd7f2ca56e3cf,라,False,라(대조군),Level1
당송팔대가문초소순1,307,1947,吾嘗論 項籍은 有取天下之才나 而無取天下之慮요 曹操는 有取天下之慮나 而無取天下之量이요 劉備는 有取天下之量이나 而無取天下之才라,ea0195382dab16b8,라,False,라(대조군),Level1
서경집전(상),331,1919,程氏據西域傳하여 以弱水爲在條支라하여 援引甚悉이라,c51ae2a4b1c1c144,라,True,라(대조군),Level1
주역전의(하),923,2750,井泥不食은 下也일새요 舊井无禽은 時舍也라,7ff5b44748e9d7f2,라,False,라(대조군),Level1
시경집전(상),1061,2483,爲此詩者 蓋猶及見西周之盛이라,cb23a4116477e9a4,라,False,라(대조군),Level1
당송팔대가문초왕안석2,525,2767,纘我博士는 夫人之淑이라,fe60cfb3ae6c503d,라,True,라(대조군),Level1
당송팔대가문초한유1,223,1078,與足下別久矣라,2227216378ceb20e,라,True,라(대조군),Level1
자치통감강목18,817,2647,豫州刺史崔慧景은 高武舊將이라,1964899a31cc9984,라,False,라(대조군),Level1
춘추좌씨전4,218,651,王叔之宰曰 篳門閨竇之人而皆陵其上하니 其難爲上矣라,ee47ce18adfdbf6b,라,False,라(대조군),Level1
서경집전(하),331,1305,汝亦罔不克敬典하여 乃由裕民호되 惟文王之敬忌로하여 乃裕民이요 曰我惟有及이라하면 則予一人이 以懌호리라,ec96ae75490bbd09,라,False,라(대조군),Level1
서경집전(하),413,1639,洛邑事畢에 周公이 將歸宗周하시니 召公이 因陳戒成王할새 乃取諸侯贄見幣物하여 以與周公하고 且言其拜手稽首하여 所以陳王及公之意라,07270de571fa6efd,라,True,라(대조군),Level1
자치통감강목8,124,175,藩國官屬이 出入宮省하여 與百僚無别이라,89ffa89effc67979,라,False,라(대조군),Level1
자치통감강목17,489,1664,今旣窮毒하니 無復此望이라,94f1bf9785d04613,라,True,라(대조군),Level1
시경집전(상),93,292,不妬忌면 則男女以正하고 婚姻以時하여 國無鰥民也라,28f85dfd064cbb84,라,False,라(대조군),Level1
서경집전(상),638,3279,致告者는 使各相告戒也라,13ef7cca2cf89f9a,라,False,라(대조군),Level1
당송팔대가문초구양수4,216,1035,君用穀城之績하야 遷大理寺丞하고 知新州러니 至則丁母夫人鄭氏憂라,5fcb12725ebb440a,라,False,라(대조군),Level1
자치통감강목3,1359,3112,當今之世에 咸嘉生而惡死하여 厚葬以破業하고 重服以傷生하니 吾甚不取하노라,83915b204e46622b,라,False,라(대조군),Level1
주역전의(하),1024,3091,得妾以其子无咎는 六陰而卑라 故爲妾이니 得妾은 謂得其人也라,52dfc99ead85a6d2,라,False,라(대조군),Level1
당송팔대가문초한유2,403,2084,告於叔父御史大夫鄜坊丹延觀察使恕하고 因其族弟進士群以来請銘이어늘 遂以其事銘하노라,228c705206ce5835,라,False,라(대조군),Level1
당송팔대가문초구양수5,340,2291,世宗攻壽州하야 圍之數重하고 以方舟載礮하야 自淝河中流擊其城이라,be943ab9d24c4e46,라,False,라(대조군),Level1
당송팔대가문초구양수4,351,1561,以悲慨帶敍事라,23f0b3a9bf4b9038,라,True,라(대조군),Level1
자치통감강목14,609,1895,今殿下拓地三千里하고 増民十萬戸한대 其無田者 十有三四라,1775f748c340bc93,라,False,라(대조군),Level1
당송팔대가문초소식1,313,1454,臣又竊聞朝論호니 謂鬼章犯順하니 罪當誅死라,ecb9d4400243825d,라,False,라(대조군),Level1
자치통감강목10,391,573,繇는 皓之曾孫也라,cb17e13e2c815128,라,False,라(대조군),Level1
당송팔대가문초구양수4,101,485,平生所爲文章이 有集十卷이라,a3c433da352cd2ea,라,False,라(대조군),Level1
논어집주,858,3053,舊說에 凡一章이러니 今分爲十七節하노라,b29c3609fbe1b57b,라,False,라(대조군),Level1
서경집전(상),79,587,"夔, 龍은 二臣名이라",519effaabeea79a1,라,False,라(대조군),Level1
시경집전(상),244,614,革은 猶皮也라,fdf54bb00edd3114,라,True,라(대조군),Level1
당송팔대가문초소식3,183,704,荀卿이 明王道하고 述禮樂이어늘 而李斯以其學으로 亂天下하니 其高談異論이 有以激之也라,523cb572e76f1ff0,라,False,라(대조군),Level1
주역전의(상),391,1339,"故로 名坤而象地요 重之又得坤焉이면 則是陰之純,順之至라",94ee061e0278f051,라,False,라(대조군),Level1
당송팔대가문초증공1,338,1821,每歲少雨어든 田未病而湖蓋已先涸矣라,68a24f2cae35dd3f,라,True,라(대조군),Level1
맹자집주,1890,5971,墊은 齊王之子也라,1297d0e57ca45f35,라,False,라(대조군),Level1
당송팔대가문초왕안석1,472,2089,則士朝夕所見所聞이 無非所以治天下國家之道라,3a38ae0dd58d733b,라,False,라(대조군),Level1
시경집전(하),224,490,褒姒는 幽王之嬖妾이니 褒國女요 姒姓也라,fd0901b6bae0d9a9,라,False,라(대조군),Level1
당송팔대가문초소식5,385,1419,歸本於學하니 有見이라,4477110de6280304,라,False,라(대조군),Level1
주역전의(상),206,929,初九者는 卦下陽爻之名이라,850edadbd36bb6b0,라,False,라(대조군),Level1
맹자집주,232,891,工師는 匠人之長이요 匠人은 衆工人也라,90fd02ce7991feb3,라,False,라(대조군),Level1
당송팔대가문초한유1,165,802,瀆冒威尊하니 惶恐無已로라,8b6c2a41164b3168,라,True,라(대조군),Level1
당송팔대가문초왕안석1,297,1419,誠能使屬羌爲我用이면 則非特無內患이요 亦宜賴其力以乘外寇矣라,f830536c9cab9b85,라,False,라(대조군),Level1
자치통감강목17,566,1933,習其險艱하면 利以任使요 逹其情僞하면 易以躬臨이라,7b6c3890d55e4e4e,라,False,라(대조군),Level1
당송팔대가문초구양수2,17,53,坐安優逸하야 未久歲時에 亟就易於方州하고 仍陟遷於秩序하니 有以見聖君之意가 未嘗忘言事之臣이라,67372a58814d5ba3,라,True,라(대조군),Level1
시경집전(상),1431,3274,無思遠人이어다 勞心怛怛이리라,1f8ec907294ee189,라,True,라(대조군),Level1
당송팔대가문초왕안석1,551,2418,小小結搆에 自有遠山景態라,b1f2d70f8a1a6381,라,False,라(대조군),Level1
주역전의(상),399,1363,以含弘光大四者로 形容坤道하니 猶乾之剛健中正純粹也라,6e5bf4bb330d69bc,라,False,라(대조군),Level1
당송팔대가문초구양수3,182,644,庶幾覽者知余有志於强健之時而未償於衰老之後하야 幸不譏其踐言之晩也하노라,75b2f79ac84c0008,라,True,라(대조군),Level1
서경집전(상),511,2833,有命은 有天命者니 謂湯也라,6edcde204779c69b,라,False,라(대조군),Level1
시경집전(하),3008,6686,帝는 上帝也라,36ccd669c5018e0b,라,False,라(대조군),Level1
서경집전(하),358,1417,如是면 則庶幾能進饋祀니 爾亦可自副而用宴樂也라,f9d074234163356a,라,False,라(대조군),Level1
자치통감강목10,712,1056,朗이 負阻城守하니 難可卒拔이라,7ab91433f7d26c0e,라,False,라(대조군),Level1
당송팔대가문초유종원2,64,264,今所謂東丘者는 奧之宜者也라,9865964bde961495,라,False,라(대조군),Level1
자치통감강목10,436,640,"疇乃爲約束하여 相殺傷, 犯盗, 諍訟者를 随輕重抵罪하여 重者는 至死하니 凡二十餘條라",35b57d6c4084cae2,라,False,라(대조군),Level1
당송팔대가문초구양수2,384,1500,民有幸而不役於人하고 能有田而自耕者는 下自二頃至一頃히 皆以等書於籍하야 而公役之多者爲大役이요 少者爲小役이라,638c5bf3e1a2abf2,라,False,라(대조군),Level1
당송팔대가문초소식5,189,679,是時에 北方之爲佛者는 皆留於名利하고 囿於因果라,6cf0e5d17ef3f0f3,라,False,라(대조군),Level1
춘추좌씨전7,409,1352,登鐵上하야 望見鄭師衆하고 大子懼하야 自投于車下하니 子良授大子綏而乘之曰 婦人也라,498f5ea6b8fe0671,라,False,라(대조군),Level1
예기집설대전2,674,956,行神之位가 在廟門西邊하야 當所毁宗之外하니 生時出行則爲壇幣告行神하고 告竟에 車躐行壇上而出하야 使道中安穩이 如在壇이니 今向毁宗處出하야 仍得躐行此壇을 如生時之出也라,2536372d13d653c7,라,False,라(대조군),Level1
시경집전(하),722,1567,雝은 猶蔽也요 重은 猶累也라,43b23461ed14bd30,라,False,라(대조군),Level1
당송팔대가문초구양수4,11,57,去歲火而今又旱하니 其應在禮라,ca3c6dab25a54b38,라,False,라(대조군),Level1
시경집전(하),627,1378,冽은 寒意也라,c177ec220d57989a,라,False,라(대조군),Level1
당송팔대가문초왕안석1,121,670,文有典刑이라,c55e7967a6eeb477,라,False,라(대조군),Level1
자치통감강목11,303,1100,"權이 雖有雄才나 故漢票騎將軍, 南昌侯耳라",ad6720e372f04631,라,False,라(대조군),Level1
주역전의(상),1835,5464,在大過之時하여 以中道巽說而行이라 故利有攸往하니 乃所以能亨也라,79202cedeb7c0391,라,False,라(대조군),Level1
자치통감강목4,878,2029,六年이라,f8d4390119a2ee34,라,False,라(대조군),Level1
당송팔대가문초구양수3,499,2184,怨家因之하야 中以事하야 左遷將作少監하야 分司南京이라,ed0b4ece2c23763a,라,False,라(대조군),Level1
맹자집주,2137,6595,進取는 謂求望高遠이라,5e5eed0281862cd2,라,True,라(대조군),Level1
자치통감강목7,1831,2539,二十五年이라,d9c7821fc0960d41,라,False,라(대조군),Level1
맹자집주,171,661,寵之四方은 寵異之於四方也라,a8674e1b2ecf0a11,라,False,라(대조군),Level1
당송팔대가문초소식5,285,1119,嗟夫라,24e5a6656c0e001e,라,True,라(대조군),Level1
자치통감강목9,48,64,暠乃手劍當車曰 太子는 國之儲副요 人命所係라,7d3c47ad4679e57b,라,True,라(대조군),Level1
당송팔대가문초증공1,355,1965,以今之士로 於人所難至者에 旣幾矣라,ce6708c69419aa5b,라,True,라(대조군),Level1
당송팔대가문초왕안석2,429,2328,君子固成人之孝요 而吾與之又舊라 其何顧而辭리오하고 卽取吾所素知者하야 爲之誌而銘之하노라,4ab67394b6d70267,라,True,라(대조군),Level1
서경집전(하),53,220,洪은 大也라,53b979e5ef015455,라,False,라(대조군),Level1
당송팔대가문초소철2,370,1999,丁鴻之心은 存乎忠愛라,0465f11e2730c77e,라,True,라(대조군),Level1
주역전의(하),1368,4149,五는 君位나 人君은 无旅하니 旅則失位라,4ef5ec7f5bf65134,라,False,라(대조군),Level1
서경집전(상),83,616,納言은 官名이라,4655ad3eb31539c9,라,False,라(대조군),Level1
당송팔대가문초소식3,157,613,夫以蠻夷伐國이면 民不予也하나니 皐如出公之事에 斷可見矣라,b82f649c90822350,라,False,라(대조군),Level1
자치통감강목10,586,861,奉等이 乃輒攻煨營호되 不下러니 煨供給御膳하고 廩贍百官하여 無二意라,46e482376720726a,라,False,라(대조군),Level1
춘추좌씨전7,473,1540,公使朱毛告於陳子曰 微子면 則不及此라,2f51f54f62543763,라,True,라(대조군),Level1
논어집주,262,974,然이나 舜之德은 性之也요 又以揖遜而有天下하고 武王之德은 反之也요 又以征誅而得天下라 故로 其實有不同者라,e18a3273b84bffa9,라,True,라(대조군),Level1
자치통감강목12,418,1622,又左右率非其人이라 群黨相扶하여 害忠隱賢하니 此皆蠧政病民者也라,7478b368e3e3551b,라,True,라(대조군),Level1
자치통감강목14,468,1463,事急矣라,eaf410725f500ca7,라,False,라(대조군),Level1
당송팔대가문초구양수2,413,1643,難者曰 三子之說은 非其臆出也라 其得於所傳이 如此라,4fb5262a0f029743,라,False,라(대조군),Level1
자치통감강목15,365,460,時에 太后侵擾國政하고 評이 貪昧無厭하여 貨賂上流하고 官非才擧하니 群下怨憤이라,1f991c9ac01c0cdc,라,True,라(대조군),Level1
주역전의(하),1684,5014,居過之終하여 弗遇於理而過之하여 過已亢極하니 其凶宜也라,4f91a763f96283e0,라,False,라(대조군),Level1
자치통감강목4,145,346,凡爲人君이 莫不然矣라,2a0c185d1e206ece,라,False,라(대조군),Level1
주역전의(상),1521,4541,占者以其柔來文剛하여 陽得陰助而離明於內라 故爲亨이요 以其剛上文柔而艮止於外라 故小利有攸往이라,a8bc938d24873c65,라,False,라(대조군),Level1
자치통감강목14,351,1142,侍中荀奕曰 三朝之首에 宜明君臣之體라,95bbba174b84f8dd,라,True,라(대조군),Level1
주역전의(하),1528,4602,以卦體로 釋卦辭라,12b8e023496b4e1d,라,False,라(대조군),Level1
시경집전(상),848,1980,考槃은 刺莊公也니 不能繼先公之業하여 使賢者退而窮處라,b5665733780b95b2,라,False,라(대조군),Level1
당송팔대가문초구양수3,391,1467,初爲安定郡夫人이라가 追封榮國公夫人이라,1ac28be83d6da7f1,라,False,라(대조군),Level1
당송팔대가문초한유2,361,1810,位乎朝者吾取某與某而已요 在下者多于朝나 凡吾與者若干人이라,caa2883385a451a4,라,False,라(대조군),Level1
자치통감강목9,1580,2294,是以로 先爲不可勝하여 以待敵之可勝이라,154c5282e095f34a,라,False,라(대조군),Level1
시경집전(상),728,1684,按桑間은 卽此篇이라,09db1791195c5dc0,라,False,라(대조군),Level1
시경집전(상),495,1141,雝雝은 聲之和也라,9e240ec9a9c1aa1f,라,False,라(대조군),Level1
자치통감강목15,801,1106,今歲鎭이 守斗하니 福德在吳라,6664933b616ba296,라,False,라(대조군),Level1
서경집전(상),51,409,敷는 陳이요 奏는 進也라,e48f00db9fbe24f2,라,False,라(대조군),Level1
시경집전(상),2014,4584,政煩賦重하니 人不堪其苦하여 嘆其不如草木之無知而無憂也라,c91078b8c735e8fa,라,True,라(대조군),Level1
당송팔대가문초한유2,12,46,情已至而事不從은 小人之所不爲也라,0329ba9cac131834,라,False,라(대조군),Level1
자치통감강목11,60,228,又遣吏民有恩信者하여 告諭之하니 出者相繼라,687661b76d8dca93,라,False,라(대조군),Level1
당송팔대가문초증공1,149,886,書旨多蒼然之色과 幽然之思라,4860bbfe848e59d9,라,False,라(대조군),Level1
당송팔대가문초구양수4,387,1721,君은 諱慶이요 字貽孫이요 姓歐氏라,369e2e95948bd096,라,False,라(대조군),Level1
시경집전(하),2082,4654,諄諄은 詳熟也요 藐藐은 忽略貌라,726f9f66b4edf1df,라,False,라(대조군),Level1
당송팔대가문초구양수6,301,2217,立斬其使以自絶하니 軍士聞之하고 皆感奮이라,0ba31fa532bffd3b,라,True,라(대조군),Level1
자치통감강목10,319,454,卓이 入이어늘 以戟刺之하니 卓이 衷甲不入이라,5cb844097e4d6c78,라,True,라(대조군),Level1
자치통감강목15,1424,2015,秦太初八이요 燕建興八이요 後秦建初八이요 魏登國八年이라,68fc2781d337894e,라,False,라(대조군),Level1
시경집전(하),793,1715,特牲에 主人獻尸어든 賓長以肝從하고 主婦獻尸어든 兄弟以燔從이 是也라,934f56fb19501485,라,False,라(대조군),Level1
당송팔대가문초구양수6,214,1404,晉天福中에 以衛將軍으로 居京師한대 在禮已秉旄節이라가 罷鎭來朝라,4b8df0c42939a34b,라,False,라(대조군),Level1
자치통감강목18,803,2592,人主之於其國에 譬猶一身하니 視遠如視邇하고 在境如在庭이라,58e3010f1fec54c1,라,True,라(대조군),Level1
춘추좌씨전7,27,117,是鄭穆少妃姚子之子오 子貉之妺也라,9e0a8020c8f8e69d,라,False,라(대조군),Level1
당송팔대가문초한유2,23,84,"學班掾之文하야 其嚴緊이 如程不識, 李光弼之治兵이라",72f6aac275c71cae,라,True,라(대조군),Level1
당송팔대가문초구양수2,426,1701,昔者에 孔子當衰周之際하야 患衆說紛紜하야 以惑亂當世라,836484fe43380c89,라,True,라(대조군),Level1
당송팔대가문초유종원2,10,49,然後知吾嚮之未始游요 游於是乎始라,e26525d97935440e,라,True,라(대조군),Level1
중용장구,20,66,命은 猶令也요 性은 卽理也라,8609098ec79863da,라,False,라(대조군),Level1
자치통감강목1,391,988,夫信者는 人君之大寶也라,033ae5e42b2b0065,라,True,라(대조군),Level1
당송팔대가문초소식5,73,219,山人이 有二鶴하니 甚馴而善飛라,65a7bb61b2ba7cc8,라,False,라(대조군),Level1
시경집전(상),2322,5387,賦也라,8ee2540f4365747d,라,False,라(대조군),Level1
주역전의(하),781,2335,往无咎는 上이 巽也일새라,3799e37041961723,라,False,라(대조군),Level1
당송팔대가문초소식5,234,895,天祚忠孝하야 世有爵邑하니 允文允武하야 子孫千億이라,bac2da6ed7a649f5,라,True,라(대조군),Level1
당송팔대가문초증공1,466,2632,此亦是先生獨出一體니 在韓歐未有라,895a4d004c5b77c1,라,False,라(대조군),Level1
논어집주,1370,4422,其義未詳이라,90089d5aa5c12f6e,라,False,라(대조군),Level1
주역전의(하),2163,5999,近取諸身에 如此라,67575d7d3b8fa61e,라,False,라(대조군),Level1
당송팔대가문초구양수3,219,814,故山輝而白虹하며 水變而五色者는 至寶之所在也라,f161a9298ce9b981,라,True,라(대조군),Level1
맹자집주,201,792,無底曰橐이요 有底曰囊이니 皆所以盛餱糧也라,4099ddd3ad31c4e4,라,False,라(대조군),Level1
자치통감강목15,1603,2274,是爲南涼이라,70e54a283944e23e,라,False,라(대조군),Level1
자치통감강목6,1340,2915,陿小漢家制度하여 欲更爲疏闊하여 乃自謂黃帝虞舜之後로 至齊王建孫濟北王安하여 失國하니 齊人이 謂之王家라하여 因以爲氏라,71b5d3d63974637d,라,False,라(대조군),Level1
당송팔대가문초구양수6,262,1896,子溫叟라,b7673083c1d336ca,라,False,라(대조군),Level1
당송팔대가문초유종원1,170,1163,今視石文하니 署其年曰永嘉라하되 其書則今田野人所作也라,b48021bc33cd3709,라,False,라(대조군),Level1
주역전의(하),1306,3985,豊之時而遇上六은 日中而見沬者也라,32c4038c509cf9c9,라,True,라(대조군),Level1
당송팔대가문초구양수1,415,2138,且闊厚三尺而長六尺이 已是一倍之功이니 在於人力에 已爲勞苦라,133d9c132490c083,라,False,라(대조군),Level1
주역전의(하),1917,5566,"此章은 言天地大衍之數,揲蓍求卦之法이라",c7b99829464800eb,라,False,라(대조군),Level1
예기집설대전2,1063,1527,菆은 叢也니 菆塗는 謂用木䕺棺而四面塗之也라,c5b524017caf7913,라,False,라(대조군),Level1
시경집전(하),361,788,故로 所謀終亦不成이라,004d34a07794dbfd,라,False,라(대조군),Level1
자치통감강목15,658,903,庫仁은 勇而有智하고 衛辰은 狡猾多變하니 皆不可獨任이라,e23203cc34513971,라,False,라(대조군),Level1
당송팔대가문초구양수2,370,1436,今佛之盛이 久矣니 乘其窮極之時하야 可以反而變之不難也라,56f91c565817ff81,라,False,라(대조군),Level1
자치통감강목8,1298,1837,西域都護段禧等이 保龜玆나 道路隔塞하여 檄書不通이라,7303c00e0512aa3d,라,False,라(대조군),Level1
논어집주,1130,3701,曾點以冉求亦欲爲國이로되 而不見哂이라 故로 微問之에 而夫子之答이 無貶詞하시니 蓋亦許之라,7e16e2ccf6147d8e,라,False,라(대조군),Level1
시경집전(하),1510,3319,賦也라,8ee2540f4365747d,라,False,라(대조군),Level1
시경집전(하),494,1097,言 此讒人이 居下濕之地하여 雖無拳勇可以爲亂이나 而讒口交鬪하여 專爲亂之階梯라,fcadb0eac703f8b7,라,False,라(대조군),Level1
예기집설대전2,620,887,文子初言辱爲之服敢辭者는 辭其服也라,9664b11b98f44a6d,라,False,라(대조군),Level1
주역전의(하),893,2658,九五當困之時하여 上爲陰揜하고 下則乘剛이라 故有此象이라,425ddad2e17fe624,라,False,라(대조군),Level1
자치통감강목14,804,2452,謝尙이 攻張遇于許昌이러니 秦人이 救之하니 尙等이 敗績이라,225e81eed5e38f38,라,False,라(대조군),Level1
자치통감강목5,54,124,顯이 弑天下之母어늘 而光不發覺하니 則是與聞乎弑矣라,417a7823cc3ef717,라,False,라(대조군),Level1
주역전의(하),1797,5318,坤은 順而靜하니 凡其所能이 皆從乎陽而不自作이라,d634d4791fd7fbc4,라,False,라(대조군),Level1
당송팔대가문초왕안석1,460,2011,虔於江南에 地最曠하고 大山長谷이 荒翳險阻라,f21a73766baddcdc,라,False,라(대조군),Level1
주역전의(하),1168,3546,天下之事에 進必以漸者 莫如女歸라,b15952f105bed140,라,True,라(대조군),Level1
자치통감강목9,1015,1483,"逢의 從兄子閎이 少有操行하여 以耕學爲業하니 逢, 隗數饋之호되 無所受라",463c8f93a181f48a,라,True,라(대조군),Level1
서경집전(하),214,782,而周公愛兄之切하고 危國之至하여 忠誠懇懇於祖父之前하여 如下文所云者를 有不得盡焉하니 此其所以自以爲功也라,91f00835bbaf7e7f,라,True,라(대조군),Level1
주역전의(하),1291,3914,折獄者는 必照其情實이니 唯明克允이요 致刑者는 以威於姦惡이니 唯斷乃成이라,538698e6b01c9fcc,라,False,라(대조군),Level1
중용장구,223,629,本以悠遠致高厚하고 而高厚又悠久也니 此는 言聖人與天地同用이라,67f3710b88aaecab,라,False,라(대조군),Level1
시경집전(하),2049,4584,子孫繩繩하여 萬民靡不承하리라,478f6b54ba5f60b8,라,True,라(대조군),Level1
자치통감강목8,702,1018,上違先帝聖心하고 下造無益之功하여 虛費國用하고 動搖百姓하니 非所以致和氣祈豐年也라,bd0f90a3f25495ce,라,True,라(대조군),Level1
주역전의(하),36,142,貞吉悔亡은 未感害也요 憧憧往來는 未光大也라,b389c32a54123a8f,라,True,라(대조군),Level1
당송팔대가문초구양수3,459,1903,自其高祖諱墉이 唐咸通中에 擧進士하고 卒官江西로 始著籍于高安이러니 其後三世不顯이라,c1f571bbc23550d6,라,False,라(대조군),Level1
자치통감강목3,26,58,楚地悉定호대 獨魯不下라,bfb20b318645f49a,라,False,라(대조군),Level1
서경집전(상),25,173,帝曰 疇咨若予采오 驩兜曰 都라,8a6818c0cd0469e2,라,True,라(대조군),Level1
당송팔대가문초유종원2,331,2152,而柳子銘之하니 過矣라,7e7bde04c390d207,라,False,라(대조군),Level1
시경집전(하),1806,4068,舊說에 召康公이 以成王將涖政하니 當戒以民事라 故로 詠公劉之事以告之라,d0f4e5dc84e00723,라,False,라(대조군),Level1
당송팔대가문초왕안석1,435,1924,閩人石仲卿이 來請字어늘 予以子正字之하니 附其名之義而爲之爾라,bdedbeef33d60442,라,False,라(대조군),Level1
당송팔대가문초유종원1,86,693,時時讀書하여 不忘聖人之道하고 己不能用이라도 有我信者면 則以告之하리라,346e54eba511cfac,라,False,라(대조군),Level1
당송팔대가문초증공1,101,630,其餘爲卿大夫하여 各任其事는 則馬周溫彦博杜正倫張行成李綱虞世南褚遂良之徒로 不可勝數라,ec9b354a0b996bec,라,False,라(대조군),Level1
당송팔대가문초소식5,79,249,執筆熟視하야 乃見其所欲畫者하면 急起從之하야 振筆直遂하야 以追其所見호되 如兎起鶻落이니 少縱則逝矣라,1edb59242bd3293e,라,True,라(대조군),Level1
자치통감강목5,1497,3382,丞相王商이 多質有威重하고 容貌絶人이라,374362a1cdb073b4,라,True,라(대조군),Level1
맹자집주,1530,5134,文繡는 衣之美者也라,5a319f04fece7a34,라,True,라(대조군),Level1
당송팔대가문초소식3,230,873,事有以拂乎吾心이면 則吾言이 忿然而不平하고 有以順適乎吾意면 則吾言이 優柔而不怒하나니 天下之人의 其喜怒哀樂之情을 可以一言而知也라,acbe073494973283,라,False,라(대조군),Level1
당송팔대가문초소순1,322,2026,吾未見機之可去也라,29589f4de2ef0eba,라,False,라(대조군),Level1
자치통감강목11,42,142,若吾入河東이면 賊必引守諸津하리니 則西河未可渡라,cb72c05b97a80b40,라,False,라(대조군),Level1
맹자집주,923,3230,盍은 何不也라,a2559047d8a7f4a9,라,False,라(대조군),Level1
서경집전(상),654,3334,爾民은 當一心以聽上이요 無起穢惡以自臭敗하라,626762d9c3405856,라,False,라(대조군),Level1
자치통감강목1,607,1699,十九年이라,eafc8512b291a6de,라,False,라(대조군),Level1
주역전의(상),1206,3646,故爲和豫之義라,d51a888851b2f73d,라,False,라(대조군),Level1
당송팔대가문초소식2,263,1091,以爲西漢之衰엔 其大臣이 守尋常而不務大略하고 東漢之末엔 士大夫多奇節而不循正道라,8cc96d66ebc710e9,라,False,라(대조군),Level1
시경집전(상),603,1385,賦也라,8ee2540f4365747d,라,False,라(대조군),Level1
당송팔대가문초구양수2,172,655,蓋見其弊면 必見其所以弊之因이니 若賈生論秦之失에 而推古養太子之禮면 此可謂知其本矣라,19fce4f2170f011d,라,False,라(대조군),Level1
논어집주,532,1961,庸은 平常也라,b32f6255afb45772,라,False,라(대조군),Level1
주역전의(하),366,1065,男女異質은 睽也나 而相求之志則通也요 生物萬殊는 睽也나 然而得天地之和하고 禀陰陽之氣則相類也라,f473b6643c6dd2fe,라,False,라(대조군),Level1
시경집전(상),1993,4531,賦也라,8ee2540f4365747d,라,False,라(대조군),Level1
당송팔대가문초유종원2,349,2291,直道是陳이라,6c2afdb34bf27711,라,False,라(대조군),Level1
맹자집주,923,3231,西伯은 卽文王也니 紂命爲西方諸侯之長하여 得專征伐이라 故로 稱西伯이라,985effbebe949a27,라,False,라(대조군),Level1
서경집전(상),448,2524,言日月會次 不相和輯하여 而掩蝕於房宿也라,da50711308586f2e,라,False,라(대조군),Level1
주역전의(상),50,274,旣濟未濟라,7280798c73a3c17d,라,False,라(대조군),Level1
시경집전(하),770,1656,磬은 樂器이니 以石爲之라,b3ae81c3c94a817b,라,False,라(대조군),Level1
주역전의(상),681,2169,義旣不敵이라 故不能訟하고 歸而逋竄하여 避去其所也라,09a7778e98a547bc,라,False,라(대조군),Level1
춘추좌씨전7,484,1573,畏大國也라,3eb47f8b2647ec28,라,False,라(대조군),Level1
당송팔대가문초구양수4,477,2103,及其零落하얀 秖益悲傷하니 惟可喜者는 令名不忘이라,c94ccc981313ac5c,라,False,라(대조군),Level1
주역전의(상),1865,5557,九五는 陽過之極이어늘 又比過極之陰이라,ec0621929ba60e10,라,False,라(대조군),Level1
춘추좌씨전6,246,1063,聞免父之命이면 不可以莫之奔也오 親戚爲戮이면 不可以莫之報也라,6ad6045883a63550,라,False,라(대조군),Level1
자치통감강목4,1785,4082,式이 對曰 臣以詩三百五篇으로 朝夕授王할새 至於忠臣孝子之篇하여는 未嘗不爲王反復誦之也하고 至於危亡失道之君하여는 未嘗不流涕爲王深陳之也호니 臣以三百五篇諫이라,7314f40f01f33e9d,라,True,라(대조군),Level1
서경집전(상),216,1489,繇는 茂라,1de9ae18fd69ca23,라,False,라(대조군),Level1
자치통감강목2,1017,2682,王이 默然良久曰 不如也로라,6d71d787a7c6da1d,라,True,라(대조군),Level1
시경집전(상),257,637,興也라,132140857a360a8c,라,True,라(대조군),Level1
당송팔대가문초왕안석2,478,2546,然讀余之所載면 則亦槪足以知公矣리라,7805bf121d42c74f,라,False,라(대조군),Level1
논어집주,1521,4885,不得於天而不怨天하고 不合於人而不尤人이요 但知下學而自然上達하니 此但自言其反己自修하여 循序漸進耳요 無以甚異於人而致其知也라,131c47aaeab6b64d,라,False,라(대조군),Level1
춘추좌씨전2,631,2012,及菫陰하야 宣子曰 我若受秦이면 秦則賓也어니와 不受면 寇也라,8839e7e90d56b5aa,라,False,라(대조군),Level1
당송팔대가문초유종원2,278,1671,驅韓魏以爲群鮫하여 以逐趙之肥魚하고 而不見其害라,44aac5680919bc41,라,False,라(대조군),Level1
당송팔대가문초유종원1,304,1846,點次陸水利害處如掌이라,b1028cb79e02fc7f,라,False,라(대조군),Level1
대학장구,113,301,然而國之所以事君事長使衆之道가 不外乎此하니 此所以家齊於上而敎成於下也라,d6188b721e9b8ff3,라,False,라(대조군),Level1
춘추좌씨전2,219,677,震夷伯之廟하니 罪之也라,49645e585c36e5af,라,False,라(대조군),Level1
자치통감강목12,172,623,循欲刺帝로되 不得近이라,fc8288487aa63b6a,라,False,라(대조군),Level1
당송팔대가문초유종원1,340,2038,戴氏以泉池爲宅居하고 以雲物爲朋徒하여 攄幽發粹하여 日與之娛면 則行宜益高하고 文宜益峻하며 道宜益懋하리니 交相贊者也라,478b0ffff84a50a8,라,True,라(대조군),Level1
주역전의(상),1082,3288,二者는 衆陽所同欲也로되 獨三四有爭奪之義者는 二爻居二五之間也일새라,50d0a58ffa83a394,라,False,라(대조군),Level1
예기집설대전2,496,718,夏后氏는 殯於東階之上하니 則猶在阼也요 殷人은 殯於兩楹之間하니 則與賓主로 夾之也요 周人은 殯於西階之上하니 則猶賓之也라,ef126a217f361944,라,False,라(대조군),Level1
춘추좌씨전7,171,673,越入吳하니 吳在楚也라,0ebb47a17e6dafe2,라,False,라(대조군),Level1
춘추좌씨전7,356,1181,仲尼曰 賜不幸言而中하니 是使賜多言者也라,ca96ec5eb83d0957,라,False,라(대조군),Level1
춘추좌씨전6,174,729,王雖弗遂나 宴樂以早하니 亦非禮也라,6a79451946ac9dce,라,False,라(대조군),Level1
자치통감강목10,1105,1737,公이 以十分居一之衆으로 畫地而守之하여 搤其喉而不得進이 已半年矣라,6191cc74a7ceae7b,라,False,라(대조군),Level1
당송팔대가문초증공1,86,547,其君臣上下 相與之際如此하니 可謂至矣라,6776aaffdef63752,라,True,라(대조군),Level1
맹자집주,1319,4504,"交以道는 如餽贐,聞戒,周其飢餓之類요 接以禮는 謂辭命恭敬之節이라",6de70392952241b1,라,False,라(대조군),Level1
춘추좌씨전7,512,1673,冬十月이라,b8b6c7843b0233d5,라,False,라(대조군),Level1
주역전의(상),324,1216,雖不在上位나 然天下已被其化라,c6f677447984a3a9,라,True,라(대조군),Level1
주역전의(하),539,1629,二所謂利貞은 謂以中爲志也니 志存乎中則自正矣라,c43b2f5636e27615,라,False,라(대조군),Level1
당송팔대가문초왕안석2,525,2766,山朝于躋인댄 其下惟谷이라,9021a1168fbf200c,라,False,라(대조군),Level1
당송팔대가문초구양수3,416,1673,議者以爲小故可許하고 雖天子亦將許之어늘 公爭以謂契丹所以與中國好者는 守先帝約也니 一切宜用故事라,35a35debe996ecde,라,False,라(대조군),Level1
당송팔대가문초소식3,83,308,嗚呼라,5c7f7a6dd9bd7fe5,라,True,라(대조군),Level1
서경집전(상),696,3449,此則直戒其所不可爲하고 勉其所當爲也라,3321b3ac3e67a14a,라,False,라(대조군),Level1
당송팔대가문초구양수1,16,99,故竊自謂有可以助萬一而塵聽覽者하야 謹條以聞하노니 惟陛下仁聖은 寬其狂妄之誅면 幸甚이라,963769b095de45c0,라,False,라(대조군),Level1
주역전의(상),986,3036,上은 泰之終이어늘 六以小人處之하니 行將否矣라,1c433d5fc8a14fdb,라,False,라(대조군),Level1
당송팔대가문초소순1,312,1982,且彼未嘗見大險也니 彼以爲劒門者可以不亡也라,9354ecf6c9081cc7,라,False,라(대조군),Level1
자치통감강목8,633,931,四年이라,31f0fb7749b40dc8,라,False,라(대조군),Level1
주역전의(하),1224,3722,婦人謂嫁曰歸요 妹는 少女也라,a6b56fef04ffec0c,라,False,라(대조군),Level1
주역전의(하),1217,3688,故其占爲如是則吉也라,bf407132f8c85b7a,라,False,라(대조군),Level1
시경집전(하),1444,3152,伉은 高貌라,6060cb9a585b6a3a,라,False,라(대조군),Level1
주역전의(하),34,133,君子潛心精微之義하여 入於神妙는 所以致其用也니 潛心精微는 積也요 致用은 施也니 積與施는 乃屈信也라,8c617f7038d515ad,라,False,라(대조군),Level1
당송팔대가문초왕안석2,5,19,如其不能立法하고 而欲人人悅之면 則日亦不足矣리라,e2db8de3bc9c9801,라,False,라(대조군),Level1
당송팔대가문초구양수3,482,2049,自邊制久墮로 至兵與將常不相識이러니 公始分延州兵하야 爲六將하야 訓練齊整하니 諸路皆用以爲法이라,5fea5f91baf84925,라,True,라(대조군),Level1
서경집전(하),979,3652,若蹈虎尾는 畏其噬요 若涉春冰은 畏其陷이라,c8ed35675c40218c,라,False,라(대조군),Level1
서경집전(하),477,1882,此下는 成王이 答周公及留公也니 大抵與上章參錯相應이라,e4bfa83a34390fc7,라,True,라(대조군),Level1
주역전의(상),1293,3902,三雖與初同體나 而切近於四라 故係於四也라,90016751ff4a84ca,라,False,라(대조군),Level1
논어집주,271,995,有所存이라야 斯不亡이요 有所理라야 斯不亂하여 未能無意也라,0b754bd2f5be80f5,라,True,라(대조군),Level1
당송팔대가문초유종원1,301,1833,幢牙茸纛과 金節析羽와 旆旗旟旞 咸飾于下하고 鼓以鼖晉하고 金以鐸鐃라,b5aad2207f680cb3,라,True,라(대조군),Level1
논어집주,1914,5930,魯三卿에 季氏最貴하고 孟氏爲下卿이라,dace118ed270c3c5,라,False,라(대조군),Level1
당송팔대가문초증공1,101,627,降而至於唐하여는 唐之相曰房杜라,d014778279364282,라,True,라(대조군),Level1
자치통감강목10,518,766,策이 遂迎其母하여 詣曲阿하여 依舅氏하고 召募得數百人이러니 爲涇縣大帥祖郞所襲하여 幾至危殆라,08ce40b5ba3d95ad,라,True,라(대조군),Level1
맹자집주,1760,5673,吾語子遊하리라,b828710937cf0e72,라,False,라(대조군),Level1
당송팔대가문초소순1,390,2465,同間有澮하고 其地萬井而方百里라,20d65316ca78da1c,라,False,라(대조군),Level1
시경집전(상),808,1880,善懷는 多憂思也니 猶漢書云 岸善崩也라,777162c87d36de83,라,False,라(대조군),Level1
논어집주,399,1403,敏而好學하며 不恥下問이라,110b9d53223b730e,라,True,라(대조군),Level1
예기집설대전2,1938,2752,聚國族은 燕集國賓聚會宗族也라,e0e4c4062eb1145c,라,False,라(대조군),Level1
주역전의(하),1250,3802,守其幽貞하니 未失夫婦常正之道也라,14223916b144b43b,라,True,라(대조군),Level1
자치통감강목10,938,1451,然無他方規하고 自守而已라,b5325f84ed193eac,라,False,라(대조군),Level1
시경집전(상),1879,4294,今而忽之하니 是는 忘道也라,f11fd475bec063d1,라,False,라(대조군),Level1
서경집전(상),483,2685,諸侯之賢德者를 佑之輔之하고 忠良者를 顯之遂之는 所以善善也라,a1e0ebad73fc46a1,라,True,라(대조군),Level1
시경집전(하),17,42,永은 久也라,c82b73d9ba0d1454,라,False,라(대조군),Level1
자치통감강목17,168,574,華與劉湛王曇首殷景仁俱爲侍中하니 風力局幹이 冠冕一時라,0c411bdefd8ba7b6,라,True,라(대조군),Level1
논어집주,1928,5978,滔滔는 流而不反之意라,d701a997dc7b831a,라,False,라(대조군),Level1
주역전의(하),1764,5230,三以陰柔不中正之才而居險하여 不足以濟하니 未有可濟之道出險之用而征은 所以凶也라,0000d45cc16712f6,라,False,라(대조군),Level1
당송팔대가문초구양수1,440,2251,或云 就委轉運使라하니 此則但虛爲行遣爾라,3ce793c214ec89c5,라,False,라(대조군),Level1
서경집전(하),860,3232,然此猶有堅制力蓄之意요 若洪裕寬綽하여 恢恢乎有餘地者는 斯乃德之大也라,4ed275badcc878dd,라,True,라(대조군),Level1
당송팔대가문초유종원1,115,850,今往僕所著賦頌碑碣文記議論書序之文凡四十八篇을 合爲一通하니 想令治書蒼頭로 吟諷之也하라,1f1583844587ff7b,라,False,라(대조군),Level1
당송팔대가문초구양수6,242,1656,而趙思綰先以京兆反하야 遣人以赭(자)黃衣遺守貞하니 守貞大喜하야 以爲天人皆應이라하고 乃發兵하야 西據潼關하야 招誘草寇하니 所在竊發이라,f243b896ed44eb98,라,True,라(대조군),Level1
주역전의(하),1772,5260,鬼方之伐은 貞之至也라,c8d01a124cfab3c1,라,False,라(대조군),Level1
자치통감강목12,56,153,及允代禕에 始欲斅之호되 旬日之中에 已多愆滯라,81135d56449e0068,라,False,라(대조군),Level1
서경집전(하),13,63,受는 紂名也라,ef7ef59a289948b2,라,False,라(대조군),Level1
당송팔대가문초구양수2,505,2005,宋興因之하니 此中國之大略也라,ed3c06016856a8b8,라,False,라(대조군),Level1
당송팔대가문초소식2,370,1541,此後에 縱復出從人事라도 事已則心返하야 自不能廢矣리라,71b91f0926475d6b,라,False,라(대조군),Level1
주역전의(하),132,388,往旣有危면 不若不往而晦藏하여 可免於災니 處微故也라,9933019179c2a8cb,라,False,라(대조군),Level1
당송팔대가문초소식5,40,126,余雖不足以知君이나 願從與可하야 求君之昆弟子孫族屬朋友之象하야 而藏於吾室하야 以爲君之別館云이로라,8a117053be16d9ff,라,False,라(대조군),Level1
당송팔대가문초유종원2,277,1653,猶以爲小라,6b2de35d5d5c6314,라,False,라(대조군),Level1
주역전의(하),1789,5305,六十四卦之初는 剛柔兩畫而已니 兩相摩而爲四하고 四相摩而爲八하고 八相盪而爲六十四라,63934c7e5fe463b9,라,False,라(대조군),Level1
논어집주,1317,4272,愚按 史記에 此蓋爲衛靈公不能用而發이라,82ebc3dad3dc7ad6,라,False,라(대조군),Level1
춘추좌씨전7,393,1305,齊侯衛侯會于乾侯하니 救范氏也라,b4af650db5e6482e,라,False,라(대조군),Level1
시경집전(상),1531,3500,或曰 止는 獲也니 言無爲人所獲也라,dc7c7e44fe632f70,라,False,라(대조군),Level1
맹자집주,555,1940,繆公이 尊禮子思하여 常使人候伺하여 道達誠意於其側이라야 乃能安而留之也라,2aa97ff2a2a19d49,라,False,라(대조군),Level1
서경집전(하),1038,3860,嗚呼라,4f67f843f796c704,라,False,라(대조군),Level1
자치통감강목4,195,481,上이 怒하여 下恢廷尉하니 當恢逗橈하여 當斬이라,afe0a29d2e252036,라,False,라(대조군),Level1
춘추좌씨전5,181,875,其輸之면 則君之府實也어니와 非薦陳之하니 不敢輸也라,55f73e20f4eb8e84,라,False,라(대조군),Level1
당송팔대가문초한유3,13,84,維父子繼忠孝하니 予維寵嘉之하노라,b49d9ea0c1347a3c,라,True,라(대조군),Level1
춘추좌씨전3,652,1954,乙酉에 同盟于柯陵하니 尋戚之盟也라,86f6651cc7e25db7,라,False,라(대조군),Level1
춘추좌씨전7,495,1616,秋七月이라,adf1b85f64a7ea08,라,False,라(대조군),Level1
당송팔대가문초구양수3,586,2696,郭皇后廢하야 居瑤華宮이라가 有疾하니 上頗哀憐之라,30bfa9d0284c7a8b,라,True,라(대조군),Level1
주역전의(하),1084,3281,故後笑言啞啞也라,a168feafa464be1c,라,True,라(대조군),Level1
서경집전(상),22,156,故로 必以此餘日로 置閏月於其間然後에 四時不差而歲功得成하나니 以此로 信治百官而衆功皆廣也라,227f520afa86bb6d,라,False,라(대조군),Level1
당송팔대가문초유종원2,393,2760,宜樂且欣이라,5ea92ec513d76bd6,라,True,라(대조군),Level1
서경집전(상),762,3640,言德雖造於罔覺이나 而法必監于先王이니 先王成法者는 子孫之所當守者也라,766a7f724f33d8bc,라,False,라(대조군),Level1
자치통감강목12,245,1008,欽欲盡出北方人省食하고 與吳人堅守하니 誕不聽이라,4c5a88d5d24d747a,라,False,라(대조군),Level1
시경집전(상),626,1434,北風은 寒凉之風也라,98d7108ebce454c7,라,False,라(대조군),Level1
주역전의(하),226,662,聖人이 恐後之人不達寬裕之義하여 居位者廢職失守以爲裕라,409f76b6984306f4,라,True,라(대조군),Level1
서경집전(상),266,1669,震澤은 太湖也라 周職方에 揚州藪曰具區라하고 地志에 在吳縣西南五十里라하니 今蘇州吳縣也라,cf217b37acb53d21,라,False,라(대조군),Level1
당송팔대가문초왕안석1,35,212,邊疆宿衛는 此乃天下之重任이요 而人主之所當愼重者也라,2fa413c8451c2b31,라,False,라(대조군),Level1
당송팔대가문초구양수2,454,1804,歷年未就하고 而銳卒에 蕭嵩代銳爲學士하고 奏起居舍人王仲丘撰定하니 爲一百五十卷이니 是爲大唐開元禮라,62837e816f5e7d35,라,False,라(대조군),Level1
당송팔대가문초한유2,13,56,愈於使君에 非燕游一朝之好也라,26bb8d9a7ff8d873,라,False,라(대조군),Level1
논어집주,1774,5565,問一得三하니 聞詩聞禮하고 又聞君子之遠其子也로라,215bf753a3e179db,라,False,라(대조군),Level1
주역전의(상),1243,3772,如此而專主於豫면 乃是任天下之事而致時於豫者也라,4dcb18df7cf886dd,라,False,라(대조군),Level1
당송팔대가문초한유1,197,973,愈雖不才나 其自處不敢後於恒人이라,6ba7fa80d31c6052,라,False,라(대조군),Level1
시경집전(상),2371,5504,酤는 買也라,649d22dcf01a2245,라,False,라(대조군),Level1
자치통감강목5,670,1545,延壽卽部吏하여 案校望之在馮翊時에 稟犧官錢放散百餘萬이라,1f228159788232dd,라,False,라(대조군),Level1
당송팔대가문초한유2,234,1093,請試論之하노라,7b3c431370b5aad3,라,True,라(대조군),Level1
맹자집주,1708,5550,空은 窮也요 乏은 絶也라,8876fcff5b5e0ff2,라,True,라(대조군),Level1
맹자집주,447,1605,人和는 得民心之和也라,24d1511a3f4f9ab8,라,False,라(대조군),Level1
시경집전(상),1230,2865,將將은 聲也라,f707aaca8745e837,라,False,라(대조군),Level1
주역전의(하),108,327,爲卦 天下有山하니 天은 在上之物이요 陽性上進이며 山은 高起之物이요 形雖高起나 體乃止物이라,79af22df1844111c,라,True,라(대조군),Level1
자치통감강목2,586,1546,今王이 恃敵而不自恃하니 若跌而不振이면 悔無及也리라,5e935e59b09b8669,라,True,라(대조군),Level1
주역전의(상),1015,3111,不以道而身亨은 乃道之否也라,d0c2bf4ad84664fa,라,False,라(대조군),Level1
당송팔대가문초왕안석1,472,2091,一日取以備公卿大夫百執事之選이면 則其材行이 皆已素定하고 而士之備選者는 其施設이 亦皆素所見聞而已요 不待閱習而後能者也라,a6e7007735e5a2f1,라,False,라(대조군),Level1
당송팔대가문초구양수2,445,1764,此高祖太宗之所以盛也라,c05c3520abec9b09,라,False,라(대조군),Level1
시경집전(상),1660,3766,興也라,132140857a360a8c,라,False,라(대조군),Level1
당송팔대가문초소식3,311,1222,"故로 悉論三代以來所以取守之術하야 使知禹湯文武之盛德이 亦儒者之極功이요 而陸賈, 叔孫通之流는 蓋儒術之粗也하노라",4fcda082347718ac,라,True,라(대조군),Level1
당송팔대가문초구양수6,230,1545,五代之亂이 其來遠矣라,264e7aa7d93fabfa,라,False,라(대조군),Level1
춘추좌씨전7,560,1826,如是則以丘亦足矣어니와 若不度於禮而貪冒無厭이면 則雖以田賦라도 將又不足이리라,4e9764a8203596ef,라,False,라(대조군),Level1
자치통감강목13,830,2727,"司空이 行伊, 霍之權하여 使朕及此하니 其功이 大矣라",ea15ee777ab4a2fa,라,False,라(대조군),Level1
시경집전(하),229,502,陰雨則泥濘하여 而車易以陷也라,a6046c58f8ad14d0,라,False,라(대조군),Level1
당송팔대가문초왕안석2,597,3098,惟彼生者 可無甚悼라,2fd0992fdb0219e4,라,True,라(대조군),Level1
서경집전(하),190,719,德之致는 謂上文所貢方物也라,c9e36dd92bcdf9df,라,False,라(대조군),Level1
자치통감강목8,1293,1830,案月令에 孟夏에 斷薄刑者는 謂輕罪已正을 不欲久繫라,31bbc662de39b58b,라,False,라(대조군),Level1
자치통감강목4,1418,3258,朕不忍聞하노라,efb1cedd9382e632,라,True,라(대조군),Level1
당송팔대가문초소순1,144,910,人之喜文하고 而惡質與忠也는 猶水之不肯避下而就高也라,4cd5e8574be119f2,라,False,라(대조군),Level1
시경집전(하),616,1357,言有饛簋飧則有捄棘匕요 周道如砥則其直如矢라,0557d136532a196e,라,True,라(대조군),Level1
시경집전(하),3026,6730,有娀은 契之母家也라,59468e60556a4e05,라,False,라(대조군),Level1
자치통감강목20,1031,1690,魏文后旣爲尼하여 居别宮호되 悼后猶忌之라,7d8dc4e183aedc61,라,False,라(대조군),Level1
당송팔대가문초소식5,154,521,彼皆吾頭로되 而不能爲頭之用하고 彼皆吾身이로되 而不能具身之智면 則物有以亂之矣라,86b4a0693fda7aaf,라,True,라(대조군),Level1
자치통감강목9,306,442,韶曰 長이 活溝壑之人이라가 而以此伏罪면 含笑入地矣리라,8e9d661f4a4973d1,라,True,라(대조군),Level1
서경집전(상),175,1291,庸은 用也라,e28311ece2e29c2c,라,False,라(대조군),Level1
시경집전(상),2093,4737,言黍苗旣芃芃然矣어늘 又有陰雨以膏之요 四國旣有王矣어늘 而又有郇伯以勞之하니 傷今之不然也라,967b3edef5c1ec66,라,True,라(대조군),Level1
자치통감강목14,70,199,訪이 善於撫納하니 士衆이 皆爲致死라,065e1386e213784a,라,True,라(대조군),Level1
당송팔대가문초구양수4,111,527,公素羸하고 性淡然寡所好欲하고 恂恂似不能言이나 而內勁果하야 遇事精明이라,9ca931aab128d115,라,True,라(대조군),Level1
시경집전(상),1020,2379,蓋笙竽는 皆以竹管植於匏中하고 而竅其管底之側하여 以薄金葉障之하며 吹則鼓之而出聲하니 所謂簧也라,27379396c48ad2da,라,False,라(대조군),Level1
맹자집주,203,816,胥는 相也라 宇는 居也라,7672bb5d12e325a2,라,False,라(대조군),Level1
당송팔대가문초구양수5,38,257,巢且戰且走하야 至中牟하야 臨河未渡어늘 而克用追及之하니 賊衆驚潰라,35df30ecf5c3de4a,라,False,라(대조군),Level1
맹자집주,321,1191,不受者는 不受其挫也라,74268682c2966af5,라,False,라(대조군),Level1
당송팔대가문초소순1,199,1232,故로 自有天地而有日月로 以至于今히 而未嘗可以一日無焉이라,16134dff04ceaff2,라,True,라(대조군),Level1
자치통감강목12,185,706,和妃張氏는 恪甥也라,389b6bbadd4c2ffd,라,False,라(대조군),Level1
당송팔대가문초한유3,193,1098,山者艮이요 艮爲背라,29d0b8deb35e4096,라,False,라(대조군),Level1
자치통감강목13,704,2317,太弟雅好待士하여 必不以此為嫌이니 輕薄小人이 不能無迎合為之謀者라,02434f086ec7f53a,라,False,라(대조군),Level1
당송팔대가문초한유1,310,1495,王隱謗退死家하며 習鑿齒無一足하며 崔浩范曄赤誅하며 魏收夭絶하며 宋孝王誅死하며 足下所稱吳兢도 亦不聞身貴而令其後有聞也라,c61205c247be8798,라,True,라(대조군),Level1
시경집전(하),1659,3712,育은 養也라,67e87dd16a010ed2,라,False,라(대조군),Level1
자치통감강목8,1920,2652,以王不恭이라하여 使相檢督이라,aeb7ad5861277792,라,True,라(대조군),Level1
자치통감강목1,404,1027,十七年이라,1c9a931c65f8710b,라,False,라(대조군),Level1
당송팔대가문초구양수1,35,254,故變法而刻利者는 適足使小商不來而爲大商賈積貨也라,1abf809f42047988,라,False,라(대조군),Level1
주역전의(상),1396,4195,陰柔而說體요 又處不中正하니 以甘說로 臨人者也라,51f64d65e77b0705,라,False,라(대조군),Level1
당송팔대가문초구양수3,392,1496,拜毋蹈舞라,f1deb56185857d58,라,False,라(대조군),Level1
자치통감강목12,612,2199,東萊王彌家世二千石이라 彌有學術勇略하고 善騎射하니 青州人謂之飛豹라,4e0c5f9560c1ae2c,라,False,라(대조군),Level1
춘추좌씨전3,201,445,昔歲入陳하고 今玆入鄭이로되 民不罷勞하야 君無怨讟하니 政有經矣라,1001d4b71095f5f1,라,True,라(대조군),Level1
자치통감강목4,154,365,廣與不識이 俱以將兵으로 有名當時라,105263cca5880cd3,라,False,라(대조군),Level1
당송팔대가문초한유2,6,16,予獨按昌黎序事는 絶不類史遷이요 亦不學史遷하니 自勒一家矣라,48f28fe9cdfee1d8,라,False,라(대조군),Level1
주역전의(하),1106,3357,億度은 謂圖慮니 求不失中也라,fb54ee915ed4e336,라,False,라(대조군),Level1
춘추좌씨전5,232,1169,趙孟出曰 吾不復此矣리라,1fbecae928013571,라,True,라(대조군),Level1
당송팔대가문초유종원2,271,1596,今汝獨招愚者居焉하여 久留而不去하니 雖欲革其名不可得矣리라,16c37c1a70b980bc,라,False,라(대조군),Level1
시경집전(하),505,1122,二人은 暴公與其徒也라,906f9f7b9c7e0d7e,라,False,라(대조군),Level1
논어집주,290,1046,蓋人之氣質不同이라,05da656ac39513a0,라,False,라(대조군),Level1
맹자집주,2143,6613,牧皮는 未詳이라,2e9fb97dd15ef750,라,False,라(대조군),Level1
주역전의(하),129,382,微者는 易於晦藏하니 往旣有危면 不若不往之无災也라,6d1c329f669aeba5,라,False,라(대조군),Level1
주역전의(상),445,1520,龍戰于野는 其道窮也라,a7327c3e94986678,라,True,라(대조군),Level1
주역전의(상),604,1962,所以能然者는 以居天位而得正中也라,3d0f18160fced6ce,라,False,라(대조군),Level1
서경집전(하),946,3545,康王之十二年也라,717920c56f8ed9fa,라,False,라(대조군),Level1
자치통감강목17,564,1925,汝往하여 脱有一事減之者면 遷代之譏 必歸於吾矣리라,2fe198acdbf5bae2,라,False,라(대조군),Level1
맹자집주,727,2621,妁은 亦媒也라,ae249350bae5585a,라,False,라(대조군),Level1
자치통감강목1,189,482,竊詳此言이면 則綱目之與凡例時或異同이 皆鈔錄傳刊之失也라,609c090252471227,라,False,라(대조군),Level1
서경집전(상),751,3597,遯은 退也라,fe101fc5f0917577,라,False,라(대조군),Level1
당송팔대가문초구양수5,124,914,少好學하고 工書檄이라,873ca1dff3ca91ed,라,False,라(대조군),Level1
자치통감강목13,627,2082,浚이 名為晉臣이나 實欲廢晉自立이로되 但患四海英雄莫之從耳라,27ad3a1fa8885f6d,라,False,라(대조군),Level1
주역전의(상),1387,4175,咸臨貞吉은 志行正也라,dc8c116d486dd65e,라,False,라(대조군),Level1
당송팔대가문초구양수6,208,1374,安從進叛에 以行周爲襄州行營都部署하야 討平之하고 徙鎭歸德이러니 出帝時에 代景延廣爲侍衛親軍都指揮使라,20d6d6adb06f76f8,라,False,라(대조군),Level1
시경집전(상),311,755,天下大亂하니 彊暴相陵하여 遂成淫風이로되 被文王之化하여 雖當亂世나 猶惡無禮也라,b898fd08f58187aa,라,True,라(대조군),Level1
당송팔대가문초유종원1,20,104,宗元早歲에 與負罪者親善이라,499669f6903e33ce,라,False,라(대조군),Level1
당송팔대가문초한유1,238,1172,僕無以自全活者라,a972e561f7ed2cd6,라,False,라(대조군),Level1
당송팔대가문초소식2,512,2200,如使今世而尙用古之篆書簡策이면 則雖欲繁多나 其勢無由리라,7404667f7728fa3d,라,False,라(대조군),Level1
시경집전(하),2161,4810,然亦知其不能聽也라 故로 誦言而中心如醉하니 由王不用善人하여 而反使我至此悖眊也라,25678e47d87d538a,라,False,라(대조군),Level1
맹자집주,121,501,發政施仁은 所以王天之本也라,2eeaaeb15b09c2fe,라,False,라(대조군),Level1
당송팔대가문초왕안석2,538,2825,夫人者는 太子中允諱之武之子요 某官贈太常卿諱郁之孫이요 左贊善大夫諱質之曾孫이며 而太常博士王君諱逢之妻也라,d9bc7e664d86fcdb,라,False,라(대조군),Level1
시경집전(하),922,2028,言其車馬威儀之盛이라,a781dbe1c8b787cc,라,False,라(대조군),Level1
주역전의(상),1446,4322,故未至於失道也라,1f207ee8bbdfbe47,라,False,라(대조군),Level1
자치통감강목11,242,934,是歲에 僭國一이라,81f2ac885187a836,라,False,라(대조군),Level1
당송팔대가문초소식5,211,785,衆生所愛는 無過身體어늘 父母有疾이면 割肉刺血하야 初無難色호되 若復隣人이 從其求乞이면 一爪一髮이라도 終不可得이라,157b11e88e9aa3fd,라,True,라(대조군),Level1
주역전의(하),1374,4169,陽剛이 自處於至高하여 始快其意라 故先笑요 旣而失安莫與라 故號咷하니 輕易以喪其順德은 所以凶也라,948ef32e96931c31,라,True,라(대조군),Level1
논어집주,540,2000,然이나 必五十乃衣帛하고 七十乃食肉하니 聖人之心에 非不欲少者亦衣帛食肉也언마는 顧其養有所不贍爾니 此病其施之不博也라,cddd063614dd38cf,라,True,라(대조군),Level1
당송팔대가문초한유1,348,1652,奇氣라,bbe3d69f90b74586,라,False,라(대조군),Level1
당송팔대가문초구양수2,448,1772,古禮之亡이 久矣라 歐陽公於此에 亦無限悲慨라,92b7037847906b11,라,True,라(대조군),Level1
주역전의(하),1787,5297,天地者는 陰陽形氣之實體요 乾坤者는 易中純陰純陽之卦名也라,1a9f7dc3591ff7ba,라,True,라(대조군),Level1
당송팔대가문초구양수5,108,811,因陣兵橋北하야 下據胡牀而坐하야 使人召康義誠하니 而端門已閉요 叩左掖門하니 亦閉라,87958515c974281f,라,False,라(대조군),Level1
주역전의(상),1528,4563,又以卦德言之라,d11de32db921bdef,라,False,라(대조군),Level1
맹자집주,900,3162,淵은 深水也라,0050166691e74f33,라,False,라(대조군),Level1
시경집전(하),2580,5726,賦也라,8ee2540f4365747d,라,True,라(대조군),Level1
주역전의(하),713,2130,然制之在己라 故猶可以无咎어니와 若不制而使遇於衆이면 則其爲害廣矣라,06367fb77829da1c,라,False,라(대조군),Level1
서경집전(상),313,1855,又地志에 漢中郡安陽縣에 灊谷水出西南入漢이라하니 灊은 音潛이요 安陽縣은 今洋州眞符縣也라,703a09493e488257,라,False,라(대조군),Level1
예기집설대전2,995,1439,小寢者는 高祖以下寢也니 王侯同이라,c08210dfed7efbfe,라,False,라(대조군),Level1
당송팔대가문초증공1,463,2613,衣食藥物과 廬舍器用과 箕筥碎細之間은 此予之所經營以養也라,4dfcea4e1dd501aa,라,False,라(대조군),Level1
당송팔대가문초구양수2,101,349,馳封一馬에 使者在道而相望하고 翹首群英에 天下嚮風而咸靡라,d7f8e0500494fd23,라,True,라(대조군),Level1
당송팔대가문초구양수4,535,2363,人獸生而有知라가 死則無知矣요 蓍龜生而無知라가 死然後有知也니 是皆不可窮詰이라,6751a4e4a1199298,라,True,라(대조군),Level1
주역전의(하),1534,4612,又以卦德卦體言之라,2e14a820e5b23101,라,False,라(대조군),Level1
자치통감강목5,1051,2409,三年이라,0e5283a9d208d8e3,라,False,라(대조군),Level1
당송팔대가문초소식1,265,1241,至於貢擧之法하야는 行之百年이나 治亂盛衰 初不由此라,b3c759c5230b39b0,라,False,라(대조군),Level1
주역전의(하),1189,3598,故危懼而有言하니 蓋不知在下所以有進也요 用柔所以不躁也요 无應所以能漸也니 於義自无咎也라,7164df2e0ee3eda2,라,True,라(대조군),Level1
춘추좌씨전5,230,1134,魯叔孫豹可謂能矣니 請免之하야 以靖能者하노라,5b0fbedc0a808d3d,라,False,라(대조군),Level1
서경집전(하),548,2104,朕은 不敢有後호리니 無我怨하라,f0d96d2dcaac5581,라,False,라(대조군),Level1
서경집전(하),285,1101,斁은 厭也니 卽詩言在此無斁之意라,7c22c10d3e868c70,라,True,라(대조군),Level1
자치통감강목5,1279,2937,孔子論詩에 以關雎爲始하시니 此는 紀綱之首요 王敎之端이니 自上世以來로 三代興廢 未有不由此者也라,217082aafad2e17e,라,False,라(대조군),Level1
춘추좌씨전1,1036,3440,築郿하니 非都也라,46cac182f0fd251a,라,False,라(대조군),Level1
당송팔대가문초왕안석2,409,2245,君은 某州之某縣人이니 曾祖曰某요 祖曰某요 考曰某라,0bb2137903918681,라,False,라(대조군),Level1
당송팔대가문초소순1,405,2589,幸而得不破折不腐면 則爲人之所材하여 而有斧斤之患이라,0cad1a6a18ce699a,라,False,라(대조군),Level1
예기집설대전2,1332,1909,周人弔於家는 示民不偝也라,ab88fb7224c65601,라,False,라(대조군),Level1
시경집전(상),1355,3114,蓋賢妃當夙興之時하여 心常恐晩이라,cb5563cc1fe35b0f,라,False,라(대조군),Level1
당송팔대가문초한유3,68,400,朅朅胡公이여 旣果以方이라 挾藝射科에 每發如望이라 人求於人이나 我己爲之라 自始訖終히 不降色辭하다 因官立事하고 隨有可載라 發跡餽軍이나 遭讒府介하야 去居陵下하야 爲吏爲隱이라,365cbf6d01799d08,라,True,라(대조군),Level1
춘추좌씨전2,147,444,是吾利也라,aedf4286b63e3953,라,False,라(대조군),Level1
당송팔대가문초구양수4,137,622,明年에 廣西區希範誘白崖山蠻蒙趕(간)하야 襲破環州하고 陷鎭寧帶溪普義하야 有衆數千으로 以攻桂管이라,91bbfda932255681,라,False,라(대조군),Level1
춘추좌씨전3,341,928,惜也라,6755c2f99e0b2b36,라,True,라(대조군),Level1
당송팔대가문초구양수2,464,1831,自六經焚於秦而復出於漢으로 其師傳之道中絶하고 而簡編脫亂訛缺하야 學者莫得其本眞이라,98d68bafccba7e1b,라,False,라(대조군),Level1
시경집전(상),456,1063,衛之淫風流行하여 雖有七子之母나 猶不能安其室이라,7d555fe109ec35b8,라,False,라(대조군),Level1
서경집전(하),559,2142,幹은 事요 止는 居也라,6045ae0820a711f7,라,False,라(대조군),Level1
주역전의(상),786,2464,无所親比하여 困屈以致凶은 窮之道也라,752f79b6607a81e7,라,False,라(대조군),Level1
논어집주,759,2705,拜下禮也어늘 今拜乎上하니 泰也라,e60012993b25ae63,라,False,라(대조군),Level1
서경집전(하),899,3344,文貝는 有文之貝니 以飾几也라,0ba8a1cec93a4842,라,False,라(대조군),Level1
중용장구,293,779,經綸은 皆治絲之事니 經者는 理其緖而分之요 綸者는 比其類而合之也라,1f111c87da9f1958,라,False,라(대조군),Level1
주역전의(하),1633,4855,爲卦四陰在外하고 二陽在內하여 陰多於陽하니 小者過也라,4d838c3bee04f40d,라,False,라(대조군),Level1
시경집전(하),2802,6191,故로 屢獲豊年之祥이니 傳所謂周饑라가 克殷而年豊이 是也라,89d3d44cd0e6185f,라,False,라(대조군),Level1
시경집전(상),866,2030,河는 在齊西衛東하니 北流入海라,89829a4993082eab,라,False,라(대조군),Level1
서경집전(상),403,2309,或以周服里數는 皆以方言이라하고 或以古今尺有長短이라하고 或以禹直方計어늘 而後世以人迹屈曲取之라하니 要之컨대 皆非的論이라,5565580dd9441c91,라,False,라(대조군),Level1
시경집전(상),1343,3085,於是에 士女相與戲謔하고 且以勺藥爲贈而結恩情之厚也라,a3d7692a05fecf34,라,False,라(대조군),Level1
당송팔대가문초증공1,285,1525,故道予之所慕於古者하니 庶乎其有以自發也라,c625f006692f0294,라,True,라(대조군),Level1
자치통감강목4,973,2233,於是에 幸東萊하여 宿留數日호되 無所見이라,278016271ad207e4,라,False,라(대조군),Level1
당송팔대가문초구양수1,36,266,然後에 一擧而滅之가 此萬全之策也라,e6772c68165059ae,라,False,라(대조군),Level1
주역전의(상),566,1864,又以諸爻皆陰이라 故로 云婦라,8b94f2fc6692b907,라,True,라(대조군),Level1
주역전의(하),1488,4491,初之柔順而託於剛中之才하여 以拯其渙하니 如得壯馬以致遠하여 必有濟矣라,8d948782eeab86d5,라,True,라(대조군),Level1
논어집주,1532,4915,禮貌衰而去라,5fe9398485357afb,라,False,라(대조군),Level1
당송팔대가문초한유2,110,438,曲眉豐頰이요 淸聲而便體며 秀外而惠中이 飄輕裾하고 翳長袖하며 粉白黛綠者가 列屋而閑居하야 妬寵而負恃하고 爭姸而取憐이라,2aecb160c929d374,라,True,라(대조군),Level1
당송팔대가문초한유2,409,2111,"今益以汝하노니 維是朔方, 義成, 陝, 益, 鳳翔, 延, 慶七軍之在行者를 汝皆將之하라",d43aa902981fd531,라,False,라(대조군),Level1
맹자집주,496,1748,邑有先君之廟曰都라,07c8801b6e28e454,라,False,라(대조군),Level1
주역전의(하),303,903,文中子書에 以明內齊外爲義어늘 古今善之나 非取象之意也라,2cf3f491b7f66249,라,False,라(대조군),Level1
주역전의(상),826,2567,言來者撫之하고 去者不追也라,c3637b9e568e7b78,라,False,라(대조군),Level1
서경집전(상),432,2428,堯授舜하고 舜授禹에 皆都冀州하니 言冀方者는 擧中以包外也라,c17757154b2252dd,라,False,라(대조군),Level1
시경집전(하),656,1453,"四月, 六月은 亦以夏正數之니 建巳建未之月也라",5282aeb53b6aed32,라,False,라(대조군),Level1
예기집설대전2,83,109,頎者는 惻隱之發也니 謂之至者는 以其哀常在於親하야 而敬暫施於人이 爲極自盡之道也라,4c2a0b949f0e8489,라,True,라(대조군),Level1
시경집전(상),1874,4274,賦也라,8ee2540f4365747d,라,False,라(대조군),Level1
당송팔대가문초구양수6,274,2017,人情之動은 則可以言知之요 天道之動은 則當以數知之라,f3bd2a4551426ffe,라,False,라(대조군),Level1
시경집전(상),2158,4959,室은 鳥自名其巢也라,99d9cd3912a46ca4,라,False,라(대조군),Level1
당송팔대가문초유종원2,382,2687,太尉曰 然終不以在吾第라하고 以如司農治事堂하여 棲之梁木上이라,a5793d2d9d5d8255,라,False,라(대조군),Level1
당송팔대가문초구양수6,216,1416,彥超鎭安遠軍할새 軍中有變이어늘 遣進馳奏京師라,9d9bd92b9baccbfe,라,False,라(대조군),Level1
주역전의(하),461,1400,解는 險以動이니 動而免乎險이 解라,c9ae9b7b5d019e81,라,False,라(대조군),Level1
서경집전(상),89,643,徵은 召也라,a8a1052f1a3f330d,라,False,라(대조군),Level1
서경집전(하),261,961,允蠢이면 鰥寡哀哉나 予造는 天役이라,9038df3860dd2db3,라,True,라(대조군),Level1
당송팔대가문초소순1,309,1958,故로 籍雖遷沛公漢中이나 而卒都彭城하여 使沛公으로 得還定三秦하니 則天下之勢는 在漢不在楚라,9254e3a5dace51c8,라,False,라(대조군),Level1
맹자집주,1045,3561,事生을 固當愛敬이라,547998d0897ce1a7,라,False,라(대조군),Level1
시경집전(상),1075,2510,世衰民散하여 有去其鄕里家族而流離失所者 作此詩以自歎이라,6eb383e0acb232f4,라,True,라(대조군),Level1
당송팔대가문초구양수5,92,691,明宗已卽位에 圜率征蜀之師二萬하야 至京師하니 明宗撫慰라,6dd698e37a49c82b,라,False,라(대조군),Level1
자치통감강목20,423,734,事不果하여 謀遂泄이라,ac17935b08e991ac,라,False,라(대조군),Level1
주역전의(하),282,831,故曰不可疾貞이라하니 正之를 不可急也라,53bf0522fd84e442,라,False,라(대조군),Level1
논어집주,966,3276,病臥에 不能著衣束帶하고 又不可以褻服見君이라,e6ca9e7bea4626da,라,False,라(대조군),Level1
당송팔대가문초구양수6,180,1217,晏球聞亂에 不俟命하고 率龍驤五百騎擊之하니 賊勢稍却이라,82e21f0db9c8cd90,라,False,라(대조군),Level1
시경집전(하),704,1537,瘁는 病이요 已는 止也라,3c8fc2aa00cc0eca,라,False,라(대조군),Level1
서경집전(상),57,458,春秋傳所記四凶之名은 與此不同이라 說者以窮奇爲共工하고 渾敦爲驩兜하고 饕餮爲三苗하고 檮杌爲鯀이라하니 不知其果然否也로라,11a91c8c23d11193,라,False,라(대조군),Level1
당송팔대가문초구양수1,436,2224,臣日夜思惟컨댄 方今之弊는 紀綱之壞가 非一日이며 政事之失이 非一端이요 水災至大하며 天譴至深은 亦非一事之所致라,8eb4d3535330e628,라,False,라(대조군),Level1
맹자집주,513,1794,充虞는 孟子弟子니 嘗董治作棺之事者也라,3e1ef6540467c691,라,False,라(대조군),Level1
당송팔대가문초구양수6,260,1867,以太子太傅致仕하고 卒하니 年六十이라,0238fb181a5d4838,라,False,라(대조군),Level1
당송팔대가문초소순1,336,2113,古者에 相見於天子면 天子는 爲之離席起立하고 在道면 爲之下輿하며 有病이면 親問하고 不幸而死면 親吊하니 待之如此其厚라,b4dbaa435ca3229f,라,False,라(대조군),Level1
당송팔대가문초소식2,390,1647,故로 勉作報書하노라,204587f67c0ebbd1,라,False,라(대조군),Level1
당송팔대가문초구양수1,422,2161,蓋其說有三하니 一曰畏大臣이요 二曰畏小人이요 三曰無奇策이라,7143a969405da2c2,라,False,라(대조군),Level1
당송팔대가문초구양수5,134,972,葛從周는 事梁爲大將하야 百戰不失하니 可謂兵之善者已라,383df895ec43a6a5,라,False,라(대조군),Level1
당송팔대가문초왕안석2,136,595,紂爲君이 至暴矣라,9260369787ccc22c,라,False,라(대조군),Level1
자치통감강목13,7,37,今日은 是我死日也라,3c462bd766d97e21,라,False,라(대조군),Level1
주역전의(상),897,2792,以二體로 釋卦名義라,79f74ff3783670fe,라,False,라(대조군),Level1
당송팔대가문초소식4,387,1508,幽憂憤歎之作이 蓋亦有之矣나 特恐死嶺外하야 而天子之恩을 不及報하야 以忝其父祖耳라,ca4fe101b5a8f0ba,라,True,라(대조군),Level1
주역전의(상),384,1324,君子所行이 柔順而利且貞하니 合坤德也라,9d4b8694dfb65b66,라,False,라(대조군),Level1
당송팔대가문초소식5,327,1264,其二는 在水하니 前者反顧하야 若以鼻語하고 後者不應하야 欲飮而留行이라,33fb563bb1cca4bd,라,True,라(대조군),Level1
당송팔대가문초한유3,310,1657,我預在此하니 與君俱膺하리라,ff994f7b50be3f5e,라,False,라(대조군),Level1
주역전의(하),681,2044,姤所以次夬也라,a41d99707fe360bc,라,False,라(대조군),Level1
시경집전(하),1665,3730,"坼, 副는 皆裂也라",368f132bb5d7986f,라,False,라(대조군),Level1
주역전의(하),266,765,明夷之時엔 利於處艱厄而不失其貞正이니 謂能晦藏其明也라,a86dbddd61a66369,라,False,라(대조군),Level1
논어집주,677,2427,臨淵은 恐墜요 履氷은 恐陷也라,44c92575c3ea0a9b,라,False,라(대조군),Level1
시경집전(하),470,1041,今涵容不斷하고 讒信不分이라,eb39e6bfec36e4f0,라,False,라(대조군),Level1
당송팔대가문초구양수2,386,1513,故有支移之賦하며 有和糴之粟하며 有入中之粟하며 有和買之絹하며 有雜料之物하고 茶鹽山澤之利는 有榷有征이라,48d17e604b87d372,라,False,라(대조군),Level1
당송팔대가문초소순1,169,1079,苟遷擧而措之諸侯之末하니 則西戎獫狁亦或庶乎其間이라,ae111b349276ce84,라,False,라(대조군),Level1
당송팔대가문초한유2,144,573,文極頓挫라,f6c235bad026f493,라,False,라(대조군),Level1
당송팔대가문초구양수5,49,355,其子存勖이 諫曰 此吾復振之時也라,cd40d700e3b35259,라,False,라(대조군),Level1
논어집주,564,2076,故로 苟以禮來면 則無不有以敎之也라,e87864a7fdbdf9c1,라,False,라(대조군),Level1
주역전의(하),2031,5753,陽은 一君而二民이니 君子之道也요 陰은 二君而一民이니 小人之道也라,8208e28755c12783,라,False,라(대조군),Level1
시경집전(하),2564,5705,實右序有周라,9793a71d65733350,라,True,라(대조군),Level1
시경집전(상),138,379,遵彼汝墳하여 伐其條肄호라,699613c2922544df,라,False,라(대조군),Level1
서경집전(하),1079,4104,甲戌에 我惟征徐戎호리니 峙乃糗糧호되 無敢不逮하라,98fc7b7e601331c0,라,False,라(대조군),Level1
논어집주,48,222,然이나 或吝於改過면 則終無以入德하여 而賢者未必樂告以善道라,96557e8c25c38947,라,False,라(대조군),Level1
맹자집주,1683,5507,曰 否라,4519ef0e9fdc5ad1,라,False,라(대조군),Level1
시경집전(상),482,1113,忮는 害요 求는 貪이요 臧은 善也라,d163b768c0f51b1e,라,False,라(대조군),Level1
당송팔대가문초구양수5,217,1450,有驍將陳章者가 號陳野叉어늘 常乘白馬被朱甲以自異하고 出入陣中에 求周陽五하야 欲必生致之라,e0dfbc752316529a,라,True,라(대조군),Level1
자치통감강목14,125,371,敦이 至石頭하여 欲攻隗어늘 杜弘曰 隗死士多하여 未易(이)可克이요 周札少恩하여 兵不爲用하니 攻之必敗라,2f56a6165dd67b09,라,False,라(대조군),Level1
맹자집주,1908,6016,言舜之心이 知有父而已요 不知有天下也라,bab6ab50b257a6ef,라,False,라(대조군),Level1
당송팔대가문초증공1,354,1953,故樂易敦朴之俗微하고 而詭欺薄惡之習勝이라,bd923e2471adc25d,라,False,라(대조군),Level1
당송팔대가문초구양수3,519,2302,而於選法에 未嘗有所更易하니 人或問之한대 公曰 選法具備하니 如權衡在執者不欺其輕重耳라,6eb96cbcb4d779e4,라,False,라(대조군),Level1
자치통감강목5,130,283,"治有異等之效하니 其賜成爵關內侯, 秩中二千石하라",cad0026d0155de45,라,False,라(대조군),Level1
당송팔대가문초구양수3,313,1166,大宋之興이 於今八十年이라,f68d4a780a758105,라,False,라(대조군),Level1
자치통감강목3,1510,3437,路中大夫至하니 三國兵이 圍臨菑數重이라,35536ac0d3b36f66,라,False,라(대조군),Level1
자치통감강목15,1332,1880,十五年이라,18be07807472e3bb,라,False,라(대조군),Level1
당송팔대가문초소순1,108,698,自顧無分毫之功有益於世나 而王命至門에 不知辭讓하고 不畏簡書하여 朋友之譏나 而苟以爲榮이라,a4fc41a648779d29,라,False,라(대조군),Level1
맹자집주,920,3219,至는 極也라,9bf2ec17000eaab5,라,False,라(대조군),Level1
논어집주,125,475,安은 所樂也라,77c041f61fc00bf4,라,False,라(대조군),Level1
당송팔대가문초구양수5,275,1851,義誠已殺岳하고 又以從榮故로 與弘實有隙이라,a8e04f2b2923d56c,라,False,라(대조군),Level1
당송팔대가문초구양수1,289,1647,臣見自古蠻蜒爲害者를 不聞盡殺이요 須是招降이라,ac4d8ab4b60cba3b,라,False,라(대조군),Level1
시경집전(하),2646,5879,賦也라,8ee2540f4365747d,라,False,라(대조군),Level1
당송팔대가문초구양수2,157,600,議者多云不便이로되 而聞理命若斯하니 必有以也라,cf2a7fdb7e2479f5,라,False,라(대조군),Level1
예기집설대전2,58,73,成寢而夷人之墓가 不仁也요 不改葬而又請合焉이 亦非孝也요 許其合而又命之哭焉은 矯僞以文過也라,a10aa22b7746d40a,라,True,라(대조군),Level1
예기집설대전2,293,419,及人可也나 不及人은 非禮矣라,2bfbbc72513fdc39,라,False,라(대조군),Level1
당송팔대가문초구양수3,610,2839,州故多盜어늘 公按令하야 爲民立伍保而簡其法하니 民便安之하고 盜賊爲息이라,a43dd555c5a08652,라,False,라(대조군),Level1
당송팔대가문초유종원1,227,1465,韜涵太虛하고 澹灩里閭하니 誠游觀之佳麗者已라,91736027ee20af1c,라,True,라(대조군),Level1
자치통감강목20,1471,2328,是時에 梁興四十七年에 境内無事러니 賊至猝迫하니 公私駭震이라,e1ef7e583c6a39ec,라,True,라(대조군),Level1
자치통감강목10,1370,2161,此道秋夏有水하여 淺不通車馬하고 深不載舟船하니 爲難이 久矣라,e743a10db1d6118c,라,False,라(대조군),Level1
당송팔대가문초구양수3,501,2194,公以謂智高는 交趾叛者니 宜聽出兵이요 毋沮其善意라하야 累疏論之하되 不報라,e4b6c837c5581703,라,False,라(대조군),Level1
논어집주,891,3117,戰色은 戰而色懼也라,7bd8ad204cdddb02,라,False,라(대조군),Level1
논어집주,555,2055,道는 則人倫日用之間所當行者是也라,6de704ef6037dc14,라,False,라(대조군),Level1
당송팔대가문초구양수4,144,673,有文集十卷과 奏議集十二卷이라,1bec269f2ca80a4b,라,False,라(대조군),Level1
당송팔대가문초구양수3,390,1462,至于出入勤勞之節과 與其進退綢繆君臣之恩意하얀 可以褒勸後世가 如古詩書所載하니 皆應法可書라,4b684f08e57829b7,라,True,라(대조군),Level1
자치통감강목12,211,860,泰進軍隴西할새 諸將皆曰 王經이 新敗하고 蜀衆이 大盛하니 今以烏合之卒로 當之면 殆必不可라,1fa48e8064035c5a,라,False,라(대조군),Level1
시경집전(하),229,501,比也라,920e5bbdbbf3601f,라,False,라(대조군),Level1
주역전의(하),1497,4517,渙散之時엔 以合爲安하나니 二居險中하여 急就於初는 求安也라,0c098b441e5bbe57,라,False,라(대조군),Level1
시경집전(상),203,529,南國이 被文王之化하여 大夫妻能奉祭祀하니 而其家人이 敍其事以美之也라,9102b0a02594359c,라,True,라(대조군),Level1
당송팔대가문초소철3,103,529,此亦足以按兩漢重二千石之權之意요 而爲御史者는 不至於怙權作威也라하노라,f77b4c8a42b529c3,라,False,라(대조군),Level1
맹자집주,1589,5272,宋은 姓이요 牼은 名이라,67a6c22c9ee0dbc3,라,False,라(대조군),Level1
주역전의(상),752,2359,左次无咎는 未失常也라,06feaa73a7fdaf50,라,False,라(대조군),Level1
맹자집주,900,3165,鸇은 食雀者也라,3629bb36de69d4b6,라,False,라(대조군),Level1
주역전의(상),1341,4051,二는 巽體而處柔하여 順義爲多하니 幹母之蠱之道也라,9734321d9d4f96f9,라,False,라(대조군),Level1
주역전의(상),1445,4320,觀我生進退하니 未失道也라,aed5086d324d48ac,라,False,라(대조군),Level1
주역전의(상),149,739,離則二體上下皆陽이요 陰實麗焉하니 陽之盛也라,f081b613ed38aa03,라,False,라(대조군),Level1
당송팔대가문초소식3,286,1124,易者는 聖人之動이요 而卦者는 動之時也라,4564f780156cb942,라,False,라(대조군),Level1
서경집전(하),121,507,肅乂哲謀聖者는 五德之用也니 肅者는 嚴正也요 乂者는 條理也요 哲者는 智也요 謀者는 度也요 聖者는 無不通也라,cb8490f84a5d06cf,라,False,라(대조군),Level1
예기집설대전2,922,1330,故曾子以爲非古라,48609a51e0b007e6,라,False,라(대조군),Level1
논어집주,159,577,故로 或人疑其不爲政也라,33dfcf6bbd52a1b7,라,False,라(대조군),Level1
시경집전(상),1518,3474,於是에 憂者重嗟歎之하여 以爲此之可憂는 初不難知어늘 彼之非我는 特未之思耳라,de95ffa1d9e7da87,라,True,라(대조군),Level1
논어집주,259,957,天下之無道也久矣라,cf6cc28356201e6a,라,True,라(대조군),Level1
논어집주,982,3300,式은 車前橫木이니 有所敬이면 則俯而憑之라,fe2b52f92ebacecb,라,False,라(대조군),Level1
당송팔대가문초증공1,254,1420,深甫는 吾友也니 姓王氏요 諱回라,a0b81f645c1f303e,라,False,라(대조군),Level1
당송팔대가문초구양수3,531,2376,然在外所言이 如在朝廷而任言責者요 至其難言하얀 則人有所不敢言者라,e9c44602b2eef3ca,라,False,라(대조군),Level1
자치통감강목18,424,1457,乃以謀告淵한대 淵即以告道成이라,1d86256924d7ae9c,라,False,라(대조군),Level1
당송팔대가문초소순1,396,2503,靈師文暢之徒는 飮酒食肉以自絶於其敎라,d508962f78d6b54b,라,False,라(대조군),Level1
춘추좌씨전5,261,1344,觀書於大史氏할새 見易象與魯春秋하고 曰 周禮盡在魯矣라,2cacb6b686900a0c,라,False,라(대조군),Level1
당송팔대가문초구양수2,303,1116,秦於是時에 旣平犬戎하고 因取周所賜岐豐之地러니 而繆公以來로 始東侵晉地하야 至于河하고 盡滅諸戎하야 拓國千里라,4ec5336d8e93fc73,라,False,라(대조군),Level1
자치통감강목6,1169,2554,"明堂, 辟雍, 靈臺雜見於詩, 禮, 孝經, 孟子나 其制作之詳은 不可得而聞矣라",bd5eeb8639f24780,라,False,라(대조군),Level1
자치통감강목11,480,1652,亮이 問鄧芝曰 箕谷軍退에 兵將이 初不相失은 何也오 芝曰 趙雲이 身自斷後하여 軍資什物이 略無所棄라,3f4ee6fbdd0b4fea,라,False,라(대조군),Level1
자치통감강목12,298,1220,君特恐其道臣下姦慝이라 故不欲令入耳라,47ee27f6b6012abe,라,False,라(대조군),Level1
서경집전(상),369,2122,又唐長慶中에 薛元鼎이 使吐蕃할새 自隴西成紀縣西南으로 出塞二千餘里하여 得河源於莫賀延積尾하니 曰閟磨黎山이라,49cf85cb43f2f518,라,False,라(대조군),Level1
서경집전(상),10,60,此는 言堯推其德하여 自身而家而國而天下하니 所謂放勳者也라,c4e355ace56d34f4,라,True,라(대조군),Level1
자치통감강목1,29,171,至元後戊寅冬에 友人朱平仲晏이 歸自泗濱하야 明年春에 出其所錄之本하고 謂得於趙公繼清篔翁之子嘉績礙라하야 始獲披閱이라,3f5a244810d238c4,라,False,라(대조군),Level1
주역전의(하),1119,3405,行其庭不見其人은 庭除之間은 至近也니 在背則雖至近이나 不見하니 謂不交於物也라,d12193dadbd6041d,라,False,라(대조군),Level1
자치통감강목5,1059,2429,若當望之飮鴆之後하여 稱疾而去면 則善矣리라,e571f775084f4868,라,True,라(대조군),Level1
당송팔대가문초구양수5,113,849,贇客將賈正等이 數目道하여 欲圖之한대 贇曰 勿草草하라,2051660b6d80f122,라,False,라(대조군),Level1
주역전의(상),778,2446,比는 輔也니 下順從也라,dd1dd728f232f2cc,라,False,라(대조군),Level1
당송팔대가문초구양수4,276,1303,方其亡恙時에 爲理命數百言이러니 已而疾且革이라,aec429a071cb206f,라,True,라(대조군),Level1
주역전의(상),217,968,九陽四陰이니 居上之下하여 改革之際요 進退未定之時也라,ea8272fe740394e6,라,False,라(대조군),Level1
시경집전(상),425,1000,雖云狂惑이나 然亦或惠然而肯來로되 但又有莫往莫來之時하니 則使我悠悠而思之라,e654b5edb21fcbcb,라,True,라(대조군),Level1
당송팔대가문초한유3,93,540,公諱道古요 字某니 曹成王子라,d1a0b89d2368b21a,라,False,라(대조군),Level1
시경집전(하),2064,4622,彼謂不必修德而可以服人者는 是牛羊之童者而求其角也니 亦徒潰亂汝而已라,b5222185eb0557d8,라,False,라(대조군),Level1
자치통감강목11,220,820,然이나 地勢陸通하여 今日取之라도 操後旬必來爭하리니 雖以七八萬人守之라도 猶當懷憂라,d0c0dc2461131be3,라,False,라(대조군),Level1
당송팔대가문초구양수1,120,816,使四夷聞天子皇叔薨而無錢出葬하야 遂輕中國而動心이 四也요 今天下物力雖乏이나 然凡百用度를 不能節費處多어늘 獨於皇叔之身에 有所裁損하야 傷陛下孝治之美가 五也라,edeae67f846ddeb1,라,False,라(대조군),Level1
당송팔대가문초구양수2,348,1326,是以로 兵無制하며 用無節이면 國家無法度하야 一切苟且而已라,e407ef577ecf4a91,라,False,라(대조군),Level1
당송팔대가문초소식1,298,1376,一使所獲이 率不下二十萬緡하니 使五六至면 而累年所罷歲賜를 可以坐復이라,ae17507cd2a33bcf,라,False,라(대조군),Level1
맹자집주,163,632,詩는 周頌我將之篇이라,dfe3caef9fce6199,라,False,라(대조군),Level1
춘추좌씨전6,16,37,其非唯我賀라 將天下實賀하리라,3fc9a6c5b281adbd,라,True,라(대조군),Level1
맹자집주,2137,6593,盍은 何不也라,a2559047d8a7f4a9,라,False,라(대조군),Level1
시경집전(하),1980,4449,慆는 慢이요 興은 起也라,491e90cfcbd5566e,라,False,라(대조군),Level1
당송팔대가문초소식5,468,1704,予飮酒終日호되 不過五合하니 天下之不能飮은 無在予下者라,5ec7ea6e15d38c83,라,True,라(대조군),Level1
시경집전(상),247,619,縫은 縫皮合之하여 以爲裘也라,7f895082354a42cb,라,False,라(대조군),Level1
시경집전(하),1695,3816,燔은 傅諸火也요 烈은 貫之而加于火也라,d43ab12f9071451c,라,False,라(대조군),Level1
주역전의(하),52,167,恒은 序卦에 夫婦之道는 不可以不久也라,9804554777d09817,라,False,라(대조군),Level1
서경집전(상),665,3363,玆予有亂政同位 具乃貝玉하면 乃祖乃父 丕乃告我高后하여 曰 作丕刑于朕孫이라하여 迪高后하여 丕乃崇降弗祥하리라,3261ecd60cc3fe7a,라,False,라(대조군),Level1
당송팔대가문초소식3,97,366,魏晉以來는 出於九品中正하고 隋唐至今은 出於科擧하니 雖不盡然이나 取其多者論之라,696478274622a462,라,False,라(대조군),Level1
주역전의(상),219,972,聖人이 旣得天位면 則利見在下大德之人하여 與共成天下之事요 天下固利見夫大德之君也라,5477506502750312,라,False,라(대조군),Level1
주역전의(상),579,1892,四以陰柔而蒙闇하고 无剛明之親援하여 无由自發其蒙하니 困於昏蒙者也니 其可吝甚矣라,f9b88aa111869795,라,True,라(대조군),Level1
당송팔대가문초소식5,310,1207,"也延州來季子, 張子房은 皆不死者라",c08f659802f965aa,라,False,라(대조군),Level1
시경집전(하),1824,4114,"蹌蹌, 濟濟는 群臣有威儀貌라",2c23d6faba338cda,라,False,라(대조군),Level1
당송팔대가문초구양수3,597,2757,將終에 口授其弟純臣遺奏하야 以宗廟至重儲嗣未立爲憂하니 天子愍然이라,43f6c95747990f8b,라,True,라(대조군),Level1
시경집전(상),1444,3300,偲는 多鬚之貌니 春秋傳所謂于思 卽此字니 古通用耳라,b245ebcc3120c42b,라,False,라(대조군),Level1
당송팔대가문초유종원1,294,1792,自武功西至于好畤은 其驛三이니 其蔽曰鳳翔府요 其關曰隴關이라,1254aaf84a903081,라,False,라(대조군),Level1
당송팔대가문초왕안석2,118,553,故疑此非周公之法也라하노라,7a57428ae539a3a0,라,False,라(대조군),Level1
서경집전(하),266,991,言天之所以否閉艱難하여 國家多難者는 乃我成功之所在니 我不敢不極卒武王所圖之事也라,42e3641a616d41df,라,False,라(대조군),Level1
시경집전(상),940,2194,賦也라,8ee2540f4365747d,라,False,라(대조군),Level1
예기집설대전2,2007,2851,文子는 晉大夫니 名武라,2f7ef5354b094a10,라,False,라(대조군),Level1
서경집전(상),165,1155,蓋射는 所以觀德이니 頑愚讒說之人이 其心不正이면 則形乎四體하고 布乎動靜하여 其容體必不能比於禮하고 其節奏必不能比於樂하여 其中이 必不能多하리니 審如是면 則其爲頑愚讒說也必矣라,4f115c3c7762141f,라,True,라(대조군),Level1
자치통감강목5,207,449,又諸儒生이 多窶人子라 遠客饑寒하여 喜妄說狂言하여 不避忌諱하니 大將軍이 常讐之라,655143866782d67d,라,False,라(대조군),Level1
당송팔대가문초구양수3,609,2834,公在開封에 數以職事辨爭하야 或有不得이면 則輒請引去하니 天子惜之라,f4812dd89e6f039d,라,True,라(대조군),Level1
자치통감강목10,998,1549,若有歸民이어든 以供給之하여 勤耕積粟하여 以豐殖關中이면 遠民聞之하고 必日夜競還이라,1e1092cdbca56b70,라,False,라(대조군),Level1
시경집전(상),230,584,家는 謂以媒聘으로 求爲室家之禮也라,6fc60f4eff6bfd04,라,False,라(대조군),Level1
당송팔대가문초구양수4,440,1952,於是에 相與論著君之大節하야 伐石紀辭하야 以表見於後世하야 庶幾以慰其思焉하노라,83b28c250b9671a4,라,True,라(대조군),Level1
주역전의(상),1940,5776,以卦體로 釋卦辭라,12b8e023496b4e1d,라,False,라(대조군),Level1
시경집전(상),1819,4141,惴惴는 懼貌라,1746619792fa7473,라,False,라(대조군),Level1
주역전의(상),1477,4413,上行은 謂居尊位요 雖不當位는 謂以柔居五 爲不當이라,cf962cd879f0c083,라,False,라(대조군),Level1
당송팔대가문초소식3,214,813,惟其天下旣安이면 君民之勢 闊遠而不同이라,7f900d739c4f5344,라,False,라(대조군),Level1
시경집전(상),2083,4721,故로 以寒泉下流而苞稂見傷爲比하고 遂興其愾然以念周京也라,bc8d96fee318575a,라,True,라(대조군),Level1
당송팔대가문초구양수3,542,2437,大纛高牙라,c14a3f131fadd0f4,라,True,라(대조군),Level1
자치통감강목3,1501,3411,吳攻梁急한대 梁數使使求救호되 亞夫不許하니 又愬於上이라,b2cdaee614730dfe,라,False,라(대조군),Level1
시경집전(하),2846,6306,振振은 群飛貌라,0052ec9bf664a4f1,라,False,라(대조군),Level1
맹자집주,1095,3733,乘矢는 四矢也라,2dada6d9702a9152,라,False,라(대조군),Level1
서경집전(상),457,2566,格하라,68f7d9a90ee30693,라,False,라(대조군),Level1
당송팔대가문초구양수2,180,679,脩白하노라,30fed81c6d180a3c,라,False,라(대조군),Level1
자치통감강목7,952,1314,因辭歸하여 謂囂曰 子陽은 井底蛙耳라,ac0d29abaa43f195,라,False,라(대조군),Level1
서경집전(하),915,3423,大圭는 天子之守니 長尺有二寸이라,efa9b7fa26eef93a,라,False,라(대조군),Level1
주역전의(상),391,1340,故로 其名與象이 皆不易也라,497f90c8f08e740e,라,False,라(대조군),Level1
당송팔대가문초구양수3,129,434,雖有魁壘拔出之材라도 其一累黍不中尺度면 則棄不敢取라,1007e4b864f5fdd3,라,False,라(대조군),Level1
주역전의(하),975,2901,蓋剛不中而體躁에 所不足者는 中與順也니 當以中順自固而无妄動이면 則可也라,c5ccebec64e0fb3d,라,False,라(대조군),Level1
춘추좌씨전2,366,1212,凡師能左右之曰以라,79aa228b4cb2ab11,라,False,라(대조군),Level1
논어집주,424,1516,伯夷叔齊는 孤竹君之二子라,e63f4282c4938c6d,라,False,라(대조군),Level1
자치통감강목13,144,545,深五寸이라,980a3762ada1895e,라,False,라(대조군),Level1
자치통감강목7,1485,2067,大戰하여 岑이 三合三勝호되 自旦至日中에 軍士不得食하여 竝疲라,0888bc52433b5e1d,라,False,라(대조군),Level1
대학장구,156,404,此兩節은 又明不外本而內末之意라,bea57fa761a4c059,라,False,라(대조군),Level1
당송팔대가문초증공1,211,1241,曰 向采傳記百家所載行事之迹하여 以爲此書奏之는 欲以爲法戒라,da2e69ad9841ca2a,라,False,라(대조군),Level1
주역전의(상),448,1523,坤之用六은 猶乾之用九하니 用陰之道也라,f2ac23de30c17b0b,라,False,라(대조군),Level1
당송팔대가문초구양수1,282,1610,然且約舊數라도 尙不至冗費라,5ee9b2efaa5b1577,라,False,라(대조군),Level1
당송팔대가문초구양수4,535,2360,由是言之컨대 謂竹爲有知不可며 謂爲無知亦不可요 謂其有知無知皆不可知然後可라,4babbe3527b92c29,라,True,라(대조군),Level1
시경집전(하),2997,6664,蓋古聲은 奏族相近하니 族聲轉平而爲鬷耳이라,dc5ca3c60ec13ecf,라,False,라(대조군),Level1
논어집주,671,2410,無禮則無節文이라 故로 有四者之弊라,2ec31b15287fef80,라,False,라(대조군),Level1
당송팔대가문초구양수6,75,560,故로 鎔年雖少나 藉其世家以取重하니 自四方諸鎭廢立承繼로 有請於唐者면 皆因鎔以聞이라,7e580c054bf2458d,라,False,라(대조군),Level1
예기집설대전2,812,1168,示民無知者는 使民知死者之無知也니 爲其無知라 故以不堪用之器送之요 爲其有知라 故以祭器之可用者送之요 疑者는 不以爲有知요 亦不以爲無知也라,96f656189973d5b5,라,False,라(대조군),Level1
주역전의(하),1725,5134,二五皆有孚誠中正之德이로되 二在濟下하여 尙有進也라 故受福이요 五處濟極하여 无所進矣니 以至誠中正守之면 苟未至於反耳라,988a389b28d2abb2,라,False,라(대조군),Level1
서경집전(상),169,1207,十二師者는 每州立十二諸侯하여 以爲之師하여 使之相牧하여 以糾群后也라,afb0289653575cf4,라,False,라(대조군),Level1
시경집전(하),118,255,賦也라,8ee2540f4365747d,라,False,라(대조군),Level1
서경집전(하),981,3657,忝은 辱也라,160b4d72b5718252,라,False,라(대조군),Level1
당송팔대가문초소식4,23,87,先儒之說은 區區於叛人之過惡하니 其論이 固已狹矣라,c908493dbb657639,라,False,라(대조군),Level1
논어집주,441,1588,已矣乎者는 恐其終不得見而歎之也라,53559a6291a42045,라,True,라(대조군),Level1
중용장구,91,267,以己之心으로 度人之心에 未嘗不同하니 則道之不遠於人者를 可見이라,845628e08995019b,라,False,라(대조군),Level1
당송팔대가문초구양수6,294,2140,吳曁南唐은 姦豪竊攘이라,1a8649414a3bb71c,라,False,라(대조군),Level1
당송팔대가문초증공1,305,1618,周君은 與先人으로 俱天聖二年進士요 與余舊且好也라,d52bd61c0d93af5c,라,False,라(대조군),Level1
시경집전(하),566,1262,敬而聽之라하여 使在位知戒也라하니 其說不同이라,fa011bc3da86dc28,라,False,라(대조군),Level1
서경집전(상),67,496,一說에 亮은 相也라,2d23843997e2a36e,라,False,라(대조군),Level1
예기집설대전2,1150,1655,弔後에 主人當親往拜謝니 喪家若無主後면 必使以次疏親往拜하고 若又無疏親이면 則死者之朋友及同州同里及喪家典舍之人이 往拜亦可也라,9d9fd7499fae0261,라,False,라(대조군),Level1
시경집전(상),1718,3886,百歲之後에나 歸于其居호리라,7d527abf752ec610,라,True,라(대조군),Level1
당송팔대가문초소순1,235,1568,匈奴謂中國怯久矣라하여 以吾爲終不敢與之抗하고 且其心은 嘗欲固前好하여 而得厚賂以養其力이라,729a316331f47f3d,라,False,라(대조군),Level1
자치통감강목15,1142,1602,麟이 攻博陵하니 城中이 糧竭矢盡이라,794155309f5f6935,라,False,라(대조군),Level1
주역전의(상),1328,4016,方天下壞亂之際하여 宜涉艱險以往而濟之하니 是往有所事也라,38e99102ebda0b8d,라,False,라(대조군),Level1
주역전의(하),1054,3192,二有剛中之德하니 陽體剛이요 中色黃이라,d51533b3dc7c050f,라,False,라(대조군),Level1
당송팔대가문초구양수2,36,127,悖慢者警而肅恪하고 昏愚者知有誅夷하니 銷沮姦萌하고 震揚威令이라,e2a8d80590c7b469,라,False,라(대조군),Level1
당송팔대가문초구양수1,350,1895,今乃斷絶商旅하니 此其爲害二也라,5cfadf2c395ffcb8,라,False,라(대조군),Level1
맹자집주,1968,6144,物은 謂禽獸草木이라,d8a9fc613351aa04,라,False,라(대조군),Level1
자치통감강목1,254,669,趙亡則韓魏爲之次矣리라,530449a92feb0062,라,False,라(대조군),Level1
당송팔대가문초소식1,30,142,周公豳詩는 王業也로되 而係之國風하고 宣王北伐은 大事也로되 而載之小雅라,d0903b155fee01aa,라,False,라(대조군),Level1
논어집주,63,274,禮勝則離라,723bde4963f8df32,라,False,라(대조군),Level1
당송팔대가문초소순1,286,1844,人見乎徒智之可以成也면 則擧而棄乎信이라,45d4201a50a20886,라,False,라(대조군),Level1
자치통감강목13,603,2005,今僚屬이 皆承西臺餘弊하여 養望自高하니 是는 前車已覆이어늘 而後車又將隨之也라,97b03c991d2ae857,라,False,라(대조군),Level1
예기집설대전2,1350,1934,几는 所以依神이요 筵은 坐神之席也니 席敷陳曰筵이라,2330a6d7a6883cb9,라,False,라(대조군),Level1
주역전의(하),933,2783,賢才見用이면 則己得行其道요 君得享其功이요 下得被其澤이니 上下並受其福也라,5c9987fd1c9d6d19,라,False,라(대조군),Level1
시경집전(상),1158,2685,具는 俱也라,46cc8c5f309e3ff7,라,False,라(대조군),Level1
주역전의(상),920,2842,六三은 眇能視며 跛能履라,6469460babab4128,라,False,라(대조군),Level1
당송팔대가문초구양수6,278,2055,黃道者는 日軌也라,d83c9f34d964ddf5,라,True,라(대조군),Level1
주역전의(상),886,2743,旣雨는 和也요 旣處는 止也라,b20d0224ff118e1d,라,False,라(대조군),Level1
자치통감강목8,2158,2994,六年이라,711dec7e31df5dc8,라,False,라(대조군),Level1
당송팔대가문초유종원1,83,675,今吾先盡陳者는 不欲足下如吾更訕辱하고 被稱號하여 已不信於世하고 而後知慕中道하여 費力而多害라 故勤勤焉云爾而不已也로라,535b37e8c5cb6aa8,라,True,라(대조군),Level1
주역전의(하),1017,3069,五居中하고 而又以柔而應剛하니 爲得中道라,3e2dbf223a2417fc,라,True,라(대조군),Level1
춘추좌씨전7,153,583,曹는 文之昭也오 晉은 武之穆也로되 曹爲伯甸하니 非尙年也어늘 今將尙之하니 是反先王也라,32025ce68289c7b6,라,True,라(대조군),Level1
당송팔대가문초왕안석1,475,2102,今劉君在中하야 言於州하고 使民出錢하야 將修而作之라가 未及爲而去하니 時慶曆某年也라,41cc9d714fb215e1,라,False,라(대조군),Level1
맹자집주,1431,4856,情者는 性之動也라,57ed0adc1d736bc0,라,False,라(대조군),Level1
시경집전(하),2237,4988,纘은 繼也니 使之繼其先世之事也라,062b9276484c10e6,라,False,라(대조군),Level1
자치통감강목12,472,1747,此六國所以并於秦이며 西楚所以屈於漢也라,1ca484bd5a629f72,라,False,라(대조군),Level1
당송팔대가문초한유1,353,1670,情本悃愊하고 而有深思處하니 堪把翫이라,e29e4cc8d9e2ca24,라,True,라(대조군),Level1
당송팔대가문초소식2,230,963,眷此東州는 下臨北徼하니 俗近齊魯之厚하고 迹皆秦漢之陳이라,fcc9380470d8af57,라,False,라(대조군),Level1
주역전의(상),1582,4721,卦有順止之象하니 乃處剝之道니 君子當觀而體之라,98eada00a4ec806d,라,False,라(대조군),Level1
맹자집주,141,563,獨樂이 不若與人이요 與少樂이 不若與衆은 亦人之常情也라,6570e109b8185474,라,True,라(대조군),Level1
당송팔대가문초유종원1,22,133,近世禮重拜掃어늘 今已闕者四年矣라,789b975c08043858,라,False,라(대조군),Level1
서경집전(상),516,2849,嗚呼라,24e5a6656c0e001e,라,True,라(대조군),Level1
자치통감강목14,7,13,時에 漢兵이 疲弊라,48e3db7aaef9b184,라,False,라(대조군),Level1
춘추좌씨전6,130,489,有主而無謀가 三也오 有謀而無民이 四也오 有民而無德이 五也라,94de5505350980fd,라,False,라(대조군),Level1
시경집전(상),1335,3066,瀼瀼은 亦露多貌라,40363c2fcbad3e9b,라,False,라(대조군),Level1
당송팔대가문초유종원1,121,874,平居에 望外遭齒舌不少나 獨欠爲人師耳라,4f3d22fe409ec4fa,라,True,라(대조군),Level1
서경집전(상),295,1789,地志에 言 伊水出弘農盧氏之熊耳者는 非是라,a9fa2a1e278473ad,라,False,라(대조군),Level1
주역전의(상),124,623,如書는 便眞箇有這政事謀謨라야 方做出書來하고 詩는 便眞箇有這人情風俗이라야 方做出詩來로되 易은 却都无這已往底事하고 只是懸空做底라,570dc9e484ecca63,라,True,라(대조군),Level1
자치통감강목12,370,1501,危不能安하고 急而棄之를 君子不爲也니 畢命於此矣리라,115f8a486e4dcb89,라,True,라(대조군),Level1
주역전의(하),271,782,翼見傷이라 故垂朶하니 凡小人之害君子는 害其所以行者라,c9cb91d9f54e0893,라,False,라(대조군),Level1
시경집전(하),2151,4788,賦也라,8ee2540f4365747d,라,False,라(대조군),Level1
당송팔대가문초유종원2,326,2076,下之得罪於人하여 以謫徙醜地하고 上之得罰於天하여 以降被罪疾하니 余無以禦也라,7a0189d104013bd3,라,True,라(대조군),Level1
자치통감강목1,281,783,六年이라,e3fa33b52af73067,라,False,라(대조군),Level1
시경집전(상),2498,5798,亦笙詩也라,b2259b3d3b7683dd,라,False,라(대조군),Level1
시경집전(상),1170,2718,鬯은 弓囊也니 與韔同이라,d10acd1c31157e7d,라,False,라(대조군),Level1
논어집주,1753,5520,言人之氣質不同이 大約有此四等이라,ee54d294ad0c8806,라,False,라(대조군),Level1
맹자집주,1076,3656,時異勢殊라 故로 其事或有所不合이나 思而得之면 則其理初不異矣라,5f04a52312e3736b,라,False,라(대조군),Level1
시경집전(하),2985,6634,言恭敬之道는 古人所行이니 不可忘也라,5a2af5c1f42ca35c,라,True,라(대조군),Level1
자치통감강목14,358,1162,"朕若遇髙祖면 當北面事之하여 與韓, 彭比肩이요 若遇光武면 當竝驅中原하여 未知鹿死誰手라",65cf0d8fc723741f,라,True,라(대조군),Level1
시경집전(하),3035,6754,賦也라,8ee2540f4365747d,라,False,라(대조군),Level1
시경집전(상),1020,2384,只且는 語助辭라,8d64bd107da590ce,라,False,라(대조군),Level1
예기집설대전2,1370,1959,孫必祔祖者는 昭穆之位同하니 所謂以其班也라,71f1db04ffa90854,라,False,라(대조군),Level1
자치통감강목1,397,999,十四年이라,22e67ec7f5d45ddd,라,False,라(대조군),Level1
당송팔대가문초구양수1,515,2524,此其可納三也라,2c947548c179b826,라,False,라(대조군),Level1
시경집전(상),2069,4689,興也라,132140857a360a8c,라,False,라(대조군),Level1
시경집전(하),1739,3930,朗은 虛明也라,34bb3fae7d0a5f84,라,False,라(대조군),Level1
주역전의(하),1475,4456,又以巽木坎水는 舟楫之象이라 故利涉大川이라,7a4a16a822e35214,라,False,라(대조군),Level1
맹자집주,442,1586,阨은 困也라,b44bd3747cf5554a,라,False,라(대조군),Level1
시경집전(상),718,1666,"桑中, 上宮, 淇上은 又妹鄕之中小地名也라",c770fda37125c6f7,라,False,라(대조군),Level1
맹자집주,559,1952,尹士는 齊人也라,2080178c14f6343e,라,False,라(대조군),Level1
주역전의(상),426,1466,含而不爲는 不盡忠者也라,9085b925f3a997d0,라,False,라(대조군),Level1
주역전의(하),916,2729,剛中은 以二五而言이라,7c40697c482f6abb,라,False,라(대조군),Level1
서경집전(상),49,404,但止就祖廟하여 共用一牛하여 不如時祭各設主於其廟也라하시니 二說이 未知孰是일새 今兩存之하노라,d9d0a431b753b21d,라,False,라(대조군),Level1
예기집설대전2,1659,2367,正祭之明日又祭를 謂之繹이니 繹者는 如繹絲然하야 以其續之而不絶故也라,af3f396105f58fe2,라,False,라(대조군),Level1
당송팔대가문초소순1,345,2183,嗚呼라,24e5a6656c0e001e,라,True,라(대조군),Level1
맹자집주,45,209,歲는 謂歲之豊凶也라,c69951dee67c9f8f,라,True,라(대조군),Level1
주역전의(상),399,1370,其動也剛하나 不害其爲柔也라,818ca8e7b4b1d63d,라,False,라(대조군),Level1
맹자집주,1032,3531,樂有賢父兄者는 樂其終能成己也라,ff203e58d12f0a06,라,True,라(대조군),Level1
자치통감강목7,788,1078,至是에 徵寵한대 寵이 益自疑하니 其妻固勸無受徵이라,1acba4f2b3cbd68d,라,False,라(대조군),Level1
논어집주,413,1460,崔子는 齊大夫니 名杼라,d0642c50e9a0c2f0,라,False,라(대조군),Level1
서경집전(상),169,1196,創은 懲也니 禹自言懲丹朱之惡하여 而不敢以慢遊也라,7a156276244a423b,라,False,라(대조군),Level1
자치통감강목11,238,915,夫惟明智君子 深識長慮然後에 知其爲益之大而收功之遠也라,669c884e7a54a323,라,False,라(대조군),Level1
당송팔대가문초소식5,282,1113,我銘斯亭하야 以砭世盲하노라,d66f6ad34ee77c05,라,False,라(대조군),Level1
맹자집주,1277,4378,玉은 磬也요 振은 收也니 如振河海而不洩之振이라,eb17148499d10b23,라,False,라(대조군),Level1
주역전의(하),953,2829,鼂氏云 收는 鹿盧收繘者也라하니 亦通이라,c83422ef0c760614,라,False,라(대조군),Level1
자치통감강목7,833,1142,元元塗炭하여 無所依訴라,0be9743275c8477c,라,True,라(대조군),Level1
자치통감강목5,214,479,臣敞은 願於廣朝에 白發其端이로되 直守遠郡하여 其路無由라,65f5a058f989fa4f,라,False,라(대조군),Level1
당송팔대가문초소식2,365,1521,聊復次韻하야 以爲一笑하노라,718d3da9978f24af,라,True,라(대조군),Level1
맹자집주,99,364,異는 怪也라,d3c54a5ea11968a9,라,False,라(대조군),Level1
자치통감강목19,520,760,魏鎭南將軍元英이 上書曰 蕭寶巻이 驕縱日甚하여 虐害無辜하고 其雍州刺史蕭衍이 掃土興兵하여 順流東下하니 唯有孤城이요 更無重衛라,ecbede6e83eec22b,라,False,라(대조군),Level1
당송팔대가문초왕안석2,203,1009,謹撰次如右하야 謹狀하노라,a14a902b91554920,라,False,라(대조군),Level1
서경집전(상),614,3196,衆者는 臣民咸在也라,b52a6c7290b579e2,라,False,라(대조군),Level1
맹자집주,1327,4558,衛靈公은 衛侯元也라,9625e06cfd16323a,라,False,라(대조군),Level1
주역전의(상),1079,3277,乘其墉하여 欲攻之로되 知義不直而不克也하니 苟能自知義之不直而不攻이면 則爲吉也라,b25ec152c285d915,라,False,라(대조군),Level1
자치통감강목8,619,914,三年이라,b2e76e7c0037d371,라,False,라(대조군),Level1
주역전의(상),1336,4031,初六이 雖居最下나 成卦由之하여 有主之義라,572a00d4dd66ac1a,라,False,라(대조군),Level1
서경집전(상),672,3395,試는 用也라,69a211fb964ecc8e,라,False,라(대조군),Level1
자치통감강목5,1121,2566,法曰 道人始去에 寒涌水爲災라하더니 至七月에 涌水出이어늘 臣弟子姚平이 謂臣曰 涌水已出하니 道人當逐死라,d0e640f2503fb0da,라,False,라(대조군),Level1
주역전의(상),305,1196,言未爲時用也라,b457dc8f14c40dd7,라,False,라(대조군),Level1
시경집전(하),2174,4843,言得其情하고 且事已著明하여 不可揜覆也라,58deea09391d3730,라,False,라(대조군),Level1
서경집전(하),11,55,萬物之生에 惟人이 得其秀而靈하여 具四端하고 備萬善하여 知覺이 獨異於物이요 而聖人은 又得其最秀而最靈者라,b0a8119ee7fe75cb,라,True,라(대조군),Level1
당송팔대가문초구양수5,214,1441,至崇韜重誨爲之하야 始復唐樞密之名이나 然權侔于宰相矣라,4f1ceb90d7392f2a,라,False,라(대조군),Level1
시경집전(하),2318,5168,序에 亦以爲尹吉甫作이라하니 今未有據라,850ca0ac5d107f73,라,False,라(대조군),Level1
서경집전(상),132,927,七旬은 七十日也라,b8cfeb271f2f3d3d,라,False,라(대조군),Level1
자치통감강목14,3,5,"舊大國一이요 成, 涼小國二이요 新大國一이니 凡四僭國이라",9c4127a88d74b260,라,False,라(대조군),Level1
시경집전(상),1751,3951,阪則有漆矣요 隰則有栗矣라,13cef8015dc23022,라,False,라(대조군),Level1
자치통감강목8,1125,1614,其勿復議하라,a2dccf654926f715,라,False,라(대조군),Level1
당송팔대가문초구양수1,19,136,隋唐은 突厥吐蕃이 常與中國相勝敗하야 擊而勝之有矣요 未有擧而滅者라,c2a819e2fea939db,라,False,라(대조군),Level1
맹자집주,1321,4517,言殺人而顚越之하고 因取其貨하여 閔然不知畏死를 凡民이 無不怨之라,93b1e52de43ca2bf,라,False,라(대조군),Level1
당송팔대가문초구양수3,539,2419,眞宗卽位에 問公何在한대 左右具言所以然하니 卽時召之라,eef0b353e6bf0057,라,False,라(대조군),Level1
맹자집주,741,2669,授는 與也라,22440439ab49c352,라,False,라(대조군),Level1
당송팔대가문초소식4,227,895,其弊皆起於分民而爲兵하야 兵不得休하야 使老弱不堪之卒로 拱手而就戮이라,894f0b9d3ba26cde,라,False,라(대조군),Level1
당송팔대가문초구양수4,319,1464,先生一子大年은 尙幼라,3869521f9190bb8d,라,False,라(대조군),Level1
시경집전(하),1412,3057,駵馬白腹曰騵이라,994f855ff59201d2,라,False,라(대조군),Level1
주역전의(상),48,249,是故로 一分爲二하고 二分爲四하고 四分爲八하고 八分爲十六하고 十六分爲三十二하고 三十二分爲六十四하니 猶根之有榦하고 榦之有枝하여 愈大則愈少하고 愈細則愈繁이라,d83cb9e15086b7d4,라,True,라(대조군),Level1
서경집전(상),369,2102,洛汭는 洛水交流之內니 在今河南府鞏縣之東이라,fa291043cb63a01f,라,False,라(대조군),Level1
당송팔대가문초구양수6,56,449,晉王兵擊王行瑜할새 承業數往來兵間한대 晉王喜其爲人이라,7646544bbb32d41a,라,False,라(대조군),Level1
자치통감강목13,201,752,"大臣이 將起大事어늘 而公이 名奉事中宮하여 與賈, 郭親善하여 太子之廢에 皆云豫知라",8fd2fbbe347a5afc,라,False,라(대조군),Level1
자치통감강목13,100,388,則謹密網以羅微罪하여 使奏劾相接하니 狀似盡公이나 實則撓法이라,6ebb2fec5f70f2cd,라,False,라(대조군),Level1
시경집전(상),1599,3646,故로 作是詩以閔之하여 欲其及時以禮自虞樂也라,3b3f2ebb644c1da1,라,False,라(대조군),Level1
자치통감강목11,750,2528,黃初之際에 天兆其戒하여 異類之鳥 育長燕巢하니 此大異也라,55fe01b7d169edb2,라,True,라(대조군),Level1
시경집전(상),668,1539,此與晉太子申生이 不敢明驪姬之過同하니 俱惡傷父之志라,232bead36bb7691c,라,False,라(대조군),Level1
당송팔대가문초구양수1,419,2151,大抵今河之勢가 負三決之虞하니 復故道면 上流必決이요 開六塔이면 上流亦洪이요 今河下流를 若不浚使入海면 則上流亦決이라,0727a127eb1d8205,라,True,라(대조군),Level1
시경집전(하),2991,6646,賦也라,8ee2540f4365747d,라,False,라(대조군),Level1
맹자집주,119,495,齊集有其一은 言集合齊地면 其方千里니 是는 有天下九分之一也라,9562366627f737dc,라,False,라(대조군),Level1
주역전의(하),40,148,脢는 背肉也니 與心相背而所不見也라,c130e1eacafef8e8,라,False,라(대조군),Level1
춘추좌씨전1,411,2245,夫舞는 所以節八音而行八風이라,19f9c81b705394f3,라,False,라(대조군),Level1
논어집주,175,636,或曰 忍은 容忍也니 蓋深疾之之辭라,2ee65d7c7ea31002,라,False,라(대조군),Level1
자치통감강목14,231,746,趙光初九요 後趙八年이라,24f40f2574d4567d,라,False,라(대조군),Level1
주역전의(하),1284,3899,勿憂宜日中은 宜照天下也라,a521cfaa82460f7a,라,False,라(대조군),Level1
당송팔대가문초소순1,221,1355,視天下之所宜尙하여 而固執之하여 以此而始하고 以此而終하니 不朝文而暮質하여 以自潰亂이라,4b4c1cc237118ee9,라,False,라(대조군),Level1
자치통감강목4,307,757,靑이 雖出於奴虜나 然善騎射하고 材力絶人하며 遇士大夫以禮하고 與士卒有恩하니 衆樂爲用하여 有將帥材라,5ff3b20411e3cd4b,라,False,라(대조군),Level1
주역전의(하),154,445,嘉遯貞吉은 以正志也라,e74c0d7958d311ae,라,False,라(대조군),Level1
주역전의(상),121,604,只是某卦有某象하니 如乾有乾之象하고 坤有坤之象而已라,58646922c92a5bb9,라,False,라(대조군),Level1
당송팔대가문초한유3,262,1453,於戲貞曜여 維執不猗하고 維出不訾로다 維卒不施나 以昌其詩리라,48a44640e922b66d,라,True,라(대조군),Level1
당송팔대가문초한유2,301,1459,遊于鄕之校하야 衆口囂囂하니 或謂子産호되 毁鄕校則止라,087a172df8d864aa,라,False,라(대조군),Level1
서경집전(하),909,3397,上刃은 刃外嚮也라,383abe61aca8cb38,라,False,라(대조군),Level1
서경집전(하),438,1736,王其德之用하여 而祈天以歷年也라,e0349f2a90418927,라,True,라(대조군),Level1
시경집전(상),2030,4609,誰將西歸오 懷之好音호리라,6ee83a1d05baf6ab,라,True,라(대조군),Level1
당송팔대가문초왕안석1,521,2282,宋文之格이 不入西漢處가 正在此요 而宋人之所自以爲得도 亦在此라,3fbffe7ab1c0506d,라,False,라(대조군),Level1
당송팔대가문초구양수2,345,1308,以此知制之不立也라,74516a7841ecedc1,라,False,라(대조군),Level1
당송팔대가문초증공1,368,2043,其上에 爲敵樓戰屋이 凡四千六百間이라,3d2ab1b0dc16a9b8,라,False,라(대조군),Level1
당송팔대가문초구양수4,513,2249,如此數年에 而道路之民이 徒見興爲之功하니 恐愚無以識上意라,e7f0ec2b836542d3,라,True,라(대조군),Level1
당송팔대가문초한유2,8,26,其南州는 皆岸大海하야 多洲島하고 颿風一日踔數千里하야 漫瀾不見蹤跡이라,ffc502ed0d6e3213,라,True,라(대조군),Level1
시경집전(하),767,1646,鼛는 大鼓也라,5fa8a5eced79a3aa,라,False,라(대조군),Level1
춘추좌씨전6,187,765,宣子有環이러니 其一在鄭商이라,1d1443c3c92999c6,라,False,라(대조군),Level1
주역전의(하),749,2229,若時之厚而交物以薄이면 乃不享其豊美니 天下莫之與而悔吝生矣리라,c6b777f577c9ba54,라,False,라(대조군),Level1
춘추좌씨전5,119,617,爲之歌齊한대 曰 美哉라,ba9f80782d25aa38,라,True,라(대조군),Level1
당송팔대가문초유종원2,332,2156,淑之父曰總이니 旣孕而卒이라 故淑爲南康謳者라,f81e9d640850a3aa,라,False,라(대조군),Level1
서경집전(상),331,1911,柳宗元曰 西海之山에 有水焉하니 散渙無力하여 不能負芥하여 投之則委靡墊沒하여 及底而後止라,1168d56ee01790b9,라,False,라(대조군),Level1
서경집전(상),47,369,群后는 卽侯牧也라,6a71e68057771539,라,False,라(대조군),Level1
서경집전(하),302,1185,止能不廢王命하여 才可免過而已니 此見人臣職分之難盡이라,6e964eaf21fba232,라,False,라(대조군),Level1
자치통감강목6,594,1278,趙魏亦爲隄호되 去河二十五里하니 雖非其正이나 水尙有所遊盪하여 時至而去면 則塡淤肥美라,30c00f6a9f605b12,라,False,라(대조군),Level1
서경집전(상),135,944,皐陶此言은 所以推廣允迪謨明之義라,594524c207509b02,라,False,라(대조군),Level1
당송팔대가문초구양수6,217,1418,漢高祖爲侍衛親軍指揮使하야 以進爲軍校라,1e9d27eca5ce3949,라,True,라(대조군),Level1
맹자집주,1584,5263,磯는 水激石也니 不可磯는 言微激之而遽怒也라,307499de34dc485d,라,False,라(대조군),Level1
당송팔대가문초유종원2,208,1021,觀其四散惝怳하여 開合萬狀에 喜者鵲厲하고 怒者人搏이라,79fef81e3330ee01,라,True,라(대조군),Level1
주역전의(상),602,1958,此는 以卦德으로 釋卦名義라,2b44f33b097ced82,라,False,라(대조군),Level1
당송팔대가문초왕안석1,303,1445,今樂安公의 懿文茂行은 超越朝右어늘 復得足下以宏識淸議하야 相須光潤이라,70bbd649c302fee7,라,True,라(대조군),Level1
시경집전(상),792,1848,小序之言이 疑亦有所本云이라,eea268f79ed46fd3,라,False,라(대조군),Level1
당송팔대가문초유종원1,245,1529,有來求者면 則爲講說하니 從而化者 皆知佛之爲大와 法之爲廣과 菩薩大士之爲雄과 修而行之者爲空과 蕩而無之者爲礙라,99a7ecd6b59da62d,라,True,라(대조군),Level1
주역전의(하),60,203,剛柔皆應은 一卦剛柔之爻 皆相應하니 剛柔相應은 理之常也라,d44dfae7c42a3aec,라,True,라(대조군),Level1
당송팔대가문초구양수5,113,847,贇謂道曰 寡人此來에 所恃者는 以公三十年舊相이라,bb1bc440649530a4,라,True,라(대조군),Level1
시경집전(하),2194,4890,如霆如雷는 言畏之甚也라,5d3758c2ef22ea84,라,False,라(대조군),Level1
당송팔대가문초소식3,53,189,嗚呼라,24e5a6656c0e001e,라,True,라(대조군),Level1
서경집전(하),415,1646,此下는 皆告成王之辭니 託周公하여 達之王也라,3943210f989df302,라,False,라(대조군),Level1
당송팔대가문초소식5,245,938,或以千金與人而人不喜로되 或以一言使人而人死之者는 誠與不誠故也요 稽天之潦 不能終朝로되 而一綫(線)之溜 可以達石者는 一與不一故也라,059743d5c6c6ea79,라,False,라(대조군),Level1
자치통감강목15,429,554,"猛이 馳就許之하니 羌이 乃大飲帳中하고 與張蚝, 徐成等으로 跨馬運矛하여 馳赴燕陳하여 出入數四호되 旁若無人하여 所殺傷數百이라",c082c0cb3d96a923,라,False,라(대조군),Level1
맹자집주,1141,3826,此章은 言聖賢이 心無不同이요 事則所遭或異라,f0fdee552870e747,라,True,라(대조군),Level1
예기집설대전2,1860,2653,時服은 隨死時之寒暑所衣也라,5a2ec52cf9e78845,라,False,라(대조군),Level1
당송팔대가문초구양수3,255,948,然人力出於州兵하고 而石出乎南山하야 作大役而民不知하니 是爲政者之私我也라,e7f1a8d54b23d7d4,라,True,라(대조군),Level1
당송팔대가문초소식5,378,1401,第十七尊者는 臨水側坐하야 仰觀飛鶴하니 其一旣下集矣어늘 侍者以手拊之하고 有童子提竹籃하야 取果實投水中이라,bf2d777623754602,라,True,라(대조군),Level1
당송팔대가문초구양수1,411,2113,故河流已棄之道는 自是難復이라,a0d557d4c1836679,라,True,라(대조군),Level1
당송팔대가문초구양수1,14,92,子는 發奕棐辨이라,bace87584e7ccad8,라,False,라(대조군),Level1
논어집주,1464,4743,沐浴齊戒以告君은 重其事而不敢忽也라,5c659ce9e28c6c31,라,True,라(대조군),Level1
논어집주,163,595,車無此二者면 則不可以行이니 人而無信이면 亦猶是也라,c4493cb586424cd0,라,False,라(대조군),Level1
자치통감강목9,1166,1697,爾其勉之하라,a59f3788bbb3507f,라,True,라(대조군),Level1
논어집주,952,3248,阼階는 東階也라,c9f29a8bb582c136,라,False,라(대조군),Level1
당송팔대가문초왕안석2,191,945,歙之爲州 在山嶺澗谷崎嶇之中하야 自去五代之亂百年으로 名士大夫亦往往而出이나 然不能多也라,5c7b32d2269ad552,라,False,라(대조군),Level1
자치통감강목15,1434,2029,謂太子興曰 有毁此諸公者어든 愼勿受之하라,6e32a9edeacbcf9b,라,False,라(대조군),Level1
당송팔대가문초한유2,259,1256,然而禮文繁漫하야 所執各殊라,b59eb713cbfbec42,라,False,라(대조군),Level1
자치통감강목4,1800,4121,曾孫이 因依倚廣漢兄弟及史氏하여 受詩於東海澓中翁하니 高材好學이라,9180d1544eb374d5,라,False,라(대조군),Level1
시경집전(하),1345,2887,文王之國에 能生此衆多之士하니 則足以爲國之榦하여 而文王亦賴以爲安矣라하니 蓋言文王得人之盛하니 而宜其傳世之顯也라,2927412f9e5abe01,라,True,라(대조군),Level1
서경집전(상),171,1249,九成者는 樂之九成也라,6be5bc58d72204fe,라,False,라(대조군),Level1
당송팔대가문초구양수5,109,825,乾祐元年에 拜贇徐州節度使하고 承訓早卒에 追封魏王이라,65e4c78d9450007f,라,False,라(대조군),Level1
당송팔대가문초구양수5,250,1682,及莊宗之崩하야는 不能自決하고 而反逃死以求生이라가 終於被執而見殺이라,0f05c2d1e3005eeb,라,False,라(대조군),Level1
주역전의(상),208,938,田은 地上也니 出見於地上하여 其德已著하니 以聖人言之하면 舜之田漁時也라,b84f664c82498762,라,True,라(대조군),Level1
주역전의(하),1170,3558,漸之進也는 女歸의 吉也라,bff3731110db0d72,라,False,라(대조군),Level1
논어집주,530,1953,厭은 棄絶也라,d5037584f3d3a9d1,라,False,라(대조군),Level1
논어집주,1047,3463,仍은 因也요 貫은 事也라,586512d57d4c9940,라,False,라(대조군),Level1
당송팔대가문초한유2,221,1003,上焉者之於七也에 動而處其中하고 中焉者之於七也에 有所甚有所亡이라 然而求合其中者也라 下焉者之於七也에 亡與甚하야 直情而行者也니 情之於性視其品이라,eac2a36145c98fdc,라,False,라(대조군),Level1
당송팔대가문초구양수6,216,1414,爲人勇悍하야 走及奔馬라,778437a0d25687e7,라,False,라(대조군),Level1
시경집전(상),2152,4938,藏冰開冰은 亦聖人輔相燮調之一事耳요 不專恃此以爲治也라,2b093023e402c799,라,False,라(대조군),Level1
주역전의(하),844,2491,階는 升之易者라,506df8036444aa27,라,False,라(대조군),Level1
자치통감강목15,1317,1854,今以十六爲全丁하고 十三爲半丁하니 傷天理하고 困百姓이라,fe03cefb52003747,라,False,라(대조군),Level1
주역전의(상),626,2017,故云自我라,cd5a620705dfe234,라,False,라(대조군),Level1
주역전의(하),1063,3226,不曰動者는 震有動而奮發震驚之義일새라,c0365b1379b561f8,라,False,라(대조군),Level1
자치통감강목14,581,1811,殷君驕豪는 亦似由有佳兒라,622321fd5b6396e4,라,False,라(대조군),Level1
자치통감강목1,442,1180,三十五年이라,aaf50bbf46d5e9d6,라,False,라(대조군),Level1
서경집전(하),1088,4143,雖則云然이나 尙猷詢玆黃髮하면 則罔所愆하리라,e04326454cf876b8,라,False,라(대조군),Level1
시경집전(상),709,1638,蒙彼縐絺하니 是紲袢也로라,50f8ee10dafffc54,라,False,라(대조군),Level1
당송팔대가문초구양수2,222,835,幸足下少思焉하라,fac459e97ba19299,라,False,라(대조군),Level1
자치통감강목18,696,2278,宋文帝鑄四銖하니 至景和에 錢益輕하여 雖有周郭이나 而鎔冶不精이라,0a7e6f2d62ff9b24,라,False,라(대조군),Level1
예기집설대전1,552,1734,殺而不義則殺者當死라,37dd09b6def8e9c0,라,False,라(대조군),Level1
당송팔대가문초왕안석1,46,292,蓋古者有賢不肖之分하야 而無流品之別이라,6cd01bb282b38464,라,False,라(대조군),Level1
자치통감강목13,185,685,帝爲人이 戇騃라,87e69b762231baea,라,False,라(대조군),Level1
당송팔대가문초한유1,300,1455,抑其中有宜復者라 故不可遂已로라,4574a0fb09854f3e,라,False,라(대조군),Level1
시경집전(상),695,1595,讀은 誦言也라,3cddbf0322932f2a,라,False,라(대조군),Level1
시경집전(하),1251,2701,俾는 使요 疷는 病也라,c488736cba465b42,라,False,라(대조군),Level1
예기집설대전2,1557,2223,在堂은 在殯也라,78fae54c6099de00,라,False,라(대조군),Level1
당송팔대가문초유종원2,309,1935,元和十三年에 孤來章始壯하여 自襄州徒行求其葬이나 不得이라,ce7f341079dfcb49,라,False,라(대조군),Level1
자치통감강목1,240,573,燕閔公三十一年이라,6501cd81eff0c952,라,False,라(대조군),Level1
당송팔대가문초구양수4,144,671,故其子孫이 皆守儒學而多聞人이라,fdcf9bda098ee48a,라,False,라(대조군),Level1
자치통감강목13,218,823,孫秀議加倫九錫하니 吏部尙書劉頌曰 昔에 漢之錫魏와 魏之錫晉은 皆一時之用이니 非可通行이라,755455b3e98ccf8b,라,False,라(대조군),Level1
논어집주,443,1598,故로 言此以勉人이라,b72ec9bdb20c2b90,라,False,라(대조군),Level1
당송팔대가문초구양수3,151,521,吾未之信也로라,c91beac213995ba6,라,False,라(대조군),Level1
주역전의(상),531,1752,故로 小貞則吉也니 小貞은 則漸正之也라,e25955bc76d32477,라,False,라(대조군),Level1
서경집전(상),34,273,溫은 和粹也라,6f9fcd79cc067b63,라,False,라(대조군),Level1
시경집전(하),2369,5271,徹은 井其田也라,8e5c85f72d03f18b,라,False,라(대조군),Level1
당송팔대가문초소순1,221,1361,故로 享世長遠하고 而民不苟簡이라,1d42f7b33bcda5a0,라,False,라(대조군),Level1
당송팔대가문초증공1,458,2590,其城之內外皆涂어늘 旁有溝하고 溝通潮汐하여 舟載者晝夜屬于門庭이라,9e23d8e155fde52e,라,True,라(대조군),Level1
서경집전(하),939,3518,今予一二伯父는 尙胥曁顧綏爾先公之臣服于先王하여 雖爾身在外하나 乃心은 罔不在王室하여 用奉恤厥若하여 無遺鞠子羞하라,41ae394caef7544f,라,False,라(대조군),Level1
당송팔대가문초소식2,85,400,熙寧中에 兩浙市易이 出錢百萬緡하야 民無貧富히 皆得取用이로되 而米不可得이라,490518ec4b7519e2,라,False,라(대조군),Level1
당송팔대가문초구양수4,27,126,往時에 閩人多好學하되 而專用賦以應科擧러니 公得先生周希孟하야 以經術傳授하니 學者常至數百人이라,0636ea690e303a75,라,False,라(대조군),Level1
자치통감강목8,1905,2629,"安定,北地,上郡이 山川險阨하고 沃野千里라",442ade8b80942233,라,False,라(대조군),Level1
주역전의(상),675,2153,柔弱居下하여 才不能訟하니 雖不永所事나 旣訟矣면 必有小災라 故小有言也요 旣不永其事하고 又上有剛陽之正應하여 辯理之明이라 故終得其吉也라,3ad3329c444730c0,라,False,라(대조군),Level1
자치통감강목9,1413,2043,勳이 素與正和有仇라,98fb6ffc5203a2a8,라,False,라(대조군),Level1
자치통감강목10,120,179,國家西遷이면 必孤天下之望하여 以成山東之釁하리니 臣不知其可也로라,a7772b8ef4d79375,라,False,라(대조군),Level1
시경집전(상),695,1594,束은 束而去之也라,3f447f3ae02dee08,라,False,라(대조군),Level1
당송팔대가문초구양수4,350,1560,此銘與前作이 皆是善生發處하니 此是作女人文字之法也라,9660ca8b652ff301,라,False,라(대조군),Level1
맹자집주,41,169,"農時는 謂春耕,夏耘,秋收之時니 凡有興作에 不違此時하고 至冬乃役之也라",290351ec71f62549,라,False,라(대조군),Level1
시경집전(하),2884,6377,蓋古者出兵에 受成於學하고 及其反也에 釋奠於學하고 而以訊馘告라,7fe66c15d0b37c51,라,False,라(대조군),Level1
예기집설대전2,783,1119,靡는 侈也라,b3672193a3c476a0,라,False,라(대조군),Level1
주역전의(상),1379,4148,故聖人爲之戒云 陽雖方長이나 然至于八月則消而凶矣라,e5285e6ee92ad943,라,False,라(대조군),Level1
논어집주,223,831,二代는 夏商也니 言其視二代之禮而損益之라,77d97331a5dd3703,라,False,라(대조군),Level1
주역전의(상),1709,5093,可貞固守此하니 自无咎也라,c9c24f534859c562,라,True,라(대조군),Level1
논어집주,2000,6207,言君子之道非以其末爲先而傳之요 非以其本爲後而倦敎라,29a6f9a21b1df281,라,False,라(대조군),Level1
당송팔대가문초증공1,245,1388,其在幕府에 魏公每上奏天子以歲時慶賀候問과 及爲書記通四方之好에 幾聖爲屬藁草하니 必聲比字屬하여 曲當繩墨이라,f05072f9ca091e78,라,True,라(대조군),Level1
주역전의(하),1106,3355,故當億度하여 无喪失其所有之事而已니 所有之事는 謂中德이라,1f780996b8ba79af,라,True,라(대조군),Level1
당송팔대가문초구양수2,196,729,旣而持以問人曰 是不能乎書者邪아 曰非不能也라 書之法이 當爾邪아 曰非也라,165a1c1300e7d88e,라,False,라(대조군),Level1
맹자집주,255,973,穆公은 鄒君也라,e02f641c48700665,라,False,라(대조군),Level1
시경집전(상),2749,6383,中澤은 澤中也라,2dd351bb3cbb113d,라,False,라(대조군),Level1
예기집설대전1,620,1954,介는 甲也라,2be4517f9ceec967,라,False,라(대조군),Level1
당송팔대가문초구양수1,484,2406,蓋往年以不知邊事之謀臣으로 馭不識干戈之將하고 用驕兵執朽器하야 以當桀黠新興之虜하니 此所以敗也라,96a7c6dabcbc0193,라,False,라(대조군),Level1
자치통감강목7,553,733,"銅馬,赤眉之屬이 數十輩요 輩數十百萬人이라",261a35f886ed765e,라,False,라(대조군),Level1
자치통감강목15,572,779,宏以示王彪之한대 彪之歎其文辭之美하고 因曰 卿固大才라,67661941a838d27c,라,True,라(대조군),Level1
자치통감강목17,458,1548,魏主問以方略한대 對曰 姑臧城旁에 有四部鮮卑하니 皆臣祖父舊民이라,8b33e7fbdf59040c,라,False,라(대조군),Level1
당송팔대가문초구양수5,94,707,願歸衛天子라하니 行欽釋之라,a6d74c05517aa194,라,False,라(대조군),Level1
당송팔대가문초구양수1,77,575,實不欲因拯而壞之者는 爲朝廷惜也라,1afd74bb569d4a39,라,True,라(대조군),Level1
서경집전(하),1,2,書凡三十二篇이라,c6e1542135554895,라,False,라(대조군),Level1
당송팔대가문초소순1,270,1753,昔者에 六國이 嘗攻函谷矣나 而秦將이 敗之요 曹操가 嘗攻長江矣나 而周瑜가 走之요 鐘會가 嘗攻劒閣矣나 而姜維가 拒之라,d7191c1c3a98391b,라,False,라(대조군),Level1
시경집전(상),1745,3942,寺人은 內小臣也라,447ed69dbe07bde1,라,False,라(대조군),Level1
주역전의(상),1621,4829,陽은 君子之道니 陽消極而復反은 君子之道消極而復長也라,c4e70f7fe979eced,라,False,라(대조군),Level1
시경집전(상),2287,5305,翩翩은 飛貌라,94c7252ab8327f2b,라,False,라(대조군),Level1
예기집설대전2,1066,1532,畢은 盡也라,b57e2c6c25b8c6e3,라,False,라(대조군),Level1
대학장구,164,424,好善而惡惡은 人之性也니 至於拂人之性이면 則不仁之甚者也라,a69e85955e83cfc3,라,False,라(대조군),Level1
시경집전(하),600,1325,罔은 無요 極은 窮也라,75b1f86f77624e8a,라,True,라(대조군),Level1
주역전의(하),2041,5773,然不知者는 往而屈也요 自致者는 來而信也니 是亦感應自然之理而已라,f7d03d686981a3dd,라,True,라(대조군),Level1
당송팔대가문초왕안석2,539,2835,其封曰永嘉縣君이요 其卒於蘇州하니 以治平二年十一月九日로 年三十八이라,b3a463a63e93e578,라,False,라(대조군),Level1
서경집전(하),497,1950,師는 衆也라,2ad3a47f24f83838,라,True,라(대조군),Level1
춘추좌씨전5,232,1167,子皮賦野有死麕之卒章하고 趙孟賦常棣하다 且曰 吾兄弟比以安이면 尨也可使無吠리라,993bdbc12e06b4c4,라,True,라(대조군),Level1
시경집전(하),1131,2460,晛은 日氣也라,8c95a30a1150a5d0,라,False,라(대조군),Level1
자치통감강목9,1281,1866,四年이라,9bb442fcb4532404,라,False,라(대조군),Level1
자치통감강목13,724,2396,曜斬而送之하고 曰 帝王之師는 以義行也라,e0b7432d4bda190c,라,False,라(대조군),Level1
당송팔대가문초유종원1,54,404,想復再上하여 故少佐筆端耳라,393e7f6a3e241c7f,라,False,라(대조군),Level1
자치통감강목7,19,24,五年이라,5326511afd5d5635,라,False,라(대조군),Level1
자치통감강목5,795,1840,天子采之하여 詔曰 匈奴單于稱北蕃하고 朝正朔하니 朕之不德이 不能弘覆라,3fadd61fe301c7e3,라,True,라(대조군),Level1
시경집전(상),1553,3550,雖欲自食其力이나 而不可得矣라,8f748dc690f0670d,라,False,라(대조군),Level1
서경집전(하),677,2628,宗周는 鎬京也라,e8463c1c28b84f3b,라,False,라(대조군),Level1
당송팔대가문초소식2,168,731,無競維人이니 勢已加於九鼎이요 惟德其物이니 恩有重於千金이라,67b761bdcbb62038,라,True,라(대조군),Level1
논어집주,770,2739,今我旣得與於此文하니 則是天未欲喪此文也라,4c50f603d56be281,라,True,라(대조군),Level1
예기집설대전2,406,584,已는 太也라,815b3385e7456b12,라,False,라(대조군),Level1
당송팔대가문초구양수6,220,1449,繫之數月에 稍爲獄吏所獲이라,9addbd5662108fd3,라,False,라(대조군),Level1
예기집설대전2,1865,2659,陰陽은 氣也요 命者는 氣之所鍾也라,cba37f41a2d8b00b,라,True,라(대조군),Level1
춘추좌씨전5,71,384,宋鄭必饑리라,ebf47012a325031e,라,True,라(대조군),Level1
예기집설대전2,1314,1882,卒窆而歸하야 乃反哭於祖廟니 其二廟者는 則先祖後禰(녜)라,5888eb62b85eaa40,라,True,라(대조군),Level1
예기집설대전2,437,631,蓋曾子正己以律人하고 愛人以德而不以姑息하니 君子之道가 固如此也라,4d3d75538c810377,라,True,라(대조군),Level1
자치통감강목7,870,1198,朕이 今遣卿歸營勒兵하여 鳴鼓相攻하여 決其勝負하리니 不欲彊相服也하노라,386d683b9dcc6c4c,라,False,라(대조군),Level1
시경집전(하),1628,3627,作邑은 徙都也라,e1c2f77fec075252,라,False,라(대조군),Level1
주역전의(상),1365,4115,故地上有水則爲比요 澤上有地則爲臨也라,c2e1fec680445313,라,True,라(대조군),Level1
서경집전(상),20,118,朔方은 北荒之地니 謂之朔者는 朔之爲言은 蘇也니 萬物至此면 死而復蘇하니 猶月之晦而有朔也라,4dfd84dc2b86065e,라,True,라(대조군),Level1
시경집전(하),1315,2817,周室將亡에 征役不息하니 行者苦之라,4ab1aed2e389311b,라,False,라(대조군),Level1
시경집전(하),2899,6411,賂는 遺也라,cd6a651cf7d55599,라,False,라(대조군),Level1
당송팔대가문초증공1,387,2184,廣倍於舊하고 而高倍於舊三之二이라,3fef1d56e079f063,라,False,라(대조군),Level1
주역전의(하),1545,4645,尾生之信은 水至不去하니 不知通塞也라,7bf82fdcc3cbb633,라,True,라(대조군),Level1
당송팔대가문초소순1,431,2718,蘇氏之先은 出於高陽하니 高陽之子曰稱이요 稱之子曰老童이며 老童은 生重黎及吳回라,7e28d83c2f695460,라,False,라(대조군),Level1
당송팔대가문초증공1,537,3036,其指事析理와 引物託諭 侈能盡之約하고 遠能見之近하며 大能使之微하고 小能使之著하며 煩能不亂하며 肆能不流라,3f3f962d74ecef39,라,True,라(대조군),Level1
자치통감강목15,279,338,秦建元五요 燕建熙十年이라,70357bc3c4e3ef40,라,False,라(대조군),Level1
주역전의(하),993,2954,故有孚則改命吉이라,58f3c7ced71ae16d,라,False,라(대조군),Level1
중용장구,310,846,不若文王之詩所言上天之載無聲無臭니 然後에 乃爲不顯之至耳라,28a8ac029128902e,라,True,라(대조군),Level1
당송팔대가문초한유2,235,1103,言猶未至也라,23b87b7bd7e9f200,라,False,라(대조군),Level1
주역전의(상),1415,4241,觀은 序卦에 臨者는 大也니 物大然後可觀이라 故受之以觀이라하니 觀所以次臨也라,a69a06a6bc21ed87,라,False,라(대조군),Level1
당송팔대가문초구양수6,313,2314,蓋王者之興에 天下必歸于一統하니 其可來者來之하고 不可者伐之하야 僭僞假竊을 期于掃蕩一平而後已라,8f62cd14f3177c28,라,False,라(대조군),Level1
당송팔대가문초구양수4,333,1509,孫男六人은 曰夷仲 曰虞仲 曰于仲 曰南仲 曰武仲 曰延仲이라,b41b8a7a1201803f,라,False,라(대조군),Level1
서경집전(상),732,3553,按古者에 公侯伯子男은 爵之於侯國하고 公卿大夫士는 爵之於朝廷이어늘 此言庶官하니 則爵爲公卿大夫士也라,35e934c0cab49fed,라,False,라(대조군),Level1
당송팔대가문초증공1,75,479,繇漢以降으로 至于陳隋하고 復繇高宗以降으로 至于五代하여는 其史甚完이나 其君臣無如此謀議는 決也라,1a8766787f41aade,라,False,라(대조군),Level1
당송팔대가문초한유2,241,1139,或曰否라,f225f1980687cf68,라,True,라(대조군),Level1
당송팔대가문초구양수2,147,563,彼之敢爾者는 蓋先審知其人之可用然後果 而不可易也라,506aa967bb7a8c21,라,False,라(대조군),Level1
서경집전(상),85,623,周官에 言內有百揆四岳하고 外有州牧侯伯이라하니 蓋百揆者는 所以統庶官이요 而四岳者는 所以統十二牧也라,03a8199edf1304a4,라,False,라(대조군),Level1
당송팔대가문초구양수1,18,130,誠能豐財積粟하야 以紓西人하고 而完國壯兵하면 則賊謀沮而廟筭得矣리라,e8891a1adb822300,라,False,라(대조군),Level1
춘추좌씨전7,15,69,猶有鬼神이면 此必敗也리라,99b184a71e4b2109,라,False,라(대조군),Level1
당송팔대가문초한유3,199,1128,此可以爲誡者也라,80cb1a67d2499c66,라,False,라(대조군),Level1
당송팔대가문초구양수5,53,397,十年十月에 劉守光請降하여 王如幽州한대 守光背約不降하니 攻破之라,fb4299489834071f,라,False,라(대조군),Level1
주역전의(하),840,2481,以順而升은 登祭于山之象이라,b0c21d75287a09ae,라,True,라(대조군),Level1
주역전의(하),1415,4286,十干에 戊己爲中하니 過中則變이라,1cdd28f96440797f,라,False,라(대조군),Level1
논어집주,1986,6167,學은 所以致其道也라,89ceac696d9854b8,라,False,라(대조군),Level1
당송팔대가문초한유2,276,1357,"玉札, 丹砂와 赤箭, 靑芝와 牛溲, 馬勃과 敗鼓之皮를 俱收竝蓄하야 待用無遺者는 醫師之良也라",763d201b21a0da71,라,True,라(대조군),Level1
자치통감강목14,895,2699,行者比肩하니 未足爲希라,033a5c1c5c12e214,라,False,라(대조군),Level1
당송팔대가문초한유3,105,610,尙書娶吳郡陸景融女하야 有子五人하니 皆有名蹟하고 其達者四人이라,8c8abc0876a94d25,라,False,라(대조군),Level1
당송팔대가문초구양수3,554,2497,而三人者遂欲盡革衆事하야 以修紀綱하니 而小人權倖皆不悅이로되 獨公爲相佐佑라,bc2e59e96a12b4e3,라,False,라(대조군),Level1
자치통감강목12,40,115,魏正始四年이요 吳赤烏六年이라,4458346a87643490,라,False,라(대조군),Level1
주역전의(상),758,2382,又戒占者專於委任이니 若使君子任事하고 而又使小人參之면 則是使之輿尸而歸라,2b7b32217db00586,라,False,라(대조군),Level1
논어집주,885,3100,攝은 摳也요 齊는 衣下縫也라,f2a0dce5a639715d,라,False,라(대조군),Level1
당송팔대가문초소식2,423,1786,純乎名故로 晉梁之得天下를 其名曰正統이나 而其弑君之實은 惟天下後世之所加요 而吾不爲之齊(劑)量焉이라,68ce3406642cdcaa,라,False,라(대조군),Level1
당송팔대가문초구양수1,422,2162,今執政之臣이 用心於河事亦勞矣라,b7ddc98a188622c9,라,False,라(대조군),Level1
당송팔대가문초한유2,81,323,此篇文字錯綜하야 立論乃爾奇하니 則筆力固不可到也라,dd1409a26368f664,라,True,라(대조군),Level1
당송팔대가문초소식5,174,627,軾曰 未也라,433472f487508fd1,라,False,라(대조군),Level1
당송팔대가문초구양수4,213,1011,漢旁之民이 惟鄧穀爲富縣일새 尙書銓吏常邀厚賂以售貪令이라,08ccae89c16a1b4d,라,False,라(대조군),Level1
시경집전(상),2566,5921,寫는 輸寫也라,9d8c87bdf7ab7bf2,라,False,라(대조군),Level1
예기집설대전2,1751,2502,且于는 莒邑名이라,2245db7e5a352d18,라,False,라(대조군),Level1
자치통감강목7,1735,2410,諸將은 見戰陳不利하면 或多惶懼하여 失其常度로되 漢은 意氣自若하여 方整厲器械하여 激揚吏士라,3705c8026da864d6,라,True,라(대조군),Level1
서경집전(하),901,3349,雕는 刻鏤也라,19e770b97dbf89ca,라,False,라(대조군),Level1
시경집전(상),2727,6331,差는 擇이니 齊其足也라,3d277a024bcdd839,라,False,라(대조군),Level1
당송팔대가문초증공1,270,1470,是時에 公雖少나 所學 已皆知治亂得失興壞之理하고 其爲文 閎深雋美하되 而長於諷諭하니 今類次樂府已下是也라,04fffa6277c61822,라,True,라(대조군),Level1
서경집전(상),212,1478,二說이 未詳孰是라,47be60753d340677,라,False,라(대조군),Level1
당송팔대가문초구양수3,190,672,然而風霜兵火에 湮沒磨滅하야 散棄於山崖墟莽之間하야 未嘗收拾者는 由世之好者少也일새라,bc45d338a03a7e25,라,False,라(대조군),Level1
당송팔대가문초소철3,287,1562,仰以嘉其先人하고 而俯以善其子孫이니 則雖洛陽之多大家世族이나 蓋未易以園囿相高也리라,71c535e68dae8215,라,False,라(대조군),Level1
당송팔대가문초소식5,17,56,軾이 自海南還할새 過南安하야 見聞其事爲詳이라,02c688344efbcc71,라,False,라(대조군),Level1
논어집주,1360,4386,今之從政者는 蓋如魯三家之屬이라,a17f678ac44d72ea,라,False,라(대조군),Level1
맹자집주,257,983,充은 滿也라,f1b0b7cd73a98292,라,False,라(대조군),Level1
맹자집주,1530,5130,詩는 大雅旣醉之篇이라,ac43c0dd25d2a0b7,라,False,라(대조군),Level1
자치통감강목5,1200,2751,夷狄之情이 困則卑順하고 彊則驕逆이라,5a9c275cb0aeabec,라,False,라(대조군),Level1
자치통감강목20,94,154,且寶寅이 不藉刺史爲榮이라,d0f386c33eca3f97,라,False,라(대조군),Level1
시경집전(하),2032,4553,興은 尙也라,2a192c5ff5cffb75,라,False,라(대조군),Level1
서경집전(상),291,1784,不徑浮江漢하고 兼用沱潛者는 隨其貢物所出之便하여 或由經流하고 或循枝派하여 期於便事而已라,f7ea93c8475c5985,라,False,라(대조군),Level1
시경집전(하),2474,5485,賦也라,8ee2540f4365747d,라,False,라(대조군),Level1
당송팔대가문초증공1,120,734,天下吾賴하고 萬世吾師라도 而不爲大요 天下吾違하고 萬世吾異라도 而不爲貶也라,99e1d3294334f18e,라,False,라(대조군),Level1
당송팔대가문초유종원1,68,514,此子厚不好仙家者之言이나 然大倨라,d4c4ff8235ec1d41,라,False,라(대조군),Level1
자치통감강목5,313,701,聞古天子之名이 難知而易諱也라하니 其更諱詢하노라,0c6214c7dd1d9666,라,False,라(대조군),Level1
당송팔대가문초구양수3,101,360,東陽徐生이 少從予學爲文章하야 稍稍見稱於人이러니 旣去而與群士試於禮部하야 得高第하니 由是知名이라,c563930dc84c56bc,라,False,라(대조군),Level1
시경집전(하),831,1816,陰陽和하고 萬物遂하여 而人心歡悅하여 以奉宗廟하면 則神降之福이라,0e20420d64ae8488,라,True,라(대조군),Level1
당송팔대가문초소식5,175,633,若其聞是而不悛하야 不惟一觀而已요 將必取之然後에 爲快면 則其人之賢愚가 與廣明之焚此者로 一也라,dc6f779d442afd58,라,False,라(대조군),Level1
자치통감강목15,1823,2586,玄이 知之하고 亦有取佺期之志하여 乃屯於夏口하여 引卞範之爲謀主라,94702010a947b4fd,라,False,라(대조군),Level1
주역전의(상),1194,3609,故不富而能有其隣也라,f26d14d7504d7dcf,라,False,라(대조군),Level1
당송팔대가문초증공1,472,2655,此吾之所任乎天與人者라,f44b052cda39a1d2,라,False,라(대조군),Level1
자치통감강목1,250,634,簡子가 謂無恤曰 晉國이 有難이어든 而無以尹鐸으로 爲少하며 無以晉陽으로 爲遠하고 必以爲歸호라,b9b05b4765e69e44,라,False,라(대조군),Level1
자치통감강목13,264,983,齊王이 越親而專政하니 朝廷側目이라,8cd331bc9a89c3f6,라,False,라(대조군),Level1
자치통감강목7,262,324,將軍之先은 爲漢信臣이라,21ddf65c67b04f5d,라,False,라(대조군),Level1
당송팔대가문초소식4,409,1568,公은 諱希亮이요 字公弼이요 姓陳氏니 眉之靑神人이라,1d7a8175734d532c,라,False,라(대조군),Level1
시경집전(상),160,432,其詞雖主於后妃나 然其實則皆所以著明文王身修家齊之效也라,5ca36c7aa8b2a43b,라,False,라(대조군),Level1
자치통감강목2,1230,3233,韓信이 使人言於漢王曰 齊는 偽詐多變反覆之國也라,a472729ead05b377,라,False,라(대조군),Level1
당송팔대가문초유종원2,368,2502,從令無譁라,06b6d784ac84069d,라,False,라(대조군),Level1
자치통감강목5,694,1606,三年이라,5cbc4302d0b6ae93,라,False,라(대조군),Level1
자치통감강목7,319,402,諸將軍이 幸欲尊立宗室하니 甚厚라,099d4ecaec818558,라,False,라(대조군),Level1
춘추좌씨전5,228,1113,夫弗及而憂와 與可憂而樂과 與憂而弗害는 皆取憂之道也니 憂必及之리라,33f33ab8b377f9e1,라,False,라(대조군),Level1
주역전의(하),1189,3594,水鳥止於水之湄하니 水至近也니 其進이 可謂漸矣라,1bdf33580c16f729,라,True,라(대조군),Level1
당송팔대가문초왕안석1,183,971,中多感悟主上之言이라,6b870c7befc2c755,라,False,라(대조군),Level1
시경집전(하),738,1595,譴怒는 罪責也라,470b1ed25d3c4250,라,True,라(대조군),Level1
시경집전(하),1175,2557,自旦及食時를 爲終朝라,d346b224db3870cb,라,False,라(대조군),Level1
주역전의(하),1542,4633,故戒之謹守하여 至於不出戶庭이면 則无咎也라,82d008149e566b62,라,False,라(대조군),Level1
시경집전(상),988,2308,周室之初에 文王居豊하시고 武王居鎬러시니 至成王하여 周公始營洛邑하여 爲時會諸侯之所하시니 以其土中하여 四方來者道里均故也라,92bdafdb6c371dc6,라,False,라(대조군),Level1
당송팔대가문초소식1,16,71,軾密疏호되 朝廷이 不宜深罪하야 爲仁政累라하니 宣仁后心善其言이나 而不能用이라,1504c0b77087b52d,라,False,라(대조군),Level1
주역전의(상),38,181,所問先天圖曲折은 細詳圖意컨대 若自乾一로 橫排至坤八하면 此則全是自然이라,839df14894b7f102,라,False,라(대조군),Level1
서경집전(하),987,3684,若은 順이요 對는 答이요 配는 匹也라,e6925562998d63fd,라,False,라(대조군),Level1
주역전의(상),417,1440,乾坤은 純體니 以位相應이로되 二는 坤之主라,f81937efe91c1691,라,False,라(대조군),Level1
주역전의(하),201,571,易는 容易之易니 言忽然不覺其亡也라,fb1ee284b4597dc6,라,False,라(대조군),Level1
당송팔대가문초소식5,22,72,天之生是人也에 將使任天下之重이면 則寒者求衣하고 饑者求食하야 凡不獲者求得하나니 苟有以與之면 將不勝其求라,4852cba27d2af14c,라,False,라(대조군),Level1
자치통감강목5,1585,3573,吾幸得以同姓末屬으로 累世蒙漢厚恩하여 身爲宗室遺老하여 歷事三主라,57c7fa9a40b91f3c,라,True,라(대조군),Level1
시경집전(하),2608,5796,於是에 命甸徒하여 具農器하여 以治其新畬하라,2575b001691c9b8c,라,False,라(대조군),Level1
맹자집주,795,2870,"三聖은 禹,周公,孔子也라",f4ec67bf471687bd,라,False,라(대조군),Level1
서경집전(하),43,173,揚은 擧요 侵은 入也라,d9b67d01cd3f327f,라,False,라(대조군),Level1
자치통감강목18,323,1133,太祖之於義康에 以呵訓之微行으로 成滅親之大禍하여 開端樹隙하여 垂之後人이라,9de879f86da26e32,라,False,라(대조군),Level1
당송팔대가문초소식3,119,453,賈生은 王者之佐로되 而不能自用其才也라,06df799360dd88bb,라,False,라(대조군),Level1
자치통감강목15,859,1203,牢之直前渡水하여 擊成하여 大破斬之하고 分兵斷其歸津하니 秦歩騎崩潰하여 赴淮死者 萬五千人이라,57bbf58138ea6cf0,라,False,라(대조군),Level1
당송팔대가문초구양수2,391,1534,曰從其一之可信者라,337afe7209b0f705,라,True,라(대조군),Level1
자치통감강목19,1528,2059,將死에 與故知書曰 太后見廢北宮하고 淸河横受屠酷하며 主上은 幼年에 獨在前殿이라,f8d0695d3792c629,라,True,라(대조군),Level1
예기집설대전1,496,1567,"朱氏가 曰호대 君子는 有守하니, 必將之以禮라",9794d65b767a136e,라,True,라(대조군),Level1
춘추좌씨전3,358,1110,告事而已오 不獻其功하니 所以敬親暱禁淫慝也라,4c45cb5b8a4660f6,라,False,라(대조군),Level1
주역전의(하),726,2167,遠民者는 己遠之也니 爲上者 有以使之離也라,83c29cb0ee9d47d5,라,True,라(대조군),Level1
당송팔대가문초구양수3,318,1176,脩旣治滁之明年夏에 始飮滁水而甘일새 問諸滁人하니 得於州南百步之近이라,3266fe77eb5c67f0,라,False,라(대조군),Level1
서경집전(하),485,1911,攷之費誓컨대 東郊不開는 乃在周公東征之時하니 則伯禽就國이 蓋已久矣라,3a468af9e9815b3f,라,False,라(대조군),Level1
시경집전(상),800,1864,視爾不臧이나 我思不遠호라,945f56110b9f100c,라,True,라(대조군),Level1
자치통감강목5,44,105,皇后免身後에 衍이 取附子하여 幷合太醫大丸하여 以飮皇后한대 有頃에 曰 我頭岑岑也로라,5a52ba31f036bbf7,라,True,라(대조군),Level1
당송팔대가문초구양수3,129,433,廣文曾生이 來自南豐하야 入太學하야 與其諸生으로 群進於有司하니 有司斂群材하고 操尺度하야 槪以一法하야 考其不中者而棄之라,7e91bd56aa67d634,라,False,라(대조군),Level1
주역전의(상),1517,4530,爲卦 山下有火하니 山者는 草木百物之所聚也요 下有火하면 則照見其上하여 草木品彙皆被其光彩하니 有賁飾之象이라,077940b90c2d92f1,라,True,라(대조군),Level1
논어집주,1952,6067,摯는 其名也라,beb567d30c904f62,라,False,라(대조군),Level1
서경집전(상),495,2747,肆台小子 將天命明威하여 不敢赦일새 敢用玄牡하여 敢昭告于上天神后하여 請罪有夏하고 聿求元聖하여 與之戮力하여 以與爾有衆으로 請命호라,296aab170304982a,라,True,라(대조군),Level1
주역전의(하),176,498,趾는 在下而進動之物也라,a2c72cf3eed9fdf5,라,False,라(대조군),Level1
자치통감강목13,808,2653,琨曰 與公同盟하여 庶雪國家之恥하니 若兒書密達이라도 亦終不以一子之故로 負公而忘義也로라,46a20785a9a8dc46,라,True,라(대조군),Level1
서경집전(상),20,135,何承天이 以爲太過라하여 乃倍其年이나 而又反不及이러니 至隋劉焯하여 取二家中數七十五年하니 爲近之라,ec2ba0ebc873d160,라,False,라(대조군),Level1
시경집전(하),1200,2600,賦也라,8ee2540f4365747d,라,False,라(대조군),Level1
서경집전(하),497,1956,此는 周公이 以治洛之事로 自效也라,e090f667439e501d,라,False,라(대조군),Level1
당송팔대가문초한유2,42,165,謂之出身이라,8b12d158cf0d83c0,라,False,라(대조군),Level1
당송팔대가문초소순1,352,2233,所宜哀其才而貰其過하여 無使爲刀筆吏所困이면 則庶乎盡其才矣라,3946b5f7caf4bea0,라,False,라(대조군),Level1
당송팔대가문초소식4,107,401,"後之所謂中庸者는 循循焉爲衆人之所能爲하야 斯以爲中庸矣라하니 此는 孔子, 孟子之謂鄕原也라",0d5236243d825e9d,라,False,라(대조군),Level1
시경집전(상),491,1131,比也라,920e5bbdbbf3601f,라,False,라(대조군),Level1
자치통감강목19,1003,1402,及吳平侯昞在職峻切하여 官曹肅然이라,8c61c21936d3a57e,라,True,라(대조군),Level1
당송팔대가문초구양수2,92,307,句句校勘絶佳之作이라,8d0842c412c2c63a,라,True,라(대조군),Level1
주역전의(하),450,1344,五有中正之德而二亦中正하니 雖大蹇之時나 不失其守하고 蹇於蹇하여 以相應助하니 是는 以其中正之節也라,0a0503b03f1ece87,라,True,라(대조군),Level1
당송팔대가문초구양수1,140,936,其可惜者는 斥逐諫臣이 非朝廷美事요 阻塞言路가 不爲國家之利어늘 而介等盡忠守節하되 未蒙憐察也라,d423b17e166806fc,라,True,라(대조군),Level1
중용장구,6,28,熹自蚤歲로 則嘗受讀而竊疑之하여 沈潛反復이 蓋亦有年이러니 一旦에 恍然似有得其要領者라,1b5e5330cfcd1a11,라,True,라(대조군),Level1
당송팔대가문초구양수6,227,1501,延光初無必反意라 及銳等敗하야 延光遣牙將王知新하야 齎表自歸어늘 高祖不見하고 以知新屬武德司라,18b1aacd2da3cf5c,라,False,라(대조군),Level1
당송팔대가문초증공1,311,1664,故不得專一精思修治具하여 以宣布天子及下之仁하여 而爲後世可守之法也라,f069efb79c0b9ef3,라,False,라(대조군),Level1
주역전의(상),757,2376,弟子는 凡非長者也라,acea1235df9b54b4,라,False,라(대조군),Level1
시경집전(하),2416,5370,翰은 羽요 苞는 本也라,c1f61632fbd25815,라,False,라(대조군),Level1
논어집주,286,1036,故로 難得而見之也라,7e57000d474e1122,라,False,라(대조군),Level1
당송팔대가문초구양수5,96,713,嗚呼라,b5830bc7354f4e3d,라,True,라(대조군),Level1
춘추좌씨전6,130,507,亡十九年에 守志彌篤이라,f2ed8c2ec9c3ba7a,라,True,라(대조군),Level1
예기집설대전2,265,377,於兩軍之戰而殺有所止하니 禮使然也라,9f8b07aa44a09847,라,True,라(대조군),Level1
주역전의(상),155,779,仰觀俯察하사 始畫奇偶하시고 敎之卜筮하여 以斷可否라,eaff61ca0f3ca1a1,라,True,라(대조군),Level1
자치통감강목17,388,1327,彊弱之勢異也라,3d695a4f093c8a12,라,False,라(대조군),Level1
서경집전(하),316,1249,要囚를 服念五六日하며 至于旬時하여서 丕蔽要囚하라,61cc5b22f0fca992,라,False,라(대조군),Level1
주역전의(상),1085,3295,故後笑也라,5616617cc849bae9,라,False,라(대조군),Level1
자치통감강목19,917,1283,朱僧勇胡辛生拔劍曰 欲退自退하라,19cc7bec9692f372,라,False,라(대조군),Level1
당송팔대가문초소식5,81,256,幷得其法이로라,9a7efaafcbe21643,라,False,라(대조군),Level1
춘추좌씨전3,476,1385,晉士燮來聘하야 言伐郯也하니 以其事吳故라,5e7eeb516417b3d8,라,False,라(대조군),Level1
주역전의(상),34,163,或說一爲儀요 二爲象이요 三爲卦라,5f8062fd3611a6a5,라,False,라(대조군),Level1
서경집전(상),71,527,"五敎는 父子有親, 君臣有義, 夫婦有別, 長幼有序, 朋友有信이니 以五者當然之理로 而爲敎令也라",7170cdbd505bd9a5,라,False,라(대조군),Level1
시경집전(하),704,1536,燕燕은 安息貌라,77f35cbc3209326f,라,False,라(대조군),Level1
당송팔대가문초증공1,312,1667,道塗所次에 升降之倦과 衝冒之虞를 無有接於其形하며 動於其慮라,857f1cad7553c942,라,False,라(대조군),Level1
춘추좌씨전8,46,146,利其祿하니 必救其患하리라,9373a23150f26508,라,False,라(대조군),Level1
시경집전(상),1320,3033,縞는 白色이요 綦는 蒼艾色이라,e0f4fade946adfd1,라,False,라(대조군),Level1
주역전의(상),142,710,"故로 得之於精神之運,心術之動하여 與天地合其德하며 與日月合其明하며 與四時合其序하며 與鬼神合其吉凶然後에 可以謂之知易也라",ee5a0d77cafff8db,라,True,라(대조군),Level1
당송팔대가문초구양수3,302,1118,學校는 王政之本也라,a037f2c32805635a,라,False,라(대조군),Level1
맹자집주,2099,6488,君子는 道其常而已라,df70f08549c79c77,라,False,라(대조군),Level1
주역전의(하),323,944,閑有家는 志未變也라,19fd1763440625f9,라,False,라(대조군),Level1
당송팔대가문초구양수5,73,561,因而濁亂宮中하야 軍士分崩하고 以至君上하얀 身弑國亡이라,3c2797ac3efa3089,라,False,라(대조군),Level1
자치통감강목14,746,2306,"於是에 帝臨軒하여 遣侍中, 黄門徴之한대 謨陳疾篤하니 自旦至申히 使者十餘返이라",d8696bd15e8140b5,라,False,라(대조군),Level1
당송팔대가문초구양수5,167,1150,已而오 太祖疾作하야 乃還이라,b04345234a08fc4b,라,False,라(대조군),Level1
예기집설대전2,1490,2125,但舞斯慍一句는 終是可疑니 今且據疏하노라,6bcb0a28fe9b6eff,라,False,라(대조군),Level1
당송팔대가문초구양수1,130,866,其稱譽昌朝以爲可用者는 不過宦官左右之人爾라,ea3ae2802305ece1,라,False,라(대조군),Level1
서경집전(상),339,1953,惇物은 地志에 古文은 以垂山爲惇物하니 在扶風武功縣이라하니 今永興軍武功縣也라,3e6720cc83f00979,라,False,라(대조군),Level1
논어집주,434,1556,憾은 恨也라,182e3ef533d3ae7d,라,False,라(대조군),Level1
자치통감강목20,1519,2395,安南侯駿이 見景軍退하고 以爲走라하여 卽與壯士逐之한대 景旋軍擊之하니 駿敗走하여 趣綸軍이라,3184431a25031880,라,False,라(대조군),Level1
당송팔대가문초구양수2,45,154,伏念臣 本以一介之賤으로 叨塵二府之聯하야 知直道以事君하고 每師心而自信이라,0b71d915131cd1b0,라,False,라(대조군),Level1
당송팔대가문초구양수4,41,201,是歲에 天子卜以孟冬祫하야 旣廷告에 丞相用故事하야 率文武官하야 加上天子尊號라,57823f04877c3589,라,False,라(대조군),Level1
당송팔대가문초소식3,53,190,春秋以來로 用捨進退 未有如蠡之全者也로되 而不足於此라,c37d7632fbf51ebf,라,False,라(대조군),Level1
자치통감강목6,594,1277,作隄호되 去河二十五里하니 河水東抵齊隄하면 則西泛趙魏라,3e3dc00fa43b0908,라,False,라(대조군),Level1
자치통감강목20,568,1007,魏楊播及弟椿津이 皆有名德하니 播는 剛毅하고 椿津은 謙恭이라,0c6a69b623c5b077,라,False,라(대조군),Level1
맹자집주,916,3210,反身不誠은 反求諸身而其所以爲善之心이 有不實也라,828c1f41bb24ca3d,라,False,라(대조군),Level1
당송팔대가문초소식1,2,5,入哲宗朝하야 召爲兩制하고 及謫海南以後에는 殆古之曠達하야 遊方之外者已라,6e63751e738dd6ad,라,False,라(대조군),Level1
당송팔대가문초소식5,131,435,廢興成毁 相尋於無窮하니 則臺之復爲荒草野田을 皆不可知也라,b13c4ce4e9741c42,라,True,라(대조군),Level1
당송팔대가문초구양수4,129,595,有文三十卷하니 曰大隱集이요 又五卷하니 曰西垣集이라,ebf00036f6959c15,라,False,라(대조군),Level1
주역전의(상),487,1621,"震은 一陽이 動於二陰之下라 故로 其德이 爲動이요 其象이 爲雷며 坎은 一陽이 陷於二陰之間이라 故로 其德이 爲陷,爲險이요 其象이 爲雲,爲雨,爲水라",8086e58add89bf37,라,True,라(대조군),Level1
서경집전(하),1050,3939,蘇氏謂 五刑疑를 各入罰不降은 當因古制라하나 非也라,3416f3f1ca05a870,라,False,라(대조군),Level1
주역전의(하),1399,4240,史巫者는 通誠意於神明者也요 紛若은 多也라,02715dc92b506366,라,False,라(대조군),Level1
자치통감강목2,697,1869,往說梁曰 陳勝이 敗固當이라,cc272b8b63b29841,라,False,라(대조군),Level1
당송팔대가문초왕안석2,265,1361,議今之法이면 則獨可守死爾나 論古之道하면 則有不去以死하며 有去之以生이라,27765ae3663048b7,라,False,라(대조군),Level1
맹자집주,760,2736,"文侯,繆公이 欲見此二人이로되 而二人不肯見之하니 蓋未爲臣也라",907f85591652834d,라,False,라(대조군),Level1
당송팔대가문초소식2,61,272,是知人之善惡이 本無常性하야 若御得其道하면 則向之姦猾이 盡是忠良이라,70b4176b0b57662c,라,False,라(대조군),Level1
당송팔대가문초구양수4,239,1144,以是行於己하며 亦以是敎於人이라,fef79e929347de21,라,False,라(대조군),Level1
당송팔대가문초구양수3,427,1718,明年에 改武勝軍節度使하야 猶在北京하고 又改鎭安軍節度使라,4d36fb6e0326a9a5,라,False,라(대조군),Level1
당송팔대가문초증공1,439,2509,民病而後圖之와 與夫先事而爲計者는 則有間矣요 不習而有爲와 與夫素得之者는 則有間矣라,02b6c0e3cb643cc0,라,False,라(대조군),Level1
당송팔대가문초구양수1,379,1992,臣謂宜於今而可行者는 立爲三舍가 可也요 復五經博士가 可也라 特創新學은 雖不若卽舊而修廢나 然未有甚害하니 創之亦可也라,1ae4973c201140df,라,False,라(대조군),Level1
서경집전(하),919,3441,"顧命에 有敬迓天威,嗣守文武大訓之語라",833a5ab6cb10f860,라,False,라(대조군),Level1
주역전의(상),1628,4856,又自五月姤卦一陰始生으로 至此七爻而一陽來復하니 乃天運之自然이라,6d2a9af9dc1376be,라,True,라(대조군),Level1
시경집전(상),1895,4332,子仲之子는 子仲氏之女也라,38f5820f0e73c3c7,라,False,라(대조군),Level1
시경집전(상),63,231,南은 南山也라,5fa2b078e03a58b7,라,False,라(대조군),Level1
자치통감강목12,15,53,瑜兄子偏將軍峻이 卒이어늘 全琮이 請使峻子護로 領其兵한대 權曰 聞護性行危險하니 用之適爲作禍耳라,5ab4194b53daed5c,라,False,라(대조군),Level1
주역전의(하),1106,3356,苟不失中이면 雖有危라도 不至於凶也라,fb16e35c17fdc0e6,라,False,라(대조군),Level1
서경집전(상),747,3586,說之言은 譬如藥石하니 雖散而不一이나 然一言一藥하여 皆足以治天下之公患이니 所謂古之立言者라,d1a394b087b37407,라,True,라(대조군),Level1
맹자집주,1034,3536,有不爲는 知所擇也라,63ab5dca651ba637,라,False,라(대조군),Level1
시경집전(하),2630,5849,"言其收入之多하여 至於可以供祭祀, 備百禮하여 而神降之福이 將甚徧也라",31fd782d4902b976,라,True,라(대조군),Level1
자치통감강목7,170,211,吏民이 陷於湯火之中하니 非國家之民也라,b2483f356e7b4d7f,라,True,라(대조군),Level1
당송팔대가문초왕안석1,446,1959,上下交疑로되 誠有堪大臣之事者하야 而莫之或任하니 幸欲任이나 則左右小人이 得引前日之所竢하야 懲之矣리라,1294b2455b923eac,라,False,라(대조군),Level1
서경집전(하),711,2735,五年은 必有指實而言이니 孔氏牽合歲月者는 非是라,3e68e8ca1af8a9da,라,False,라(대조군),Level1
춘추좌씨전3,612,1780,楚懼不可用也라,a22aff47d9725d3a,라,False,라(대조군),Level1
당송팔대가문초구양수3,483,2056,賊失計하야 乃引去라,af99e9ebf514fb40,라,False,라(대조군),Level1
시경집전(하),3055,6811,大禘之祭는 所及者遠이라 故로 其詩歷言商之先后하고 又及其卿士伊尹하니 蓋與祭於禘者也라,11e98eccaa084bd7,라,False,라(대조군),Level1
자치통감강목13,167,614,故로 悖吉凶之禮하고 忽容止之表하며 瀆長幼之序하고 混貴賤之級하여 無所不至라,1d006c043ba97948,라,False,라(대조군),Level1
당송팔대가문초소순1,158,1022,由是史與經이 皆憂小人而作이니 其義一也라,82c8a737a42c7efd,라,False,라(대조군),Level1
자치통감강목11,205,748,夫立王業者는 所用非一이라,6c4eed837e2326aa,라,False,라(대조군),Level1
맹자집주,1384,4731,桮棬은 屈木所爲니 若巵匜之屬이라,71596e8b2ca1a6d4,라,False,라(대조군),Level1
시경집전(상),1310,3016,兄弟는 婚姻之稱이니 禮所謂不得嗣爲兄弟是也라,faa75164dd571834,라,False,라(대조군),Level1
자치통감강목6,756,1668,玄이 言 事已前決하니 得無不宜아 博曰 已許孔鄕侯矣로라,b1201a0a4dde1e45,라,False,라(대조군),Level1
맹자집주,814,2942,離婁는 古之明目者라,632cb2963db19d9a,라,False,라(대조군),Level1
맹자집주,1691,5518,優는 有餘裕也니 言雖治天下라도 尙有餘力也라,262a993f8225f4b3,라,False,라(대조군),Level1
주역전의(상),552,1823,發而後禁이면 則扞格而難勝이니 養正於蒙은 學之至善也라,c1e0d28c2f80879f,라,False,라(대조군),Level1
주역전의(상),472,1578,故로 爲隔絶之象이라,ebbee5351793295d,라,False,라(대조군),Level1
주역전의(상),1881,5605,坎中實과 水就下는 皆爲信義니 有孚也라,a935cb2fc4c8435c,라,False,라(대조군),Level1
당송팔대가문초유종원2,39,152,其上深山幽林逾峭嶮하고 道狹하여 不可窮也라,6e7da1a7816c4b03,라,False,라(대조군),Level1
당송팔대가문초소순1,270,1755,其爲之守備者 素也라,05f33447f896f4e0,라,False,라(대조군),Level1
춘추좌씨전4,475,1498,八月에 叔孫豹帥師救晉하야 次于雍楡하니 禮也라,2095c4ec275bea5b,라,False,라(대조군),Level1
당송팔대가문초소식2,413,1737,一身之正은 是天下之私正也요 天下有君은 是天下之公正也니 吾無取乎私正也라,56a0e65b5fb0b853,라,False,라(대조군),Level1
자치통감강목10,239,343,鮑信이 謂曹操曰 袁紹爲盟主에 因權專利하여 將自生亂하리니 是는 復有一卓也라,eb9ecf3248005a73,라,False,라(대조군),Level1
자치통감강목3,218,534,初에 秦悉內六國禮儀하여 擇其尊君抑臣者存之러니 及通制禮에 頗有所增損이나 大抵皆襲秦故라,bc0eefd2cd5a4d79,라,False,라(대조군),Level1
당송팔대가문초유종원2,299,1832,其術自儒墨名法으로 至於狗彘草木이라,31cf844ed168948f,라,False,라(대조군),Level1
당송팔대가문초유종원1,64,486,是與向之兩事者無毫末差矣라,0c80ceb75735932f,라,False,라(대조군),Level1
당송팔대가문초소식4,417,1606,飢寒且死라,30a887fe456a4e83,라,False,라(대조군),Level1
중용장구,235,657,不顯은 猶言豈不顯也라,eaee37947c272175,라,False,라(대조군),Level1
당송팔대가문초소순1,283,1831,而武之所爲는 反如是하니 書之不足信也 固矣라,d704ec224900ee03,라,False,라(대조군),Level1
자치통감강목11,770,2618,光曰 今天下未定하니 智意爲先이라,af8ff0f0ae31f1e2,라,False,라(대조군),Level1
서경집전(상),169,1190,罔水行舟는 如奡盪舟之類라,afc3a6ecf390742f,라,False,라(대조군),Level1
당송팔대가문초한유2,388,1997,民老幼婦女不驚하고 市賈不變하며 田之果榖에 下無一跡이라,760879d8b7ab85e0,라,False,라(대조군),Level1
당송팔대가문초왕안석2,604,3119,南北幾時오 相見悲歡이라,50d39022355cf1e0,라,True,라(대조군),Level1
당송팔대가문초소순1,423,2672,吾日以壯大하여 乃能感悟하여 摧折復學이라,bbb9b12fcc61c808,라,True,라(대조군),Level1
자치통감강목2,37,122,夫是之謂五權이라,95b105576d53c53d,라,False,라(대조군),Level1
자치통감강목5,374,841,所易新吏 又未必賢하여 或不如其故면 徒相益爲亂이라,6f05a881b2c3580d,라,True,라(대조군),Level1
자치통감강목3,702,1587,時에 太尉勃이 不得主兵이라,14b90d49c289ef28,라,True,라(대조군),Level1
시경집전(하),1742,3943,攝은 檢也라,b4aab1aeb8a2e995,라,False,라(대조군),Level1
자치통감강목12,204,836,司隷主簿程咸이 議曰 女適人者가 已産育則成他家之母라,4ca64650fda158f3,라,True,라(대조군),Level1
시경집전(상),851,1984,碩人은 指莊姜也라,bcbbdec3f381d0fc,라,False,라(대조군),Level1
당송팔대가문초유종원2,380,2656,命持馬者去라가 旦日來하라하고 遂臥軍中이라,34958d09dba09754,라,False,라(대조군),Level1
논어집주,1146,3812,仁者는 心存而不放이라,3158f86b03f898d1,라,False,라(대조군),Level1
주역전의(상),553,1829,以剛中者는 以剛而中이라 故로 能告而有節也라,a0881c26e777125d,라,False,라(대조군),Level1
서경집전(상),171,1268,其樂之傳이 歷千餘載로되 孔子聞之於齊하시고 尙且三月不知肉味하사 曰不圖爲樂之至於斯라하시니 則當時感召를 從可知矣라,6d466be477da4d96,라,True,라(대조군),Level1
논어집주,1928,5979,以는 猶與也라,4ceda3bfa975c7ca,라,False,라(대조군),Level1
당송팔대가문초소식5,168,599,獨喜則之勤苦하야 從事於有爲하야 篤志守節하야 老而不衰하야 異夫爲大以欺佛者라,8947fe9c734b0403,라,True,라(대조군),Level1
시경집전(상),1099,2563,穀則異室이나 死則同穴호리라,1c2cd968dadb7f7b,라,True,라(대조군),Level1
주역전의(하),665,1998,然當決之時하여 志在上進하여 必不能也니 占者聞其言而信이면 則轉凶而吉矣리라,d4e25881017631d0,라,False,라(대조군),Level1
당송팔대가문초유종원2,251,1465,曰吾言之不行이라,51cb58db403964c4,라,True,라(대조군),Level1
당송팔대가문초구양수1,164,1048,若靑之忠孝出處如一하야 事權旣去에 流議漸消하면 則其誠節可明하야 可以永保終始라,63ec5c5b1332f13c,라,False,라(대조군),Level1
당송팔대가문초소식3,324,1264,秦之取天下는 非天下心服而臣之也라,e4c29743bd8b6566,라,False,라(대조군),Level1
서경집전(하),513,2012,曰 今朕作大邑于玆洛은 予惟四方罔攸賓이며 亦惟爾多士攸服하여 奔走臣我多遜者는 言遷民而後作洛也라,a69cfbdf434f7f57,라,False,라(대조군),Level1
주역전의(상),1219,3672,旣言豫順之道矣나 然其旨味淵永하여 言盡而意有餘也라,3d1452f754d8a7c5,라,True,라(대조군),Level1
주역전의(상),562,1853,治蒙之始에 立其防限하고 明其罪罰은 正其法也니 使之由之하여 漸至於化也라,60e3b4fbfcf14951,라,False,라(대조군),Level1
주역전의(하),1065,3232,故震則有亨이라,c654286a6c5e6f39,라,False,라(대조군),Level1
시경집전(상),1274,2949,褧은 禪也라,371db81a77930134,라,True,라(대조군),Level1
당송팔대가문초소식5,448,1636,嵇中散이 作幽憤詩하니 知不免矣로되 而卒章에 乃曰 采薇山阿하고 散髮巖岫하야 永嘯長吟하야 頤性養壽者라하니 悼此志之不遂也라,d10277727e5b2e02,라,True,라(대조군),Level1
시경집전(상),2468,5732,卉는 草也라,251f93d5fdbe2592,라,True,라(대조군),Level1
당송팔대가문초한유2,163,700,今其意乃若不足이라,8e467a2259d1c35f,라,False,라(대조군),Level1
당송팔대가문초한유1,364,1706,但不敢果於貌定이라,0e514232d35fad1c,라,False,라(대조군),Level1
당송팔대가문초구양수4,97,472,玉淸昭應宮災라 坐火事하야 劾當死者百餘人이어늘 公疏言天災可畏니 不可反以罪人而重天怒라,974ba191369d257f,라,False,라(대조군),Level1
논어집주,1183,3921,故로 有若請但專行徹法하니 欲公節用以厚民也라,ceb63fd1c3aa4456,라,False,라(대조군),Level1
맹자집주,2095,6472,然이나 布縷는 取之於夏하고 粟米는 取之於秋하고 力役은 取之於冬하여 當各以其時하니 若幷取之면 則民力이 有所不堪矣라,72b3780e2757cb88,라,False,라(대조군),Level1
시경집전(상),433,1017,遭州吁之暴하여 見侮慢而不能正也라,1b5711c86ad9f4ce,라,False,라(대조군),Level1
당송팔대가문초소식3,267,1056,夫死生之際는 聖人嚴之하야 薨於路寢하고 不死於婦人之手하며 至於結冠纓 啓手足之末하야도 不敢不勉하니 其於死生之變에 亦重矣라,030226b35bd6770e,라,False,라(대조군),Level1
자치통감강목9,18,23,嬰이 聞하고 泣下曰 荒裔愚民이 不堪侵枉하여 相聚偸生하니 若魚遊釜中이라,68c142124ecef98e,라,True,라(대조군),Level1
주역전의(상),1315,3974,風遇山而回면 物皆撓亂하니 是爲有事之象이라,6beba51319380be9,라,True,라(대조군),Level1
당송팔대가문초소식3,3,4,夫以天下之大로도 而不足以動其心이면 則天下之大節이 有不足立이요 而大事有不足辦者矣라,9dc0fc105edfcbaf,라,True,라(대조군),Level1
당송팔대가문초한유1,148,721,今有人生七年而學聖人之道하야 以修其身이 積二十年이어늘 不得已一朝而毁之면 是亦不獲其所矣라,1c5765d890f9b6c6,라,False,라(대조군),Level1
서경집전(상),68,513,黎民이 阻飢일새 汝后稷이니 播時百穀하라,9fe3f5275eff7481,라,False,라(대조군),Level1
자치통감강목1,392,994,十一年이라,f2d2afdb28d372a8,라,False,라(대조군),Level1
춘추좌씨전4,356,1090,魯人莒人皆請以車千乘으로 自其鄕入이어늘 旣許之矣라,a76e1a3836e10f91,라,False,라(대조군),Level1
시경집전(상),765,1787,昏姻은 謂男女之欲이라,ec76df487b2cb411,라,False,라(대조군),Level1
당송팔대가문초유종원2,233,1233,追咎厥始하니 惟物之殘이라,9e01c1e40df6879a,라,False,라(대조군),Level1
당송팔대가문초구양수4,196,933,子男四人이니 長曰宗顔이요 次曰宗閔이요 其二早亡이라,5ff2735a7cc572ec,라,False,라(대조군),Level1
시경집전(상),2228,5133,之子는 指其妻而言也라,04704ac205954dd6,라,False,라(대조군),Level1
주역전의(상),137,680,某之易이 簡略者는 當時에 只是略搭記요 兼文義는 伊川及諸儒皆說了일새 某只就語脈中하여 略牽過這意思로라,db904ac489ac2bcd,라,False,라(대조군),Level1
당송팔대가문초증공1,135,815,不宣이라,fc6a5c0d1922ca05,라,False,라(대조군),Level1
논어집주,1039,3444,死生人鬼는 一而二요 二而一者也라,e1fc9160f671d899,라,True,라(대조군),Level1
자치통감강목11,651,2208,終於邦域之內에 畏而愛之하여 刑政雖峻而無怨者는 以其用心平而勸戒明也라,11c998b69fe97c7b,라,True,라(대조군),Level1
춘추좌씨전5,90,520,楚屈建卒커늘 趙文子喪之如同盟하니 禮也라,809a79e292ff389e,라,False,라(대조군),Level1
주역전의(상),1385,4170,他卦는 初上爻에 不言得位失位하니 蓋初終之義爲重也요 臨則以初得位居正爲重이라,6b347e55998e11a7,라,False,라(대조군),Level1
맹자집주,741,2667,放而不祀는 放縱無道하여 不祀先祖也라,8515db1bb7251d07,라,False,라(대조군),Level1
춘추좌씨전4,161,392,唯子産不順曰 小國無文德而有武功하니 禍莫大焉이라,b7bbd7ee539233a1,라,False,라(대조군),Level1
자치통감강목13,334,1243,元達이 少有志操라,ed002a77f73dd502,라,False,라(대조군),Level1
자치통감강목10,1163,1830,韙旣敗死에 其黨巴郡太守龎羲欲爲亂하여 遣吏程祁하여 宣旨於其父漢昌令畿러니 不得이라,8233744d74d62c05,라,False,라(대조군),Level1
논어집주,648,2323,魯는 蓋夫子父母之國이요 昭公은 魯之先君也라,dfb089b0b0d86de2,라,False,라(대조군),Level1
서경집전(상),402,2299,流는 流放罪人之地니 蔡與流皆所以處罪人이나 而罪有輕重이라 故로 地有遠近之別也라,3baf0132fe799058,라,False,라(대조군),Level1
당송팔대가문초유종원1,33,237,每聞人大言이면 則蹶氣震怖하여 撫心按膽하되 不能自止라,22a8e6a64fba598c,라,True,라(대조군),Level1
자치통감강목11,59,222,馮翊鄭渾曰 興等이 破散하여 藏竄山谷하니 雖有隨者나 率脅從耳라,c86ac13c6dae483d,라,False,라(대조군),Level1
서경집전(상),496,2748,肆는 故也라,7cf5ebee3c4849d9,라,False,라(대조군),Level1
당송팔대가문초유종원2,87,379,於是有諸侯之列하니 則其爭又有大者焉이라,824d9296eecad403,라,False,라(대조군),Level1
춘추좌씨전4,216,635,合諸侯以益恥는 不如死니 我將獨進하리라,3dee096100a3be15,라,True,라(대조군),Level1
주역전의(하),333,977,嘻嘻之甚이면 則致敗家之凶이어늘 但云吝者는 可吝之甚則至於凶이라 故未遽言凶也라,fb299661ef71e0a9,라,False,라(대조군),Level1
주역전의(상),929,2865,蓋九雖剛而志柔하고 四雖近而不處라 故能兢愼畏懼면 則終免於危而獲吉也라,1cc416b23e679f0d,라,False,라(대조군),Level1
서경집전(상),789,3727,言天旣已絶我殷命하여 格人元龜 皆無敢知其吉者라하니 甚言凶禍之必至也라,81595b802fc7645e,라,True,라(대조군),Level1
당송팔대가문초증공1,62,408,若是者는 所見殆不減百千人이라,f23e459344eb29ef,라,False,라(대조군),Level1
당송팔대가문초유종원2,381,2674,段公은 仁信大人也어늘 而汝不知敬이라,48a47ecc4f2a9956,라,True,라(대조군),Level1
춘추좌씨전2,455,1525,不速行이면 將無及也리라,b1e14d58e37fbfc1,라,False,라(대조군),Level1
시경집전(상),189,504,南國이 被文王之化하여 諸侯大夫行役在外에 其妻獨居할새 感時物之變하어 而思其君子如此하니 亦若周南之卷耳也라,7bac860ee2dd8893,라,True,라(대조군),Level1
주역전의(상),733,2302,出師之道는 當謹其始니 以律則吉이요 不臧則凶이니 戒占者當謹始而守法也라,ec16d0a2719f558d,라,False,라(대조군),Level1
당송팔대가문초소식5,97,314,始에 參爲齊相하야 召長老諸先生하야 問所以安集百姓한대 而齊故諸儒以百數에 言人人殊하야 參未知所定이라,c94447927876ca50,라,False,라(대조군),Level1
주역전의(상),757,2369,五는 君位니 興師之主也라 故言興師任將之道라,82e429ffbe3c2287,라,False,라(대조군),Level1
춘추좌씨전3,281,810,凡稱弟는 皆母弟也라,a6ffc8cdebe940b6,라,False,라(대조군),Level1
당송팔대가문초유종원2,271,1590,汝誠無其實이라,a0e7b1d46c0b5b8a,라,False,라(대조군),Level1
당송팔대가문초유종원2,18,71,其石之突怒偃蹇負土而出하여 爭爲奇狀者를 殆不可數라,4b02dff9244d2f4f,라,True,라(대조군),Level1
서경집전(하),455,1787,洛師는 猶言京師也라,ef3d28a7e0085fba,라,False,라(대조군),Level1
당송팔대가문초소식5,256,995,萬人環之하야 如渴赴泉이라,a35b1a7e96605223,라,True,라(대조군),Level1
주역전의(하),14,55,以量而容之하고 擇合而受之는 非聖人有感必通之道也라,42b4ee182835c253,라,False,라(대조군),Level1
시경집전(하),1714,3873,歌者는 比於琴瑟也요 徒擊鼓曰咢이라,7f6919d74b28e34c,라,False,라(대조군),Level1
자치통감강목15,592,810,秦太史令張孟이 言尾箕는 燕分이요 東井은 秦分也라,2dc03fd4a4ff4cc5,라,False,라(대조군),Level1
당송팔대가문초구양수6,47,385,莊宗初入洛하야 居唐故宮室한대 而嬪御未備라,d384058f211ac216,라,False,라(대조군),Level1
시경집전(하),660,1460,興也라,132140857a360a8c,라,True,라(대조군),Level1
당송팔대가문초구양수6,275,2032,過之者를 謂之氣盈이요 不及者를 謂之朔虛니 至於應變分用에 無所不通이라,434539817c43becc,라,False,라(대조군),Level1
춘추좌씨전3,346,982,遂自徐關入하야 齊侯見保者曰 勉之하라,c5c1ab905babd1b9,라,False,라(대조군),Level1
논어집주,1142,3805,顔冉之學이 其高下淺深을 於此可見이라,2305b4fe8e60fcd3,라,False,라(대조군),Level1
자치통감강목8,359,520,夏四月에 詔發卒數十萬하여 遣景하여 與將作謁者王吳로 修汴渠堤하니 自滎陽으로 東至千乗海口千餘里라,aca6b5a26019c518,라,False,라(대조군),Level1
주역전의(상),1417,4250,盥은 謂祭祀之始에 盥手酌鬱鬯於地하여 求神之時也요 薦은 謂獻腥獻熟之時也라,5fb604c93345e68b,라,False,라(대조군),Level1
당송팔대가문초소순1,239,1610,余不欲刪其文하여 故幷存之라,51370e771968f135,라,True,라(대조군),Level1
서경집전(하),352,1390,毋常於酒요 其飮을 惟於祭祀之時라,6221b1ec8642b0b3,라,False,라(대조군),Level1
서경집전(상),415,2357,御非其馬之正은 猶王良所謂詭遇也라,8ef66c3050dbe70b,라,False,라(대조군),Level1
당송팔대가문초소순1,263,1725,不知老弱之兵도 兵家에 固亦不可無라,4c232c357b2f8071,라,False,라(대조군),Level1
주역전의(하),707,2110,繫于金柅는 柔道牽也일새라,1f87427edf76c0f8,라,True,라(대조군),Level1
맹자집주,929,3251,鳴鼓而攻之는 聲其罪而責之也라,9d1b2ea180306b5f,라,False,라(대조군),Level1
서경집전(상),568,3048,自此는 乃伊尹畫一以告太甲也라,11bfd983bcb5c129,라,False,라(대조군),Level1
당송팔대가문초소순1,391,2486,要之數世면 富者之子孫에 或不能保其地하여 以至於貧하여 而彼嘗已過吾限者가 散而入於他人矣요 或者는 子孫出而分之以無幾矣라,5def6adf13922c52,라,False,라(대조군),Level1
당송팔대가문초소식3,283,1112,聖人以爲不重則不可以變이라,016717063de4c44e,라,False,라(대조군),Level1
자치통감강목3,314,758,然이나 卒用趙堯之策하니 可謂以金注也라,74fe5dca3dedf9fd,라,False,라(대조군),Level1
시경집전(상),2541,5881,君子는 指賓客也라,d57da2becbadb98b,라,False,라(대조군),Level1
자치통감강목17,599,2015,宋元嘉二十三年이요 魏太平眞君七年이라,b8434f9d6e27c669,라,False,라(대조군),Level1
자치통감강목17,496,1713,迹其亂階컨대 正由劉湛權利之心이 無有厭已라,1e773f6330a9b76b,라,False,라(대조군),Level1
예기집설대전2,169,222,且禮文之制에 曾申獨擧幕하고 而不擧其他하니 則其他推是而可知矣라,1e5ca7b23f95c421,라,False,라(대조군),Level1
당송팔대가문초소순1,303,1937,使其尙在면 則呂祿不可紿요 太尉不得入北軍矣리라,f32e85542b2edc25,라,False,라(대조군),Level1
당송팔대가문초구양수3,178,625,其詩曰 優游琴酒逐漁釣하고 上下林壑相攀躋라,eda97565a6b4a4b1,라,True,라(대조군),Level1
당송팔대가문초구양수5,44,302,二年에 河中王重榮卒하니 其諸子珂珙爭立이라,9b02aa852eb2fcfc,라,False,라(대조군),Level1
춘추좌씨전6,120,411,十三年春에 叔弓圍費나 不克하고 敗焉하다 平子怒하야 令見費人執之하야 以爲囚俘하니 冶區夫曰 非也라,5fcd2b8e332adbfe,라,False,라(대조군),Level1
주역전의(상),525,1737,初는 陽剛之賢이요 乃是正應이니 己之婚媾也라,b6d7961040d5f5ae,라,False,라(대조군),Level1
맹자집주,1220,4182,禹之子는 賢하고 而益相은 不久하니 此啓所以有天下 而益不有天下也라,458a061525e4cd5e,라,False,라(대조군),Level1
시경집전(상),240,607,自公은 從公門而出也라,2f91e1f5af56b287,라,False,라(대조군),Level1
시경집전(하),2343,5229,燕은 安이요 譽는 樂也라,b5860410df719fa4,라,False,라(대조군),Level1
시경집전(하),843,1846,賦也라,8ee2540f4365747d,라,False,라(대조군),Level1
중용장구,28,92,位者는 安其所也요 育者는 遂其生也라,b938260b64c06358,라,False,라(대조군),Level1
당송팔대가문초소순1,278,1796,明君賢將之所上者는 上智之間也라,4e864990441ca9fe,라,False,라(대조군),Level1
당송팔대가문초증공1,336,1793,曾公之文이 固雄이로되 而其經世之略을 亦槪見矣라,399da07283023658,라,False,라(대조군),Level1
당송팔대가문초유종원2,294,1762,卒爲忠信하여 奉職輸賦하니 進比華人하여 無敢不龔이라,bcc5f3d157e1efc0,라,False,라(대조군),Level1
서경집전(하),135,552,有能은 有才智者요 羞는 進也니 使進其行이면 則官使者皆賢才而邦國昌盛矣라,e73932be9f17c463,라,False,라(대조군),Level1
시경집전(상),159,429,周南之國은 十一篇에 三十四章이요 百五十九句라,bc0f364d65e3f1e2,라,False,라(대조군),Level1
서경집전(하),252,934,及此하여 果蠢蠢然而動하니 其卜可驗이 如此라,651a5924c3c99cae,라,False,라(대조군),Level1
자치통감강목19,1396,1891,梁天監十七年이요 魏神龜元年이라,f3c4f79adc57a6ad,라,False,라(대조군),Level1
서경집전(하),727,2791,周官은 多以胥以伯以正爲名하니 胥伯小大衆多之正은 蓋殷多士授職於洛하여 共長治遷民者也라,30af4e7063466d28,라,False,라(대조군),Level1
주역전의(상),1142,3467,五之孚信而履其上은 爲蹈履誠信之義요 五有文明之德이어늘 上能降志以應之는 爲尙賢崇善之義라,a477149a81c099c4,라,False,라(대조군),Level1
당송팔대가문초증공1,489,2732,安能必世百年하여 爲敎化之漸하여 而待遲久之功哉리오하여 相薰以此라,8b19fe20fec387f6,라,True,라(대조군),Level1
서경집전(상),102,715,九州之外 世一見曰王이라,60f94a4c31289d75,라,False,라(대조군),Level1
서경집전(상),377,2188,始發源王屋山頂崖下하니 曰沇水요 旣見而伏하여 東出於今孟州濟源縣하니 二源이라,aff5d829f6de239a,라,True,라(대조군),Level1
자치통감강목5,929,2156,捐之는 誼曾孫也라,74b3ff837b94e54f,라,False,라(대조군),Level1
당송팔대가문초유종원1,203,1350,竊感荀罃如實出己之德하여 敢希豫讓國士遇我之報라,aefb7444bce22654,라,True,라(대조군),Level1
당송팔대가문초소순1,52,347,嗚呼라,69c0d46eb718e43e,라,True,라(대조군),Level1
서경집전(상),79,580,典은 主也라,6e8797b0be2a8247,라,False,라(대조군),Level1
당송팔대가문초유종원1,163,1100,不惟充賦稅養祿秩足己而已요 獨以庶富且敎爲大任하니 甚盛甚盛이라,173bdb0e49727204,라,True,라(대조군),Level1
서경집전(하),535,2075,商先王이 以明德而天丕建이러니 則商後王이 不明德而天不畀矣라,6b1352c9f7d6ad1a,라,False,라(대조군),Level1
춘추좌씨전6,359,1557,生은 好物也오 死는 惡物也라,964ea6ae0e0e8c39,라,False,라(대조군),Level1
주역전의(하),259,749,爲卦下離上坤하니 日入地中하여 明而見傷之象이라,f23bd808b2ea24b4,라,False,라(대조군),Level1
자치통감강목12,344,1388,今吳人未賓하여 勢與蜀連하니 不可拘常以失事機라,64abee2ca50c340a,라,False,라(대조군),Level1
당송팔대가문초소철2,53,293,蓋古之聖人은 惟其得而居之라,e09e32d50794b07c,라,False,라(대조군),Level1
자치통감강목8,1286,1820,孝安皇帝永初元年이라,88143bd8c33a4f33,라,False,라(대조군),Level1
당송팔대가문초구양수5,60,458,自處月以來로 居此磧하야 號沙陀突厥이요 而夷狄無文字傳記하고 朱邪又微不足錄이라,b2a08d6ffcbde8a5,라,False,라(대조군),Level1
주역전의(상),1382,4162,无疆은 廣大无疆限也라,640f0e8161385534,라,False,라(대조군),Level1
당송팔대가문초구양수5,328,2209,五代之際에 不可以爲無人이니 吾得全節之士三人焉하야 作死節傳하노라,850d7c6e9a0daa10,라,False,라(대조군),Level1
당송팔대가문초유종원1,12,60,有與此宜者면 更致數物하라,6fe00aaf11a74839,라,False,라(대조군),Level1
주역전의(상),1824,5433,大過者는 陽過也라,93b7984607dd9176,라,False,라(대조군),Level1
당송팔대가문초왕안석2,347,1894,處州之麗水는 公所生也요 明州之鄞은 後所遷也라,1e309fa692afdd20,라,False,라(대조군),Level1
당송팔대가문초소식4,28,109,故로 雖怨刺幷興이나 而未列于國風者는 以爲猶有王政存焉이라,a3ba742a7c0e8235,라,False,라(대조군),Level1
서경집전(상),770,3658,保는 安也니 保衡은 猶阿衡이라,d6543912a26714d7,라,False,라(대조군),Level1
당송팔대가문초소식3,90,328,善乎라,27bd498afb7a7634,라,True,라(대조군),Level1
주역전의(상),1716,5107,以九五之无妄으로 如其有疾인댄 勿以藥治則有喜也라,23388510083364fe,라,False,라(대조군),Level1
춘추좌씨전5,147,746,不過十年矣리라,abedad0cdb769fab,라,False,라(대조군),Level1
춘추좌씨전5,30,137,故夏書曰 與其殺不辜론 寧失不經이라하니 懼失善也라,3d8d1d293e534b60,라,True,라(대조군),Level1
시경집전(하),2824,6256,故로 美之曰 思無疆하니 則思馬斯臧矣라하니 衛文公秉心塞淵而騋牝三千이 亦此意也라,adde61340621b5fa,라,True,라(대조군),Level1
주역전의(하),783,2337,九四는 大吉이라야 无咎리라,2b04c47c0f6736e1,라,False,라(대조군),Level1
당송팔대가문초소순1,233,1535,削亦反이요 不削이라도 亦反이라,800dfaf9a4cbde2a,라,False,라(대조군),Level1
논어집주,645,2314,相助匿非曰黨이라,f64cc7b3f80b7242,라,False,라(대조군),Level1
시경집전(하),327,721,哀哉不能言이여 匪舌是出이라,9ecd3c92a6c596da,라,False,라(대조군),Level1
주역전의(하),447,1327,大蹇之時而二在下하여 以中正相應하니 是其朋助之來也라,9565ab6e7ebaa5d0,라,False,라(대조군),Level1
시경집전(하),2979,6612,假은 與格同하니 言奏樂以格于祖考也라,ef7f11c404ef32b7,라,False,라(대조군),Level1
당송팔대가문초유종원2,196,891,然而子厚揣摩하니 亦綽有入思緻處라,e338352c49d4627d,라,False,라(대조군),Level1
서경집전(하),621,2376,太戊는 太甲之孫이요 伊陟은 伊尹之子라,c77df7b38294f16b,라,False,라(대조군),Level1
당송팔대가문초왕안석2,611,3144,請著君德하야 銘之九幽하노라,e91c4db72384937e,라,True,라(대조군),Level1
당송팔대가문초증공1,21,164,宋興以來로 戚里宦臣과 曰將曰相이 未嘗得以擅事也하니 所以謹其操柄者如此라,07f02716d4c0b003,라,False,라(대조군),Level1
자치통감강목10,991,1537,"關中諸將이 以袁, 曹方爭이라하여 皆中立顧望이라",e8526165d8583c19,라,False,라(대조군),Level1
논어집주,1124,3685,詠은 歌也라,86283696893c61b6,라,False,라(대조군),Level1
당송팔대가문초한유1,335,1603,故遂始終托元賓하야 以寫兩與之情이라,12277b160d6693bf,라,False,라(대조군),Level1
시경집전(상),2745,6377,且其劬勞者 皆鰥寡可哀憐之人也라,647349aed19e31e6,라,True,라(대조군),Level1
주역전의(상),1857,5532,剛强之過면 則不能取於人하고 人亦不能親輔之하니 如棟橈折하여 不可支輔也라,bdaecb70e2c984fe,라,True,라(대조군),Level1
자치통감강목5,686,1576,有過에 輒奏免하고 薦其有行能者하니 郞官이 化之하여 莫不自厲라,c5562568af05003c,라,False,라(대조군),Level1
서경집전(하),549,2105,時는 是也니 指上文殷大戾而言이라,f71fa0c630ac419e,라,False,라(대조군),Level1
서경집전(상),169,1200,呱呱는 泣聲이라,2c5a63c71b433387,라,False,라(대조군),Level1
자치통감강목18,723,2365,十月에 謁永固陵할새 毁瘠尤甚이어늘 司空穆亮諫曰 王者爲天地所子요 爲萬民父母라,426430af8958e3bc,라,True,라(대조군),Level1
당송팔대가문초구양수3,540,2430,孫五人은 一早亡하고 次皆已仕라,30049d2c5bdb7f30,라,False,라(대조군),Level1
춘추좌씨전1,489,2389,夏에 公會鄭伯于郲하니 謀伐許也라,35f8fda9295583dc,라,True,라(대조군),Level1
춘추좌씨전2,553,1822,是以魯頌曰 春秋匪解하야 享祀不忒하니 皇皇后帝와 皇祖后稷이라하야늘 君子曰 禮라하니 謂其后稷親而先帝也라,92fa2d6a79877135,라,True,라(대조군),Level1
예기집설대전2,1307,1868,與神交之道는 則心主乎敬이라,f94df89e7f68df06,라,True,라(대조군),Level1
시경집전(하),746,1605,奧은 暖이요 蹙은 急이요 詒는 遺요 戚은 憂요 興은 起也라,48f0c0fc93c27752,라,True,라(대조군),Level1
당송팔대가문초왕안석2,566,2950,日月行矣니 不卽論次면 懼將卒於無傳也일새 吾願以此屬子矣로라,26c64b92571f8931,라,True,라(대조군),Level1
주역전의(상),1139,3458,下之志는 從乎上者也니 上以孚信接於下하면 則下亦以誠信事其上이라,7944dda7da949f4e,라,False,라(대조군),Level1
서경집전(하),421,1679,無遺壽耉는 蓋君天下者之要務라,1073d10e0e64d794,라,False,라(대조군),Level1
주역전의(상),1525,4548,先儒說天文上에 當有剛柔交錯四字라하니 理或然也라,d5c5133337c5b43b,라,False,라(대조군),Level1
당송팔대가문초유종원2,168,751,蟲之生而物益壞하니 食齧之하고 攻穴之하여 蟲之禍物也滋甚이라,a7b80b1d4b37cd12,라,False,라(대조군),Level1
당송팔대가문초구양수6,76,563,鎔求救於李匡威어늘 匡威來救하니 晉軍解去라,bbf00dfa00015c17,라,False,라(대조군),Level1
당송팔대가문초구양수4,561,2491,與漢之蘇李와 魏之曹劉는 得其正始러니 宋齊而下는 得其浮淫流佚하고 唐之時에 子昻李杜沈宋王維之徒가 或得其淳古淡泊之聲하며 或得其舒和高暢之節이요 而孟郊賈島之徒는 又得其悲愁鬱堙之氣라,43f9f92fd5b1e8b0,라,True,라(대조군),Level1
논어집주,173,627,通前篇末二章하여 皆論禮樂之事라,f117a3ca1518a3d8,라,False,라(대조군),Level1
자치통감강목12,338,1366,朝吏以爲호되 諸夷阻兵하니 不可以軍驚擾라,7aae852970313be4,라,False,라(대조군),Level1
주역전의(상),900,2798,以卦德으로 釋彖辭라,c603a6fb3c543cdf,라,False,라(대조군),Level1
춘추좌씨전6,130,495,先神命之하고 國民信之라,3e9a4fac51fbdf46,라,True,라(대조군),Level1
춘추좌씨전1,1024,3411,王使召伯廖賜齊侯命하고 且請伐衛하니 以其立子頹也라,37adb28470db604a,라,False,라(대조군),Level1
자치통감강목19,556,806,天下須共容之니 勿以兵威陵辱하라,fba709cf16c9af09,라,False,라(대조군),Level1
주역전의(상),239,1027,乾道變化에 生育萬物하여 洪纖高下가 各以其類는 各正性命也라,9781386b1d0163f2,라,True,라(대조군),Level1
예기집설대전2,1064,1529,以槨者는 此叢木象槨之形也라,f5e29036dbf70645,라,False,라(대조군),Level1
서경집전(하),366,1454,用安逸而喪其威儀하니 史記에 受爲酒池肉林하여 使男女로 裸而相逐이라하니 其威儀之喪이 如此라,656f9bc2526157b0,라,False,라(대조군),Level1
당송팔대가문초구양수3,476,2010,公生二歲而孤하니 母夫人貧無依하야 再適長山朱氏라,e5dab67831e5abfc,라,False,라(대조군),Level1
시경집전(하),2290,5101,將은 奉行也라,f79db7fe165ea83d,라,True,라(대조군),Level1
당송팔대가문초유종원2,340,2208,敍事處整則하고 敍情處悲弔라,ec0f2a3719cf2618,라,True,라(대조군),Level1
당송팔대가문초유종원1,202,1337,然則擧甲乙歷科第는 固爲末而已矣라,6e1b4f2df3d0e475,라,False,라(대조군),Level1
당송팔대가문초소식5,35,108,雖知其然이나 而君子之養身也에 凡可以久生而緩死者를 無不用하고 其治國也에 凡可以存存而救亡者를 無不爲하야 至於不可奈何而後已하니 此之謂知命이라,9565e8e21e8bc46d,라,True,라(대조군),Level1
춘추좌씨전7,55,270,若爲三師以肄焉하야 一師至면 彼必皆出하리라,0fd1363daad0d7f4,라,False,라(대조군),Level1
주역전의(상),1061,3235,初九는 同人于門이니 无咎리라,eeb28746d7f2cf79,라,False,라(대조군),Level1
시경집전(상),1370,3146,茂는 美也라,036201837a6146ea,라,False,라(대조군),Level1
맹자집주,373,1404,"霸은 若齊桓,晉文이 是也라",680ead20ff980d74,라,False,라(대조군),Level1
당송팔대가문초구양수3,168,593,宜其學必至焉耳라,81f2273673a2a222,라,False,라(대조군),Level1
시경집전(하),1817,4095,賦也라,8ee2540f4365747d,라,False,라(대조군),Level1
서경집전(상),377,2209,南豊曾氏齊州二堂記云 泰山之北은 與齊之東南諸谷之水로 西北匯于黑水之灣하고 又西北匯于柏崖之灣하여 而至于渴馬之崖하니 蓋水之來也衆이라,f37d9225f7593f26,라,True,라(대조군),Level1
주역전의(상),1874,5581,故爲坎陷之義라,52e1b4ff04273715,라,False,라(대조군),Level1
당송팔대가문초소식4,380,1482,公爲布衣에 則頎然已有公輔之望이라,b33846d062d11505,라,False,라(대조군),Level1
자치통감강목9,962,1405,蠻夷戎狄이 氣類雖殊나 其就利避害하고 樂生惡死는 亦與人同耳라,d7e5436241a7c9e9,라,False,라(대조군),Level1
주역전의(상),1957,5821,大耋은 傾沒也라,3527a29ad2091857,라,False,라(대조군),Level1
서경집전(상),8,45,且又首以欽之一字爲言하니 此書中開卷第一義也라,b671b65cb074d733,라,False,라(대조군),Level1
당송팔대가문초구양수1,108,766,而今所欲定者正名號爾니 至於立廟京師干亂統紀之事하얀 皆非朝廷本議라하면 庶幾群疑可釋이라,320486bdd6c0b82e,라,False,라(대조군),Level1
당송팔대가문초구양수1,376,1985,今若外方專以文學貢士어늘 而京師獨以德行取人이면 則實行素履가 著於鄕曲하야 而守道丘園之士는 皆反見遺리니 此其不可五也라,a89790da273d0b54,라,False,라(대조군),Level1
춘추좌씨전4,263,790,楚子疾에 告大夫曰 不穀不德으로 少主社稷호라,3a3fa4735660175b,라,False,라(대조군),Level1
당송팔대가문초구양수5,204,1351,明宗遣回鶻侯三하야 馳傳至其國하니 侯三至醴泉縣한대 縣素僻하야 無驛馬요 其令劉知章出獵하야 不時給馬라,35d05290cdee173e,라,False,라(대조군),Level1
시경집전(하),1392,3010,大邦은 莘國也라,74cabd902fd2b249,라,False,라(대조군),Level1
자치통감강목18,421,1425,至是하여 以道成名位素出己下라가 一旦專制朝權이어늘 心不平하여 謂元琰曰 吾寧爲王陵死언정 不爲賈充生하리라,d62dd8298c8f38e1,라,True,라(대조군),Level1
시경집전(상),2427,5635,魚는 獸名이니 似猪요 東海有之하니 其皮背上斑文하고 腹下純靑하니 可爲弓鞬矢服也라,4bcae2030fabb6fd,라,False,라(대조군),Level1
당송팔대가문초소순1,358,2268,長吏一怒면 不問罪否하고 袒而笞之라가 喜而接之면 乃反與交手爲市라,236546396ebbcbb6,라,False,라(대조군),Level1
당송팔대가문초한유1,361,1701,若獨有愛於是요 而非仕之謂ᄂ댄 則愈也嘗學之矣니 請繼今以言하리라,2b1195a8bc05522e,라,False,라(대조군),Level1
주역전의(상),286,1121,旣處无過之地면 則唯在閑邪니 邪旣閑則誠存矣라,fcc686f1dc875b50,라,False,라(대조군),Level1
춘추좌씨전6,327,1452,子常必亡郢이리라,63605a0952088680,라,False,라(대조군),Level1
자치통감강목4,178,426,今以陛下之威로 海內爲一이로되 然匈奴侵盜不已者는 無他라,bfcd6de75cbee95c,라,False,라(대조군),Level1
시경집전(상),1713,3878,域은 塋域也라,5f3733677fb77f92,라,False,라(대조군),Level1
서경집전(하),285,1096,此는 因戒勉之也라,d67a3cb537e699a7,라,False,라(대조군),Level1
맹자집주,664,2321,君子는 無小人則飢하고 小人은 無君子則亂하니 以此相易은 正猶農夫陶冶가 以粟與械器相易이니 乃所以本濟요 而非所以相病也라,25dbcb5ced490d19,라,False,라(대조군),Level1
주역전의(하),632,1909,下健而上說은 是健而能說이요 決而能和니 決之至善也라,7823815885ac290e,라,True,라(대조군),Level1
당송팔대가문초소식4,368,1443,吾是以로 知二宗之聖也로라,1cae424f514fdba7,라,True,라(대조군),Level1
자치통감강목10,992,1540,袁公은 寬而不斷하고 好謀而少決하니 不斷則無威요 少決則後事라,dcaea019a1304527,라,False,라(대조군),Level1
당송팔대가문초유종원1,40,299,獨喜思謙之徒 遭時言道니 道之行이면 物得其利라,180b3b8aeb0d3b22,라,False,라(대조군),Level1
자치통감강목10,1331,2106,四患旣蠲하고 五政又立하여 行之以誠하고 守之以固하여 簡而不怠하고 疎而不失이면 垂拱揖讓而海内平矣리라,5111ffb0fb8ca585,라,False,라(대조군),Level1
주역전의(상),1229,3701,窮은 謂滿極이라,d7a004af1db05bfd,라,False,라(대조군),Level1
자치통감강목13,462,1567,劉琨이 遣軍救之호되 不克이라,6f6472ff641b0829,라,True,라(대조군),Level1
주역전의(상),1275,3862,君子以嚮晦入宴息은 君子晝則自强不息이라가 及嚮昏晦則入居於內하여 宴息以安其身하니 起居隨時하여 適其宜也라,2c9710842f56b3d2,라,False,라(대조군),Level1
당송팔대가문초증공1,104,651,若鞏者는 誠鄙且賤이나 然常從事於書하여 而得聞古聖賢之道라,db2e0e8495da7352,라,False,라(대조군),Level1
자치통감강목20,894,1487,歡이 每號令軍士할새 其語鮮卑엔 則曰 漢民이 是汝奴라,cc2ae7c5bcef69e6,라,False,라(대조군),Level1
서경집전(하),198,736,己之志를 以道而寧이면 則不至於妄發이요 人之言을 以道而接이면 則不至於妄受라,080db0d6d43d9bfc,라,True,라(대조군),Level1
자치통감강목1,19,87,又俾方子書其所爲刻之故일새 方子固不得而辭也라,b0dc8cb89b24c572,라,False,라(대조군),Level1
자치통감강목9,527,764,"而徐璜, 左悺이 欲從規求貨호되 規終不答하니 璜等이 陷以前事하여 下吏라",993edc9750d235ff,라,False,라(대조군),Level1
시경집전(상),2758,6400,其는 語辭라,2de9504e8b6adb89,라,False,라(대조군),Level1
주역전의(하),450,1346,漢李固王允과 晉周顗王導之徒是也라,79e0429d0202d578,라,False,라(대조군),Level1
예기집설대전1,482,1537,五十은 始衰라,7e468317b5762dab,라,False,라(대조군),Level1
당송팔대가문초구양수6,45,375,莊宗大驚하야 問其故하니 對曰 陛下開國하야 改元同光하니 天下皆謂陛下同光帝라,b5622ae9b3aff70c,라,True,라(대조군),Level1
맹자집주,1191,4047,"幽州,崇山,三危,羽山,有庳는 皆地名也라",4c9abb3e4da24506,라,False,라(대조군),Level1
서경집전(하),905,3365,琬琰은 圭名이라,e0d2b556b1cc43f4,라,False,라(대조군),Level1
주역전의(하),623,1878,益之極이면 必決而後止니 理无常益하여 益而不已면 已乃決也니 夬所以次益也라,796d762e834e7252,라,False,라(대조군),Level1
당송팔대가문초구양수6,318,2343,其還也에 自閬(랑)州로 浮江而上할새 龍舟畫舸가 照耀江水어늘 所在供億을 人不堪命이라,4a3f652f88a964f7,라,True,라(대조군),Level1
당송팔대가문초구양수3,106,379,故予作琴說以贈其行하고 且邀道滋하야 酌酒進琴以爲別하노라,d305e74b81f3702c,라,False,라(대조군),Level1
춘추좌씨전4,384,1173,季武子以所得於齊之兵作林鐘하야 而銘魯功焉한대 臧武仲謂季孫曰 非禮也라,7e42cbb803ccbf9e,라,False,라(대조군),Level1
시경집전(하),892,1965,賦也라,8ee2540f4365747d,라,False,라(대조군),Level1
시경집전(하),24,53,爾公爾侯하여 逸豫無期케하리라,281432e0113ed678,라,True,라(대조군),Level1
자치통감강목8,2086,2890,先帝舊典에 貢稅多少所由來久矣니 今猥增之하면 必有怨叛이라,1c09e77851081226,라,False,라(대조군),Level1
당송팔대가문초소식5,394,1449,麟이 因收大小使臣十二人하야 付君幷按하고 且盡斬之한대 君持不可라,fe0d99a0d87449ef,라,False,라(대조군),Level1
자치통감강목2,1115,2916,趙空壁逐我어든 卽疾入趙壁하야 拔其幟而易之하라,4acaf78b0b5b72a5,라,False,라(대조군),Level1
당송팔대가문초왕안석1,541,2381,噫라,69c0d46eb718e43e,라,True,라(대조군),Level1
자치통감강목13,490,1630,今日尚可救어니와 後則無及矣리라,95549024e739a7d5,라,False,라(대조군),Level1
당송팔대가문초한유2,149,624,大似烈士膽이요 圓如戰馬纓(師服)이라 上比香爐尖이요 下與鏡面平(喜)이라 秋瓜未落蒂로되 凍芋彊抽萌(彌明)이라,8cc690b7a12b9201,라,True,라(대조군),Level1
당송팔대가문초유종원2,208,1025,其小者則連牽繳繞라가 仰乳俯齕하며 蟻雜螽集하여 啾啾潗潗하고 旅走叢立이라,de84da580269698f,라,False,라(대조군),Level1
당송팔대가문초구양수6,305,2243,九月에 梁兵攻破襄州하니 趙匡凝奔于行密이라,5f78600223559eda,라,False,라(대조군),Level1
당송팔대가문초한유2,255,1229,近代以來로 事與古異하야 或游或仕在千里之外하고 或子幼妻稚而不能自還하며 甚者拘以陰陽畏忌하야 遂葬於其土라,6b25e008f48ce4fd,라,False,라(대조군),Level1
서경집전(상),180,1327,故星土之法은 則有九野하고 而在地者는 必有高山大川이 爲之限隔하여 風氣爲之不通하니 民生其間에 亦各異俗이라,9f9da77e2ff49e51,라,False,라(대조군),Level1
서경집전(상),417,2366,言若不用命이면 不但戮及汝身이라 將倂汝妻子而戮之라,22822e5ed74106dc,라,False,라(대조군),Level1
시경집전(하),1986,4459,賦也라,8ee2540f4365747d,라,False,라(대조군),Level1
서경집전(상),65,486,"言當厚有德, 信仁人하고 而拒奸惡也라",0362b0e3b2fe5e90,라,False,라(대조군),Level1
시경집전(상),309,748,舒는 遲緩也요 脫脫는 舒緩貌라,6380e291729de944,라,False,라(대조군),Level1
맹자집주,123,514,故로 雖無恒産이라도 而有常心이어니와 民則不能然矣라,93546f9922e03d60,라,False,라(대조군),Level1
주역전의(하),3,14,咸은 感也니 不曰感者는 咸有皆義하여 男女交相感也일새라,b12db2c5013d6d99,라,False,라(대조군),Level1
당송팔대가문초구양수5,314,2117,三將被圍數重일새 帝自禦軍救之하니 三將得出하야 皆泣訴라,0c751e725446492f,라,True,라(대조군),Level1
주역전의(하),554,1677,六五元吉은 自上祐也라,7004d2ef32af8074,라,False,라(대조군),Level1
자치통감강목17,714,2513,及魏主臨江에 問宋使者曰 盧度世亡命하고 已應至彼리라,09c0b0cab69de9b1,라,False,라(대조군),Level1
당송팔대가문초구양수1,184,1146,朝廷每用一人에 必當使天下人服이어늘 今每一差遣이면 則物議沸騰하야 累日不息이라,c0cec5948c5951e6,라,False,라(대조군),Level1
서경집전(상),448,2521,遐는 遠也니 遠棄其所司之事也라,4420cca4b0e3a9e5,라,False,라(대조군),Level1
당송팔대가문초왕안석2,87,418,惟其遇事而事治하고 畫策而利害得하야 治國而國安利하나니 此其所以異於人也라,888205d16a2398cf,라,True,라(대조군),Level1
서경집전(하),957,3578,旌別淑慝하여 表厥宅里하며 彰善癉惡하여 樹之風聲하며 弗率訓典이어든 殊厥井疆하여 俾克畏慕하며 申畫郊圻하며 愼固封守하여 以康四海하라,198b6fedd6d377ba,라,True,라(대조군),Level1
예기집설대전2,1525,2168,斬祀는 伐祠祀之木也요 殺厲는 殺疫病之人也라,25e5768248edcb5b,라,False,라(대조군),Level1
논어집주,1937,6009,故로 先去之하여 以滅其跡하니 亦接輿之意也라,29f8857b316d21a0,라,False,라(대조군),Level1
당송팔대가문초구양수6,140,984,又使葬其平生所服衮冕通天冠絳紗袍各二하되 其一은 于京師하고 其一은 于澶州하고 又葬其劒甲各二하되 其一于河中하고 其一于大名者하니 莫能原其旨也라,adb92fda883aa66a,라,True,라(대조군),Level1
당송팔대가문초한유2,82,324,此篇將牽合入天成하니 乃是筆力神巧는 與毛頴傳同이나 而雄邁過之라,6e4487accff56491,라,True,라(대조군),Level1
자치통감강목1,433,1152,書曰 恃德者昌이요 恃力者亡이라하니 此數者는 非恃德也라,fc6025cdbcc4c89e,라,False,라(대조군),Level1
당송팔대가문초구양수4,421,1851,六年八月三日에 廬陵歐陽脩述하노라,365f26303468e11c,라,False,라(대조군),Level1
주역전의(상),676,2156,九二는 不克訟이니 歸而逋하여 其邑人이 三百戶면 无眚하리라,2f055b1c64bf8ccb,라,False,라(대조군),Level1
당송팔대가문초구양수2,394,1554,夫三子者는 皆學乎聖人이요 而傳은 所以述經也니 經文隱而意深이어늘 三子者從而發之라,23d6deaa9c17c892,라,False,라(대조군),Level1
춘추좌씨전3,554,1604,曰 吾與女同好棄惡하야 復修舊德하야 以追念前勳하리라,e4865edc1cc0bd1d,라,True,라(대조군),Level1
당송팔대가문초구양수5,112,842,王峻이 慮贇左右生變하야 遣侍衛馬軍指揮使郭崇하야 以兵七百騎로 衛贇이라,9cbf9aff171d6243,라,False,라(대조군),Level1
시경집전(하),1805,4057,賦也라,8ee2540f4365747d,라,False,라(대조군),Level1
자치통감강목1,4,12,大綱槪擧而監戒昭矣요 衆目畢張而幾微著矣라,3de51c6e937433d7,라,False,라(대조군),Level1
서경집전(하),414,1643,嗚呼라,24e5a6656c0e001e,라,True,라(대조군),Level1
당송팔대가문초구양수6,260,1851,重誨前騶過御史臺門할새 殿直馬延誤衝之어늘 重誨卽臺門斬延而後奏라,140dfb121c95181c,라,False,라(대조군),Level1
당송팔대가문초소순1,374,2337,然이나 要其終亦能使民勉爲仁義라,53c5adbdb0651d34,라,False,라(대조군),Level1
당송팔대가문초한유3,278,1521,瘞硯一段光景이 頗奇氣라,63d3b620b5f196de,라,True,라(대조군),Level1
당송팔대가문초소식1,35,164,今也에 猶以道遠爲歎하시니 則是陛下未知勤也라,7b6d3182bb9121a7,라,True,라(대조군),Level1
시경집전(상),866,2042,庶士는 謂媵臣이라,1bf923cf38b527e1,라,False,라(대조군),Level1
서경집전(하),999,3723,周禮에 太僕은 下大夫也라,1e5591215b032649,라,False,라(대조군),Level1
맹자집주,1830,5823,睟然은 淸和潤澤之貌요 盎은 豐厚盈溢之意라,fa85b41ddd2b3454,라,True,라(대조군),Level1
서경집전(상),280,1724,洞庭이 正在其西北하니 則洞庭之爲九江이 審矣라,ab68a82e0c59cf68,라,False,라(대조군),Level1
당송팔대가문초구양수3,401,1548,公在相位十餘年에 外無夷狄之虞하야 兵革不用하야 海內富實하고 群工百司가 各得其職이라,3d9009624e8fbd61,라,True,라(대조군),Level1
자치통감강목6,1172,2568,夫辟은 君也요 雍은 和也니 言人君有和德이면 則天地之和應之하여 而天下之心服之也라,2702d9edf3e2b753,라,True,라(대조군),Level1
당송팔대가문초구양수4,292,1360,子野之世는 曰贈太子太師諱某는 曾祖也요 宣徽北院使樞密副使累贈尙書令諱遜은 皇祖也요 尙書比部郞中諱敏中은 皇考也라,b60789a0bc175553,라,False,라(대조군),Level1
주역전의(하),3,20,如夫婦之以淫姣와 君臣之以媚說과 上下之以邪僻은 皆相感之不以正也라,68e74cc23fe09f90,라,False,라(대조군),Level1
자치통감강목14,135,425,卓이 雖慕忠義나 性이 多疑少决이라,38ed89ecbfa24802,라,False,라(대조군),Level1
자치통감강목11,564,1905,至於臣者하여는 人道絶緒하고 禁錮明時하여 婚媾不通하고 兄弟乖隔하며 又以一切之制로 永無朝覲之望이라,22fbf32a7ee18b00,라,True,라(대조군),Level1
당송팔대가문초소식4,55,203,君以利使臣이면 則其臣皆小人也니 幸而得其人이라도 亦不過健於才而薄於德者也요 君以禮使臣이면 則其臣皆君子也니 不幸而非其人이라도 猶不失廉恥之士也라,c6086039e6b4ae68,라,False,라(대조군),Level1
맹자집주,816,2953,先王之道는 仁政이 是也라,faad37f3a42d6369,라,False,라(대조군),Level1
서경집전(하),146,603,臣之有作福作威玉食하면 其害于而家하며 凶于而國하여 人用側頗僻하며 民用僭忒하리라,ee5a8ac33318781b,라,False,라(대조군),Level1
논어집주,161,582,書云孝乎者는 言書之言孝如此也라,bbb758d7e3ab8344,라,False,라(대조군),Level1
주역전의(상),103,519,潔靜精微之謂易이니 自是不惹着事요 只懸空說一樣道理하니 不比似他書의 各着事上說이라,f042ce0cd96d4a5e,라,False,라(대조군),Level1
당송팔대가문초구양수2,282,1033,某嘗誦於此而私自爲恨者가 有日矣라,5def6587efaec590,라,True,라(대조군),Level1
맹자집주,826,2980,仁者는 有仁心仁聞而能擴而充之하여 以行先王之道者也라,d423069660b2ceda,라,False,라(대조군),Level1
당송팔대가문초구양수1,130,873,陛下視聽漸熟하야 簡在于聖心하고 及將用之時하얀 則不必與謀也라,17fdad04e1153ae2,라,False,라(대조군),Level1
당송팔대가문초구양수1,323,1785,臣聞士不忘身이면 不爲忠이요 言不逆耳면 不爲諫이라,26d14766d611aec3,라,False,라(대조군),Level1
서경집전(하),1079,4105,汝則有大刑하리라,2e40bbc299afba9e,라,False,라(대조군),Level1
당송팔대가문초구양수4,462,2044,一世之短이요 萬世之長이니 其間得失은 不待較量이라,e9afe26242bd09b0,라,True,라(대조군),Level1
맹자집주,1606,5314,物은 幣也라,8a720b2d63966f04,라,False,라(대조군),Level1
당송팔대가문초구양수6,241,1651,契丹寇鎭定하니 守貞等軍于中渡라가 遂與重威降(항)于契丹이라,2266fd7c88096c31,라,False,라(대조군),Level1
당송팔대가문초왕안석2,584,3034,藥之養之하야 內外完好라,ff965779025d7692,라,False,라(대조군),Level1
당송팔대가문초구양수4,97,465,於是에 豪勢者屈而善弱者伸하니 縣以大治라,70f0224f2c4438b2,라,False,라(대조군),Level1
맹자집주,384,1441,言其縱欲偸安을 亦惟日不足也라,aa0acd7e76522551,라,False,라(대조군),Level1
당송팔대가문초왕안석2,59,234,嗚呼라,69c0d46eb718e43e,라,True,라(대조군),Level1
서경집전(하),202,747,呂氏曰 此는 卽謹德工夫라,babbb3f76fcb4d63,라,False,라(대조군),Level1
당송팔대가문초구양수5,299,2018,左右告憲曰 今魏兵南嚮하고 主上存亡未可知라,4111b9b540c72cdc,라,False,라(대조군),Level1
주역전의(하),1426,4316,正乎凶은 言必凶이라,b0b1ed2a6cd33793,라,False,라(대조군),Level1
춘추좌씨전7,283,1017,冬에 及鄭平하니 始叛晉也라,ce4ef0ca8a811383,라,False,라(대조군),Level1
당송팔대가문초구양수5,196,1318,當崇韜用事時하야 自宰相豆盧革韋悅等으로 皆傾附之라,87aca4f2c7af7faa,라,False,라(대조군),Level1
예기집설대전2,562,802,故出則免之라,5e7733245eedafbb,라,False,라(대조군),Level1
당송팔대가문초소철3,79,402,愚故曰 古今來之에 將權之太輕이 莫有甚於今日也라하노라,6dce1566e9a28756,라,False,라(대조군),Level1
시경집전(하),113,248,蓑笠은 所以備雨라,d0f975e095b5c2b3,라,False,라(대조군),Level1
서경집전(하),286,1104,魯實侯爵이어늘 乃以天子禮樂으로 祀周公하니 亦旣不謹矣라,1d1551eb90ca9b2e,라,False,라(대조군),Level1
자치통감강목19,1795,2408,順은 澄之子也라,7e6993ec7f0a8bb4,라,False,라(대조군),Level1
자치통감강목1,503,1331,孰能一之오하야늘 對曰不嗜殺人者가 能一之라호라,deba2791ccdc314e,라,False,라(대조군),Level1
당송팔대가문초한유2,40,153,今君所請田은 皆故秦漢時郡縣地로 其課績又已驗白하니 若從其言이면 其利未可遽以一二數也리라,d591ae32f6f862ad,라,False,라(대조군),Level1
당송팔대가문초한유2,293,1422,其所憑依는 乃其所自爲也라,484b213e2b49b35d,라,True,라(대조군),Level1
주역전의(하),1325,4046,不覿은 謂尙不見人이니 蓋不變也라,fd9a5f1fc1f572ff,라,False,라(대조군),Level1
자치통감강목10,1366,2155,今千里襲人에 輜重多하니 難以趨利라,cbb16c2467dc1fb1,라,True,라(대조군),Level1
시경집전(하),1042,2290,秩은 常也라,3837af92053fdce7,라,True,라(대조군),Level1
자치통감강목18,117,390,宋主爲人이 機警勇决하고 記問博洽하고 文章華敏하고 又善騎射而奢欲無度라,de057fd0d5f12c94,라,True,라(대조군),Level1
맹자집주,760,2735,段干木은 魏文侯時人이요 泄柳는 魯繆公時人이라,7b8fbed1a1953828,라,False,라(대조군),Level1
당송팔대가문초유종원2,194,886,誨之吾戚也라,49de894cebb5ec66,라,False,라(대조군),Level1
자치통감강목15,259,312,宜命皇甫眞하여 引幷冀之衆하여 徑趨蒲坂하고 吳王垂는 引許洛之兵하여 馳解廋圍하고 太傅는 總京師虎旅하여 爲二軍後繼하여 傳檄三輔하여 示以禍福이면 彼必望風響應하리라,921ae9dd9da55307,라,False,라(대조군),Level1
당송팔대가문초구양수1,87,613,自古人君이 必有儲副는 所以承宗社之重而不可闕者也라,f36f7ab9a49034bc,라,False,라(대조군),Level1
당송팔대가문초구양수6,173,1189,軍發之日에 不給兵甲하고 惟以長竿繫旗幟以表隊伍하니 軍士頗自疑惑이라,849bdb5b312d1bad,라,False,라(대조군),Level1
주역전의(하),1264,3843,然女德之盛이 无以加此라 故又爲月幾望之象이요 而占者如之則吉也라,1b704f1a44d051f0,라,True,라(대조군),Level1
서경집전(상),130,884,會는 徵會也라,f34fdf628f5fbdf8,라,False,라(대조군),Level1
시경집전(상),576,1318,執籥秉翟者는 文舞也라,7f15ca18b624cca9,라,True,라(대조군),Level1
당송팔대가문초유종원1,157,1073,就令哀而顧之者라도 不過攀木俯首하고 深矉太息이라가 良久而去耳니 其卒無可奈何라,58e59a67f8fbf44e,라,True,라(대조군),Level1
서경집전(상),161,1116,此는 言臣所以爲隣之義也라,429d523e6b08bfda,라,False,라(대조군),Level1
시경집전(하),1967,4416,衍은 寬縱之意라,e4d0410ebdf7f921,라,False,라(대조군),Level1
중용장구,196,559,成功一也之下에 有公曰 子之言이 美矣至矣나 寡人이 實固不足以成之也라,a3d20a412795bf9e,라,False,라(대조군),Level1
논어집주,1587,5074,衡은 軛也라,6cc5db06c848c436,라,False,라(대조군),Level1
당송팔대가문초유종원2,322,2050,今尙有五丈夫子라,0ee7772021bf8501,라,False,라(대조군),Level1
서경집전(상),150,1032,明者는 顯其善이요 畏者는 威其惡이라,a81ad177d9eb375e,라,False,라(대조군),Level1
당송팔대가문초구양수5,82,622,莊宗이 東幸汴州할새 從駕兵二萬五千이러니 及至萬勝하야 不得進而還하니 軍士離散하야 所失太半이라,979fd340763630e9,라,False,라(대조군),Level1
자치통감강목9,1433,2078,不如徹圍하고 幷兵入城이니 忠見圍解하면 勢必自出이라,24c706e7b4d0f4a8,라,False,라(대조군),Level1
자치통감강목8,1293,1831,故로 時斷之也라,5bc5d2767d1d2d93,라,False,라(대조군),Level1
춘추좌씨전7,314,1092,子臣하니 可以免이라,25044c7de418f943,라,False,라(대조군),Level1
시경집전(상),712,1649,淸은 視淸明也요 揚은 眉上廣也요 顔은 額角豐滿也라,50504e24b6abb51d,라,True,라(대조군),Level1
서경집전(하),216,799,又按 死生有命이어늘 周公이 乃欲以身으로 代武王之死하시니 或者疑之라,c3b3e09165d9f52f,라,True,라(대조군),Level1
논어집주,479,1758,牖는 南牖也라,0c0e5ee1157ef3f3,라,False,라(대조군),Level1
시경집전(상),774,1808,俟는 待也라,f819e29fb82d3878,라,False,라(대조군),Level1
시경집전(하),2641,5873,成은 樂闋也니 如簫韶九成之成이라,091195e447c358b8,라,False,라(대조군),Level1
춘추좌씨전5,72,386,夏에 齊侯陳侯蔡侯北燕伯杞伯胡子沈子白狄朝于晉하니 宋之盟故也라,fc92f2967de22cf7,라,False,라(대조군),Level1
당송팔대가문초구양수1,246,1415,或人戶無力하고 或頑猾拖延하야 本料尙未送納了當하니 若令又請次料合俵錢數하면 則積壓轉多하야 必難催索이라,b2d80836837557df,라,False,라(대조군),Level1
주역전의(상),892,2777,不曰剛履柔而曰柔履剛者는 剛乘柔는 常理니 不足道라,6d410a766d00a76b,라,False,라(대조군),Level1
자치통감강목18,248,967,紹先이 不尙苛察하고 務擧大綱하여 敎民治生禦冦而已라,3a03105eb5349446,라,False,라(대조군),Level1
춘추좌씨전4,251,747,冬에 楚子囊秦庶長無地伐宋하야 師于楊梁하니 以報晉之取鄭也라,8cd96d90b3b21327,라,False,라(대조군),Level1
춘추좌씨전5,363,1848,猶求聖哲之上과 明察之官과 忠信之長과 慈惠之師하니 民於是乎可任使也하야 而不生禍亂이라,ae28bc0d499aa734,라,True,라(대조군),Level1
당송팔대가문초소식2,303,1255,秦之衰也에 時人이 莫不貪利而不仁하니 秦雖欲其仁이나 而不可得也라,ce2a064291670e17,라,True,라(대조군),Level1
자치통감강목12,499,1818,宜即時赴討하여 不可失也라,fec88c829e493406,라,False,라(대조군),Level1
서경집전(상),590,3099,僭은 差也라,12f00b261f9c6471,라,False,라(대조군),Level1
시경집전(하),542,1199,言因萋斐之形而文致之하여 以成貝錦하여 以比讒人者因人之小過而飾成大罪也라,ca4af05e048808d3,라,False,라(대조군),Level1
중용장구,293,782,惟聖人之德이 極誠無妄이라 故로 於人倫에 各盡其當然之實하여 而皆可以爲天下後世法하니 所謂經綸之也라,d8d70c89d58afe7d,라,True,라(대조군),Level1
주역전의(상),688,2180,或從王事라도 无成이리라,1074a499abc77f9e,라,False,라(대조군),Level1
시경집전(상),599,1381,然이나 豈不害於義理乎아하니 疑之而不敢遂之辭也라,ce35e1155c47f8cf,라,False,라(대조군),Level1
당송팔대가문초한유1,204,1001,其爲人溫良誠信하야 無邪佞詐妄之心하며 彊志而婉容하고 和平而有立하며 其趨事靜以敏하야 著美名 而負屈稱者가 其日已久矣라,7d02969571a0991d,라,True,라(대조군),Level1
자치통감강목1,646,1830,三十二年이라,9477a99624dd92ef,라,True,라(대조군),Level1
자치통감강목1,19,78,歲在庚午에 方子始獲傳此於嗣子寺正君而服膺焉이라,c2df237feb9d0240,라,True,라(대조군),Level1
당송팔대가문초한유1,100,464,宜特下詔云 蔡州自吳少誠已來로 相承爲節度使하고 亦微有功效ᄅ새 少陽之歿에 朕亦本擬與元濟나 恐其年少하야 未能理事라,8cb1535143ab80c6,라,False,라(대조군),Level1
주역전의(하),118,354,雖遯之時라도 君子處之면 未有必遯之義라,a68c0a0e9ae31fb6,라,False,라(대조군),Level1
자치통감강목15,1434,2031,四者不失이면 吾無憂矣로라,182e0ef0cbebe588,라,False,라(대조군),Level1
당송팔대가문초구양수6,223,1465,彜超不受代하니 以兵攻之어늘 久不克이라,4a6eb9fc355a119f,라,False,라(대조군),Level1
자치통감강목10,398,584,四年이라,f9e2ff0c910531a1,라,False,라(대조군),Level1
맹자집주,787,2838,故로 無君이요 墨子는 愛無差等하여 而視其至親을 無異衆人이라,67387e33da8a74b1,라,False,라(대조군),Level1
논어집주,178,647,三家는 魯大夫孟孫叔孫季孫之家也라,d629546bb6486b9b,라,False,라(대조군),Level1
서경집전(하),556,2131,告爾殷多士하노라,06e8418a6a7afaf3,라,False,라(대조군),Level1
맹자집주,1622,5369,故로 不以女樂去 而以膰肉行하시니 其見幾明決 而用意忠厚하시니 固非衆人所能識也라,4babe19e9bff01e0,라,True,라(대조군),Level1
주역전의(하),1434,4339,卦有剛中之德하니 能貞者也라,0989f399c5df4383,라,True,라(대조군),Level1
예기집설대전2,839,1206,子思之意以爲雖有齊衰期之禮나 然財不足以備禮면 則行之必有所不備요 若有其禮有其財하야 可以行矣로대 而非道隆之時면 亦弗可以備行也라,13a1f77f01a80898,라,False,라(대조군),Level1
시경집전(하),1296,2778,賦也라,8ee2540f4365747d,라,False,라(대조군),Level1
춘추좌씨전1,462,2338,秋 七月이라,adf1b85f64a7ea08,라,False,라(대조군),Level1
예기집설대전2,931,1346,故欲擇不可墾耕之地而葬焉이니 其意慊然不自足이나 其言依於謙儉이니 蓋亦可謂賢已라,287b7a1931b7be4b,라,False,라(대조군),Level1
예기집설대전2,1310,1873,親喪歠粥之時라,c56bfbae8aae6d07,라,True,라(대조군),Level1
시경집전(상),436,1026,漕는 衛邑名이라,869d5a6b5757fbee,라,False,라(대조군),Level1
자치통감강목7,719,971,及更始敗에 相與議曰 今天下擾亂하여 未知所歸라,8eaea89ee23e9cf6,라,True,라(대조군),Level1
서경집전(상),40,304,上日은 朔日也라,ffea0b387b17ec0f,라,False,라(대조군),Level1
시경집전(하),415,906,舊說에 幽王太子宜臼被廢而作此詩라,f4b235d5ea31a9a9,라,False,라(대조군),Level1
자치통감강목3,1150,2655,臣又聞用兵之急者三이니 一曰得地形요 二曰卒服習이요 三曰器用利라,64a3f2e20d24dd2c,라,True,라(대조군),Level1
자치통감강목1,667,1897,趙王이 歸하야 以相如爲上卿하니 位在廉頗右라,203da9b41a572ea0,라,False,라(대조군),Level1
논어집주,1644,5251,若其惡惡은 則已緩矣라,a5594ed8c381cc17,라,False,라(대조군),Level1
당송팔대가문초구양수1,18,126,夫訓兵養士하야 伺隙乘便하야 用間出奇가 此將帥之職也니 所謂閫外之事而君不御者可也라,2f5496849d021e9a,라,False,라(대조군),Level1
당송팔대가문초구양수1,472,2360,一曰不忠於陛下者 欲急和하며 二曰無識之人 欲急和하며 三曰姦邪之人 欲急和하며 四曰疲兵懦將 欲急和하며 五曰陝西之民 欲急和라,3115095feaa48fef,라,False,라(대조군),Level1
당송팔대가문초한유2,412,2153,外多失朝하야 曠不嶽狩하고 百隷怠官하야 事亡其舊어늘 帝時繼位하야 顧瞻咨嗟라 惟汝文武아 孰恤予家오 既斬吳蜀하고 旋取山東이라 魏將首義하야 六州降從이라,ce5af00b368f4435,라,True,라(대조군),Level1
당송팔대가문초소식2,465,1998,是知鑄而不知收也일새라,c9eeac3462cbac16,라,False,라(대조군),Level1
당송팔대가문초구양수3,486,2069,及呂公復相하야 公亦再起被用이라,f4fce0fd0c09bc13,라,False,라(대조군),Level1
주역전의(하),741,2205,物相會遇則成群하니 萃所以次姤也라,13845b3e0778814e,라,False,라(대조군),Level1
자치통감강목14,39,94,悉獨官이 聞之하고 曰 翰不入城하니 或能爲患이라,c264becd1bc997ed,라,False,라(대조군),Level1
시경집전(상),54,211,我姑酌彼兕觥하여 維以不永傷호리라,c118e5fd02103032,라,True,라(대조군),Level1
당송팔대가문초구양수6,121,862,晉遣太原少尹李承勳賀冊尙父러니 至燕而守光已僭號라,5013aa67c230c154,라,False,라(대조군),Level1
자치통감강목9,93,126,殤帝卽位踰年이요 安帝承襲統業이어늘 而前世令恭陵在康陵之上하니 失其次序라,515eee33357dc732,라,False,라(대조군),Level1
당송팔대가문초유종원1,13,62,永州於楚爲最南하고 狀與越相類라,0fb4dc22895226a4,라,False,라(대조군),Level1
당송팔대가문초소순1,338,2125,伊尹太公은 非賢於湯武也어늘 而二聖人者는 特不顧以師友之하니 以明有尊也라,58ca2395031c2f3d,라,False,라(대조군),Level1
맹자집주,302,1137,由湯으로 至於武丁히 賢聖之君六七이 作하여 天下歸殷이 久矣니 久則難變也라,4312bb0581d52744,라,False,라(대조군),Level1
중용장구,131,358,申은 重也라,0dc37ce116d48ff7,라,False,라(대조군),Level1
당송팔대가문초구양수6,235,1579,而姑息重榮하야 不能詰이라,6c68e5188fe31de7,라,False,라(대조군),Level1
시경집전(하),1419,3083,此亦周公戒成王之詩라,52ccc66ec02c556f,라,True,라(대조군),Level1
시경집전(상),635,1456,狐는 獸名이니 似犬하고 黃赤色이요 烏는 鵶니 黑色이라,c92bb0acf32f8861,라,False,라(대조군),Level1
서경집전(하),930,3477,曰一二臣衛는 一二는 見非一也니 爲王蕃衛故로 曰臣衛라,a7ce1f9228435879,라,False,라(대조군),Level1
서경집전(하),820,3100,令出은 惟行이라 弗惟反이니 以公滅私하면 民其允懷하리라,64285495e5c9532b,라,True,라(대조군),Level1
춘추좌씨전6,89,289,十二年春에 齊高偃納北燕伯款于唐하니 因其衆也라,f9adfe27c2b62ef6,라,False,라(대조군),Level1
논어집주,1136,3736,蓋心之全德이 莫非天理나 而亦不能不壞於人欲이라,6da7ccf9b3347ec7,라,True,라(대조군),Level1
당송팔대가문초소순1,195,1213,末世不然하여 遷其賞於不諫하고 遷其刑於諫하니 宜乎臣之噤口卷舌하여 而亂亡隨之也라,7fda9f5a28d694e0,라,False,라(대조군),Level1
당송팔대가문초구양수6,3,31,遨乃入少室山爲道士하니 其妻數(삭)以書勸遨還家어늘 輒投之於火라,80281265ac120dce,라,False,라(대조군),Level1
논어집주,1368,4418,承은 進也라,6f195ff3dba7d0ff,라,False,라(대조군),Level1
서경집전(상),274,1705,順流而下曰沿이라,f9f2c6e003cd3c51,라,False,라(대조군),Level1
시경집전(상),377,904,絺綌而遇寒風은 猶己之過時而見棄也라,21ea7a6be97f2514,라,True,라(대조군),Level1
자치통감강목4,532,1272,"公卿이 請逮捕賜治한대 賜는 自剄死하고 王后, 太子及孝는 皆棄市하니 凡二獄所連引列侯, 二千石, 豪傑等死者 數萬人이라",4a611e7e93d8cf6e,라,False,라(대조군),Level1
자치통감강목20,119,194,放은 叡之子也라,762745559c8a611f,라,False,라(대조군),Level1
시경집전(상),165,449,故로 嫁於諸侯에 而其家人美之曰 維鵲有巢면 則鳩來居之라,3090075d60dd8db0,라,True,라(대조군),Level1
주역전의(상),1928,5735,以陰柔而自處極險之地하니 是其失道也라,8a85a1b3c3cf8ec9,라,False,라(대조군),Level1
주역전의(상),1181,3568,雖使知謙之善하여 勉而爲之라도 若矜負之心不忘이면 則不能常久하니 欲其有終이나 不可得也라,ee45c03e8035b9c1,라,False,라(대조군),Level1
당송팔대가문초구양수5,127,929,昭宗이 遷洛陽하야 宴崇勳殿할새 酒半에 起하야 使人召太祖入內殿하니 將有所託일새라,d221757b00add32b,라,False,라(대조군),Level1
당송팔대가문초증공1,424,2434,夫治固不可以不兼文武나 而施澤於堂廡之上하여 服冕搢笏하여 使士民化하고 奸宄息者는 固亦在彼而不在此也라,89be77c150c42c5e,라,False,라(대조군),Level1
당송팔대가문초구양수4,358,1601,然欲與共大事立奇功인댄 非得難合自重之士면 不可爲也라,9899960c2c79785d,라,True,라(대조군),Level1
당송팔대가문초소철3,49,238,惟無重臣이라,26a8132d25c0e776,라,False,라(대조군),Level1
시경집전(하),793,1709,賦也라,8ee2540f4365747d,라,False,라(대조군),Level1
당송팔대가문초구양수4,366,1645,公은 諱塾이요 字宗道요 姓薛氏니 資政殿學士兵部尙書簡肅公之弟라,20b0e130056d46af,라,False,라(대조군),Level1
시경집전(상),27,115,關雎는 后妃之德也요 風之始也니 所以風天下而正夫婦也라,0d9ef51ae0927e52,라,True,라(대조군),Level1
서경집전(하),938,3513,文武務德不務罰之心을 推行而底其至하고 兼盡而極其誠하여 內外充實이라,67823c5ba0c41b22,라,True,라(대조군),Level1
논어집주,1122,3663,宗廟之事는 謂祭祀라,72b9e3f5be0dd09d,라,True,라(대조군),Level1
서경집전(상),67,495,奮은 起요 熙는 廣이요 載는 事요 亮은 明이요 惠는 順이요 疇는 類也라,4c1684e1cdae8f59,라,False,라(대조군),Level1
자치통감강목5,697,1614,近觀漢相하면 高祖開基에 蕭曹爲冠하고 孝宣中興에 丙魏有聲이라,c26e0dfc6961f197,라,False,라(대조군),Level1
예기집설대전2,1123,1617,點은 字가 晳이니 曾子父也라,6cd56019d757b67d,라,False,라(대조군),Level1
당송팔대가문초유종원2,77,314,其國無有三惡八難하고 衆寶以爲飾하며 其人無有十纏九惱하고 群聖以爲友라,174bb4ece71c15ac,라,True,라(대조군),Level1
주역전의(하),1070,3250,震驚百里는 以雷言이라,0a11c63637f2cfb6,라,False,라(대조군),Level1
당송팔대가문초소순1,161,1037,使後人不通經而傳史면 則稱讚不知所法하고 懲勸不知所沮라,e1a70535f8cf2283,라,False,라(대조군),Level1
당송팔대가문초유종원2,208,1022,決然坌躍하여 千里相角이라,f461bf424a90e2e4,라,False,라(대조군),Level1
당송팔대가문초소식4,37,138,明辯이라,489f837ad4e23457,라,False,라(대조군),Level1
맹자집주,670,2366,易는 治也라,accc1f9db364e37f,라,False,라(대조군),Level1
시경집전(상),1642,3735,今夕何夕고 見此良人호라,ef5ff64a71706c34,라,True,라(대조군),Level1
자치통감강목13,793,2614,裴嶷曰 晉室衰微하여 介居江表하니 中原之亂이 非明公이면 不能拯也라,899cbb43a8c5df8e,라,False,라(대조군),Level1
당송팔대가문초소순1,406,2596,不破折不腐而不爲人所材以及於斧斤하고 出於湍沙之間이나 而不爲樵夫野人之所薪而後에 得至乎此하니 則其理似不偶然也라,b63474ec2b309ca3,라,True,라(대조군),Level1
시경집전(하),1197,2596,徒는 步行者요 御는 乘車者라,0a22ec64c86620ca,라,True,라(대조군),Level1
서경집전(상),787,3719,祖는 姓이요 伊는 名이니 祖己後也라,2c21cedeb732fa68,라,False,라(대조군),Level1
시경집전(하),1338,2867,哉는 語辭라,ca7dd31ed06918b1,라,True,라(대조군),Level1
서경집전(상),161,1144,汝聽者는 言汝當審樂하여 而察政治之得失者也라,3b2fac9e46bbe714,라,False,라(대조군),Level1
서경집전(상),771,3664,惟后는 非賢이면 不乂하고 惟賢은 非后면 不食하나니 其爾克紹乃辟于先王하여 永綏民하라,bf5c471a85a37384,라,False,라(대조군),Level1
주역전의(하),1632,4853,過以就之는 蓋順理也니 過而順理면 其吉必大라,639dc075cb4a60c1,라,True,라(대조군),Level1
춘추좌씨전2,827,2481,十八年春에 齊侯戒師期하고 而有疾하니 醫曰 不及秋하야 將死하리라,22c8dd2ac306f4d4,라,False,라(대조군),Level1
당송팔대가문초소식4,351,1390,公之功德은 蓋不待文而顯이요 其文亦不待序而傳이라,14eaaa1427cbd901,라,False,라(대조군),Level1
중용장구,35,115,變和言庸者는 游氏曰 以性情言之면 則曰中和요 以德行言之면 則曰中庸이라하니 是也라,af6ae7f59f483217,라,False,라(대조군),Level1
시경집전(하),2400,5333,賦也라,8ee2540f4365747d,라,False,라(대조군),Level1
서경집전(상),600,3139,伊尹이 歎息言 德政修否 見於後世하고 服乎當時하여 有不可掩者如此라,cd774b536d3458c6,라,True,라(대조군),Level1
예기집설대전2,1275,1828,哀素는 言哀痛無飾也라,76a77ceb4d527cfa,라,False,라(대조군),Level1
당송팔대가문초소순1,270,1757,岑彭이 攻公孫述에 自江州로 泝都江하여 破侯丹兵하고 徑拔武陽하고 繞出延岑軍後하여 疾以精騎로 赴廣都하니 距成都는 不數十里라,69937364bcbdca9a,라,True,라(대조군),Level1
당송팔대가문초유종원2,207,999,大鹵之金과 棠谿之工으로 火化水淬하면 器備以充하니 爲棘爲矛하고 爲鎩爲鉤하고 爲鏑爲鏃하고 爲槊爲鍭라,7c71c32deed8c21c,라,False,라(대조군),Level1
시경집전(하),2323,5180,鏤는 刻金也라,b8ed1da8f010380d,라,False,라(대조군),Level1
예기집설대전2,1990,2829,數其母死而歌면 則壤當絶이요 叩其夷踞之脛인댄 則壤猶故人耳라,3b21867961e103c5,라,True,라(대조군),Level1
서경집전(하),632,2430,"閎,散,泰,南宮은 皆氏요 夭, 宜生, 顚, 括은 皆名이라",208eb4c7c6803f0a,라,False,라(대조군),Level1
맹자집주,1896,5993,言仲子設若非義而與之齊國이라도 必不肯受리니 齊人이 皆信其賢이라,f225b4a166f69d67,라,False,라(대조군),Level1
서경집전(하),907,3389,"周禮典路云 若有大祭祀면 則出路하고 大喪,大賓客에도 亦如之라하니 是大喪出輅는 爲常禮也라",40196c6ad6816448,라,False,라(대조군),Level1
주역전의(상),1338,4044,幹父之蠱는 意承考也라,5d372d2c5e55700a,라,False,라(대조군),Level1
당송팔대가문초구양수1,150,972,老成典刑之見이라,c9d8e088d7be9d72,라,False,라(대조군),Level1
당송팔대가문초한유2,386,1981,斂兵荆黔洪桂伐之나 二年尤張이라,4ef8167fa135e6e6,라,False,라(대조군),Level1
주역전의(하),78,249,初與四爲正應하니 理之常也라,408f2ca4c4dc73bd,라,False,라(대조군),Level1
자치통감강목12,200,784,昔에 關羽有北向爭天下之志러니 孫權襲取其將士家屬하니 羽衆이 瓦解라,97e2d7099dfa3024,라,False,라(대조군),Level1
시경집전(상),1060,2480,吪는 動也라,23057cac5511098d,라,False,라(대조군),Level1
춘추좌씨전3,633,1929,位於七人之下하야 而求掩其上하니 怨之所聚오 亂之本也라,93a32b5a8cc6e1ce,라,True,라(대조군),Level1
맹자집주,627,2174,孟子嘗言 文王治岐에 耕者九一하며 仕者世祿이라하시니 二者는 王政之本也라,26a87341d69c1a97,라,False,라(대조군),Level1
당송팔대가문초구양수2,255,955,州人至에 蒙惠書及補注周易하니 甚善이라,7e51220c77e37198,라,False,라(대조군),Level1
시경집전(상),1552,3546,狩亦獵也라,028a0a5511f03fd8,라,False,라(대조군),Level1
서경집전(상),359,2037,桐柏은 地志에 在南陽郡平氏縣東南이라하니 今唐州桐柏縣也라,50ec2ab892382150,라,False,라(대조군),Level1
예기집설대전2,1870,2664,然爲疑辭而不爲決辭者는 蓋季子乃隨時處中之道니 稱其有無而不盡拘乎禮者也라,a7a49c31d1175da1,라,False,라(대조군),Level1
시경집전(하),2968,6585,萬民是若은 順萬民之望也라,c69e2ccab553e620,라,False,라(대조군),Level1
당송팔대가문초구양수2,438,1744,不能使小人不爲極惡大罪하고 而一日之恩이 能使視死如歸而存信義하니 此又不通之論也라,206ffa7c204960a4,라,False,라(대조군),Level1
당송팔대가문초구양수1,419,2152,臣請選知水利之臣하야 就其下流하야 求其入海之路而浚之니 不然하야 下流梗澁이면 則終虞上決에 爲患無涯라,2430dd726c733464,라,False,라(대조군),Level1
당송팔대가문초구양수2,117,427,脩頓首再拜하고 白司諫足下하노라,b91c9655d0958b03,라,False,라(대조군),Level1
주역전의(하),27,86,九三은 咸其股라,85262d776d905921,라,True,라(대조군),Level1
주역전의(하),413,1234,以卦才로 言處蹇之道也니 上險而下止는 見險而能止也라,9b090034d7c820ba,라,False,라(대조군),Level1
자치통감강목2,790,2151,君이 急取之하라,c957533f086efd7d,라,False,라(대조군),Level1
자치통감강목10,1438,2269,長吏還者 垢面羸衣로 獨乘柴車하고 軍吏入府에 朝服徒行하니 吏潔於上하고 俗移於下라,0ae802b5ee2f15bd,라,False,라(대조군),Level1
시경집전(하),2839,6287,徂는 行也라,5fcb2f773752af69,라,False,라(대조군),Level1
당송팔대가문초구양수3,41,148,而歐陽公序之에 只道其故舊凋落之意하니 隱然可見이라,1699ce3e65548a2e,라,False,라(대조군),Level1
당송팔대가문초소순1,99,625,而余公은 適亦有成功於南方하고 執事與蔡公은 復相繼登於朝하며 富公은 復自外入爲宰相하시니 其勢將復合爲一이라,58a207e005589374,라,False,라(대조군),Level1
자치통감강목15,1577,2238,魏東平公儀 攻鄴이어늘 燕范陽王德이 使南安王青等으로 夜撃破之하니 魏軍이 退屯新城이라,a2883f1a2ab69686,라,False,라(대조군),Level1
자치통감강목13,522,1733,秦王業은 吳孝王晏之子요 藩甥也라,d87b26e372acd5fa,라,False,라(대조군),Level1
시경집전(상),2363,5473,許許는 衆人共力之聲이라,64ff03e18bce9d68,라,False,라(대조군),Level1
시경집전(상),1490,3415,要는 裳要요 襋은 衣領이라,4a27f0dc5a0197b1,라,False,라(대조군),Level1
주역전의(상),1204,3636,故不勝其切하여 至於鳴也라,3ad56facd3bfda0c,라,True,라(대조군),Level1
중용장구,118,327,洋洋은 流動充滿之意라,22334a61807fe51f,라,False,라(대조군),Level1
춘추좌씨전5,51,293,書先晉은 晉有信也라,7ac45cc9525cea23,라,False,라(대조군),Level1
시경집전(상),41,171,薄은 猶少也라,35106b36dde00162,라,False,라(대조군),Level1
당송팔대가문초유종원1,275,1686,猶梓人畫宮於堵 而績于成也라,75234010543e94a5,라,False,라(대조군),Level1
춘추좌씨전6,390,1721,以告平子曰 有君子白皙鬒鬚眉하며 甚口라한대 平子曰 必子彊也라,f3f2cc361879654a,라,False,라(대조군),Level1
서경집전(상),261,1651,陽鳥는 隨陽之鳥니 謂雁也라,b7c00f5e9312edaf,라,False,라(대조군),Level1
당송팔대가문초소순1,359,2275,苟一之以進士制策이면 是使奇才絶智有時而窮也요 使吏胥之人으로 得出爲長吏면 是使一介之才로 無所逃也라,3787d2f6ea47bfca,라,False,라(대조군),Level1
당송팔대가문초구양수5,294,1991,明宗知而不問하고 爲下詔하야 坐圜與守殷通書而言涉怨望이라,1ab3f6dd6ae210ed,라,False,라(대조군),Level1
당송팔대가문초증공1,494,2753,雖歸之輔敎警世라도 然考之中庸或過矣라,50fc1246abedcd89,라,False,라(대조군),Level1
주역전의(하),1774,5267,君子德輝之盛而功實稱之는 有孚也라,933c0717cf4cf909,라,False,라(대조군),Level1
시경집전(상),1854,4209,袍는 襺也라,949847c6ea2b48a3,라,False,라(대조군),Level1
자치통감강목20,235,406,反經合道는 先儒가 釋經之言而道之蠧也라,6e5ec4992ff08de4,라,False,라(대조군),Level1
당송팔대가문초구양수3,291,1080,壯哉라,66d7ca794378fc43,라,True,라(대조군),Level1
주역전의(하),712,2120,陰柔之質은 鮮克貞固하니 二之於初에 難得其誠心矣니 所遇不得其誠心이면 遇道之乖也라,d5f652483b846cc8,라,False,라(대조군),Level1
맹자집주,99,365,隱은 痛也라,d2d2b45e501fa672,라,False,라(대조군),Level1
주역전의(하),102,309,婦人은 以從爲正하고 以順爲德하니 當終守於從一이어니와 夫子則以義制者也어늘 從婦人之道면 則爲凶也라,8af9e4b0345ef7a7,라,False,라(대조군),Level1
당송팔대가문초유종원2,206,988,混潰后土하여 濆濁糜沸하니 黿鼉詭怪 于于汨汨에 騰倒䭿越하고 委泊涯涘하여 呀呷欱納하여 摧雜失墜라,d85f2d1dcfbc3f2e,라,True,라(대조군),Level1
자치통감강목10,1191,1879,是將軍一擧에 斷袁氏之臂하고 解一方之急이라,b85a52a81587bb38,라,False,라(대조군),Level1
시경집전(하),2802,6190,大軍之後에 必有凶年이로되 而武王克商은 則除害以安天下라,2ab32a761396f0f4,라,False,라(대조군),Level1
춘추좌씨전6,273,1211,窕則不咸하고 槬則不容하야 心是以感하니 感實生疾이라,8b0a5268403272a3,라,True,라(대조군),Level1
당송팔대가문초구양수1,89,642,以此見臣民盡忠은 蒙陛下之德厚하고 愛陛下之意深이라 故爲陛下之慮遠也라,397f8dfc8d5b9d45,라,False,라(대조군),Level1
자치통감강목12,158,562,帝王之尊은 與天同位라,7e32da48547fa8d7,라,True,라(대조군),Level1
당송팔대가문초구양수1,144,950,司封員外郞呂公著는 是夷簡之子니 器識深遠하고 沈靜寡言하며 富貴不染其心하고 利害不移其守라,7bb4648d9cbb8c78,라,True,라(대조군),Level1
당송팔대가문초구양수5,297,2007,又問憲庫錢幾何오한대 憲上庫簿有錢三萬緡이라,facc39057253f4bd,라,False,라(대조군),Level1
논어집주,1942,6037,少連은 東夷人이라,26cd72cc5297f2d9,라,False,라(대조군),Level1
논어집주,1394,4496,可以爲難矣어니와 仁則吾不知也로라,cbe4af96b6c927e9,라,False,라(대조군),Level1
자치통감강목11,464,1607,議者多與朗同이라,3f637c5e078aa7d9,라,False,라(대조군),Level1
시경집전(하),444,973,相은 視요 投는 奔이요 行은 道요 墐은 埋요 秉은 執이요 隕은 墜也라,d769180790f2a9c2,라,False,라(대조군),Level1
맹자집주,1646,5442,魯地之大는 皆幷呑小國而得之니 有王者作이면 則必在所損矣리라,0cf1a5a24848caa7,라,False,라(대조군),Level1
당송팔대가문초증공1,365,2019,宜黃之學者 固多良士러니 而李君之爲令에 威行愛立하여 訟淸事擧하고 其政又良也라,e64082b9002802b5,라,True,라(대조군),Level1
당송팔대가문초소식3,72,259,故로 曰 天子之兵은 莫大於御將이라하노라,42652c7babb3882a,라,False,라(대조군),Level1
시경집전(하),849,1867,蓋后稷爲田에 一畝三畎하되 廣尺深尺하여 而播種於其中하여 苗葉以上이어든 稍耨壟草하고 因壝其土하여 以附苗根하니 壟盡畎平이면 則根深而能風與旱也라,ed61a62b03037d65,라,False,라(대조군),Level1
당송팔대가문초증공1,388,2189,山之上爲廟하니 一以祠神之主此湖者요 一以祠吏之有功於此湖者라,3cf2f05a7a6d7368,라,False,라(대조군),Level1
주역전의(하),386,1129,六三이 上九正應 而三居二陽之間하여 後爲二所曳하고 前爲四所掣하고 而當睽之時하여 上九猜狠方深이라 故又有髡劓之傷이라,0770bc2a8e73768e,라,True,라(대조군),Level1
맹자집주,248,940,兩引書는 皆商書仲虺之誥文也니 與今書文으로 亦小異라,55bf85a101ce98a0,라,False,라(대조군),Level1
자치통감강목17,215,746,監軍侍御史安頡曰 受詔滅賊이어늘 今更(갱)爲賊所困하니 若不爲賊殺이면 當坐法誅라,4a1695c9f0a0dd3c,라,False,라(대조군),Level1
자치통감강목17,196,661,六月朔에 日食이라,3cc2be047b43a751,라,True,라(대조군),Level1
시경집전(하),2607,5791,銍은 穫禾短鎌也라,997f1df3e50da24f,라,False,라(대조군),Level1
주역전의(상),661,2122,訟者는 求辯其是非也니 辯之當이 乃中正也라,b4f2b358f784a3eb,라,False,라(대조군),Level1
자치통감강목14,728,2270,"初에 趙將麻秋 爲苻洪所獲하여 以爲軍師將軍이러니 説(세)洪曰 冉閔, 石祗方相持하니 中原을 未可平也라",048387b6c11d2459,라,False,라(대조군),Level1
자치통감강목20,1860,2850,初에 東魏遣牒雲洛等하여 迎鄱陽世子嗣하여 使鎭皖城이어늘 未行에 侯景遣任約하여 將兵寇江州한대 洛等引去하니 嗣失援敗死라,3f122555b5f26b19,라,False,라(대조군),Level1
맹자집주,1195,4067,語云 盛德之士는 君不得而臣하며 父不得而子라,a2ab402ca1fe789a,라,False,라(대조군),Level1
주역전의(상),1302,3937,居近君之位而有獲이면 其義固凶이로되 能有孚而在道則无咎하니 蓋明哲之功也라,c3040600244e2686,라,False,라(대조군),Level1
논어집주,795,2821,末은 無也라,b3f509e569d45f38,라,False,라(대조군),Level1
자치통감강목3,444,1088,上曰 煩公하노니 幸卒調護太子하라,2737b65dfa337fc9,라,False,라(대조군),Level1
시경집전(하),831,1814,言 其田整飭而穀茂盛者는 皆曾孫之穡也라,52c90af40926f8c5,라,False,라(대조군),Level1
주역전의(상),757,2370,師之興은 必以蠻夷猾夏하고 寇賊姦宄하여 爲生民之害하여 不可懷來然後에 奉辭以誅之니 若禽獸入于田中하여 侵害稼穡하여 於義宜獵取則獵取之니 如此而動이라야 乃得无咎라,853ebccb6181391b,라,True,라(대조군),Level1
예기집설대전2,1363,1948,主人不親舍奠而使有司代之者는 欲速反而修虞事故也라,d6f0cb4ce610bcd4,라,False,라(대조군),Level1
서경집전(상),235,1544,林氏曰 旣總謂之海物이면 則固非一物矣라,dca293135c1b33f1,라,False,라(대조군),Level1
서경집전(상),339,1951,"終南, 惇物, 鳥鼠는 亦皆山名이라",713873fdf27cc2ae,라,False,라(대조군),Level1
자치통감강목4,383,927,是以로 民服事其上而下無覬覦러니 周室旣微에 禮樂征伐이 自諸侯出하니 桓文之後에 大夫世權하고 陪臣執命이라,ecb95a6c335de428,라,False,라(대조군),Level1
당송팔대가문초왕안석2,611,3145,以馳我哀하니 不在醪羞라,8c368a821819de40,라,True,라(대조군),Level1
당송팔대가문초소식5,26,83,古之君子는 其處己也厚하고 其取名也廉이라,1b6bc587b2f3cc49,라,False,라(대조군),Level1
시경집전(하),1811,4079,胥는 相也라,b403f3f3be1cd7d8,라,False,라(대조군),Level1
자치통감강목15,976,1386,且燕室之罪人也니 不足復顧라,7303d597ca8d04b7,라,True,라(대조군),Level1
시경집전(하),937,2055,翰은 幹也이니 所以當墻兩邊障土者也라,cf9a65e1dea1ee32,라,False,라(대조군),Level1
당송팔대가문초유종원1,40,305,儻因賊平慶賞之際하여 得以見白하여 使受天澤餘潤이면 雖朽枿敗腐 不能生植이라도 猶足蒸出芝菌하여 以爲瑞物하리라,7befea457740e0c5,라,True,라(대조군),Level1
자치통감강목9,1196,1743,察其風聲하니 將爲國患이라,523cb032ef8fee40,라,True,라(대조군),Level1
자치통감강목13,490,1629,帝謂使者曰 為我하여 語諸征鎭하라,c2587dec3dc6192a,라,False,라(대조군),Level1
당송팔대가문초한유1,311,1506,若有鬼神이면 將不福人이리라,cc0c5938468d6762,라,True,라(대조군),Level1
예기집설대전2,642,917,深衣는 卽間傳所言麻衣也라,3a49be52487209eb,라,False,라(대조군),Level1
맹자집주,1737,5621,在我者는 謂仁義禮智凡性之所有者라,a19f995260526412,라,False,라(대조군),Level1
주역전의(하),340,991,陽은 主義하고 陰은 主利하니 以陰居陰而在上位하여 能富其家者也라,b0b352e6c490f6db,라,False,라(대조군),Level1
서경집전(상),280,1722,九江은 卽今之洞庭也라,87b67eb3270cfdfa,라,False,라(대조군),Level1
자치통감강목7,552,731,王郞雖破나 天下兵革이 乃始耳라,109677f9e4bcc7b8,라,True,라(대조군),Level1
서경집전(하),95,364,曰者는 擧武王告神之語라,2e4b278804924654,라,False,라(대조군),Level1
시경집전(상),351,852,賦也라,8ee2540f4365747d,라,False,라(대조군),Level1
당송팔대가문초구양수4,543,2405,其大節은 乃篤於仁義하야 窮達禍福에 不媿古人하니 其事不可徧擧라,b4883ac7ec884b36,라,True,라(대조군),Level1
당송팔대가문초구양수5,38,263,七月에 至于太原하야 訟其事于京師하야 請加兵於汴하고 遣弟克修하야 將兵萬人하야 屯于河中以待라,b7f1257df666c6c6,라,False,라(대조군),Level1
자치통감강목2,124,305,吾已全己니 無違人臣之義矣라,52290f8106d6d3fe,라,True,라(대조군),Level1
논어집주,564,2072,脩는 脯也니 十脡爲速이라,ec589f05301d28b7,라,False,라(대조군),Level1
당송팔대가문초소식5,308,1197,哀公之元年에 吳王夫差 敗越於夫椒러니 句踐이 使大夫種으로 因太宰嚭하야 以行成於吳한대 吳王許之라,b64e8d1c415cfd1b,라,False,라(대조군),Level1
주역전의(상),1048,3213,此三字는 羨文이라,1bc4b83c301fcee6,라,False,라(대조군),Level1
논어집주,1861,5778,氣失其平則爲疾이라,3702500664b812be,라,False,라(대조군),Level1
당송팔대가문초소식3,313,1226,本屬時論이로되 却能按經傳事情하야 化腐爲新하니 擧子輩得此法이면 可以橫四海矣리라,98da179358776d4b,라,False,라(대조군),Level1
시경집전(상),2390,5545,享은 獻也라,5eef0f3106b664a7,라,False,라(대조군),Level1
주역전의(하),331,965,故爲婦人之貞吉也라,8716ffc40d2e0689,라,True,라(대조군),Level1
자치통감강목17,591,1980,曄猶疑未決이러니 熙先曰 又有過於此者호되 愚則未敢道耳로라,1c3c8a0c181804ef,라,False,라(대조군),Level1
당송팔대가문초한유1,234,1139,將息之道는 當先理其心이라,7e935323926709f0,라,False,라(대조군),Level1
예기집설대전2,1708,2439,商陽自言位卑禮薄하니 如此亦可以稱塞矣라,f0bd79dc93cac2dd,라,False,라(대조군),Level1
당송팔대가문초구양수2,352,1344,議論正大하고 知見得大頭腦處라,b246f5b85dcba446,라,False,라(대조군),Level1
당송팔대가문초왕안석1,346,1611,蓋儒者所爭이 尤在於名實하니 名實已明이면 而天下之理得矣라,ec150623a6f390e8,라,False,라(대조군),Level1
서경집전(하),186,705,西旅는 西方蠻夷國名이라,ab8dd98439e71b8a,라,False,라(대조군),Level1
자치통감강목6,380,811,問中山王호되 獨從傅在何法令고하니 不能對하고 令誦尙書하니 又廢라,a300d383335eed3d,라,False,라(대조군),Level1
주역전의(하),363,1058,故二必遇主于巷하고 五噬膚則无咎也라,3ac10823c9d0d711,라,False,라(대조군),Level1
서경집전(하),372,1501,然必立法者는 欲人畏而不敢犯也라,36c25a8316ce3c4d,라,False,라(대조군),Level1
당송팔대가문초한유1,134,648,凡五藏之繫絡甚微하야 坐立必懸垂於胸臆之間이어늘 而以之顚頓馳騁하니 嗚呼其危哉라,44e43b0276698df8,라,True,라(대조군),Level1
자치통감강목19,1237,1701,梁天監十四年이요 魏延昌四年이라,f696a899b9ea9ed5,라,False,라(대조군),Level1
자치통감강목18,229,884,尉元이 邀其前하고 薛安都 乗其後하여 大破永等於呂梁之東하니 死者以萬數라,6ab63257ffd435a2,라,False,라(대조군),Level1
주역전의(상),1184,3587,夫君子履謙은 乃其常行이요 非爲保其位而爲之也어늘 而言存其位者는 蓋能致恭이 所以能存其位니 言謙之道如此라,48fe107d6d1ca4a7,라,False,라(대조군),Level1
서경집전(하),127,521,以至一事一物之接과 一言一動之發에 無不極其義理之當然하여 而無一毫過不及之差면 則極建矣라,1ed6b625ce424948,라,False,라(대조군),Level1
자치통감강목20,1356,2154,弼曰 天下大務가 莫過賞罰이라,8be3de8aa50cff99,라,False,라(대조군),Level1
당송팔대가문초소식4,372,1454,非公着意文이로되 却亦澹宕而有深思云이라,3a2ab210e87feddc,라,False,라(대조군),Level1
서경집전(하),326,1290,汝乃其速由玆義하여 率殺하라,8ea4a505825bba2a,라,False,라(대조군),Level1
당송팔대가문초구양수4,364,1638,余聞古之有德於民者歿하면 則鄕人祭於其社라,599d93197165cf72,라,False,라(대조군),Level1
당송팔대가문초소식1,356,1642,今所行이 皆非周禮라,9432c1bb23c52b25,라,False,라(대조군),Level1
당송팔대가문초구양수6,307,2262,煜本末不足觀이로되 而歐公序次其驕侈削弱處는 可涕라,4243be0057643b5c,라,True,라(대조군),Level1
자치통감강목11,329,1171,若有不利면 損我大勢니 非小故也라,788aa64e7a731bc1,라,False,라(대조군),Level1
자치통감강목7,1857,2571,有兩道可入호되 從壺頭면 則路近而水險하고 從充이면 則塗夷而運遠이라,da2c1e1f55282987,라,False,라(대조군),Level1
자치통감강목11,699,2362,魏靑龍四年이요 吳嘉禾五年이라,80895921e35636e7,라,False,라(대조군),Level1
당송팔대가문초증공1,285,1524,治平三年夏에 得洪君於京師하여 始合同舍之士하여 聽其琴於相國寺之維摩院이라 洪君之於琴에 非特能其音이라 又能其意者也니 予將就學焉이라,62f9ae1fbde33bf6,라,True,라(대조군),Level1
춘추좌씨전3,51,110,三進하야 及溜하니 而後視之曰 吾知所過矣니 將改之하리라,c05f7654de8b6d06,라,False,라(대조군),Level1
춘추좌씨전4,286,903,告亡而已오 無告無罪하라,79f4791407f2f0bb,라,False,라(대조군),Level1
서경집전(하),283,1087,"恪謹克孝, 肅恭神人은 指微子實德而言이니 抱祭器歸周 亦其一也라",393cad3fde23edff,라,False,라(대조군),Level1
맹자집주,139,557,今樂은 世俗之樂이요 古樂은 先王之樂이라,af0ff2cccd800c28,라,False,라(대조군),Level1
당송팔대가문초구양수4,17,89,公自爲進士로 知名于時라,829007e84b441231,라,False,라(대조군),Level1
주역전의(상),1215,3667,以卦德으로 釋卦辭라,ade4169c3bd6e051,라,False,라(대조군),Level1
주역전의(하),1938,5611,神物은 謂蓍龜라,245fd08df97bb386,라,False,라(대조군),Level1
자치통감강목9,833,1218,孝靈皇帝建寧元年이라,260a04ba6f5405df,라,False,라(대조군),Level1
당송팔대가문초구양수5,290,1950,圜與崇韜素相善하고 又爲其司馬일새 崇韜因以鎭州事託之어늘 而圜多所違異라,bbf1f8b7f6b9a9ed,라,False,라(대조군),Level1
시경집전(하),371,809,但王不用善하니 則雖有善者나 不能自存이니 將如泉流之不反하여 而淪胥以至於敗矣라,5a56ef1db479a625,라,False,라(대조군),Level1
당송팔대가문초한유3,75,444,夫人은 邠國夫人武功蘇氏라,d3595b764db4804e,라,False,라(대조군),Level1
당송팔대가문초구양수3,337,1238,順流之舟가 頃刻數百里라가 不及顧視하야 一失毫釐하야 與崖石遇면 則糜潰漂沒하야 不見蹤迹이라,dc7a77491bea7dae,라,False,라(대조군),Level1
시경집전(상),565,1297,黎之臣子以責於衛也라,56c2bd883da83758,라,True,라(대조군),Level1
예기집설대전2,835,1200,有其禮는 謂禮所得爲者라,b4b731e79db7e068,라,False,라(대조군),Level1
당송팔대가문초소순1,233,1523,項籍死에 天下定이나 而諸將之地는 因遂不可削이라,87e163f748c59774,라,False,라(대조군),Level1
당송팔대가문초구양수5,87,654,然繼岌雖爲都統이나 而軍政號令이 一出崇韜라,9ce550c3ef7b5f7c,라,False,라(대조군),Level1
당송팔대가문초소순1,88,543,從士而逆數之하여 至於天子면 其積也甚厚하고 其爲變也甚難이라,8b7717b9ce311466,라,True,라(대조군),Level1
당송팔대가문초구양수1,513,2513,由是로 河西之人이 皆怒朝廷不納하고 而痛山遇以忠而赤族이라,97dbd565f9616ec4,라,True,라(대조군),Level1
자치통감강목6,1428,3103,"於是에 更作金銀龜貝錢布之品하여 名曰寶貨라하니 凡五物, 六名에 二十八品이라",e4144ffe0203219d,라,True,라(대조군),Level1
당송팔대가문초구양수6,130,924,明年에 河中節度使王重盈卒하니 其諸子珂珙爭立이라,dd7d148e683ca71a,라,True,라(대조군),Level1
시경집전(하),3002,6671,"約軝錯衡, 八鸞은 見采芑篇하고 鶬은 見載見篇하니 言助祭之諸侯 乘是車하여 以假以享于祖宗之廟也라",17795581431bb987,라,False,라(대조군),Level1
자치통감강목5,1219,2805,其以少傅로 爲御史大夫하라,fdce321105bb6f58,라,False,라(대조군),Level1
당송팔대가문초구양수1,312,1735,所以落賊姦便하야 敗軍殺將하니 可爲痛心이라,5dd402d1139ebd4a,라,True,라(대조군),Level1
자치통감강목7,1698,2353,其封彊爲東海王하고 立陽爲皇太子하고 改名莊하노라,a0e94eb2a2af2f74,라,False,라(대조군),Level1
서경집전(하),384,1541,恒은 常也라,8e403bd541f3f6f3,라,False,라(대조군),Level1
주역전의(하),1734,5160,故爲未濟라,89aac35705de21a6,라,False,라(대조군),Level1
당송팔대가문초구양수3,374,1364,記明因塔에 以因無他戒行及有禪慧라 故特本其所言하야 以感慨今古云이라,6d9bf9e84be2f96e,라,True,라(대조군),Level1
자치통감강목7,1587,2211,切直之言은 非人臣之利요 乃國家之福이라,a8a409afe7f8084c,라,False,라(대조군),Level1
주역전의(상),1382,4157,物之相臨與含容이 无若水之在地라,7245175790015e17,라,True,라(대조군),Level1
당송팔대가문초소식1,23,109,弱冠에 父子兄弟至京師하니 一日而聲名赫然하야 動於四方이라,70d0184a48acbedb,라,True,라(대조군),Level1
당송팔대가문초구양수4,318,1459,先生在太學時에 爲大理評事라,b11bf919432f38fc,라,False,라(대조군),Level1
당송팔대가문초한유3,41,272,長慶三年十一月十七日에 薨於洪州하니 年六十二라,a559b09f28c2d320,라,True,라(대조군),Level1
주역전의(하),895,2665,盡其誠意를 如祭祀然하여 以求天下之賢이면 則能亨天下之困 而享受其福慶也라,35498b96c49ea23a,라,False,라(대조군),Level1
주역전의(상),1778,5284,夫物旣畜聚면 則必有以養之니 无養則不能存息이니 頤所以次大畜也라,8ccea5d526f85b8f,라,False,라(대조군),Level1
자치통감강목15,848,1184,遂命駕하여 出遊山墅하니 親朋이 畢集이라,cb0339d47e5d5137,라,False,라(대조군),Level1
당송팔대가문초구양수5,361,2441,光遠卽斬敬達降이라,9e9868fc2c97fddd,라,False,라(대조군),Level1
맹자집주,1604,5306,言儲子는 但爲齊相하니 不若季子攝守君位라,de04d84c2be142c3,라,False,라(대조군),Level1
맹자집주,1530,5135,仁義充足而聞譽彰著는 皆所謂良貴也라,29fea76cfe6cfbd3,라,False,라(대조군),Level1
예기집설대전2,1366,1951,是日也以虞易奠者는 以虞之禮漸吉故也라,4b4a6e78d657c4c8,라,False,라(대조군),Level1
당송팔대가문초소식2,308,1279,夫唐永泰之間에 姦臣執政하야 政以賄成이러니 德宗發憤하야 而用常袞한대 袞一切用法하야 四方奏請이 莫有獲者라,efb330ac33478527,라,False,라(대조군),Level1
춘추좌씨전1,529,2488,三月에 鄭伯以璧假許田하니 爲周公祊故也라,bb6d0e00890cc0df,라,False,라(대조군),Level1
시경집전(상),606,1397,故로 作是詩以自見也라,b80c1c24eab52d8e,라,True,라(대조군),Level1
당송팔대가문초한유1,302,1464,今夫二氏行乎中土也가 蓋六百年有餘矣라,9bdc6b56b4a03154,라,False,라(대조군),Level1
자치통감강목12,174,642,今猥以勞役之後로 興師出征하니 民疲力屈하고 遠主가 有備라,c9e4b4f3491b116c,라,False,라(대조군),Level1
당송팔대가문초구양수3,608,2828,獨公以謂元昊雖名藩臣이나 而實夷狄이니 其服叛荒忽不常이라,7d87ade46d24a388,라,False,라(대조군),Level1
서경집전(하),690,2680,言桀於義民에 不能用하고 其所敬之多士는 率皆不義之民이니 上文所謂叨懫日欽者라,dfe68e8603a3c6b6,라,False,라(대조군),Level1
서경집전(상),169,1208,薄은 迫也라,0601056be4e8f38c,라,False,라(대조군),Level1
당송팔대가문초구양수3,224,826,夫老與佛之學이 皆行於世가 久矣라,a030b8cfeed8e38a,라,False,라(대조군),Level1
서경집전(상),281,1734,反復參攷컨대 則九江은 非尋陽이 明甚이니 本朝胡氏以洞庭爲九江者得之라,73ea6aebd5ee2704,라,False,라(대조군),Level1
당송팔대가문초유종원1,118,855,二十一日에 宗元白하노라,24c8acbe03711d34,라,False,라(대조군),Level1
당송팔대가문초소식5,53,155,凡物之可喜하야 足以悅人而不足以移人者는 莫若書與畫라,42c97d798dcc6af5,라,True,라(대조군),Level1
당송팔대가문초구양수3,574,2632,是時에 繼明方信用하야 其勢傾動中外라,3d23555a2a1ca912,라,False,라(대조군),Level1
당송팔대가문초증공1,432,2472,世之老於官者는 或不樂於歸하고 幸而有樂之者라도 無以爲歸라,1f0ee8a1e83bfe52,라,True,라(대조군),Level1
당송팔대가문초유종원2,227,1212,凡汝之言은 吾所極知라,f9981a15f2990bac,라,False,라(대조군),Level1
주역전의(상),579,1893,吝은 不足也니 謂可少也라,341371b4ef715945,라,True,라(대조군),Level1
자치통감강목17,259,902,宋元嘉七年이요 魏神䴥三年이라,bb53028c92f98f2a,라,False,라(대조군),Level1
자치통감강목17,16,45,蒙遜非汝之敵이라,ae4378aaff489d83,라,False,라(대조군),Level1
주역전의(하),1836,5390,範圍天地之化而不過하며 曲成萬物而不遺하며 通乎晝夜之道而知라,2fa3eefd065a3b50,라,True,라(대조군),Level1
시경집전(하),1881,4243,媚于庶人은 順愛于民也라,fbfe2613b53798e3,라,False,라(대조군),Level1
주역전의(하),1715,5107,三年克之는 言其久而後克이니 戒占者不可輕動之意라,b883f43f5120b619,라,False,라(대조군),Level1
춘추좌씨전5,280,1435,陳氏三量皆登一焉하니 鍾乃大矣라,e765f54101459402,라,True,라(대조군),Level1
주역전의(상),1232,3729,"微與彰,柔與剛은 相對者也니 君子見微則知彰矣요 見柔則知剛矣라",3bb01c5f4b63be2d,라,False,라(대조군),Level1
당송팔대가문초왕안석2,201,990,莊懿明肅太后의 起二陵於河南할새 不取一物於民而足하니 皆公力也라,1f8cfb3a36342135,라,True,라(대조군),Level1
당송팔대가문초구양수5,269,1804,後月餘에 文遇獨直할새 帝夜召之하야 語罷敬瑭事하니 文遇曰 臣聞作舍道邊이면 三年不成이라호니 國家之事는 斷在陛下라,e4e46c3bae5ff6d0,라,False,라(대조군),Level1
당송팔대가문초소식5,16,52,其建是學也에 以身任其責하야 不擇劇易하고 期於必成하니 士以此感奮하야 不勸而力하고 費於官者 爲錢九萬三千이요 而助者不貲라,e4e8290b85f3ffde,라,True,라(대조군),Level1
주역전의(하),1127,3433,不相與則相背하니 爲艮其背는 止之義也라,47fa69cff540a0a5,라,False,라(대조군),Level1
당송팔대가문초왕안석2,428,2320,荊公峭岸每如此라,eb8e51b8b7d1a61a,라,False,라(대조군),Level1
맹자집주,1518,5105,往古來今에 孰無此心이리오마는 心爲形役하여 乃獸乃禽이라,753560c46a0d7fd6,라,True,라(대조군),Level1
시경집전(상),866,2034,濊濊은 罟入水聲也라,982b2a944dc3572b,라,False,라(대조군),Level1
춘추좌씨전1,668,2758,莫敖曰 盍請濟師於王고 對曰 師克在和요 不在衆이라,a8bad12dd397115a,라,False,라(대조군),Level1
자치통감강목12,343,1379,然大擧之後에 將士疲勞하니 不可便用이라,559c10f3bfef4559,라,False,라(대조군),Level1
서경집전(상),112,775,舜言 惟此臣庶 無或有干犯我之政者는 以爾爲士師之官하여 能明五刑하여 以輔五品之敎하여 而期我以至於治니 其始엔 雖不免於用刑이나 而實所以期至於無刑之地라,f049c685e73960a9,라,False,라(대조군),Level1
주역전의(하),1202,3637,故其象如此요 而其占은 夫征則不復하고 婦孕則不育하니 凶莫甚焉이라,a97460403201a08f,라,False,라(대조군),Level1
주역전의(상),598,1941,雖險无難矣라,8a4ea1d01c2b1911,라,False,라(대조군),Level1
자치통감강목8,2102,2911,三年이라,a76f6aa8b73354ec,라,False,라(대조군),Level1
춘추좌씨전5,228,1112,國子代人憂하고 子招樂憂하고 齊子雖憂弗害라,918b8992b6670e49,라,False,라(대조군),Level1
서경집전(상),632,3262,玆我大享于先王할새 爾祖도 亦以功而配食於廟라,993429ab10b46641,라,False,라(대조군),Level1
시경집전(하),2169,4832,回遹은 邪僻也라,1a4dac536a55165a,라,False,라(대조군),Level1
당송팔대가문초유종원1,348,2058,日出扶桑하고 雲飛蒼梧하며 海霞島霧 來助游物이라,998645b20d341672,라,True,라(대조군),Level1
주역전의(상),377,1312,知其理勢如是而處之以道면 則不至於有悔矣니 固非計私以避害者也라,c782349989fb48f4,라,False,라(대조군),Level1
당송팔대가문초한유1,273,1307,愈白進士劉君足下하노라,600a4d78481e77e4,라,False,라(대조군),Level1
당송팔대가문초소식1,359,1662,若帷城幔屋은 盛夏則有風雨之虞라,cde2089e82a95b3c,라,False,라(대조군),Level1
자치통감강목3,828,1910,及擧賢良方正能直言極諫者하여 以匡朕之不逮하라,5e4462ca8821d05b,라,False,라(대조군),Level1
당송팔대가문초왕안석1,396,1793,今者足下乃先貶損而存之하고 賜之書하야 詞盛指過하니 不敢受而有也로라,53286f6922e0cac7,라,False,라(대조군),Level1
논어집주,1076,3530,庶는 近也니 言近道也라,d432c7928b552b54,라,False,라(대조군),Level1
춘추좌씨전2,634,2026,酆舒問於賈季曰 趙衰趙盾孰賢고 對曰 趙衰는 冬日之日也오 趙盾은 夏日之日也라,613f5d993a07222c,라,False,라(대조군),Level1
당송팔대가문초구양수3,113,395,遭時奮身하야 竊位于朝하야 守其貧賤之節하되 其臨利害禍福之際에 常恐其奪也라,d31fbc89ad887149,라,False,라(대조군),Level1
시경집전(상),183,490,采蘩은 夫人不失職也니 夫人可以奉祭祀면 則不失職矣라,47bc6fe4a9ab6b0d,라,False,라(대조군),Level1
자치통감강목2,1232,3247,幸爲信謝項王하라,773d2051fe9c0da5,라,False,라(대조군),Level1
자치통감강목3,58,113,置酒洛陽南宮할새 上曰 徹侯諸將은 毋敢隱朕하고 皆言其情하라,b412c6a92b788096,라,False,라(대조군),Level1
당송팔대가문초한유2,100,397,吾觀於人컨대 有不得志면 則非其上者衆矣요 亦莫計其身之短長也라,3e45ea03eda5d8e3,라,False,라(대조군),Level1
시경집전(하),2968,6584,曼은 長이요 碩은 大也라,d96bbdc7ae11e38c,라,False,라(대조군),Level1
논어집주,768,2733,玆는 此也니 孔子自謂라,a07cd1884c54f940,라,False,라(대조군),Level1
당송팔대가문초유종원1,300,1828,其外는 更衣之次와 膳食之宇요 列觀以游目하고 偶亭以展聲하니 彌望極顧에 莫究其往이라,2471fb14c6472f86,라,False,라(대조군),Level1
주역전의(하),737,2193,以此求遇면 固可吝也라,054758bf7b701e9c,라,False,라(대조군),Level1
당송팔대가문초유종원1,210,1394,謂宜藏於簡冊也라,312b64fc740ce05a,라,False,라(대조군),Level1
자치통감강목12,361,1469,及入에 顗拜而祥獨長揖하니 昭謂祥曰 今日然後에 知君見顧之重也와라,ed36c10fa6813622,라,False,라(대조군),Level1
시경집전(상),2530,5862,瓠有甘有苦하니 甘瓠則可食者也라,c2a2a6397833fb0f,라,False,라(대조군),Level1
당송팔대가문초유종원1,317,1925,始命芟其蕪하고 行其塗하니 積之丘如하고 蠲之瀏如라,70833b0e5ef7b90f,라,False,라(대조군),Level1
주역전의(하),420,1259,非聖賢이면 不能이니 其用이 可謂大矣라,c16c2b54c47c5ebe,라,False,라(대조군),Level1
주역전의(상),1122,3416,若小人處之면 則專其富有하여 以爲私하여 不知公己奉上之道라,db02dd52b5ddddc7,라,False,라(대조군),Level1
당송팔대가문초왕안석2,362,1966,孫男女十八人이라,005b936f8593c719,라,False,라(대조군),Level1
당송팔대가문초구양수2,165,626,脩本愚無似하야 固不足以希執友之遊라,f8b98a2b3f83dae1,라,False,라(대조군),Level1
서경집전(하),167,643,廡는 豊茂라,0a2008e2ce10e863,라,False,라(대조군),Level1
서경집전(하),821,3103,言敬汝所主之職하고 謹汝所出之令하라,a0b551dc2e7dab6d,라,False,라(대조군),Level1
서경집전(상),311,1846,嶓冡山은 地志云 在隴西郡氐道縣이라하니 漾水所出이요 又云在西縣이라하니 今興元府西縣三泉縣也라,094eeec2f7a2c827,라,False,라(대조군),Level1
당송팔대가문초유종원1,216,1426,而多擧六經聖人之大旨하여 發言成章에 有可觀者라,32553fedd0335852,라,False,라(대조군),Level1
맹자집주,65,266,盡己之謂忠이요 以實之謂信이라,484718dbf50dd41e,라,False,라(대조군),Level1
맹자집주,787,2842,充塞仁義는 謂邪說徧滿하여 妨於仁義也라,677ed4848f5537ce,라,False,라(대조군),Level1
주역전의(상),768,2411,比는 親輔也니 人之類는 必相親輔然後能安이라,d38ca2646511eab6,라,False,라(대조군),Level1
당송팔대가문초유종원2,9,43,縈靑繚白이 外與天際로 四望如一이라,a27141f41f95206a,라,True,라(대조군),Level1
시경집전(상),888,2092,故로 遂戒鳩無食桑葚하여 以興下句戒女無與士耽也라,c8b04c551edcd2f8,라,True,라(대조군),Level1
시경집전(상),2205,5076,愚謂 完은 謂全師而歸하여 無死傷之苦요 思는 謂未至而思하여 有愴恨之懷라,b3eb37b1cf2c2755,라,False,라(대조군),Level1
시경집전(상),31,144,葛은 草名이니 蔓生하고 可爲絺綌者라,119e969aa041157e,라,False,라(대조군),Level1
당송팔대가문초소식5,288,1132,予故作漢鼎銘하야 以遺後世君子하노라,d18ea9c52287243a,라,True,라(대조군),Level1
주역전의(상),1798,5350,若求養於丘면 則往必有凶하니 丘는 在外而高之物이니 謂上九也라,c41e5c7c7146f293,라,False,라(대조군),Level1
당송팔대가문초구양수1,163,1037,大抵小人不能成事而能爲患者多矣라,a9c247c5a53e2974,라,False,라(대조군),Level1
당송팔대가문초구양수4,104,493,子眞子充은 皆早卒이라,5cf357b25c767eed,라,False,라(대조군),Level1
당송팔대가문초구양수2,479,1901,惟不沒其實하야 以著其罪하야 而信乎後世하고 與其爲君而不掩其惡하야 以息人之爲惡하니 能知春秋之此意然後에 知予不僞梁之旨也라,41578c29dd66e7a6,라,False,라(대조군),Level1
당송팔대가문초구양수1,450,2287,然大抵皆謂就和則難하고 不和則易니 不和則害少하고 和則害多라,754e2762dffdc086,라,False,라(대조군),Level1
시경집전(하),664,1470,穀은 善也라,a8624d62cdfcf045,라,False,라(대조군),Level1
주역전의(하),1365,4139,九以剛明之才로 欲得時而行其志라 故雖得資斧하여 於旅爲善이나 其心志未快也라,690c21976d4acca3,라,False,라(대조군),Level1
당송팔대가문초한유3,100,571,公諱溪요 字惟深이니 丞相贈太師隴西恭惠公第二子라,69133b85174857ff,라,False,라(대조군),Level1
시경집전(하),1577,3500,馘은 割耳也라,5fdf8d4903459982,라,False,라(대조군),Level1
예기집설대전1,270,876,"故로 毋箕하며, 正其衣冠이라",7c9010d2a8d8b9c3,라,False,라(대조군),Level1
주역전의(상),478,1586,黃中은 文居中也니 君子文中而達於理하고 居正位而不失爲下之體라,4dbf77ac2056e54a,라,False,라(대조군),Level1
당송팔대가문초구양수5,206,1359,明宗卽位에 鏐遣使朝京師하야 寓書重誨할새 其禮慢이라,a501f6d3b17c752d,라,False,라(대조군),Level1
주역전의(하),1378,4185,巽所以次旅也라,7e32066625c0c61a,라,False,라(대조군),Level1
당송팔대가문초소식3,106,402,吾嘗論義帝는 天下之賢主也라,b2ddebcb13380b5b,라,False,라(대조군),Level1
대학장구,89,242,謙은 快也며 足也라,29c3071f5952da43,라,False,라(대조군),Level1
당송팔대가문초구양수1,91,665,臣伏覩詔書에 曰 悉心以陳하야 無有所諱라,d7596dccffb21e17,라,False,라(대조군),Level1
자치통감강목20,100,163,聞獲이 引兵迎僧智하니 去此八十里라,56d31fdf8bd52360,라,False,라(대조군),Level1
춘추좌씨전3,554,1608,白狄及君同州나 君之仇讐오 而我昏姻也라,d99bb30d654fa85c,라,False,라(대조군),Level1
서경집전(하),897,3338,"周禮에 吉事變几,凶事仍几 是也라",858947bbcadbe744,라,True,라(대조군),Level1
시경집전(상),182,487,祁祁는 舒遲貌니 去事有儀也라,e9a06c082d9c3582,라,False,라(대조군),Level1
자치통감강목17,421,1426,丕將從之러니 中書侍郎高允曰 如諸將之謀면 是傷其向化之心이라,2840503a2addee46,라,False,라(대조군),Level1
주역전의(하),523,1589,"或損,或益,或盈,或虛를 唯隨時而已라",82e5fecb364d3f3b,라,False,라(대조군),Level1
주역전의(하),1236,3755,又以卦體로 釋卦辭라,6457330fc1e98c3d,라,True,라(대조군),Level1
서경집전(상),504,2773,簡은 閱也라,a3341988abd66287,라,False,라(대조군),Level1
주역전의(상),500,1652,上文은 言天地生物之義하고 此는 言時事라,26c955db3bea640a,라,False,라(대조군),Level1
자치통감강목2,902,2455,竊爲將軍不取也하노라,3716ab659d429e22,라,False,라(대조군),Level1
당송팔대가문초유종원2,287,1718,故在易曰 箕子之明夷라하니 正蒙難也라,60540349700c4052,라,False,라(대조군),Level1
당송팔대가문초구양수5,76,576,其父가 聞劉氏已貴하고 詣魏宮上謁이라,907583787145f6cc,라,False,라(대조군),Level1
시경집전(하),700,1528,彭彭然不得息也요 傍傍然不得已也라,f8a2c640a0e23c74,라,True,라(대조군),Level1
당송팔대가문초소식3,97,363,故로 先王이 分天下之富貴하야 與此四者共之하시니 此四者不失職이면 則民靖矣라,f48ff58a26964667,라,False,라(대조군),Level1
춘추좌씨전1,341,2081,天子七月而葬하니 同軌畢至하고 諸侯五月하니 同盟至하고 大夫三月하니 同位至하고 士踰月하니 外姻至라,7eb5e0dcad311fd4,라,False,라(대조군),Level1
주역전의(상),75,418,朱漢上易卦變은 只變到三爻而止하여 於卦辭에 多有不通處러니 某更推盡去하여 方通이라,0a30d5dc135c7e11,라,False,라(대조군),Level1
서경집전(하),167,651,小明之詩首章云 我征徂西 二月初吉이라하고 三章云 昔我往矣엔 日月方燠이라하니 夫以二月爲燠이면 則燠之爲春爲木이 明矣라,dd35181434e6e460,라,True,라(대조군),Level1
자치통감강목1,365,909,是爲顯王이라,e138d29342771db2,라,False,라(대조군),Level1
서경집전(상),47,362,諸侯始受命이면 天子錫以圭하나니 圭頭斜銳하고 其冒下斜刻하되 小大長短廣狹如之라가 諸侯來朝어든 天子以刻處로 冒其圭頭하여 有不同者면 則辨其僞也라,c9a981f4eaf5b5ee,라,False,라(대조군),Level1
당송팔대가문초소식1,4,11,"軾은 幼穎悟有識이러니 比冠에 博通經史하고 好賈誼, 陸贄, 莊子書라",caa6ea60c7a82e0a,라,False,라(대조군),Level1
자치통감강목2,532,1400,此天下重任也라,90a0c961d97cc200,라,False,라(대조군),Level1
시경집전(상),2254,5214,如又不然이면 則雅頌之中에 凡爲農事而作者를 皆可冠以豳號라,a087a7afb0496f7a,라,False,라(대조군),Level1
당송팔대가문초소순1,78,503,論葬禮甚透하니 當與劉向昌陵疏參看이라,888f9c9cc6d385c6,라,False,라(대조군),Level1
서경집전(하),426,1700,以人事言하면 則四方朝聘貢賦에 道里均焉이라,c6f6e09db9014dda,라,False,라(대조군),Level1
자치통감강목1,518,1397,六年이라,c7e579acfc9bf5bf,라,False,라(대조군),Level1
당송팔대가문초유종원1,103,782,足下取二家言觀之면 則見畢子董子膚末於學而遽云云也리라,e91e1ee431ab583c,라,False,라(대조군),Level1
시경집전(상),593,1363,禰亦地名이니 皆自衛來時所經之處也라,b3d38193a91c817d,라,False,라(대조군),Level1
당송팔대가문초구양수4,331,1501,李氏世家湖南하니 其父諱昭文은 官至國子博士하고 贈工部侍郞이라,190e94163a9777f4,라,False,라(대조군),Level1
논어집주,592,2160,怨은 猶悔也라,3f418d01591e8972,라,False,라(대조군),Level1
주역전의(상),1881,5601,習坎者는 謂重險也니 上下皆坎은 兩險相重也라,f9c2af2fae660f06,라,False,라(대조군),Level1
당송팔대가문초구양수1,162,1031,然則靑之流言이 軍士所喜는 亦其不得已而勢使之然也라,25f8c950ec04d85c,라,False,라(대조군),Level1
자치통감강목4,1193,2719,宜皆降之라하고 召武受辭라,28a1a18483cf7d50,라,False,라(대조군),Level1
서경집전(상),367,2089,其所稱西珥河者는 却與漢志葉楡澤으로 相貫이요 廣處可二十里니 旣足以界別二州라,2b72cf092152e232,라,False,라(대조군),Level1
당송팔대가문초유종원2,97,455,而二姓陵替하니 不聞延祚라,233f54e8b9508905,라,False,라(대조군),Level1
춘추좌씨전6,357,1535,政在季氏三世矣오 魯君喪政四公矣라,b06ea2c5181dd9fa,라,False,라(대조군),Level1
당송팔대가문초구양수1,52,412,是破其素定之約하고 乖其剋日之期라,1be3b446708e2cd8,라,False,라(대조군),Level1
당송팔대가문초유종원1,22,140,皆付受所重이라 常繫心腑로되 然無可爲者라,f32298c5d66549ff,라,False,라(대조군),Level1
주역전의(상),409,1403,地는 坤之象이니 亦一而已라,ea6a318fa108fda3,라,False,라(대조군),Level1
당송팔대가문초왕안석2,442,2394,夫人吳氏니 亦有賢行하고 於是方娠也하니 未知其子之男女라,9ae0e0353d564573,라,False,라(대조군),Level1
춘추좌씨전5,76,400,若不免이면 必由其子리라,ccf99944abebab2d,라,False,라(대조군),Level1
자치통감강목13,178,648,夫關中은 帝王所居니 未聞戎狄宜在此土也라,722ab8f9de9e9fda,라,False,라(대조군),Level1
당송팔대가문초구양수1,47,347,旣多是老病小怯之人이요 又無訓齊精練之法하니 此有敎兵之虛名 而無訓兵之實藝也라,c54e210e3b93b83b,라,True,라(대조군),Level1
주역전의(하),1464,4424,孚于剝은 位正當也일새라,1d3a3cd61fb1ac33,라,False,라(대조군),Level1
시경집전(하),1570,3476,懷는 眷念也라,75793a48a94e53d3,라,True,라(대조군),Level1
당송팔대가문초왕안석2,166,692,以宰仁和에 人譽用多라,9435d2c6e4bf3260,라,True,라(대조군),Level1
당송팔대가문초한유1,344,1638,愈少駑怯하야 於他藝能에 自度無可努力하고 又不通時事하야 而與世多齟齬하니 念終無以樹立이라,d2c9c37fe433e995,라,False,라(대조군),Level1
맹자집주,1865,5913,賊은 害也라,c8c728fb5ee6aa60,라,False,라(대조군),Level1
맹자집주,828,2991,"君子,小人은 以位而言也라",260044a940362d6b,라,False,라(대조군),Level1
당송팔대가문초구양수5,39,265,光啓元年에 河中王重榮이 與宦者田令孜有隙하야 徙重榮兗州하고 以定州王處存爲河中節度使하고 詔克用하야 以兵護處存之鎭이라,61bf68701181b786,라,False,라(대조군),Level1
당송팔대가문초구양수4,385,1718,有子曰損이니 試將作監主簿라,a9b5615f7105648f,라,False,라(대조군),Level1
시경집전(하),206,447,具는 俱也라,46cc8c5f309e3ff7,라,False,라(대조군),Level1
당송팔대가문초유종원1,283,1744,然而居朝廷 居官府 居庠塾鄕黨하여 以士大夫自名者는 反爭爲之不已하니 悲夫라,a0a61fe0b2a419ba,라,True,라(대조군),Level1
서경집전(하),485,1907,蓋洛邑之作은 周公이 本欲成王遷都하여 以宅天下之中이어늘 而成王之意는 則未欲捨鎬京而廢祖宗之舊라,a989dc3aef69f1cd,라,False,라(대조군),Level1
당송팔대가문초왕안석2,404,2222,隆親篤友하며 遇物愛慈라,936894c00fcb614a,라,True,라(대조군),Level1
주역전의(상),1812,5399,顚頤之吉은 上施光也일새라,de2dd38a7aab281f,라,False,라(대조군),Level1
시경집전(하),1824,4113,依는 安也라,ca97fc2cf2442cfc,라,False,라(대조군),Level1
시경집전(하),2102,4692,賦也라,8ee2540f4365747d,라,False,라(대조군),Level1
시경집전(상),2294,5323,獨言將母者는 因上章之文也라,bd8fff2428cf1e9c,라,False,라(대조군),Level1
당송팔대가문초한유1,170,819,欲事干謁하니 則患不能小書하야 困於投刺하고 欲學爲佞하니 則患言訥詞直하야 卒事不成하고 徒使其躬儳焉 而不終日이라,897b96b865df2874,라,False,라(대조군),Level1
중용장구,201,575,贊은 猶助也라,11ddb8be059c6b78,라,False,라(대조군),Level1
당송팔대가문초구양수3,504,2206,公至則移檄交趾하야 召其臣費嘉祐하야 詰責之한대 嘉祐皇恐하야 對曰 種落犯邊하니 罪當死라,36cfdea7153a89bc,라,False,라(대조군),Level1
자치통감강목13,80,325,舒所爲에 必先行而後言하니 遜位之際에 莫有知者라,43534396832951b1,라,False,라(대조군),Level1
서경집전(하),915,3422,介는 大也라,7618b19328195f20,라,False,라(대조군),Level1
자치통감강목18,727,2377,璉壽百餘歳라,b7ff2429e4b9b994,라,False,라(대조군),Level1
논어집주,1733,5465,三桓은 三家니 皆桓公之後라,a26e2b6cef15ff19,라,False,라(대조군),Level1
시경집전(하),1549,3428,比于는 至于也라,47a859b73fa46ff2,라,False,라(대조군),Level1
자치통감강목10,150,222,使君이 誅其無道하고 撫而用之하면 一州之人이 有樂存之心하여 聞君威德하고 必襁負而至矣리라,f7d932e169897686,라,False,라(대조군),Level1
주역전의(상),1005,3086,否之時엔 在下者君子也라,feb69e52bd7a20bc,라,False,라(대조군),Level1
당송팔대가문초증공1,151,897,乃所以怠且蔽之也라,2dca5075bc13952e,라,True,라(대조군),Level1
시경집전(상),1505,3450,公行은 卽公路也니 以其主兵車之行列이라 故로 謂之公行也라,16c6e47eb946b1c6,라,False,라(대조군),Level1
자치통감강목4,1130,2580,二年이라,35a46656b2b520f7,라,False,라(대조군),Level1
시경집전(하),1244,2685,鶖는 禿鶖也라,df35902f37ab88a2,라,False,라(대조군),Level1
서경집전(하),1039,3874,且刑獄은 非所恃以爲治也니 天以是整齊亂民하여 使我爲一日之用而已라,736407e23f19cd7b,라,False,라(대조군),Level1
예기집설대전2,773,1100,周官에 凡施於神者는 皆曰明이라,cbde5c12fbed8110,라,False,라(대조군),Level1
논어집주,550,2038,此弟子善形容聖人處也라,ab079ac2fb372f30,라,False,라(대조군),Level1
춘추좌씨전1,1021,3402,原仲은 季友之舊也라,3154d33a1230f0ac,라,False,라(대조군),Level1
당송팔대가문초구양수3,65,224,居相國浮圖하야 不出其戶가 十五年이라,854a4a3ed376603d,라,False,라(대조군),Level1
춘추좌씨전7,267,941,齊侯從之한대 孔丘以公退曰 士는 兵之하라,bd6eeb5229439c62,라,False,라(대조군),Level1
당송팔대가문초유종원2,1,3,非子厚之困且久면 不能以搜巖穴之奇요 非巖穴之怪且幽면 亦無以發子厚之文이라,229eeb3f3339d893,라,True,라(대조군),Level1
주역전의(하),242,705,鼫鼠貞厲는 位不當也일새라,2b6bd24b4543ce2e,라,False,라(대조군),Level1
당송팔대가문초구양수2,161,612,竊復自念 好嗜與俗異馳라,79f4caaee11d0aaa,라,False,라(대조군),Level1
예기집설대전2,86,112,拜而后稽顙은 先致敬也요 稽顙而後拜는 先致哀也라,5a05f6aad0a4e550,라,False,라(대조군),Level1
논어집주,1067,3507,可以見其爲人矣라,514d965f50b2934d,라,False,라(대조군),Level1
당송팔대가문초유종원1,202,1336,有樂行其政者하니 以理天下爲悅者也라,e091382b13fb87f1,라,True,라(대조군),Level1
당송팔대가문초소순1,345,2176,凡朝廷稍所優異者는 不復官之廣南川峽하고 而其人亦以廣南川峽之官爲失職庸人하여 無所歸하여 故로 常聚於此라,dacf14846c9ee748,라,False,라(대조군),Level1
당송팔대가문초구양수2,291,1069,故曰 由不正與不一然後에 正統之論作也라하노라,e32c1f4a31653b3c,라,False,라(대조군),Level1
맹자집주,675,2383,吾聞用夏變夷者요 未聞變於夷者也로라,a339902290a4cf4e,라,True,라(대조군),Level1
시경집전(상),963,2259,故로 其民悅而忘死라,13f05d1c228e7886,라,True,라(대조군),Level1
주역전의(하),852,2510,升者는 自下而上이니 自下升上은 以力進也니 不已면 必困矣라,9ae3f408e010d072,라,False,라(대조군),Level1
당송팔대가문초구양수1,395,2044,況如懷德은 在法非輕하고 於事體又重이라,5b2e5497a706fc94,라,False,라(대조군),Level1
당송팔대가문초소순1,399,2524,外亂不作이나 變且中起니 不可以文令이요 又不可以武競이라,d400150334853d1e,라,False,라(대조군),Level1
당송팔대가문초한유3,151,893,君弟復도 亦進士라 佐汴宋에 得疾하야 變易喪心하야 驚惑不常이라,1516aef817dfbf62,라,False,라(대조군),Level1
자치통감강목17,502,1739,是皆不勝其忿而有增於疾疢也라,ebef2f53f832bca2,라,False,라(대조군),Level1
서경집전(하),210,768,李氏曰 穆者는 敬而有和意니 穆卜은 猶言共卜也라,ef1a7f3d60e94816,라,False,라(대조군),Level1
자치통감강목3,650,1494,六年이라,85d207f638729c2b,라,False,라(대조군),Level1
논어집주,1549,4963,總己는 謂總攝己職이라,751cd3f55a00a994,라,False,라(대조군),Level1
주역전의(하),1833,5383,陰精陽氣가 聚而成物은 神之伸也요 魂游魄降하여 散而爲變은 鬼之歸也라,412d3865a464abe2,라,True,라(대조군),Level1
예기집설대전2,1197,1719,故言孺子其圖之也라,f72d444717b5f51f,라,False,라(대조군),Level1
주역전의(하),888,2636,金車爲九二象은 未詳하니 疑坎有輪象也라,858c316a9aecbffa,라,False,라(대조군),Level1
당송팔대가문초왕안석1,461,2030,待之以歲月之久로되 而終不化면 則放棄殺戮之刑이 隨其後하니 此舜所謂威之者也라,3e7555cdb29ff2d8,라,False,라(대조군),Level1
춘추좌씨전2,336,1128,天子凶服이면 降名이 禮也라,24619ff6a5197ee8,라,True,라(대조군),Level1
주역전의(상),934,2873,五以陽剛乾體로 居至尊之位하여 任其剛決而行者也니 如此則雖得正이나 猶危厲也라,ae9bc4718424b3ef,라,False,라(대조군),Level1
서경집전(상),113,780,罪疑는 惟輕하시고 功疑는 惟重하시며 與其殺不辜론 寧失不經이라하사 好生之德이 洽于民心이라,a17c4f63bd810626,라,True,라(대조군),Level1
시경집전(하),2317,5161,受命은 蓋卽位除喪하여 以士服入見天子而聽命也라,4a7d57a9a4f70df1,라,False,라(대조군),Level1
시경집전(하),2700,5994,造는 成也라,656964a24ed4e8c5,라,False,라(대조군),Level1
시경집전(하),1660,3716,故로 作此詩하여 以推本其始生之祥하여 明其受命於天이 固有以異於常人也라,d3efd9fce6449364,라,False,라(대조군),Level1
춘추좌씨전1,542,2505,君子以督爲有無君之心而後動於惡이라,ba47135156181077,라,False,라(대조군),Level1
맹자집주,2160,6665,君子는 反經而已矣니 經正이면 則庶民興하고 庶民興이면 斯無邪慝矣리라,b1136a70f98fd561,라,False,라(대조군),Level1
당송팔대가문초한유3,144,855,男三人이니 璟質皆旣冠이요 其季始六歲니 曰充郞이라,4377e4252deda8ff,라,True,라(대조군),Level1
서경집전(상),169,1204,疆理宇內는 乃人君之事니 非人臣之所當專者라,556eeb311ce8b405,라,False,라(대조군),Level1
시경집전(하),225,492,言 我心之憂如結者는 爲國政之暴惡故也라,0c6d36958e57145b,라,True,라(대조군),Level1
시경집전(상),1854,4211,王于興師는 以天子之命而興師也라,36bcb322da448112,라,False,라(대조군),Level1
서경집전(상),143,993,師師는 相師法也니 言百僚皆相師法하여 而百工이 皆及時以趨事也라,0384fe591f01e6ad,라,False,라(대조군),Level1
시경집전(하),535,1181,反側은 反覆不正直也라,af607a1c5d799f41,라,False,라(대조군),Level1
당송팔대가문초소순1,128,807,而君父兄이 又不可以不得其臣子弟之拜而徒爲其君父兄이니 於是에 聖人者가 又有術焉以厭服其心하여 而使之肯拜其君父兄이라,e1e451df511aa549,라,False,라(대조군),Level1
논어집주,1615,5163,鄭聲佞人은 能使人喪其所守라,1a30af7d86503559,라,False,라(대조군),Level1
자치통감강목6,1089,2406,司直陳崇이 劾奏寶하여 事下三公하니 卽訊寶에 對如章이라,ff9e6d61fb0206df,라,False,라(대조군),Level1
당송팔대가문초왕안석1,311,1478,某則以謂 大人之窮達에 能이라도 無悅戚於吾心이오 不能이라도 毋欲達이라,9c51eba09acb5d09,라,False,라(대조군),Level1
시경집전(상),1748,3947,旣見君子라 竝坐鼓瑟호라,0f744df5f63a20a3,라,True,라(대조군),Level1
당송팔대가문초한유2,168,736,凡人之事三十有二요 爲人大小百二十有三이나 而莫有同者焉이라,51d996f783dbeb97,라,False,라(대조군),Level1
시경집전(하),1051,2305,出은 去요 伐은 害요 孔은 甚이요 令은 善也라,696dbf10b5ceff70,라,True,라(대조군),Level1
자치통감강목9,263,380,冀州民饑하여 流亡이 數十萬戶라,1a518c172b222c98,라,True,라(대조군),Level1
춘추좌씨전2,312,950,書曰子라하니 杞夷也라,bb0fb3dc829bf656,라,False,라(대조군),Level1
시경집전(하),2650,5888,賦也라,8ee2540f4365747d,라,True,라(대조군),Level1
자치통감강목3,1532,3487,四年이라,7dd83ed99e945482,라,False,라(대조군),Level1
시경집전(상),1243,2897,此는淫女之詞라,593a01f7ce69fb49,라,False,라(대조군),Level1
시경집전(하),1252,2702,有扁然而卑之石은 則履之者亦卑矣니 如妾之賤이면 則寵之者亦賤矣라,c060ec89897cec26,라,False,라(대조군),Level1
당송팔대가문초유종원2,86,364,有初爲近이라,a378f89fff321be8,라,True,라(대조군),Level1
당송팔대가문초구양수6,255,1784,其兄珽은 唐末에 擧進士及第하야 爲監察御史라,92df1c03736a52be,라,False,라(대조군),Level1
자치통감강목14,459,1428,代髙祖什翼犍建國元年이라,6bc69b780d61b1e9,라,False,라(대조군),Level1
서경집전(하),44,181,乃一德一心하여 立定厥功하여 惟克永世하라,e7c9ec735d17c5e3,라,True,라(대조군),Level1
자치통감강목10,1468,2316,備過辭表墓하고 涕泣而去러니 比到當陽에 衆이 十餘萬人이요 輜重이 數千兩이라,49e294448c7ac804,라,True,라(대조군),Level1
시경집전(하),274,613,方處는 方居其所하여 未變徙也라,8d1f467938e6f246,라,False,라(대조군),Level1
맹자집주,343,1283,是以로 無所愧怍하여 而此氣自然發生於中이요 非由只行一事가 偶合於義하여 便可掩襲於外而得之也라,3d7bd81fbe3c0dbf,라,True,라(대조군),Level1
주역전의(상),617,1992,坎爲水하니 水近則有沙라,9bb3733c7fca96f0,라,False,라(대조군),Level1
자치통감강목17,646,2151,宋元嘉二十六年이요 魏太平眞君十年이라,b9b0880cee7094e1,라,False,라(대조군),Level1
자치통감강목7,749,1016,或이 以告太守銚期한대 期召問熊하니 熊首服이라,03047cae39f1e985,라,False,라(대조군),Level1
당송팔대가문초유종원2,322,2047,崔氏世嗣文章하니 君又益工하고 博知古今事하여 給數敏辯이라,161ee58913b5f472,라,True,라(대조군),Level1
예기집설대전2,351,504,觀其將死喜幸之言하면 足以見其平生恐懼之意니 正學者가 所當用力也라,fc3d92f97bb1230e,라,False,라(대조군),Level1
춘추좌씨전8,26,64,君憚告子ᄅ새 野曰 嘗私焉이라하니 君欲速이라,18c9ef238f69db1a,라,False,라(대조군),Level1
시경집전(상),2058,4668,朝隮는 雲氣升騰也라,45dbe1d27bc101d4,라,True,라(대조군),Level1
주역전의(상),998,3071,陰柔在內하고 陽剛在外하며 君子往居於外하고 小人來處於內하니 小人道長하고 君子道消之時也라,e8050eead275321a,라,False,라(대조군),Level1
당송팔대가문초구양수6,253,1777,世宗取淮南하고 定三關하니 威武之振이 自高平始라,8f91fb3abb3b3d76,라,False,라(대조군),Level1
서경집전(하),2,5,上篇은 未渡河作이요 後二篇은 旣渡河作이라,7080d052050d2ca0,라,False,라(대조군),Level1
당송팔대가문초한유3,253,1407,以爲諫議大夫하야 命且下에 遂病以卒하니 年若干이라,3260d87be1eb340a,라,False,라(대조군),Level1
자치통감강목6,849,1881,陛下爲天牧養元元하시니 視之를 當如一이라,133a4cc14882bbf6,라,False,라(대조군),Level1
당송팔대가문초구양수2,95,321,歲月其忽에 徒有志於分陰이요 英俊竝遊에 方問途而孤進이라,a36442c59cf92742,라,True,라(대조군),Level1
당송팔대가문초유종원2,220,1167,乾坤之量이 包含海岳이로되 臣身甚微 無所投足이라,e00587eb82f67150,라,True,라(대조군),Level1
당송팔대가문초구양수1,99,706,臣請爲陛下條列而辨之하리라,6a59a658b134ed63,라,False,라(대조군),Level1
자치통감강목6,772,1702,"孝文時에 吏居官者 或長子孫하여 以官爲氏하니 倉氏, 庫氏는 則倉庫吏之後也라",39c07b5263ec6133,라,False,라(대조군),Level1
시경집전(상),990,2318,行邁靡靡하여 中心搖搖호라,f41d89749aff9afc,라,True,라(대조군),Level1
자치통감강목18,169,604,初에 子業既殺諸公에 恐群下謀己하여 以直閤將軍宗越沈攸之等有勇力이라하여 引爲爪牙하고 賞賜充牣하니 越等皆爲盡力이라,90b49f0860bcb078,라,False,라(대조군),Level1
당송팔대가문초유종원2,270,1585,彼得之而不辭하여 窮萬世而不變者는 有其實也라,aa238901673c0501,라,False,라(대조군),Level1
시경집전(하),2381,5297,周는 岐周也라,15f316e5273c9c31,라,False,라(대조군),Level1
시경집전(하),1085,2375,芹은 水草可食이라,833ac372cfb5181e,라,False,라(대조군),Level1
서경집전(하),876,3275,奠은 定이요 麗는 依也라,4f538168c3fc4634,라,False,라(대조군),Level1
당송팔대가문초증공1,348,1903,談者謂南越偏且遠하여 其風氣與中州異라,82104fb4201f5f1c,라,False,라(대조군),Level1
예기집설대전2,1168,1674,故命己子爲主하야 受弔拜賓也라,2fc0fed51a5916f9,라,False,라(대조군),Level1
맹자집주,1279,4391,見孔子는 巧力俱全而聖智兼備하고 三子則力有餘而巧不足이라,b60a0c122326bdf4,라,False,라(대조군),Level1
서경집전(상),430,2421,峻은 高大也요 宇는 棟宇也요 彫는 繪飾也라,5ac0dc7f45d6d2cc,라,False,라(대조군),Level1
논어집주,1021,3404,葬可以無槨이요 驂可以脫而復求며 大夫不可以徒行이요 命車不可以與人而鬻諸市也라,421b55c7019f9014,라,False,라(대조군),Level1
당송팔대가문초구양수4,16,85,初娶吳氏는 追封蘭陵郡夫人하고 再娶何氏는 封南康郡夫人이라,c7ab6d31a946e239,라,False,라(대조군),Level1
자치통감강목5,964,2217,乘船은 危하고 就橋는 安이라,e89dd11d2e11b5ac,라,False,라(대조군),Level1
춘추좌씨전2,639,2054,八年春王正月이라,3c1c33a9cbf17709,라,False,라(대조군),Level1
주역전의(상),940,2890,是以元吉이라,e1599bf77cdce545,라,True,라(대조군),Level1
당송팔대가문초소식2,36,153,謹按 澈所論은 文指雅馴하고 考驗經史하야 皆有援據하니 此乃內舍生員之優者라,dadead8f45268494,라,False,라(대조군),Level1
당송팔대가문초구양수5,50,373,存勖은 年十一에 從克用하야 破王行瑜라,7f89403ed7694219,라,False,라(대조군),Level1
주역전의(상),178,860,此第三營之半이라,d576fbd98c259465,라,True,라(대조군),Level1
서경집전(하),813,3079,掌刑을 不曰刑而曰禁者는 禁於未然也라,8447746fd5b1d2a4,라,False,라(대조군),Level1
자치통감강목12,202,804,兵聞拙速이요 未覩巧久라,f96715d9c4a406b1,라,False,라(대조군),Level1
서경집전(상),157,1099,帝深然之하시고 而禹又推其所以謹在位之意하시니 如下文所云也라,6775edc3a3550650,라,False,라(대조군),Level1
자치통감강목4,290,719,氣同則從하고 聲比則應하나니 今人主和德於上이면 百姓和合於下라,c6cf755ee826d4c5,라,False,라(대조군),Level1
자치통감강목12,449,1692,有司固請한대 詔曰 患在不能篤孝니 勿以毁傷爲憂하라,22c4e77a3c59a796,라,False,라(대조군),Level1
당송팔대가문초구양수6,122,865,守光被圍經年에 累戰常敗하야 乃遣客將王遵化致書於德威曰 予得罪於晉이어늘 迷而不復이라,8d9965091678bc12,라,False,라(대조군),Level1
당송팔대가문초소식2,422,1780,嗚呼라,24e5a6656c0e001e,라,True,라(대조군),Level1
주역전의(하),775,2305,二應五而雜於二陰之間하니 必牽引以萃라야 乃吉而无咎요 又二中正柔順으로 虛中以上應하고 九五剛健中正으로 誠實而下交라,982516099951e066,라,False,라(대조군),Level1
자치통감강목13,745,2464,曰 王室有事하니 不忘投軀하여 前遣賈騫하여 瞻公舉動이러니 中被符命하여 勅騫還軍이라,ea7090910a00a115,라,False,라(대조군),Level1
당송팔대가문초구양수3,28,94,予讀此文에 往往欲流涕라,9441674f881d6feb,라,True,라(대조군),Level1
자치통감강목10,1044,1628,諸將이 皆曰 與公爭天下者袁紹也라,538073d2a8a8110d,라,False,라(대조군),Level1
자치통감강목20,1734,2684,京進食할새 寘刀盤下殺之하니 元康以身蔽澄이라가 亦被傷이라,d4d46ef8bfdcecf4,라,False,라(대조군),Level1
당송팔대가문초유종원2,129,608,且夫不忘讐는 孝也요 不愛死는 義也라,647f72f820e36edd,라,False,라(대조군),Level1
시경집전(상),2111,4808,故로 其許嫁之女 預以將及公子同歸而遠其父母로 爲悲也라,629ca5a2c659af98,라,True,라(대조군),Level1
시경집전(상),2094,4742,陰道極盛之時엔 其亂을 可知니 亂極則自當思治라,7e0aaaf0b6ebc699,라,False,라(대조군),Level1
서경집전(상),339,1954,鳥鼠는 地志에 在隴西郡首陽縣西南이라하니 今渭州渭源縣西也니 俗呼爲靑雀山이라,f6aea7faf77940b2,라,False,라(대조군),Level1
당송팔대가문초소식2,500,2147,嗚呼라,24e5a6656c0e001e,라,True,라(대조군),Level1
당송팔대가문초구양수6,58,464,莊宗以語侵之하니 承業怒曰 臣은 老勅使라 非爲子孫計니 惜此庫錢하야 佐王成霸業爾라,b4e8007aab147bf4,라,False,라(대조군),Level1
당송팔대가문초구양수4,79,385,公好學有文하고 尤喜爲詩라,faa81dd78a11637c,라,False,라(대조군),Level1
자치통감강목1,301,818,起曰 治百官親萬民實府庫는 子孰與起오 文曰 不如子로라,86a6bc283798f7d8,라,False,라(대조군),Level1
당송팔대가문초소순1,177,1134,夫三國鼎立稱帝하며 魏之不能有吳蜀은 猶吳蜀之不能有魏也라,86ee440141fd4501,라,False,라(대조군),Level1
주역전의(하),1311,4011,蓋非陽剛中正이면 不能致天下之豊也라,e935f4beda71e98c,라,False,라(대조군),Level1
주역전의(상),758,2383,故雖貞而亦不免於凶也라,4be082bb6dd37e0c,라,False,라(대조군),Level1
주역전의(상),1681,5007,故初爲无妄之主라,b434d1dc85696a15,라,False,라(대조군),Level1
당송팔대가문초왕안석1,476,2112,杜君者는 越之隱君子니 其學行이 宜爲人師者也라,2d5161bbd332483c,라,False,라(대조군),Level1
주역전의(상),409,1404,故로 不言重而言其勢之順하니 則見其高下相因之无窮하여 至順極厚而无所不載也라,06b406d39b9195e2,라,False,라(대조군),Level1
당송팔대가문초구양수6,238,1624,重威兵至城下하니 重榮裨將이 自城東水碾(년)門으로 引官軍以入하야 殺守城二萬餘人이라,6738e965c5ca9818,라,False,라(대조군),Level1
시경집전(상),2131,4864,窒은 塞也라,9ef66b2b2fc86476,라,False,라(대조군),Level1
당송팔대가문초왕안석2,67,267,視之能必見하고 聽之能必聞하고 行之能必至하고 思之能必得은 是誠之所至也라,1388510a20c93fba,라,False,라(대조군),Level1
춘추좌씨전7,67,309,左司馬戌右司馬稽帥師救弦하야 及豫章이어늘 吳師還하니 始用子胥之謀也라,0da1c0148450fba2,라,False,라(대조군),Level1
당송팔대가문초왕안석2,249,1273,然欲有所掃除變更하고 興起法度하야 使百姓得完其蓄積하고 而縣官亦以有餘는 在上與執政所爲요 而主計者 不能獨任也라,2519a783e43b15ef,라,False,라(대조군),Level1
시경집전(상),1060,2476,雉性耿介라,8a5f6015c9e28eb7,라,False,라(대조군),Level1
자치통감강목13,126,491,亮이 欲悅衆하여 論誅楊駿功하여 督將侯者 千八十一人이라,59348f0479125876,라,False,라(대조군),Level1
시경집전(상),867,2044,言齊地廣饒하여 而夫人之來에 士女佼好하고 禮儀盛備가 如此하니 亦首章之意也라,2959ecdf65d1189d,라,False,라(대조군),Level1
당송팔대가문초구양수4,335,1515,嗚呼라 於夫人에 無不足矣나 而其子若孫皆曰未也라 謂必有以示永久而不沒者라야 庶幾以慰無窮之哀라하야 乃來請銘以葬이라,efec93cd79c1d76c,라,True,라(대조군),Level1
자치통감강목1,300,809,魏武侯浮西河而下러니 顧謂吳起曰 美哉라,792a611837a20497,라,True,라(대조군),Level1
시경집전(상),2082,4718,愾는 歎息之聲也라,1ed332532aa7634d,라,False,라(대조군),Level1
당송팔대가문초유종원1,64,476,亦不能得碩師하고 獨得國故書하여 伏而攻之하되 其勤若向之爲琴者하고 而年又倍焉이라,f57fb9e595e37618,라,False,라(대조군),Level1
주역전의(상),1668,4963,自成은 謂成其中順之德이라,d582a5d7458db219,라,False,라(대조군),Level1
예기집설대전2,444,642,察其人之居면 則人之得失可知니 皆由乎常而觀之라,f1cc585e4bf6f7bb,라,False,라(대조군),Level1
논어집주,2042,6329,榮은 謂莫不尊親이요 哀는 則如喪考妣라,31ebc4b12d3a1117,라,False,라(대조군),Level1
시경집전(상),940,2195,葦는 蒹葭之屬이라,256593d8c7a0fb56,라,False,라(대조군),Level1
주역전의(상),1163,3520,謙爲卑巽也나 而其道尊大而光顯하고 自處雖卑屈이나 而其德實高하여 不可加尙하니 是不可踰也라,e7efc1103411b2d3,라,False,라(대조군),Level1
자치통감강목11,48,179,今指與吾水火者는 曹操也라,e7291961480c1506,라,False,라(대조군),Level1
서경집전(상),390,2260,錫土姓者는 言錫之土하여 以立國하고 錫之姓하여 以立宗이니 左傳所謂天子建德하여 因生以賜姓하고 胙之土而命之氏者也라,f6b85c6aa90ff062,라,False,라(대조군),Level1
논어집주,1295,4209,禮義信은 大人之事也라,001e2a402a8f40df,라,False,라(대조군),Level1
시경집전(상),1343,3086,此詩는 淫奔者自敍之詞라,6527c4c3094a8266,라,False,라(대조군),Level1
당송팔대가문초유종원1,165,1125,若富者雖益賦라도 而其實輸當其十一이면 猶足安其堵하여 雖驅之不肯易也리라,711d439dc60b7a20,라,False,라(대조군),Level1
주역전의(상),1608,4780,剝牀以膚는 切近災也라,18c4874cde01a99d,라,False,라(대조군),Level1
자치통감강목13,296,1110,冰이 遣其將拒玘어늘 玘擊斬之하니 冰이 自臨淮로 退趨壽春이라,6838dd64378dd437,라,False,라(대조군),Level1
당송팔대가문초구양수2,514,2032,人之貪滿者多禍하고 其守約者多福하니 鬼神은 吾不知요 吾見人之禍福者矣라,2222a6009667f3c4,라,False,라(대조군),Level1
당송팔대가문초구양수1,21,149,故臣以謂通漕運 盡地利 權商賈 三術竝施하면 則財用足而西人紓하며 國力完而兵可久하야 以守以攻이 惟上所使라,c68663b660043ed1,라,False,라(대조군),Level1
논어집주,1594,5097,故로 曰君子라,87708c7d547c32c4,라,True,라(대조군),Level1
시경집전(상),230,585,速은 召致也라,2cc9503a3fab545d,라,False,라(대조군),Level1
춘추좌씨전3,201,461,且成師以出이라가 聞敵彊而退는 非夫也라,d8acbfab23621d23,라,False,라(대조군),Level1
시경집전(하),3055,6813,今按 大禘는 不及群廟之主하니 此宜爲祭之詩라,e0dd859dd468a4ac,라,False,라(대조군),Level1
서경집전(하),952,3564,當今之政은 旌別淑慝之時也니 苟不善其善이면 則民無所勸慕矣라,e080e89ffdf94e5d,라,True,라(대조군),Level1
서경집전(상),666,3366,其祖父亦告我成湯하여 作丕刑于其子孫이라하여 啓成湯하여 丕乃崇降弗祥而不赦也라,a0a12d37ea114eb3,라,False,라(대조군),Level1
자치통감강목15,1597,2262,乾歸曰 軍之勝敗는 在於巧拙이요 不在衆寡라,6c9c1ca9673792eb,라,False,라(대조군),Level1
당송팔대가문초구양수1,42,303,故又須責臣下以功實이니 然後號令不虛出하고 而賞罰不濫行이라,,라,False,라(대조군),Level1
자치통감강목5,955,2201,永光元年이라,c1cae81a79ad7611,라,False,라(대조군),Level1
주역전의(하),1178,3570,其位는 剛得中也라,96841cbbddee7c3a,라,False,라(대조군),Level1
춘추좌씨전6,205,863,火出而見하고 今玆火出而章하니 必火入而伏하리라,49af1fc6296b34fa,라,True,라(대조군),Level1
당송팔대가문초소철3,302,1634,元豐五年三月二十日에 眉山蘇轍은 記하노라,06148b58247ff375,라,False,라(대조군),Level1
시경집전(상),2665,6153,芑는 苦菜也니 靑白色이요 摘其葉하면 有白汁出하니 肥可生食이요 亦可蒸爲茹하니 卽今苦蕒菜라,4082b574e8ec8579,라,False,라(대조군),Level1
당송팔대가문초소식5,264,1036,由此觀之컨대 王氏之福이 蓋未艾也라,421c4a278e33c776,라,False,라(대조군),Level1
당송팔대가문초유종원2,211,1076,俄然決源釃流하여 交灌互澍면 若枝若股하여 委曲延布하고 脈寫膏浸하여 潗濕滑汨하여 彌高掩庳하여 漫壟冒塊라,c698706a674f5f3d,라,True,라(대조군),Level1
춘추좌씨전7,82,381,魯文公薨에 而東門遂殺適立庶하니 魯君於是乎失國하야 政在季氏가 於此君也에 四公矣라,34e930bdba6897bb,라,False,라(대조군),Level1
시경집전(하),3040,6770,綴은 猶結也요 旒는 旗之垂者也니 言爲天子而爲諸侯所係屬하니 如旗之縿이 爲旒所綴著也라,0d282acf8499746b,라,False,라(대조군),Level1
당송팔대가문초구양수6,315,2324,建正室周氏는 號昭聖皇后어늘 後建數日而卒이라,34612d35ac0ce8ac,라,False,라(대조군),Level1
당송팔대가문초구양수2,111,402,非材且賢者면 不能爲也라,f40df376b415a4bd,라,False,라(대조군),Level1
시경집전(하),2629,5845,亦은 助語辭라,79035d3562aa5818,라,False,라(대조군),Level1
서경집전(상),618,3210,今爾는 在內則伏小人之攸箴하고 在外則不和吉을 言于百姓하여 譊譊多言하여 凡起信於民者 皆險陂膚淺之說이니 我不曉汝所言이 果何謂也라,eba3487e52184008,라,False,라(대조군),Level1
논어집주,108,416,禮는 卽理之節文也라,d31ed84dc9fed48c,라,False,라(대조군),Level1
당송팔대가문초왕안석2,49,197,惜乎라,c5477374c6f94716,라,True,라(대조군),Level1
시경집전(상),1218,2836,知子之好之인댄 雜佩以報之호리라,8cfb21ed07248878,라,False,라(대조군),Level1
당송팔대가문초소순1,103,667,古之以一能稱과 一善書者를 愚未嘗敢忽也라,876c18cbc90bdafa,라,False,라(대조군),Level1
당송팔대가문초구양수4,285,1340,夢升은 諱注라,ad1e6f8b92b4f732,라,False,라(대조군),Level1
시경집전(하),2475,5493,言此蟊賊昏椓者 皆潰亂邪僻之人이어늘 而王乃使之治平我邦하니 所以致亂也라,e5e47b276265912a,라,False,라(대조군),Level1
당송팔대가문초구양수1,267,1514,夫自古帝王致太平이 皆自有道하니 得其道則太平이요 失其道則危亂이라,b2dd552eb1a7709b,라,False,라(대조군),Level1
당송팔대가문초구양수3,93,324,四陽雖盛이나 而猶有二陰이라,d50377493742d7d3,라,False,라(대조군),Level1
당송팔대가문초유종원1,213,1416,大略千鈞之弩는 難以再發也라,f8eb27b847b67194,라,False,라(대조군),Level1
당송팔대가문초구양수4,231,1099,又喜行草書하니 皆可愛라,d3bc3799b75c9985,라,False,라(대조군),Level1
논어집주,1118,3644,因은 仍也라,c23de52cc6c9ea1d,라,False,라(대조군),Level1
논어집주,260,960,封人은 掌封疆之官이니 蓋賢而隱於下位者也라,94af4598d48e45d8,라,False,라(대조군),Level1
자치통감강목14,150,467,肅宗明皇帝太寧元年이라,58d99cfc9c69bd0d,라,False,라(대조군),Level1
당송팔대가문초소순1,122,768,蠶而後衣하고 耕而後食하니 率天下而勞之라,47105354c4f1cefb,라,False,라(대조군),Level1
자치통감강목14,756,2328,將軍張春이 乞師於姚弋仲하니 弋仲이 遣其子襄하여 救之할새 誡襄曰 冉閔이 棄仁背義하여 屠滅石氏라,d3793c3b004673bd,라,False,라(대조군),Level1
시경집전(하),1502,3301,百男은 擧成數而言其多也라,f7a6932918de650c,라,False,라(대조군),Level1
당송팔대가문초유종원2,304,1869,奇琛良貨 溢於玉府하고 殊俗異類 盈於藁街하니 優詔累旌其忠良하고 太史嗣書其功烈이라,c38acb527cd6a206,라,False,라(대조군),Level1
자치통감강목13,172,632,"由是로 散在梁, 益하여 不可禁止라",8e29429ae75c89f4,라,False,라(대조군),Level1
서경집전(하),628,2418,天無私壽하여 惟至平通格于天者則壽之하나니 伊尹而下六臣이 能盡平格之實이라,a34cf29fb0009549,라,False,라(대조군),Level1
시경집전(상),2676,6200,二千五百人爲師요 五百人爲旅니 此는 言將戰에 陳其師旅而誓告之也라,286ff03b52a57abe,라,True,라(대조군),Level1
주역전의(상),156,806,旣得初爻어든 復合前蓍하여 四十有九를 如前之爲라,cc11cacc9c1f1252,라,False,라(대조군),Level1
자치통감강목15,1464,2072,定이 帥衆三萬하여 與崇共攻乾歸라가 大敗見殺하니 符氏遂亡이라,91b321df7ee9acdb,라,False,라(대조군),Level1
당송팔대가문초구양수4,10,49,明年에 王則以貝州叛이어늘 公又以爲登萊는 視京師爲東北隅니 乃少陽之位也라,5fdf10dfcaf67738,라,False,라(대조군),Level1
시경집전(상),2082,4714,冽은 寒也라,074fe087358165e4,라,False,라(대조군),Level1
주역전의(하),1054,3189,鼎之擧措在耳하니 爲鼎之主也라,ade6d48a216c1ddb,라,False,라(대조군),Level1
시경집전(하),2212,4926,黽勉畏去는 出無所之也라,61c42cb7de9f7049,라,False,라(대조군),Level1
시경집전(상),1797,4089,賦也라,8ee2540f4365747d,라,False,라(대조군),Level1
대학장구,9,33,若大學은 却只統說이라 論其功用之極인댄 至於平天下라,9fe9830dc6bd53ee,라,False,라(대조군),Level1
춘추좌씨전8,56,191,請伐鄭이어늘 子西曰 楚未節也라 不然이면 吾不忘也라,dafe8f7583e96a28,라,False,라(대조군),Level1
당송팔대가문초구양수3,472,1975,天子曰噫라,c7d80a68d66b97de,라,True,라(대조군),Level1
맹자집주,754,2718,齊는 齊語也라,b2505f034adf13f3,라,False,라(대조군),Level1
당송팔대가문초구양수3,6,16,堯舜夏商周는 皆同出於黃帝하고 堯之崩也에 下傳其四世孫舜하고 舜之崩也에 復上傳其四世祖禹하되 而舜禹皆壽百歲라,13e2bffcf7c40a56,라,False,라(대조군),Level1
당송팔대가문초소순1,128,806,夫無故而使之拜其君하고 無故而使之拜其父하며 無故而使之拜其兄이면 則天下之人은 將復嗤笑하고 以爲迂怪而不從이라,802cbfe015b2ae12,라,False,라(대조군),Level1
서경집전(하),615,2360,弗克恭故로 不能嗣前人之恭德이요 遏佚前人光故로 不能嗣前人之明德이라,6821e077a8204ff7,라,False,라(대조군),Level1
시경집전(하),2165,4822,張子曰 陰往密告於女어늘 反謂我來恐動也라하니 亦通이라,37c54387a9a5c11b,라,False,라(대조군),Level1
자치통감강목15,678,929,超曰 吾嘗與玄으로 共在桓公府하여 見其使才호니 雖履屐間이나 未嘗不得其任이라,81481fd85bbf7d57,라,False,라(대조군),Level1
당송팔대가문초소순1,231,1471,古者에 匈奴之彊은 不過冒頓이라,e37006ef645e791d,라,False,라(대조군),Level1
서경집전(하),934,3500,然守成之世엔 多溺宴安하여 而無立志하나니 苟不詰爾戎兵하여 奮揚武烈이면 則廢弛怠惰하여 而陵遲之漸이 見矣라,1a2b4285f8c794f3,라,False,라(대조군),Level1
주역전의(상),1963,5840,至於死棄는 禍之極矣라,e08d4a923a8a2e05,라,True,라(대조군),Level1
예기집설대전2,676,958,絰之所用은 男子重首하고 婦人重腰하야 皆用其所重이요 非徒爲虛名而已라,b4294f63b242a65d,라,False,라(대조군),Level1
자치통감강목5,974,2238,分曹爲黨하여 往往群朋이 將同心以陷正臣하리니 正臣進者는 治之表也요 正臣陷者는 亂之機也라,85cb96d3dc0c5469,라,False,라(대조군),Level1
주역전의(하),1415,4279,處得中正하여 盡巽之善이나 然巽者는 柔順之道니 所利在貞하니 非五之不足이요 在巽에 當戒也라,adce7de68f9ae24e,라,True,라(대조군),Level1
서경집전(하),469,1846,往新邑하여 使百工으로 知上意嚮하여 各就有僚하며 明白奮揚而赴功하고 惇厚博大以裕俗이면 則王之休聞이 亦永有辭于後世矣라,b567eb5b62fb276e,라,True,라(대조군),Level1
춘추좌씨전1,290,1875,其微顯闡幽하야 裁成義類者는 皆據舊例而發義하고 指行事以正褒貶이라,70426c2a5fe942e1,라,True,라(대조군),Level1
자치통감강목1,513,1363,夫諸侯之約從에 盟洹水之上하야 結爲兄弟하야 以相堅也어니와 今親兄弟同父母 尙有爭錢財相殺傷이어든 而欲恃反復蘇秦之餘謀하니 其不可成이 亦明矣라,d2962f57ee67bdf0,라,False,라(대조군),Level1
당송팔대가문초유종원1,21,123,今抱非常之罪하여 居夷獠之鄕하니 卑濕昏霧라,dddd21ffc3adf72e,라,True,라(대조군),Level1
시경집전(상),1219,2846,贈은 送이요 順은 愛요 問은 遺也라,d9c01253b03d2b2d,라,False,라(대조군),Level1
자치통감강목19,850,1189,梁天監五年이요 魏正始三年이라,f4826d27479803be,라,True,라(대조군),Level1
당송팔대가문초한유2,205,927,及蒙將軍拔中山之豪하고 始皇封諸管城하야 世遂有名이나 而姬姓之毛無聞이라,1d1b546e2c755627,라,False,라(대조군),Level1
자치통감강목14,294,978,對曰 曜不能進臨襄國하고 更守金墉하니 此其無能爲를 可知也라,54fb3faaef661b70,라,False,라(대조군),Level1
시경집전(상),1685,3817,比也라,920e5bbdbbf3601f,라,False,라(대조군),Level1
당송팔대가문초증공1,315,1685,文之典刑이니 雍容雅頌이라,a0bac83f4b611415,라,True,라(대조군),Level1
자치통감강목7,1829,2537,帝笑曰 常勝之家는 難與慮敵하니 吾方自思之호리라,c6f0acf2c65cda4f,라,True,라(대조군),Level1
시경집전(하),2406,5351,至是而天子自將하여 以征不庭할새 其師始出에 不疾不徐하니 而徐方之人이 皆已震動하여 如雷霆作於其上하여 不遑安矣라,eb1d772507eb1f39,라,True,라(대조군),Level1
자치통감강목11,213,784,後에 植이 以驕縱見疏로되 脩亦不敢自絶이라,c71a7200a01bc03d,라,False,라(대조군),Level1
당송팔대가문초구양수5,333,2236,是時에 莊宗在魏하고 以朱守殷守夾寨한대 聞彦章爲招討使하고 驚曰 彦章驍勇이라 吾嘗避其鋒하니 非守殷敵也라,6e28924d9c325573,라,True,라(대조군),Level1
서경집전(상),253,1615,嶧은 山名이라,45ba2d321c09630f,라,False,라(대조군),Level1
서경집전(상),556,3010,湯之得民心也如此하니 卽仲虺后來其蘇之事라,397f7bcef4618448,라,True,라(대조군),Level1
당송팔대가문초구양수1,169,1087,然後密諭滬曰 汝違大將指揮하니 自合有罪로되 朝廷以汝於水洛展效로 望汝成功이라,f0cb2c3201cf75e1,라,False,라(대조군),Level1
시경집전(상),210,545,祭祀之禮는 主婦主薦豆하니 實以菹醢라,15c0e1ed03a8a2a9,라,False,라(대조군),Level1
시경집전(하),1454,3193,言昆夷旣服하고 而虞芮來質其訟之成하니 於是에 諸侯歸周者衆하여 而文王由此하여 動其興起之勢하시니 是雖其德之盛이나 然亦由有此四臣之助而然이라,53e0ed7eca83a420,라,False,라(대조군),Level1
시경집전(상),1759,3967,此亦前篇之意也라,91c024bfb1d52901,라,False,라(대조군),Level1
자치통감강목15,272,330,堅이 泣曰 汝素長者니 固知非汝心也라,d1ee110daaee3686,라,True,라(대조군),Level1
서경집전(하),348,1371,穆은 敬也니 詩曰 穆穆文王이 是也라,764481338691e72c,라,False,라(대조군),Level1
중용장구,311,849,右는 第三十三章이라,a70bb1a7010ef6ee,라,False,라(대조군),Level1
서경집전(하),1009,3754,穆王卒章之命에 望於伯冏者 深且長矣러니 此心不繼하여 造父爲御하여 周遊天下하여 將必有車轍馬迹하여 導其侈者 果出於僕御之間하니 抑不知伯冏猶在職乎否也로라,9a2548e4bf660210,라,True,라(대조군),Level1
서경집전(상),339,1955,擧三山而不言所治者는 蒙上旣旅之文也라,11de6e817085dfaa,라,True,라(대조군),Level1
자치통감강목8,1766,2442,朝廷이 廣開言路故로 且一切假貸하노니 若懷迷不反이면 當顯明刑書호리라,369c158c45bd236b,라,False,라(대조군),Level1
서경집전(하),615,2358,命不易保하여 天難諶信하니 乃其墜失天命者는 以不能經歷繼嗣前人之恭明德也라,b76bc918609012cd,라,False,라(대조군),Level1
자치통감강목8,1795,2479,詩皆許諾호되 辭以衆少라,70af661c28edfebe,라,False,라(대조군),Level1
중용장구,186,523,誠身이 有道하니 不明乎善이면 不誠乎身矣리라,51e46d7bdcd2f16c,라,False,라(대조군),Level1
자치통감강목15,1072,1505,遂撤圍北遁이어늘 牢之引兵追之하여 疾趨二百里하여 至五橋澤하여 爭燕輜重이러니 垂邀擊大破之라,166bbe26e6064f70,라,False,라(대조군),Level1
당송팔대가문초구양수1,327,1798,四人爲性이 旣各不同하니 雖皆歸於盡忠이나 而其所見各異라,04fe72b05478f6e3,라,False,라(대조군),Level1
논어집주,592,2162,故로 子貢不斥衛君하고 而以夷齊爲問이어늘 夫子告之如此하시니 則其不爲衛君을 可知矣라,9f5e46e950f4d3b8,라,False,라(대조군),Level1
자치통감강목19,69,97,乃夜分兵爲二部하여 伏於營外하고 又以瓢貯火하여 密使人으로 於深處置之하고 戒曰 見火起하면 則亦然之하라,807af0d0f6c55070,라,False,라(대조군),Level1
당송팔대가문초구양수2,274,1011,先人在太宗時하야 以文辭爲名進士하고 以對策爲賢良方正이러니 旣而守道純正하야 爲賢待制하고 逢時太平하야 奮身揚名하니 宜其言之所載와 文之所行이 大而可恃以傳也라,79807d2f6cd2b27c,라,True,라(대조군),Level1
당송팔대가문초구양수3,559,2536,天子曰咨라,1c9cff2a22258913,라,True,라(대조군),Level1
당송팔대가문초소식4,238,938,而自使其嫡子後之면 則爲大宗이니 族人宗之하야 雖百世라도 而宗子死면 則爲之服齊衰九月이라,3b7e31d0456b9fc3,라,False,라(대조군),Level1
서경집전(상),448,2529,嗇夫는 小臣也니 漢有上林嗇夫라,079c0009d1d2d344,라,False,라(대조군),Level1
당송팔대가문초구양수4,155,728,爲政務淸淨하고 平居斂色而坐를 如對大賓하야 終日不少懈弛하니 人用憚之라,651a3768863f4028,라,False,라(대조군),Level1
논어집주,284,1026,言君子爲仁이 自富貴貧賤取舍之間으로 以至於終食造次顚沛之頃에 無時無處而不用其力也라,4436910796b1b7a1,라,True,라(대조군),Level1
당송팔대가문초구양수6,241,1649,因請與重威俱北이라,3f37cc0868dbf4f8,라,False,라(대조군),Level1
당송팔대가문초구양수3,130,441,予初駭其文이러니 又壯其志하노라,8f42ce66074b3dc0,라,True,라(대조군),Level1
춘추좌씨전5,124,658,適衛하야 說蘧瑗史狗史鰌公子荊公叔發公子朝하야 曰 衛多君子하니 未有患也라,f7b4dce8a9707fc0,라,True,라(대조군),Level1
서경집전(상),155,1083,艱은 難也니 水平播種之初에 民尙艱食也라,693a8f88d219ba92,라,True,라(대조군),Level1
맹자집주,1226,4200,程子曰 古人은 謂歲爲年하니 湯崩時에 外丙은 方二歲요 仲壬은 方四歲요 惟太甲差長이라 故로 立之也라하시니 二說이 未知孰是라,0facd0cbdc38aa1f,라,False,라(대조군),Level1
주역전의(상),711,2235,以訟受服이 亦不足敬也라,bc617af429020566,라,False,라(대조군),Level1
당송팔대가문초구양수3,174,618,而注者汨之하야 或失其意라,153c867726311b6c,라,False,라(대조군),Level1
자치통감강목15,608,833,秦建元十一年이라,dbf0cf0b37c11368,라,False,라(대조군),Level1
당송팔대가문초소식1,123,591,今上自宰相大臣으로 旣已辭免不爲하니 則外之議論을 斷亦可知라,218bb1449b83c3e9,라,False,라(대조군),Level1
주역전의(상),918,2839,幽人貞吉은 中不自亂也라,90f59621d7819ce0,라,False,라(대조군),Level1
당송팔대가문초소순1,80,509,蓋漢昭卽位에 休息百役하고 與天下更始라,caa7473dd10456d7,라,False,라(대조군),Level1
논어집주,411,1453,然이나 其所以三仕三已而告新令尹者가 未知其皆出於天理而無人欲之私也라,07ba784aca5377ff,라,False,라(대조군),Level1
주역전의(하),1692,5034,利貞은 剛柔正而位當也일새라,e7457bf977422492,라,True,라(대조군),Level1
당송팔대가문초유종원2,19,81,枕席而臥하니 則淸冷之狀與目謀하고 瀯瀯之聲與耳謀하며 悠然而虛者與神謀하고 淵然而靜者與心謀라,ef5553b5ff556d95,라,True,라(대조군),Level1
당송팔대가문초구양수2,84,279,昨日伏蒙知府龍圖卽席寵示五言詩一章者라,ca0ef8949ab84318,라,False,라(대조군),Level1
시경집전(상),798,1859,宣姜之女 爲許穆公夫人이라,fbce9ca17cafef40,라,False,라(대조군),Level1
당송팔대가문초한유2,327,1590,不相用이면 不足爲孔墨이라,991a1382663be0a0,라,False,라(대조군),Level1
자치통감강목13,716,2361,允性仁厚하여 無威斷하고 喜以爵位悅人이라,345b3cdf67e81fab,라,False,라(대조군),Level1
시경집전(하),3027,6732,言商世世有濬哲之君하여 其受命之祥이 發見也久矣라,866d701def752d2a,라,False,라(대조군),Level1
주역전의(하),729,2177,自古로 人君至誠降屈하여 以中正之道로 求天下之賢이면 未有不遇者也라,ff5277e79c062690,라,True,라(대조군),Level1
춘추좌씨전1,681,2787,故與鄭伯盟于武父하고 遂帥師而伐宋하야 戰焉하니 宋無信也라,2c0c0254748c4730,라,False,라(대조군),Level1
서경집전(상),752,3602,爾惟訓于朕志하여 若作酒醴어든 爾惟麴糱이며 若作和羹이어든 爾惟鹽梅라,93ecb371808bb144,라,False,라(대조군),Level1
맹자집주,2101,6495,蓋館人所作을 置之牖上而失之也라,897f2498fdfdce04,라,False,라(대조군),Level1
맹자집주,123,512,恒産은 可常生之業也요 恒心은 人所常有之善心也라,637b75d332ac5a4b,라,True,라(대조군),Level1
시경집전(하),1763,3981,故로 言鳧鷖則在涇矣요 公尸則來燕來寧矣라,f75d4b461e1ae9e8,라,False,라(대조군),Level1
시경집전(하),343,760,雨無正은 大夫刺幽王也라,e378ad8acc826014,라,True,라(대조군),Level1
자치통감강목10,468,684,夫布는 麤中少親하고 剛而無禮하니 匹夫之雄耳요 宮等이 以勢假合하니 不能相君也라,d424839272bfa726,라,False,라(대조군),Level1
당송팔대가문초유종원2,388,2726,今復往矣니 吾道息矣라,267dc5f5141a3daf,라,False,라(대조군),Level1
서경집전(하),423,1688,小民雖至微나 而至爲可畏니 王當不敢緩於敬德하여 用顧畏于民之碞險이可也라,7751024b61e71c95,라,False,라(대조군),Level1
자치통감강목20,1101,1789,初에 泰召王思政於玉壁하여 將使鎭虎牢러니 未至而敗라,4f76e1b06dc5be4d,라,False,라(대조군),Level1
춘추좌씨전7,229,814,虎曰 盡客氣也라,b59a0567af148758,라,False,라(대조군),Level1
당송팔대가문초소식3,5,9,讓天下는 與讓簞食豆羹으로 無以異也요 治天下는 與治一鄕으로 亦無以異也라,89b41b0d67f55e2e,라,False,라(대조군),Level1
당송팔대가문초유종원2,51,212,我公之德은 宜受玆錫이라,8a5bad69a2c93f99,라,False,라(대조군),Level1
서경집전(하),1035,3840,敬忌之至하여 無有擇言在身하면 大公至正하여 純乎天德하여 無毫髮不可擧以示人者하리니 天德在我하면 則大命自我作하여 而配享在下矣라,b50c2b5ec681e36e,라,True,라(대조군),Level1
맹자집주,1310,4475,禮에 妻父曰外舅니 謂我舅者를 吾謂之甥이라하니 堯以女妻舜이라 故로 謂之甥이라,e4caabbef6000652,라,False,라(대조군),Level1
주역전의(상),1501,4481,九四陽德剛直하여 爲得剛直之道하니 雖用剛直之道나 利在克艱其事而貞固其守 則吉也라,bba9eff599e033b8,라,True,라(대조군),Level1
자치통감강목1,594,1648,十七年이라,9699ebc8083b64d8,라,False,라(대조군),Level1
자치통감강목6,1186,2600,乃奏하여 以爲西海郡하고 增法五十條하여 犯者를 徙之하니 以千萬數라,26b4fbf5d805b113,라,False,라(대조군),Level1
자치통감강목2,139,339,乃使卒爲之하야 注塡閼之水하야 漑舃鹵之地하니 四萬餘頃이라,1846efa40141ba63,라,False,라(대조군),Level1
당송팔대가문초소식4,402,1547,"方山子는 光, 黃間隱人也라",8a1a306b15a854fd,라,False,라(대조군),Level1
시경집전(하),1080,2367,又言今雖無以予之나 然已有路車乘馬玄袞及黼之賜矣어늘 其言如此者는 好之無已하여 意猶以爲薄也라,424812910b76e847,라,False,라(대조군),Level1
자치통감강목3,1656,3705,獄疑者를 讞有司하고 有司所不能決을 移廷尉하여 讞而後에 不當이라도 讞者不爲失하여 欲令治獄者로 務先寬하노라,e530f2aeb71fb621,라,False,라(대조군),Level1
당송팔대가문초한유1,299,1451,而云云者는 乃從而爲之辭라,06cbd96553b5c240,라,False,라(대조군),Level1
주역전의(상),572,1878,三以陰柔로 處蒙闇하여 不中不正하니 女之妄動者也라,62ffee939c1d362f,라,True,라(대조군),Level1
자치통감강목4,1738,3966,王曰 我嗌痛하여 不能哭이로라,26839760ae3f289c,라,False,라(대조군),Level1
당송팔대가문초유종원1,146,1002,此又足下之賜也라 幸甚幸甚이라,2b376ee93e9b335b,라,True,라(대조군),Level1
시경집전(상),43,181,故로 無贊美之詞라,0611ea818b607b16,라,True,라(대조군),Level1
당송팔대가문초증공1,228,1314,故其書不得不貴라 因爲之定著하여 以俟夫論禮者考而擇焉하노라,26cf7cb783244185,라,False,라(대조군),Level1
당송팔대가문초한유3,311,1666,鉤登大鮎하니 怒頰豕豞라,fe1963a45399cd72,라,False,라(대조군),Level1
당송팔대가문초유종원1,293,1786,徵令賜予로 布政于下國者는 出于甸服하고 而後按行成列하여 以就諸侯之館이라,23485176af1fec9a,라,False,라(대조군),Level1
춘추좌씨전6,124,451,觀從謂子干曰 不殺棄疾이면 雖得國이라도 猶受禍也리이다 子干曰 余不忍也로라,9953e6eaa04d0889,라,False,라(대조군),Level1
예기집설대전2,1921,2729,今之君子之急於祿食也하야 嗟而不去하고 不謝而食者多矣니 視餓者에 有愧也라,aefbb4150301cde5,라,False,라(대조군),Level1
당송팔대가문초왕안석2,29,106,此棄人齊物之道니 吾儒之罪人也라,1a602b810689d3d5,라,False,라(대조군),Level1
당송팔대가문초소식3,299,1172,"君臣, 父子, 上下 莫不由禮而定其位하야 至以爲有禮則生하고 無禮則死라",bb129b842f2b7a64,라,True,라(대조군),Level1
당송팔대가문초소식5,158,559,以我無心故라,6847cffebb530da4,라,False,라(대조군),Level1
자치통감강목19,1202,1659,崇沈深寛厚有方略하여 得士心이라,d2fea87dae5764c7,라,True,라(대조군),Level1
자치통감강목7,1247,1721,英雄이 誠知覺寤하고 遠覽深識하여 審神器之有授하여 毋貪不可冀하면 則福祚流于子孫하여 天祿其永終矣리라,870197d37e48e217,라,True,라(대조군),Level1
주역전의(하),1730,5148,故言其窮至於濡首하니 危可知也라,efdb05ac1c75f836,라,False,라(대조군),Level1
자치통감강목13,310,1149,于時에 流民在荆州者 十餘萬戸니 羈旅貧乏하여 多爲盜賊이라,41c9293a5e698c43,라,False,라(대조군),Level1
춘추좌씨전2,583,1881,詩曰 畏天之威하야 于時保之라하니 敬主之謂也라,1ca91bdb27499bc9,라,False,라(대조군),Level1
주역전의(하),1604,4781,故通而相應이라,e19346c818e48b45,라,False,라(대조군),Level1
춘추좌씨전5,338,1747,謙不足일새 飛不翔하고 垂不峻일새 翼不廣이라,87387cace8bc27d8,라,False,라(대조군),Level1
예기집설대전2,14,21,伯邑考는 文王長子라,62721a6c01ad9e15,라,False,라(대조군),Level1
춘추좌씨전2,835,2523,昔高陽氏有才子八人하니 蒼舒隤凱檮戭大臨尨降庭堅仲容叔達이라,55594ec5252888a3,라,False,라(대조군),Level1
시경집전(하),3044,6778,小共大共駿厖之義는 未詳이라,1a19d4f4705bdafa,라,False,라(대조군),Level1
자치통감강목20,1294,2061,夢固非一端이나 武帝之夢은 想所生也라,3631e06cea2e9a8d,라,False,라(대조군),Level1
주역전의(하),3,21,取女吉은 以卦才言也라,71015abc7c757aed,라,False,라(대조군),Level1
주역전의(하),305,907,夫夫婦婦而家道正이어늘 獨云利女貞者는 夫正者는 身正也요 女正者는 家正也니 女正則男正을 可知矣라,943ff891561320b4,라,False,라(대조군),Level1
맹자집주,1780,5715,皡皡는 廣大自得之貌라,28d668e9b4d85aa9,라,False,라(대조군),Level1
당송팔대가문초소식5,215,810,南珠大貝皆東傾이라,c7b1151f9dc3ac38,라,False,라(대조군),Level1
당송팔대가문초구양수2,273,1009,故其言之所載者大且文이면 則其傳也章하고 言之所載者不文而又小면 則其傳也不章이라,e359618a0538208a,라,False,라(대조군),Level1
당송팔대가문초한유1,341,1622,然足下與僕交久니 僕之所守는 足下之所熟知라,6f1451d7b916a9ed,라,False,라(대조군),Level1
자치통감강목9,271,393,夫天之與帝와 帝之與民은 猶頭之與足이 相須而行也라,e9081dc563e6f9f3,라,False,라(대조군),Level1
당송팔대가문초한유1,192,943,夫位益尊이면 則賤者日隔하고 伺候於門牆者日益進이면 則愛博而情不專이라,e9996b08e02d3af2,라,False,라(대조군),Level1
주역전의(하),1266,3846,以帝乙歸妹之道言이라,6b5decedbfe6a2e4,라,False,라(대조군),Level1
예기집설대전2,183,251,是雖於親有所不從이나 而於義無所不順이요 於親或不我愛나 而於鄕閭無所得罪니 此古之所謂孝子也라,368d3d358d4f3912,라,False,라(대조군),Level1
춘추좌씨전5,306,1579,祭寒而藏之하고 獻羔而啓之하야 公始用之하고 火出而畢賦하니 自命夫命婦至於老疾히 無不受冰이라,396f1501fb15a575,라,False,라(대조군),Level1
당송팔대가문초소식4,388,1511,又念昔者에 定國이 過余於彭城하야 留十日하야 往返作詩幾百篇하니 余苦其多하고 畏其敏하고 而服其工也라,53ee2b07919f562a,라,True,라(대조군),Level1
시경집전(하),1570,3482,鉤援은 鉤梯也니 所以鉤引上城이니 所謂雲梯者也라,585ee8ae09f0dd4f,라,False,라(대조군),Level1
서경집전(하),321,1265,小子는 幼小之稱이니 言年雖少나 而心獨善也라,7a20ea158fb48915,라,False,라(대조군),Level1
시경집전(상),63,232,木下曲曰樛라,03f6795f036fa720,라,False,라(대조군),Level1
당송팔대가문초유종원2,29,105,音若衣褐之褐이라,9b749b4f978fbccf,라,False,라(대조군),Level1
논어집주,1202,3969,君之所以君과 臣之所以臣과 父之所以父와 子之所以子는 是必有道矣라,247693198995dc01,라,False,라(대조군),Level1
예기집설대전2,125,164,有終身之憂는 仁也요 無一朝之患은 義也라,a61849e3c567d7de,라,False,라(대조군),Level1
논어집주,883,3096,"位는 君之虛位니 謂門屛之間, 人君宁立之處니 所謂宁也라",b2515abf0f07143b,라,False,라(대조군),Level1
당송팔대가문초소식2,529,2259,魏武는 長於料事나 而不長於料人이라,391cdeac6702641b,라,False,라(대조군),Level1
주역전의(하),609,1828,此는 言以益下爲心 而合於中行이면 則告公而見從矣라,1a2ab07d00106d7e,라,False,라(대조군),Level1
시경집전(하),2110,4712,憂心慇慇하여 念我土宇하노라,63cba8d4cea79185,라,True,라(대조군),Level1
주역전의(상),620,2002,衍은 寬綽也라,fd12dfafc261f3a6,라,False,라(대조군),Level1
춘추좌씨전5,76,398,吾曰 猶將更之러니 今還에 受享而惰하니 乃其心也라,fa7c1a27253b5b82,라,False,라(대조군),Level1
주역전의(상),757,2373,"若秦皇,漢武는 皆窮山林以索禽獸者也요 非田有禽也라",6e6c8980b7553886,라,False,라(대조군),Level1
시경집전(상),1835,4173,又按史記컨대 秦武公卒에 初以人從死하여 死者六十六人이러니 至穆公하여 遂用百七十七人하여 而三良與焉하니 蓋其初特出於戎狄之俗이어늘 而無明王賢伯이 以討其罪라,6313a0c9a312ec88,라,False,라(대조군),Level1
당송팔대가문초유종원1,196,1276,載文筆而都儒林者 匪親乃舊라 率皆攜撫相示하고 談笑見昵하여 喔咿逡巡하여 爲達者嗤라,58a25474911aa9d9,라,False,라(대조군),Level1
자치통감강목10,1090,1712,先王이 辨九服之賦하여 以殊遠近하고 制三典之刑하여 以平治亂이라,8485a58895ff7323,라,False,라(대조군),Level1
자치통감강목14,459,1429,"舊大國一이요 漢, 涼小國二요 新小國一이니 凡四僭國이라",999f00d4a6c8994f,라,False,라(대조군),Level1
시경집전(상),2699,6261,赤芾은 諸侯之服이요 金舃은 赤舃而加金飾이니 亦諸侯之服也라,94da5ca610d4b2e7,라,False,라(대조군),Level1
당송팔대가문초구양수4,182,865,每歲終에 會計來朝어든 天子必加恩禮라,fb160583e645bd73,라,False,라(대조군),Level1
주역전의(하),440,1310,六四는 往하면 蹇하고 來하면 連이리라,fb2e493100840d11,라,False,라(대조군),Level1
서경집전(상),777,3683,惟天監民以下는 格王之言이요 王司敬民以下는 正事之言也라,b5a7916bdd7b07eb,라,False,라(대조군),Level1
논어집주,1236,4054,內主忠信而所行合宜하고 審於接物而卑以自牧하니 皆自修於內요 不求人知之事라,00d9043f3b2813ed,라,False,라(대조군),Level1
예기집설대전2,174,233,重耳又勸其奔他國호대 而申生不從也라,573602587dd7e7d7,라,False,라(대조군),Level1
논어집주,590,2145,衛君은 出公輒也라,a6169f9c7f225449,라,False,라(대조군),Level1
시경집전(상),1088,2535,"蕭는 荻也니 白葉, 莖麤요 科生, 有香氣하니 祭則焫以報氣라",c91d957b1ded6ba7,라,True,라(대조군),Level1
주역전의(상),1512,4514,繫辭所謂惡積而不可掩이요 罪大而不可解者也라,78081fd730880efd,라,False,라(대조군),Level1
당송팔대가문초유종원1,263,1608,其始則皆類也러니 房子一書之而輕重若是라,dd18b18c09ebf231,라,False,라(대조군),Level1
자치통감강목1,760,2318,秦은 貪暴之國也라,bb8c36e879a54023,라,False,라(대조군),Level1
주역전의(하),892,2644,赤紱은 臣下之服이니 取行來之義라 故以紱言이라,fe51deae9066f220,라,True,라(대조군),Level1
서경집전(상),171,1240,大射禮에 樂人이 宿縣于阼階東호되 笙磬西面이요 其南은 笙鐘이며 西階之西엔 頌磬東面이요 其南은 頌鐘이라하니 頌鐘은 卽鏞鐘也라,95b11f85e695bb6d,라,False,라(대조군),Level1
맹자집주,1686,5513,丑問也라,9653d7b6f05a99d8,라,False,라(대조군),Level1
당송팔대가문초구양수6,33,280,梁太祖嘗遣人招降嗣昭하니 嗣昭斬其使者하고 閉城拒守라,1d474c92b257bf51,라,False,라(대조군),Level1
당송팔대가문초구양수4,295,1374,自曾祖已來로 家京師하야 而葬開封하니 今爲開封人也라,5c8fc9f0a0f6dcc8,라,False,라(대조군),Level1
자치통감강목14,849,2567,以其嘗墜馬折齒라하여 更名曰𡙇이러니 尋以其應讖文이라하여 更名曰垂라하고 遷侍中하고 録留臺事라가 徙鎮龍城하니 垂大得東北之和라,bbf11afee18f0d1e,라,False,라(대조군),Level1
당송팔대가문초한유1,210,1022,以某在公之宇下가 非一日이요 而又辱居姻婭之後하니 是生于匠石之園이요 長于伯樂之廐者也라,6db9d2080844b609,라,False,라(대조군),Level1
주역전의(하),1533,4610,當位以節은 五居尊은 當位也요 在澤上은 有節也니 當位而以節은 主節者也라,2fa148694972ac2e,라,False,라(대조군),Level1
주역전의(하),1106,3354,當君位하여 爲動之主하니 隨宜應變하여 在中而已라,e3c48addf698636d,라,False,라(대조군),Level1
자치통감강목11,287,1055,及卽位에 郭貴嬪이 有寵이라,7425ce151fc2bf85,라,False,라(대조군),Level1
당송팔대가문초한유2,217,987,"明先王之道以道之하고 鰥, 寡, 孤, 獨, 廢疾者有養也면 其亦庶乎其可也리라",496ca19ebf5b2293,라,True,라(대조군),Level1
주역전의(하),1034,3120,我仇는 謂初라,0f6604240f9c2439,라,False,라(대조군),Level1
주역전의(상),899,2797,以此履行이면 其亨을 可知라,2eac3c762250167d,라,False,라(대조군),Level1
주역전의(하),1120,3408,其象이 爲山하니 取坤地而隆其上之狀이요 亦止於極而不進之意也라,100b61068e307e23,라,True,라(대조군),Level1
자치통감강목5,270,598,此는 天地之大義요 生人之大倫이니 不可得而變易者也라,2f86ed7e12d2f722,라,False,라(대조군),Level1
당송팔대가문초한유3,312,1674,生闊死休니 吞不復宣하리라,3d6e16a0f31c0ef9,라,True,라(대조군),Level1
주역전의(하),477,1430,方解之初하여 宜安靜以休息之니 爻之辭寡는 所以示意라,7921262fa7c1f46d,라,False,라(대조군),Level1
시경집전(상),1785,4055,厹矛는 三隅矛也라,31866935c90e2ec5,라,False,라(대조군),Level1
당송팔대가문초유종원2,380,2650,敢譁者死리라,242fd04fb5b8241e,라,False,라(대조군),Level1
맹자집주,444,1596,隘는 狹窄也요 不恭은 簡慢也라,a6251dcc02c2c519,라,False,라(대조군),Level1
당송팔대가문초증공1,182,1045,臣等以相校하여 至八年七月하여 陳書三十六篇者 始校定하니 可傳之學者라,c126ca7b5619ca06,라,False,라(대조군),Level1
맹자집주,452,1618,得道者는 多助하고 失道者는 寡助라,b20ed54216d2ecaf,라,False,라(대조군),Level1
춘추좌씨전4,279,856,荀偃令曰 雞鳴而駕하야 塞井夷竈하고 唯余馬首是瞻하라 欒黶曰 晉國之命에 未是有也라,f0552e5717fb66d3,라,False,라(대조군),Level1
시경집전(하),1535,3377,作은 拔起也요 屛은 去之也라,7ca534732bbd05e5,라,False,라(대조군),Level1
예기집설대전2,1196,1716,恒於斯는 言常在此死生交代之際也라,681dd1cddd591bc7,라,False,라(대조군),Level1
당송팔대가문초유종원2,18,70,梁之上有丘焉하여 生竹樹라,1f3281dedb71a96d,라,False,라(대조군),Level1
시경집전(상),1342,3076,賦而興也라,c3314c809c0084dd,라,False,라(대조군),Level1
당송팔대가문초한유3,157,924,然其詳而信者는 宜莫若吾先人之友라,dbb5a002d5146b15,라,False,라(대조군),Level1
주역전의(상),689,2181,柔는 從剛者也요 下는 從上者也라,08706517fe5921a4,라,False,라(대조군),Level1
시경집전(상),2421,5617,常은 常棣也라,2f215d80b5606bc3,라,False,라(대조군),Level1
당송팔대가문초소식5,112,371,吾州之俗에 有近古者三이라,866c3caf7fd755e3,라,False,라(대조군),Level1
당송팔대가문초구양수4,45,233,若其規切人主하야 直言逆耳하고 至於從容進見하야 開導聰明하고 賢否人物이 其事不聞于外廷者하야는 其補益尤多라,43ae1228a0c52f98,라,False,라(대조군),Level1
시경집전(상),2489,5779,以卜筮終之는 言思之切而無所不爲也라,463174f222916e8f,라,False,라(대조군),Level1
춘추좌씨전2,50,120,虢必亡矣리라,e7199a0d32826fec,라,False,라(대조군),Level1
당송팔대가문초한유3,309,1646,南上湘水하니 屈氏所沈이요 二妃行迷하야 淚蹤染林이라,967e83bcf8dd1712,라,True,라(대조군),Level1
서경집전(하),946,3547,成周는 下都也라,2333b19d32264556,라,False,라(대조군),Level1
시경집전(하),2595,5761,是以로 無有遠近彼此之殊하고 而得以陳其君臣父子之常道於中國也라,cf5103a600e0643a,라,False,라(대조군),Level1
서경집전(상),185,1341,故로 次兗次靑次徐次揚次荊次豫次梁次雍이니 兗最下라 故로 所先이요 雍最高라 故로 獨後라,4eafbd62bc598729,라,False,라(대조군),Level1
당송팔대가문초증공1,339,1825,一雨則放聲以動州縣하여 而斗門輒發이라,224e2dd279b41f87,라,False,라(대조군),Level1
서경집전(상),173,1285,允諧者는 信皆和諧也니 庶尹諧면 則人無不和를 可知矣라,e3ac8aede3f19eac,라,False,라(대조군),Level1
춘추좌씨전4,212,615,書曰盜는 言無大夫焉이라,6e5cbea2dd9d375a,라,False,라(대조군),Level1
자치통감강목4,1140,2596,旣至에 左大都尉 欲發而覺이라,f43a47c4e3805959,라,False,라(대조군),Level1
주역전의(하),2181,6024,"荀九家엔 有爲鼻,爲虎,爲狐라",0609ad95521cd1f2,라,False,라(대조군),Level1
맹자집주,279,1053,孟子所論을 自世俗觀之면 則可謂無謀矣라,7c402d429af281ef,라,False,라(대조군),Level1
논어집주,1964,6098,四者는 皆君子之事니 忠厚之至也라,3e4793d67bb9e6e9,라,False,라(대조군),Level1
자치통감강목14,796,2432,閔이 素有勇名하고 所將兵精鋭하니 燕人이 憚之라,d81ec37e9c9907ae,라,False,라(대조군),Level1
당송팔대가문초구양수4,548,2439,能者取科第擅名聲하야 以誇榮當世요 未嘗有道韓文者라,53ecd71b81898fd2,라,False,라(대조군),Level1
당송팔대가문초왕안석1,218,1126,時荊公이 托爲擇便地以養母하니 其書之情旨가 深厚婉曲이라,08cc7e98d49fcb03,라,False,라(대조군),Level1
시경집전(하),2725,6040,佛은 弼通이라,f1c70e497114fda8,라,False,라(대조군),Level1
주역전의(하),1539,4623,澤之容水有限하여 過則盈溢하나니 是有節이라,9a42407f76a52b19,라,False,라(대조군),Level1
시경집전(상),2233,5141,興也라,132140857a360a8c,라,False,라(대조군),Level1
당송팔대가문초소식2,49,212,貧民販鹽에 不過一兩貫錢本하야 偸稅則賞重하고 納稅則利輕하며 欲爲農夫면 又値凶歲하니 若不爲盜면 惟有忍饑라,dd2dde3ac1540442,라,False,라(대조군),Level1
당송팔대가문초유종원2,276,1626,智氏旣滅范中行에 志益大하여 合韓魏圍趙하고 水晉陽이라,5fff69c6546a1099,라,True,라(대조군),Level1
당송팔대가문초증공1,164,947,將以是非得失과 興壞理亂之故로 而爲法戒면 則必得其所託이라,67c0757f53c5f6f9,라,False,라(대조군),Level1
당송팔대가문초구양수5,334,2249,及楊劉之敗也에 凝乃上書言彦章使酒輕敵而至於敗라하니 趙巖等從中日夜毁之하야 乃罷彦章하고 以凝爲招討使라,971dc3361b5f93af,라,True,라(대조군),Level1
시경집전(상),2287,5306,鵻는 夫不也니 今鵓鳩也라,9ecbfa6609d40221,라,False,라(대조군),Level1
서경집전(하),134,548,人之有能有爲를 使羞其行하면 而邦이 其昌하리라,a925680461466b92,라,True,라(대조군),Level1
당송팔대가문초구양수3,442,1811,公以謂晉自前世爲險國하니 常先叛而後服者는 恃此也라하야 其在河東에 鑿澤州路하고 後徙河北에 鑿懷州路하니 而太行之險通이라,c2707950ffc2d23e,라,False,라(대조군),Level1
춘추좌씨전5,53,313,子大叔賦野有蔓草한대 趙孟曰 吾子之惠也라,e9155b4051fd0235,라,False,라(대조군),Level1
자치통감강목14,131,406,敦曰 若不爾면 正當誅爾리라,661b4f149f2a3bbd,라,False,라(대조군),Level1
시경집전(하),527,1161,伯氏吹壎이어든 仲氏吹篪라,c409276534c31a58,라,False,라(대조군),Level1
춘추좌씨전6,281,1289,靈王殺隱大子어늘 其子與君同惡하니 德君必甚이라,5977615652c166e2,라,False,라(대조군),Level1
당송팔대가문초한유2,92,350,吾常以爲孔子之道는 大而能博하야 門弟子不能徧觀而盡識也라,7e3e0e8e55bf48a4,라,True,라(대조군),Level1
당송팔대가문초구양수1,254,1449,是自空其地하야 引惹北人하야 歲歲爭界니 其害三也라,cf2658299fda4dda,라,False,라(대조군),Level1
자치통감강목9,452,665,梁冀旣誅에 爕이 乃還鄕里하여 追行喪服하니 姊弟相見하고 悲感傍人이라,4e20485e5cf6ae22,라,True,라(대조군),Level1
춘추좌씨전6,93,311,晉侯享諸侯에 子産相鄭伯이러니 辭於享하고 請免喪而後聽命한대 晉人許之하니 禮也라,0f136cb78a75ae08,라,False,라(대조군),Level1
예기집설대전2,524,755,孔子之喪에 公西赤이 以飾棺榮夫子라,61def782b8b6b3ae,라,True,라(대조군),Level1
당송팔대가문초구양수4,6,23,與人言에 必思而後對라 故其蒞官臨事에 愼重不輒發하고 發亦不可回止로되 而其趣要歸於仁厚라,d1a6bfb60d4c4707,라,False,라(대조군),Level1
당송팔대가문초소식5,46,140,於是에 有違親絶俗之譏와 懷祿苟安之弊라,bb051d7127477cb7,라,False,라(대조군),Level1
주역전의(상),1876,5588,維心亨은 維其心誠一이라 故能亨通이라,7d8f5e869c875987,라,False,라(대조군),Level1
당송팔대가문초소순1,266,1731,按古傳記하여 論奇道伏道處는 古今名言也라,9e8f498495c21387,라,False,라(대조군),Level1
시경집전(상),949,2224,賦也라,8ee2540f4365747d,라,False,라(대조군),Level1
시경집전(하),622,1372,至於以葛屨履霜하며 而其貴戚之臣이 奔走往來하여 不勝其勞하여 使我心憂而病也라,74f0e61c012b4155,라,False,라(대조군),Level1
예기집설대전2,478,689,善其哀慕니 虞祭는 雖遲不害라,723e6879ee6f48bb,라,True,라(대조군),Level1
시경집전(상),1242,2894,"叔, 伯은 男子之字也라",59010fa480eb8a3b,라,False,라(대조군),Level1
당송팔대가문초왕안석2,167,754,公開南昌하야 勳爵第一이라,4e425ec28a564dc2,라,True,라(대조군),Level1
춘추좌씨전6,258,1136,入이면 復而所하리라,bc5694c5fa71dea0,라,False,라(대조군),Level1
당송팔대가문초왕안석2,138,606,予甚怪焉이로라,f5b489c8597a7a0c,라,True,라(대조군),Level1
당송팔대가문초유종원2,309,1949,辛亥啓土하니 有木焉하고 發之하니 緋衣緅衾 凡自家之物皆在라,5d624bd89011788e,라,True,라(대조군),Level1
주역전의(하),385,1128,掣는 從制從手하니 執止之義也라,ac40b9c614dd7634,라,True,라(대조군),Level1
자치통감강목14,146,458,帝恭儉有餘나 而明斷不足이라,6f9505eea0e64fb1,라,False,라(대조군),Level1
당송팔대가문초한유3,312,1672,解手背面이 遂十一年이라,3ecb45d557f4df2d,라,True,라(대조군),Level1
춘추좌씨전6,253,1103,旣出에 聞衛亂하고 使請所聘하니 公曰 猶在竟內하니 則衛君也라,48b76d0dada7c61c,라,False,라(대조군),Level1
논어집주,816,2898,天地之化는 往者過하고 來者續하여 無一息之停하니 乃道體之本然也라,c152e54b55da5f01,라,True,라(대조군),Level1
자치통감강목18,145,477,淵은 湛之之子也라,256a9a8d8ed8ab6a,라,False,라(대조군),Level1
예기집설대전2,574,823,柩旣反則婦人復升堂以避柩라가 至明日에 乃復還柩向外하고 降婦人於階間而後行遣奠之禮라,c3dc7f9903f4f93c,라,False,라(대조군),Level1
서경집전(하),1039,3868,此는 告同姓諸侯也라,8a3ecb4e0950152e,라,False,라(대조군),Level1
맹자집주,1198,4098,不臣堯는 不以堯爲臣하여 使北面而朝也라,3f44d3d7d2251731,라,False,라(대조군),Level1
논어집주,1356,4375,此는 本立而材不足者라,5180c93f9380555a,라,False,라(대조군),Level1
서경집전(상),154,1051,汝亦昌言하라 禹拜曰 都라,53418641f9fca6bf,라,True,라(대조군),Level1
시경집전(하),26,57,思는 語詞也라,15e69ba0d443ab81,라,False,라(대조군),Level1
당송팔대가문초구양수5,65,496,諸將多言乘勝以取靑齊라하니 嗣源曰 彦章之敗를 凝猶未知하니 使其聞之면 遲疑定計가 亦須三日이라,644d3791da9da71c,라,False,라(대조군),Level1
시경집전(상),1094,2550,菼은 蘆之始生也라,d38e33c8ec9b3e09,라,False,라(대조군),Level1
시경집전(상),562,1291,褎는 多笑貌요 充耳는 塞耳也니 耳聾之人은 恒多笑라,7afb7cfebfa7f61a,라,False,라(대조군),Level1
춘추좌씨전4,142,346,吾多與而役하리라,68bf7c17e9d8b313,라,False,라(대조군),Level1
서경집전(상),446,2507,規는 正也니 相規云者는 胥敎誨也라,47925617e39dd72d,라,False,라(대조군),Level1
서경집전(하),833,3152,敬爾有官하며 亂爾有政하여 以佑乃辟하여 永康兆民하여 萬邦이 惟無斁케하라,5a262473191b03fa,라,False,라(대조군),Level1
당송팔대가문초소순1,80,508,古者에 天子卽位면 天下之政은 必有所不及安席而先行之者라,044e493bc1a933f2,라,True,라(대조군),Level1
시경집전(상),379,909,妾上僭하여 夫人失位하여 而作是詩也라,2f38e97adc223205,라,False,라(대조군),Level1
자치통감강목11,69,261,彧이 行義修整而有智謀하고 好推賢進士라,c9617867f7db569b,라,False,라(대조군),Level1
주역전의(상),1678,4994,故有匪正則爲過眚이라,221388320dc73530,라,True,라(대조군),Level1
당송팔대가문초소식5,5,14,臣不及見其人矣나 而識其爲人호니 其流風遺俗을 可得而稱者는 以世考之也일새라,35407dadc05daa02,라,False,라(대조군),Level1
당송팔대가문초소철2,335,1831,彼其弱者는 不敢獨戰이라,5bd51824ad477f29,라,False,라(대조군),Level1
주역전의(상),1931,5750,人之所麗는 利於貞正하니 得其正則可以亨通이라,f91de0112733229f,라,False,라(대조군),Level1
서경집전(상),155,1075,故로 必循山伐木하여 通蔽障하고 開道路而後에 水工可興也라,dc7b65184dc0803c,라,False,라(대조군),Level1
당송팔대가문초증공1,210,1238,此篇精神融液處는 不如新序戰國策諸篇이라,8dffab9fe414de88,라,False,라(대조군),Level1
주역전의(하),2109,5914,右는 第十章이라,689e368f1ed7b6a2,라,False,라(대조군),Level1
자치통감강목18,888,2909,今新遷之民이 扶老携幼하여 居無一椽之室하고 食無甔(담)石之儲이라,9995e2ad2cf5fe12,라,True,라(대조군),Level1
당송팔대가문초구양수1,445,2277,衆口紛紛하야 各有論議라,ad6f95b4862cc093,라,False,라(대조군),Level1
춘추좌씨전8,63,233,與卜人比하야 而告公曰 君有大臣在西南隅하니 弗去면 懼害로라,50b52e0d696c22fb,라,False,라(대조군),Level1
서경집전(상),470,2621,天生聰明은 所以爲之主하여 而治其爭亂者也라,6ae99cf0de9fb4e3,라,True,라(대조군),Level1
서경집전(하),905,3364,弘璧은 大璧也라,1c4c39699c9ba650,라,False,라(대조군),Level1
시경집전(하),2539,5636,高山은 謂岐山也라,42f7b3c4590e5ed9,라,True,라(대조군),Level1
서경집전(하),1031,3824,皐陶不與三后之列하여 遂使後世로 以刑官爲輕이라,457b3447f99dda40,라,False,라(대조군),Level1
주역전의(하),846,2495,君道之升은 患无賢才之助爾니 有助則猶自階而升也라,866ad94a266225f8,라,False,라(대조군),Level1
당송팔대가문초소식3,171,660,孝悌足而王道備하니 此固非有深遠而難見하고 勤苦而難行者也라,3423e343936adfd5,라,False,라(대조군),Level1
시경집전(하),2188,4877,臨은 享也라,7b333f4faf24f16f,라,False,라(대조군),Level1
서경집전(하),230,839,管叔은 名鮮이니 武王弟요 周公兄也라,50720411f3bd3f2a,라,False,라(대조군),Level1
논어집주,1289,4198,夫子告之之詳如此로되 而子路終不喩也라,dddf8673d7b5046c,라,False,라(대조군),Level1
당송팔대가문초구양수4,109,520,由是로 罷洙而釋滬러라 洙는 公平生所善者也라,2f297c6e09d2fa79,라,True,라(대조군),Level1
자치통감강목18,722,2361,有司上言하여 求卜祥日이어늘 詔曰 筮日求吉은 旣乖敬事之志하고 又違永慕之心하니 今直用晦日하라,c6f7938b82e25fd4,라,False,라(대조군),Level1
논어집주,1687,5354,不同은 如善惡邪正之類라,e2602ae5aeea6b68,라,False,라(대조군),Level1
당송팔대가문초구양수1,68,529,其人이 至難得也요 至可重也라,8f5470ba3efc46c2,라,True,라(대조군),Level1
주역전의(하),966,2876,革而能照察事理하고 和順人心이면 可致大亨而得貞正이니 如是면 變革이 得其至當이라,6da8cdaf27aa2c73,라,False,라(대조군),Level1
논어집주,31,149,時는 謂農隙之時라,9bd2c36d9a7985b9,라,False,라(대조군),Level1
자치통감강목13,556,1860,且臣家若能奉武皇帝之業하여 九族敦睦이면 陛下何由得之리잇고 聰이 喜하여 以小劉貴人妻帝하고 曰 此名公之孫也니 卿은 善遇之하라,f9a6b74a437bf27d,라,False,라(대조군),Level1
당송팔대가문초구양수6,215,1410,周師征淮하니 景以暉爲北面行營應援使하야 屯淸流關한대 爲周師所敗하야 幷其都監姚鳳으로 皆被擒이라,80b818900564a7fc,라,False,라(대조군),Level1
춘추좌씨전4,381,1164,而視하니 不可含이라,2b28f8bd2488819d,라,False,라(대조군),Level1
예기집설대전2,1003,1450,布者는 分列而暴乾之也라,ce7cbb613f9bef27,라,False,라(대조군),Level1
당송팔대가문초왕안석1,384,1739,婉曲多波瀾이라,71078c75dd242f22,라,True,라(대조군),Level1
자치통감강목15,654,896,庶長子寔君이 遂殺諸弟하고 倂弑什翼犍이어늘 秦兵이 趨雲中하니 部衆이 逃潰하여 國中이 大亂이라,4ad0da3cfe2cd58f,라,False,라(대조군),Level1
시경집전(하),1097,2401,率은 循也라,75b368047ca1f24b,라,False,라(대조군),Level1
당송팔대가문초구양수6,273,2006,五代之初에 因唐之故하야 用崇玄曆이러니 至晉高祖時하야 司天監馬重績始更(경)造新曆하야 不復(부)推古上元甲子冬至七曜之會하고 而起唐天寶十四載乙未爲上元하고 用正月雨水爲氣首라,753a74c686fcc6ef,라,False,라(대조군),Level1
주역전의(상),1181,3566,旣能勞謙하고 又須君子行之有終이면 則吉이라,f20857bcc7a5c772,라,False,라(대조군),Level1
서경집전(상),98,686,故로 自其大而化之而言이면 則謂之聖이요 自其聖而不可知而言이면 則謂之神이요 自其威之可畏而言이면 則謂之武요 自其英華發外而言이면 則謂之文이라,81473ef4c02511af,라,True,라(대조군),Level1
서경집전(상),394,2268,五百里者는 王城之外에 四面이 皆五百里也라,66f89c0fcebda5c1,라,False,라(대조군),Level1
자치통감강목7,1699,2355,"夫建太子는 所以重宗統, 一民心也니 非有大惡於天下면 不可移也라",19f77de8dbc6b253,라,False,라(대조군),Level1
자치통감강목18,159,538,四海重責이 將有所歸리라,11092c003703beec,라,True,라(대조군),Level1
당송팔대가문초구양수4,447,1974,徒有淚而浪浪이라,68a2745f7ab68755,라,True,라(대조군),Level1
당송팔대가문초소식4,223,880,故로 其無事而田獵이면 則未嘗發老弱之民하고 兵行而饋糧이면 則未嘗食無用之卒이라,266b3dd4d1df2397,라,False,라(대조군),Level1
서경집전(상),10,50,擧近以該遠하니 五服異姓之親도 亦在其中也라,1c477cb7d63c8a55,라,False,라(대조군),Level1
시경집전(하),530,1170,三物은 犬豕鷄也니 刺其血하여 以詛盟也라,3c812a8b8818087f,라,False,라(대조군),Level1
당송팔대가문초소식5,375,1394,聞法最先하고 事佛亦久하니 耄然衆中에 是亦長老라,25c9ddd2f5775a36,라,False,라(대조군),Level1
중용장구,76,223,故로 於篇首에 卽以大舜顔淵子路之事로 明之하시니 舜은 知也요 顔淵은 仁也요 子路는 勇也니 三者에 廢其一이면 則無以造道而成德矣라,0d4b17375719e6cc,라,False,라(대조군),Level1
시경집전(상),1846,4196,山則有苞櫟矣요 隰則有六駁矣어늘 未見君子하니 則憂心靡樂矣라,5d0230b7bf04a91b,라,True,라(대조군),Level1
당송팔대가문초소순1,379,2375,三代之時엔 擧天下之民이 皆兵也라,72494947c0c32190,라,False,라(대조군),Level1
서경집전(상),710,3506,若金이어든 用汝하여 作礪하며 若濟巨川이어든 用汝하여 作舟楫하며 若歲大旱이어든 用汝하여 作霖雨하리라,b76ddafbfdaa58bc,라,False,라(대조군),Level1
주역전의(하),1602,4775,"故有鶴鳴子和, 我爵爾靡之象이라",ad62205c19b912f5,라,True,라(대조군),Level1
당송팔대가문초한유1,341,1624,然僕退而思之하니 雖無以獲罪於天이나 亦有以獲罪於人者로라,09974746ac2bd47c,라,True,라(대조군),Level1
맹자집주,913,3198,人人이 親其親하며 長其長이면 而天下平하리라,1b95a0529af98540,라,False,라(대조군),Level1
자치통감강목17,473,1600,允曰 漢元年十月에 五星聚東井이라하니 案星傳컨대 太白辰星이 常附日而行이라,ec8d5b8e05695b01,라,False,라(대조군),Level1
자치통감강목20,1185,1906,各出其事하여 具以奏聞하고 富國彊兵之術과 息民省役之宜를 竝宜具列하라,83235de181894e8e,라,False,라(대조군),Level1
주역전의(하),443,1317,往蹇來連은 當位實也일새라,a44d9aa4339b950b,라,False,라(대조군),Level1
당송팔대가문초한유2,363,1827,句龍棄以功이요 孔子以德이니 固自有次第哉ㄴ저 自古多有以功德得其位者가 不得常祀나 句龍棄孔子는 皆不得位而得常祀라,71437da8b8aaf8a3,라,False,라(대조군),Level1
춘추좌씨전5,307,1595,王曰 吾用齊桓하리라,df43c8f159fa9c7a,라,False,라(대조군),Level1
당송팔대가문초구양수3,10,30,遣中貴人趣送閣門하야 使卽受命하니 嗚呼라,079e25ca999e8e5a,라,True,라(대조군),Level1
당송팔대가문초구양수4,395,1758,初以辟爲其府推官이라가 既罷에 又辟司錄하니 河南人多賴之라,045ba450105e803b,라,False,라(대조군),Level1
춘추좌씨전4,387,1193,晉士匄侵齊하야 及穀이라가 聞喪而還하니 禮也라,19f6bc44d19865b4,라,False,라(대조군),Level1
시경집전(하),701,1532,言 王之所以使我者는 善我之未老而方壯하여 旅力이 可以經營四方耳라하니 猶上章之言獨賢也라,b3e997f32e891449,라,False,라(대조군),Level1
서경집전(상),324,1888,後世에 蜀之卓氏程氏以鐵冶로 富擬封君하니 則梁之利尤在於鐵也라,5bcd4cf9e5a834f2,라,False,라(대조군),Level1
맹자집주,2161,6670,世衰道微하여 大經不正이라,883fc5da74f62981,라,True,라(대조군),Level1
자치통감강목19,1151,1592,梁天監十一年이요 魏延昌元年이라,9554421ac9120548,라,False,라(대조군),Level1
당송팔대가문초한유3,223,1271,改河南令이어늘 而河南尹適君平生所不好者라,83e68e1f41521754,라,False,라(대조군),Level1
주역전의(하),941,2797,四雖陰柔而處正하고 上承九五之君하니 才不足以廣施利物이로되 亦可自守者也라,8ff6611badce2ec7,라,False,라(대조군),Level1
당송팔대가문초구양수5,320,2165,得吳則桂廣皆爲內臣이요 岷蜀可飛書而召之라,806d4db97d4e7a46,라,False,라(대조군),Level1
서경집전(상),701,3475,高宗이 喪父小乙이러니 惟旣免喪而猶弗言하니 群臣이 以其過於禮也라 故로 咸諫之라,5d179b93f67c1c50,라,False,라(대조군),Level1
주역전의(하),293,864,然易之取義 變動隨時라,2737db881dc8416c,라,False,라(대조군),Level1
자치통감강목14,420,1351,"其夷, 趙百姓이 樂事佛者를 特聽之하노라",3b368e9d4e7598e4,라,False,라(대조군),Level1
당송팔대가문초왕안석2,82,387,古者에 官師相規하고 工執藝事以諫하니 其或不能諫이면 謂之不恭이요 則有常刑이라,3da8a5c1a80ea591,라,False,라(대조군),Level1
서경집전(하),390,1574,旣는 盡也라,c2185cef143ee340,라,False,라(대조군),Level1
주역전의(상),799,2490,言比之初六者는 比之道在乎始也니 始能有孚면 則終致有他之吉이라,9d3e365d2e4d494d,라,False,라(대조군),Level1
시경집전(하),542,1198,時有而被宮刑하여 爲巷伯者 作此詩라,633f9c309380797b,라,True,라(대조군),Level1
당송팔대가문초소순1,125,781,凡人之所以見信者는 以其中에 無所不可測者也요 人之所以獲尊者는 以其中에 有所不可窺者也라,c4c6b79714cb6ae4,라,False,라(대조군),Level1
춘추좌씨전4,179,466,體仁足以長人이오 嘉德足以合禮오 利物足以和義오 貞固足以幹事라,43030471930d4add,라,False,라(대조군),Level1
서경집전(하),917,3431,成王顧命之言은 書之冊矣니 此는 太史口陳者也라,ab886a7ce519a2dc,라,False,라(대조군),Level1
시경집전(상),1615,3676,興也라,132140857a360a8c,라,False,라(대조군),Level1
당송팔대가문초한유3,149,880,張御史忠義하여 必爲其帥告此리라,e6f8ce898bd060e3,라,True,라(대조군),Level1
논어집주,1928,5982,辟人은 謂孔子요 辟世는 桀溺自謂라,cfc424d64b10fac9,라,False,라(대조군),Level1
주역전의(하),558,1683,損己從人은 徙於義也요 自損益人은 及於物也요 行損道以損於人은 行其義也니 各因其時하여 取大者言之라,b0de31615cb718f1,라,True,라(대조군),Level1
서경집전(상),470,2624,桀爲民主而反行昏亂하여 陷民於塗炭하니 旣失其所以爲主矣라,9dc6e11c4b9430e2,라,False,라(대조군),Level1
자치통감강목12,241,996,今我與彼가 皆傳國易世矣라,272275294eed377d,라,False,라(대조군),Level1
시경집전(상),2117,4819,條桑은 枝落之하여 采其葉也라,e581fb0f2bc02735,라,False,라(대조군),Level1
시경집전(상),372,893,比也라,920e5bbdbbf3601f,라,False,라(대조군),Level1
주역전의(상),28,129,太陽數九요 少陰數八이요 少陽數七이요 太陰數六이니 初亦不知其數如何恁地요 元來只是十數라,68013031200d5885,라,False,라(대조군),Level1
시경집전(하),615,1350,砥는 礪石이니 言平也요 矢는 言直也라,b3a77c3390f71cb9,라,False,라(대조군),Level1
시경집전(상),2737,6352,豕牝曰豝라,a3ffa35686c30e1b,라,False,라(대조군),Level1
당송팔대가문초소식2,422,1783,聞天下之父에 嘗有曰堯者하고 而曰 必堯而後父니 少不若堯면 而降爲兄이라하면 則瞽鯀이 懼至僕妾焉이라,e40d955502a49df5,라,False,라(대조군),Level1
서경집전(상),658,3343,言我思念我先神后之勞爾先人하니 我大克羞養爾者는 用懷念爾故也라,f3f0cfd5a62198c5,라,False,라(대조군),Level1
시경집전(하),1339,2871,其德不已라 故로 今旣沒而其令聞猶不已也라 令聞不已라,471d69cdbf52fbe9,라,True,라(대조군),Level1
주역전의(하),1942,5621,易者는 陰陽之變이요 太極者는 其理也라,54d3fef70a152c6f,라,False,라(대조군),Level1
주역전의(상),697,2200,"旣義不克訟이니 若能克其剛忿欲訟之心하여 復卽就於命하여 革其心,平其氣하여 變而爲安貞則吉矣라",14f332d686932666,라,False,라(대조군),Level1
당송팔대가문초소식4,375,1468,先生은 諱太初요 字醇之요 姓顔氏니 先師兗公之四十七世孫云이라,2ea5540344c8a76c,라,False,라(대조군),Level1
예기집설대전2,1957,2775,行者遠은 猶言感動之大也라,dee5fe7dcfeba630,라,False,라(대조군),Level1
시경집전(하),1838,4148,館은 客舍也라,5ebe060499e6feb7,라,True,라(대조군),Level1
논어집주,1118,3641,率爾는 輕遽之貌라,beaeb5bb2f713621,라,False,라(대조군),Level1
주역전의(하),2186,6030,故受之以屯하니 屯者는 盈也니 屯者는 物之始生也라,2053cc1a073860de,라,False,라(대조군),Level1
당송팔대가문초소순1,414,2636,按此는 老泉이 所以逆探兩公之終身也라,d04cb0b5690c921d,라,False,라(대조군),Level1
당송팔대가문초소순1,261,1696,兵之有上中下也니 是兵之有三權也라,a2e8018fdd1d13b6,라,True,라(대조군),Level1
자치통감강목18,424,1459,道成曰 所以遣卿은 正爲能盡臨事之宜하여 使我無西顧之憂耳라,fa57adb2c8465937,라,False,라(대조군),Level1
주역전의(상),616,1990,九二는 需于沙라,d2db804fa1d0c588,라,False,라(대조군),Level1
맹자집주,2147,6620,掩은 覆也라,257acaef8ee6f6de,라,True,라(대조군),Level1
당송팔대가문초유종원1,70,531,視世之亂若理하고 視人之害若利하고 視道之悖若義하여 我壽而生하고 彼夭而死라하여 固無能動其肺肝焉이라,d88d0ff59ff7d18b,라,True,라(대조군),Level1
당송팔대가문초한유3,328,1823,故有言於人無不信이라,d8e9922f4d61822a,라,False,라(대조군),Level1
당송팔대가문초소식5,206,771,無競惟人하야 以燕我後라,c38cb3359b1250b7,라,True,라(대조군),Level1
주역전의(하),741,2206,爲卦 兌上坤下하니 澤上於地는 水之聚也라 故爲萃라,57ae20fe1fc558bf,라,False,라(대조군),Level1
시경집전(상),2615,6036,此亦燕飮賓客之詩라,380949490056acea,라,False,라(대조군),Level1
자치통감강목2,1061,2787,然躶身來하니 不受金이면 無以爲資라,78b9afca657be3e0,라,False,라(대조군),Level1
당송팔대가문초구양수6,303,2232,每與茂章等戰에 必命中而後發하니 以此吳兵畏之하야 不敢近이라,0c26bfd1f44be9a2,라,True,라(대조군),Level1
주역전의(하),913,2721,二五之爻 剛中之德이 其常乃如是하니 卦之才與義合也라,26a4573b1d2e4fd9,라,False,라(대조군),Level1
당송팔대가문초소식5,46,138,譬之飮食컨대 適於飢飽而已라,b6815a1b04a49f2c,라,False,라(대조군),Level1
당송팔대가문초왕안석2,627,3217,嗟屯怨窮하고 閔命不長호라,771a390d8e2e86bd,라,True,라(대조군),Level1
당송팔대가문초구양수5,101,751,太僕少卿何澤이 上書하야 請立從榮爲皇太子라,acd96eeeb6a4011b,라,False,라(대조군),Level1
시경집전(하),1592,3540,賦也라,8ee2540f4365747d,라,False,라(대조군),Level1
당송팔대가문초구양수3,364,1336,畫已百餘年矣라 完之에 復可百年이라,f645bf6a5f57ac1e,라,True,라(대조군),Level1
당송팔대가문초구양수1,195,1207,臣以庸繆로 過蒙任使하야 俾陪宰輔之後라 然平日論議 不能無異同하고 雖日奉天威나 又不得從容曲盡拙訥이라,996ebe46e62abf70,라,False,라(대조군),Level1
당송팔대가문초구양수2,417,1669,聖人之意가 皎然乎經이나 惟明者見之요 不爲他說蔽者見之也라,c01f788879d87de8,라,True,라(대조군),Level1
자치통감강목5,1279,2935,臣又聞之師호니 曰 妃匹之際는 生民之始요 萬福之原이라,09557a1b2d84dfc4,라,True,라(대조군),Level1
주역전의(상),1645,4900,唯失之不遠而復이면 則不至於悔니 大善而吉也라,d199f6bdbb3225d7,라,False,라(대조군),Level1
시경집전(상),2152,4940,滌場者는 農事畢而掃場地也라,a2caf6ca8998cd63,라,True,라(대조군),Level1
자치통감강목8,65,88,三十一年이라,6355e5e7f005a7f1,라,False,라(대조군),Level1
논어집주,766,2726,畏者는 有戒心之謂라,9affbc2de10653d4,라,False,라(대조군),Level1
당송팔대가문초한유3,41,274,某日歸葬於某處라,50fa665dfaecd27b,라,False,라(대조군),Level1
춘추좌씨전1,394,2201,曰 陳桓公方有寵於王하고 陳衛方睦하니 若朝陳使請이면 必可得也리라,f4d30ed05cb8c680,라,False,라(대조군),Level1
서경집전(상),1,2,嗚呼라,24e5a6656c0e001e,라,True,라(대조군),Level1
맹자집주,747,2694,臣附는 歸服也라,2939cdd3c689eedd,라,False,라(대조군),Level1
자치통감강목3,1715,3820,衆庶街巷有馬하여 乘字牝者를 擯而不得聚會하고 守閭閻者食粱肉하며 爲吏者長子孫하고 居官者以爲姓號라,43a68570186bdb3b,라,False,라(대조군),Level1
춘추좌씨전5,279,1426,君有辱命하니 惠莫大焉이라,257e07593d5b58bf,라,True,라(대조군),Level1
예기집설대전2,82,105,此는 言喪拜之次序也라,63cd5472e2517006,라,False,라(대조군),Level1
자치통감강목5,731,1690,人生行樂耳니 須富貴何時오호라,0570b4305d4c0543,라,True,라(대조군),Level1
주역전의(하),1412,4274,巽於上下하여 如田之獲三品而遍及上下하면 成巽之功也라,94cecb6ebb456f1b,라,False,라(대조군),Level1
당송팔대가문초구양수4,239,1139,先生自閒居徂徠하고 後官于南京으로 嘗以經術敎授하고 及在大學하얀 益以師道自居에 門人弟子從之者甚衆하니 太學之興은 自先生始라,ec7ba692f1c1e4fa,라,False,라(대조군),Level1
주역전의(상),126,633,所以聖人經旨 愈見不明이라,e37c0d6c0ce7303d,라,False,라(대조군),Level1
자치통감강목12,330,1334,今大敵已近하니 群心無可保者라,05f606e6c98f3bcf,라,False,라(대조군),Level1
서경집전(하),280,1072,嗚呼라,24e5a6656c0e001e,라,True,라(대조군),Level1
자치통감강목10,1042,1624,五年이라,fe6991d021c262dc,라,False,라(대조군),Level1
논어집주,175,630,季氏는 魯大夫季孫氏也라,463feb82b24cf08a,라,True,라(대조군),Level1
당송팔대가문초유종원2,89,406,時則有叛人而無叛吏하니 人怨於下而吏畏於上이라,cea2902b7d8da8ec,라,True,라(대조군),Level1
시경집전(상),351,854,選은 簡擇也라,c99a1984cdc2f6e5,라,True,라(대조군),Level1
중용장구,298,794,承上章而言大德之敦化하니 亦天道也라,0dc408fe5685c172,라,True,라(대조군),Level1
예기집설대전2,1426,2034,服與不服이 所以異也라,d54b1be20e7ffed4,라,True,라(대조군),Level1
맹자집주,690,2440,夷는 姓이요 之는 名이라,dbad805f9e8f7dc4,라,True,라(대조군),Level1
서경집전(하),1011,3759,蓋舜典所謂贖者는 官府學校之刑爾요 若五刑則固未嘗贖也라,e4455cb32ae81ca2,라,False,라(대조군),Level1
주역전의(하),34,107,感者는 人之動也라,e561203a074c7a0c,라,False,라(대조군),Level1
자치통감강목15,1386,1959,所以得建立功業하여 驅策諸賢者는 正望算略中有片長耳로라,0e6407e8abf6b20b,라,False,라(대조군),Level1
시경집전(상),1580,3599,勞는 勤苦也니 謂不以我爲勤勞也라,b32e9a06b58444a7,라,False,라(대조군),Level1
당송팔대가문초소식4,404,1556,前十有九年에 余在岐山하야 見方山子하니 從兩騎하고 挾二矢하야 游西山할새 鵲起于前이어늘 使騎逐而射之호되 不獲이라,784941bc823c08bd,라,True,라(대조군),Level1
당송팔대가문초소순1,281,1807,孫武十三篇은 兵家擧以爲師라,f75da875bbde4cd8,라,True,라(대조군),Level1
주역전의(하),293,866,故不專以君位言이요 上六은 陰暗傷明之極이라 故以爲明夷之主라,ebef2e082618a21f,라,True,라(대조군),Level1
춘추좌씨전3,264,763,詩曰 戰戰兢兢하야 如臨深淵하고 如履薄冰이라하니 善人在上也라,15f976a9b26149b7,라,True,라(대조군),Level1
당송팔대가문초유종원2,74,304,或異照之居於斯하되 而不蚤爲是也어늘 余謂昔之上人者는 不起宴坐로되 足以觀於空色之實하여 而游乎物之終始라,932863924b20643e,라,True,라(대조군),Level1
중용장구,57,174,然이나 皆倚於一偏이라 故로 資之近而力能勉者는 皆足以能之어니와 至於中庸하여는 雖若易能이나 然이나 非義精仁熟而無一毫人欲之私者면 不能及也라,7202fa8c54c135de,라,True,라(대조군),Level1
당송팔대가문초구양수2,203,760,世之有好學其書而悅之者는 與嗜飮茗閱畫圖無異라,8f9fc73d2aeb6811,라,False,라(대조군),Level1
춘추좌씨전2,72,157,爾貢包茅不入하야 王祭不共이라 無以縮酒하니 寡人是徵하노라,730333e9b6c09a6c,라,False,라(대조군),Level1
당송팔대가문초소식2,505,2168,予覽志林十三首하고 按年譜하니 子瞻이 由南海後所作이라,1cd3c9a75410a8c5,라,False,라(대조군),Level1
자치통감강목7,1388,1928,全之면 則文得其計요 殺之면 則峻亡其膽이라,48f3b8059f84ef25,라,True,라(대조군),Level1
당송팔대가문초구양수3,429,1728,自秦漢以來로 世有其人하야 程氏必顯하되 而各以其所居著姓하고 後世因之하야 至唐尤盛하니 號稱中山程氏者는 皆祖魏安鄕侯昱이라,8cada54c00a37359,라,False,라(대조군),Level1
당송팔대가문초소식2,464,1988,夫今之世도 亦與明者로 熟策之而已라,d167b29bd1b33c15,라,False,라(대조군),Level1
주역전의(하),1147,3494,艮其限이라,21524b9b208ebde5,라,True,라(대조군),Level1
당송팔대가문초구양수3,305,1133,今州縣之吏는 不得久其職而躬親於敎化也라,199e13e6280e9940,라,False,라(대조군),Level1
자치통감강목13,344,1274,漢元熙二年이라,35f98db2cbd38e05,라,False,라(대조군),Level1
예기집설대전2,680,964,宗則生時於之以祭享이로대 躐行必毁宗은 以示不復祭享於此故也라,e12c4083dedbf4ab,라,False,라(대조군),Level1
자치통감강목11,159,606,臣이 非敢曲理玠以枉大倫也라,1013906acb52f4ed,라,False,라(대조군),Level1
시경집전(하),1427,3108,飴는 餳也라,edd1efcb55b80d9e,라,False,라(대조군),Level1
자치통감강목10,1196,1889,援은 繇之甥也라,57e20595103fbf40,라,False,라(대조군),Level1
시경집전(하),1470,3228,雲漢은 天河也니 在箕斗二星之間하여 其長竟天이라,ecea9dc877473815,라,True,라(대조군),Level1
논어집주,429,1539,巧言令色足恭을 左丘明恥之러니 丘亦恥之하노라,7e532f31e297f6a0,라,False,라(대조군),Level1
시경집전(상),2737,6353,壹矢而死曰殪라,81e277e867c3eb0a,라,False,라(대조군),Level1
당송팔대가문초구양수4,550,2449,雖蔽于暫이나 而終耀于無窮者는 其道當然也라,1d394f470838f711,라,True,라(대조군),Level1
당송팔대가문초소식5,300,1169,我觀世人컨대 生非實中하야 以寤爲正하고 以寐爲夢하야 忽寐所遇하고 執寤所遭라,7f97c8daeab9555e,라,False,라(대조군),Level1
예기집설대전2,851,1221,爲孟虎著(착)齊衰之服者는 虎是文之叔父也요 又爲孟皮著齊衰之服者는 文是皮之叔父也니 言滕伯이 上爲叔父하고 下爲兄弟之子하야 皆著齊衰也라,45e27bcfcbb9a659,라,False,라(대조군),Level1
시경집전(상),988,2315,然이나 其王號未替也라 故로 不曰周而曰王이라,53bc366d118247a6,라,False,라(대조군),Level1
논어집주,388,1367,多嗜慾이면 則不得爲剛矣라,c1a2b93db342c600,라,False,라(대조군),Level1
중용장구,308,837,承上文하여 言 天子有不顯之德하여 而諸侯法之면 則其德愈深而效愈遠矣라,5da520d152c80ae9,라,False,라(대조군),Level1
당송팔대가문초소순1,295,1895,燕趙之君은 始有遠略하여 能守其土하고 義不賂秦이라,12c9809d8b6d0728,라,True,라(대조군),Level1
당송팔대가문초구양수1,482,2398,而我方恬然不以爲慮하고 待其謀成兵具하야 一旦反書來上然後에 茫然不知所措하야 中外震駭에 擧動倉惶하니 所以用兵之初에 有敗而無勝也라,4c1949eb30a23197,라,True,라(대조군),Level1
주역전의(하),123,367,"若有可變之道, 可亨之理면 更不假言也니 此는 處遯時之道也라",10451421cd382bbb,라,False,라(대조군),Level1
당송팔대가문초유종원1,274,1681,其執役者는 爲徒隷爲鄕師里胥요 其上은 爲下士요 又其上은 爲中士爲上士요 又其上은 爲大夫爲卿爲公하니 離而爲六職이요 判而爲百役이라,47e0aeb2b5ff4f28,라,False,라(대조군),Level1
주역전의(하),1217,3686,儀는 羽旄旌纛之飾也라,725a40f505b6c623,라,False,라(대조군),Level1
주역전의(하),648,1942,故以勝負言이라,a29d4115ace9e6da,라,False,라(대조군),Level1
당송팔대가문초구양수3,22,73,大約本韓昌黎詩序中來라,dc748a76ed4eca52,라,False,라(대조군),Level1
춘추좌씨전5,286,1488,豐氏故主韓氏라,eabcf43fab3cc21a,라,False,라(대조군),Level1
춘추좌씨전7,334,1134,還타가 卒於陘하니 去檇李七里라,15afca3630e17f91,라,False,라(대조군),Level1
자치통감강목6,94,200,"久之요 成都侯商이 又請分戶邑封莽하고 當世名士戴崇, 金涉, 陳湯이 亦咸爲莽言이라",9a2d6e2db7ad640f,라,False,라(대조군),Level1
당송팔대가문초한유2,315,1533,籍大曆中에 於和州烏江縣見嵩하니 嵩時年六十餘矣라,1c99988885e3d4b0,라,False,라(대조군),Level1
시경집전(하),2587,5742,反은 覆也라,4f902f29f85dedea,라,False,라(대조군),Level1
당송팔대가문초한유1,128,618,凡執事之擇於愈者는 非爲其能晨入夜歸也라 必將有以取之리라,e32b68a30465cea6,라,False,라(대조군),Level1
당송팔대가문초구양수2,247,935,因人還草率호라,8b25227a1059e89b,라,False,라(대조군),Level1
자치통감강목6,122,257,初에 解萬年이 自詭昌陵을 三年可成이러니 卒不能就하니 群臣이 多言其不便者라,4fc8857ca914f12c,라,False,라(대조군),Level1
시경집전(하),2968,6577,"徂來, 新甫는 二山名이라",f7589089f7114d55,라,False,라(대조군),Level1
당송팔대가문초소철3,286,1551,伊洛瀍澗은 流出平地라,4f43efb52a78758a,라,False,라(대조군),Level1
당송팔대가문초증공1,279,1504,然古之學者必能此하니 亦可謂難矣라,856938b6cb3ac084,라,False,라(대조군),Level1
논어집주,1868,5799,覆은 傾敗也라,b28299f669148981,라,False,라(대조군),Level1
당송팔대가문초한유2,196,866,夫鏝易能하야 可力焉이요 又誠有功하야 取其直니 雖勞無愧하야 吾心安焉이라,c5434cc185ab21ff,라,False,라(대조군),Level1
자치통감강목10,771,1159,子若見能不已면 非吾徒也니 吾與子絶矣리라,ec90ac0f5a4aeb3a,라,True,라(대조군),Level1
당송팔대가문초왕안석2,429,2323,居數月에 語吾弟曰 吾釋父之殯하고 跋山浮江하야 從子之兄于海旁하야 願有謁也久矣로되 不敢以言호라,20d43bc97d87520b,라,True,라(대조군),Level1
당송팔대가문초소식4,192,768,如此면 則其敎化天下之實이 固已立矣라,b5be1a4854cef62e,라,False,라(대조군),Level1
예기집설대전2,863,1243,故小斂畢에 乃徹帷라,69e6e568b1b1a04c,라,False,라(대조군),Level1
당송팔대가문초한유1,237,1163,未可知也로라,cbd6312e8bdc5489,라,False,라(대조군),Level1
주역전의(상),1184,3581,有勞而不自矜伐하고 有功而不自以爲德은 是其德弘厚之至也니 言以其功勞而自謙以下於人也라,205a4dd0c09d1b02,라,True,라(대조군),Level1
당송팔대가문초구양수6,275,2034,百者는 數之節也니 隨法進退에 不失舊位라,56b213107af3a6a3,라,False,라(대조군),Level1
서경집전(하),979,3651,緖는 統緖也라,5759e74207e5f408,라,True,라(대조군),Level1
당송팔대가문초유종원2,219,1164,兩旗開張하면 中星耀芒하고 靈氣翕歘하니 玆辰之良이라,118a68c3b0e7baa4,라,True,라(대조군),Level1
논어집주,23,114,蓋仁은 是性也요 孝弟는 是用也라,4c426eec7888de03,라,False,라(대조군),Level1
당송팔대가문초유종원2,46,178,馮空拒江하면 江化爲湖하고 衆山橫環에 嶛闊瀴灣이라,3abf0b0b2a94d018,라,True,라(대조군),Level1
주역전의(하),804,2397,卦自解來하여 柔上居四하여 內巽外順하고 九二剛中而五應之라,32c78cbf9613774c,라,False,라(대조군),Level1
맹자집주,668,2358,然이나 無敎면 則亦放逸怠惰而失之라,d8fa9b8a5e2f6fb0,라,False,라(대조군),Level1
주역전의(하),1600,4767,我有好爵하여 吾與爾靡之하노라,1ee33b3b1980d801,라,False,라(대조군),Level1
시경집전(하),340,743,賦也라,8ee2540f4365747d,라,False,라(대조군),Level1
서경집전(하),376,1508,有者는 不忘之也라,6c0c1fce7189f68b,라,False,라(대조군),Level1
논어집주,1293,4206,小人은 謂細民이니 孟子所謂小人之事者也라,42d89ce2f12e5d99,라,False,라(대조군),Level1
당송팔대가문초구양수1,332,1832,今此數人이 一旦罷去하야 而使群邪相賀於內하고 四夷相賀於外면 此臣所爲陛下惜之也라,d5a921f78e4b69cd,라,True,라(대조군),Level1
춘추좌씨전5,317,1634,莒亂하야 著丘公立而不撫鄫하니 鄫叛而來라,cef39ff0c378d6b6,라,False,라(대조군),Level1
당송팔대가문초소순1,315,1992,始吾作權書하여 以爲其用可以至於無窮하고 而亦可以至於無用하여 於是에 又作衡論十篇하노라,c3635eac17995ff2,라,False,라(대조군),Level1
논어집주,1783,5587,失時는 謂不及事幾之會라,e72dadf87032290b,라,False,라(대조군),Level1
주역전의(하),450,1343,朋者는 其朋類也라,ab0f31d016a2cb20,라,False,라(대조군),Level1
당송팔대가문초한유2,129,512,夫不知者는 非其人之罪也요 知而不爲者는 惑也며 悅乎故하야 不能卽乎新者는 弱也며 知而不以告人者는 不仁也며 告而不以實者는 不信也라,a3313b95e26b04ae,라,False,라(대조군),Level1
주역전의(하),1096,3326,占者若因懼而能行하여 以去其不正이면 則可以无眚矣리라,6ff90285189ef4d1,라,False,라(대조군),Level1
주역전의(하),956,2837,革은 序卦에 井道는 不可不革이라,074802192f99e5ab,라,False,라(대조군),Level1
주역전의(상),910,2823,賢者則安履其素하여 其處也樂하고 其進也將有爲也라,bae1f257247287b0,라,True,라(대조군),Level1
당송팔대가문초구양수5,56,417,六月에 渡水擊彦章하야 破其四寨라,3722515b0031ffbd,라,True,라(대조군),Level1
자치통감강목17,722,2531,今殿下國之儲貳하여 萬方所則(칙)이어늘 而營立私田하고 畜養雞犬하여 乃至酤販市廛하고 與民争利하니 謗聲流布면 不可追掩이라,bcbe3edd83ecf2f2,라,False,라(대조군),Level1
당송팔대가문초왕안석2,124,570,子固作懷友一首하야 遺予하니 其大略은 欲相扳以至乎中庸而後已요 正之蓋亦嘗云爾라,66220ec57fecbef0,라,False,라(대조군),Level1
시경집전(하),3021,6713,景員維河之義는 未詳이라,b31a80950506dccc,라,False,라(대조군),Level1
당송팔대가문초소순1,424,2678,富貴不足怪나 吾於昌言獨自有感也하니 大丈夫生不爲將이면 得爲使하여 折衝口舌之間도 足矣라,1b5679ad84092307,라,False,라(대조군),Level1
당송팔대가문초한유3,335,1897,享年七十六이라,cd62a1956e1af590,라,False,라(대조군),Level1
주역전의(상),1955,5810,所以元吉者는 以其得中道也니 不云正者는 離以中爲重일새라,fdd34c693e423e1f,라,False,라(대조군),Level1
당송팔대가문초왕안석1,74,457,荊公建變法之議가 存之라,899a1f53549b0dfe,라,False,라(대조군),Level1
당송팔대가문초구양수1,40,275,雖有納諫之明이나 而無力行之果斷이면 則言愈多而聽愈惑이라,a0ff61d9628acbe0,라,False,라(대조군),Level1
논어집주,633,2277,不知而作은 不知其理而妄作也라,e5830b30ddc7e1c2,라,False,라(대조군),Level1
서경집전(하),51,209,郊는 所以祭天이요 社는 所以祭地라,5601ce714fd42d20,라,False,라(대조군),Level1
당송팔대가문초구양수2,109,393,然縣越其封하고 郡逾其境이면 雖賢守長이라도 不得行은 以其有守也요 吏部之官이 不得理兵部하며 鴻臚之卿이 不得理光祿은 以其有司也라,a9a0797d52b11e8f,라,False,라(대조군),Level1
시경집전(상),1987,4515,儼은 矜莊貌라,61b574c5c5992c6f,라,False,라(대조군),Level1
논어집주,1995,6193,言人能先立乎其大者면 則小節은 雖或未盡合理라도 亦無害也라,f91e75c8b9d31ba6,라,False,라(대조군),Level1
시경집전(상),1029,2402,戍는 屯兵以守也라,eec361ebe3c66aba,라,False,라(대조군),Level1
당송팔대가문초소순1,415,2639,老泉便描出許多變態來하니 令人目眩이라,a11809676cb64c47,라,True,라(대조군),Level1
당송팔대가문초구양수6,19,176,是時에 梁太祖已弑昭宗하고 立哀帝하니 唐之舊臣이 皆憤惋(완)切齒하야 或俛(부)首畏禍하고 或去不仕어늘 而循特傅會梁하야 以希進用이라,41ec50b00c5cdf93,라,False,라(대조군),Level1
당송팔대가문초증공1,344,1886,故曰 此好辯之士爲樂聞苟簡者言之요 而又非實知利害者也라하노라,2166c81b5cb4082c,라,False,라(대조군),Level1
서경집전(하),415,1649,今王受命이 固有無窮之美나 然亦有無窮之憂라,853f9a3591d3163e,라,True,라(대조군),Level1
춘추좌씨전3,171,363,書曰崔氏라하니 非其罪也오 且告以族하고 不以名이라,d7857c388b0ddab1,라,False,라(대조군),Level1
자치통감강목8,11,16,時에 禁罔尙疏하여 諸王이 皆在京師하여 競修名譽하고 招游士라,6deb960c5d896f5c,라,False,라(대조군),Level1
주역전의(상),1382,4156,澤之上有地하니 澤岸也는 水之際也라,d46fb58903228c31,라,False,라(대조군),Level1
춘추좌씨전4,278,843,季札辭曰 曹宣公之卒也에 諸侯與曹人不義曹君하야 將立子臧한대 子臧去之하고 遂弗爲也하야 以成曹君하니 君子曰 能守節이라,7919f79080a134a4,라,True,라(대조군),Level1
자치통감강목13,723,2387,曜逼長安하니 安定太守焦嵩과 新平太守竺恢 引兵來救로되 皆畏漢兵彊하여 不敢進이라,861ebabd1f526ba4,라,False,라(대조군),Level1
주역전의(상),1615,4796,群陰이 消剝於陽하여 以至於極하니 六五若能長率群陰하고 騈首順序하여 反獲寵愛於陽이면 則終无過尤也라,be7ce0d270891794,라,False,라(대조군),Level1
주역전의(상),1919,5716,以九五剛中之才로 居尊位면 宜可以濟於險이나 然下无助也라,4b7276b95978dbbc,라,False,라(대조군),Level1
자치통감강목1,2,2,先正溫國司馬文正公이 受詔編集資治通鑑하야 旣成에 又撮其精要之語하야 別爲目錄三十巻하야 幷上之라,8f4556f328b5de4e,라,False,라(대조군),Level1
예기집설대전2,1656,2362,婦人之廟에 亦不應獨用武舞也라,8b7c3be7c03b0631,라,False,라(대조군),Level1
춘추좌씨전7,423,1392,南宮敬叔至하야 命周人하야 出御書하야 俟於宮하고 曰 庀女하리니 而不在면 死하리라,78202dd3e6762d54,라,False,라(대조군),Level1
맹자집주,490,1726,平陸은 齊下邑라,fa37b876fe457eed,라,False,라(대조군),Level1
시경집전(하),836,1826,瓜成이면 剝削淹漬以爲菹하여 而獻皇祖하니 貴四時之異物하고 順孝子之心也라,e188ddf8fa5a8dae,라,False,라(대조군),Level1
예기집설대전2,988,1427,作은 起爲也니 復으로 至帷堂六事一時竝起라 故云竝作也라,c7846f2fda6dc74a,라,False,라(대조군),Level1
당송팔대가문초왕안석1,193,1014,覽子瞻所代張方平諫用兵書면 則多涕洟요 覽荊公賀表면 又多矜奮이라,586593802e1db017,라,True,라(대조군),Level1
당송팔대가문초구양수3,212,778,吾爲此名은 聊以志吾之樂爾로라,7e8ca46a8e990d2e,라,False,라(대조군),Level1
논어집주,439,1579,至於夫子하여는 則如天地之化工이 付與萬物而己不榮焉하니 此聖人之所爲也라,804cd5d53867d8cd,라,True,라(대조군),Level1
당송팔대가문초구양수4,266,1265,乃命編修唐書한대 書成에 未奏而卒하니 享年五十有九라,8d5b36bce488946e,라,False,라(대조군),Level1
주역전의(상),1182,3573,卦唯一陽이 居下之上하여 剛而得正하니 上下所歸요 有功勞而能謙하니 尤人所難이라,da15ccaeea1318e5,라,True,라(대조군),Level1
자치통감강목10,1165,1833,今雖羹祁以賜畿라도 畿啜之矣리라,d9371546d6404b9e,라,True,라(대조군),Level1
맹자집주,409,1500,辭는 解使去己也요 讓은 推以與人也라,65d2eb3023a8fcbd,라,False,라(대조군),Level1
시경집전(상),2103,4767,火는 大火心星也니 以六月之昏에 加於地之南方하나니 至七月之昏이면 則下而西流矣라,3f3f8b3cfa21b957,라,True,라(대조군),Level1
맹자집주,1839,5848,易는 治也라,accc1f9db364e37f,라,True,라(대조군),Level1
주역전의(상),1317,3980,如卦之才以治蠱면 則能致元亨也라,bd49de034f003a86,라,False,라(대조군),Level1
당송팔대가문초유종원2,364,2412,余懼州吏之逸其辭也하여 私爲之誄하여 以志其行하노라,581fe8b99c51b44b,라,False,라(대조군),Level1
서경집전(상),76,567,往哉汝諧하라,87be3b1d4094700f,라,False,라(대조군),Level1
시경집전(하),2482,5506,相은 視요 潰는 亂也라,f4526f24a1a91576,라,False,라(대조군),Level1
당송팔대가문초한유3,142,844,篇中에 特序世系及拜官爵과 卒年月日與葬處하고 篇末에 次行事하니 皆虛景이라,12795e3ebd9cac38,라,False,라(대조군),Level1
당송팔대가문초구양수6,159,1098,是時梁將劉鄩(심)等與莊宗相距澶魏之間하야 兵數敗라,83cacd3850dc8732,라,False,라(대조군),Level1
주역전의(하),1206,3652,木은 漸高矣而有不安之象하니 鴻趾連하여 不能握枝라 故不木棲라,ccba18aae8c48960,라,True,라(대조군),Level1
당송팔대가문초구양수4,169,792,蓋君以至和元年五月某日로 卒于長安하니 享年四十有六이라,de52f9a1e85f6c2c,라,False,라(대조군),Level1
서경집전(하),54,232,嗚呼라,24e5a6656c0e001e,라,True,라(대조군),Level1
주역전의(하),484,1452,大抵此爻 爲卜田之吉占이요 亦爲去邪媚而得中直之象이니 能守其正이면 則无不吉矣리라,18804605d7b7dc34,라,True,라(대조군),Level1
당송팔대가문초한유3,49,287,公諱弘이라,ee9a0f613dce1f1a,라,False,라(대조군),Level1
예기집설대전2,1233,1773,苟過於哀而不知變이면 則或以死傷生矣라,6e6fa91f6f6648db,라,False,라(대조군),Level1
당송팔대가문초소식3,122,474,是故로 非聰明睿哲不惑之主면 則不能全其用이라,ea00096238b9cce7,라,False,라(대조군),Level1
서경집전(상),147,1020,典禮雖天所敍秩이나 然正之하여 使敍倫而益厚하고 用之하여 使品秩而有常은 則在我而已라,1fb772c9675dffc1,라,False,라(대조군),Level1
논어집주,1207,3983,小邾射이 以句繹奔魯하여 曰 使季路要我면 吾無盟矣라하니 千乘之國이 不信其盟而信子路之一言하니 其見信於人을 可知矣라,8d05bbd08e284129,라,False,라(대조군),Level1
자치통감강목17,353,1221,賊揚言方明已死하니 城中大恐이라,7f6e75154109620c,라,False,라(대조군),Level1
당송팔대가문초구양수5,218,1460,莊宗使人以喪及克寧之難으로 告德威하고 且召其軍이라,193d3d69b9e54c51,라,False,라(대조군),Level1
시경집전(상),1460,3331,茀은 車後戶也라,b8ad9db2ebd85e65,라,False,라(대조군),Level1
당송팔대가문초한유3,313,1678,屈拜後生하니 憤所不堪이라,8a97288e85caeddc,라,True,라(대조군),Level1
당송팔대가문초왕안석1,217,1125,譬之入幽谷邃壑하야 令人神解而興不窮하니 中有歐蘇輩所不及處라,808dea26e7562e6a,라,True,라(대조군),Level1
주역전의(하),644,1930,觀其決潰之象이면 則以居德則忌하나니 居德은 謂安處其德이요 則은 約也요 忌는 防也니 謂約立防禁이니 有防禁則无潰散也라,7f5f658f1bdb8a3e,라,False,라(대조군),Level1
당송팔대가문초소식4,28,110,故로 曰 小雅者는 兼乎周之盛衰者也라하노라,2eedc03cbe9bd6a4,라,False,라(대조군),Level1
주역전의(상),970,2982,物理如循環하여 在下者必升하고 居上者必降하니 泰久而必否라,e4b5819073ae8510,라,False,라(대조군),Level1
당송팔대가문초소식5,280,1098,我欲卽之하야 爲館爲堂호되 近水而搆하면 夏潦所襄이요 遠水而築하면 邈焉相望이라,ec2fee11e9baedf3,라,False,라(대조군),Level1
주역전의(상),809,2513,比於匪人이면 其失可知니 悔吝을 不假言也라,cc275d04d305f8ad,라,False,라(대조군),Level1
당송팔대가문초구양수2,23,67,形神若此하니 志意可知라,df2d5005ddf11988,라,False,라(대조군),Level1
당송팔대가문초구양수2,3,7,然其爲言也가 質而不文하면 則不足以行遠而昭聖謨요 麗而不典하면 則不足以示後而爲世法하니 居是職者는 古難其人이어늘 乃以愚臣而當此選이라,d95a85f1085f8ba9,라,False,라(대조군),Level1
서경집전(상),264,1657,又按 蘇氏謂 岷山之江을 爲中江하고 嶓冡之江을 爲北江하고 豫章之江을 爲南江하니 卽導水所謂東爲北江하고 東爲中江者라,69018547c2831f64,라,False,라(대조군),Level1
서경집전(하),715,2747,文武善承其衆하여 克堪用德하시니 是誠可以爲神天之主矣라,2f1c00324e689795,라,True,라(대조군),Level1
당송팔대가문초소순1,239,1611,然이나 學者於此에 參之以孫武十三篇이면 則於兵事에 思過半矣라,ade7fd28458db233,라,False,라(대조군),Level1
자치통감강목2,1239,3271,故臣이 竊以爲足下必漢王之不危已亦誤矣라하노라,d9a1ddf34165e907,라,False,라(대조군),Level1
자치통감강목15,931,1320,於是에 赴者相繼라,07c92f459a560d91,라,False,라(대조군),Level1
맹자집주,672,2372,分人以財는 小惠而已요 敎人以善은 雖有愛民之實이나 然이나 其所及이 亦有限而難久라,5d0bf4ebc91fea22,라,True,라(대조군),Level1
당송팔대가문초구양수6,152,1064,後生弩工이 皆不識其器어늘 珝(후)創意理之하니 弓矢激五百步에 人馬皆洞이라,a04f1c87ac603c04,라,True,라(대조군),Level1
주역전의(상),846,2628,剛中而志行이라 乃亨하리라,bbcca03a9171542c,라,True,라(대조군),Level1
서경집전(상),36,288,穆穆은 和之至也니 左氏所謂無凶人也니 此는 蓋又兼四岳之官也라,9239be9d5467a4d4,라,False,라(대조군),Level1
주역전의(하),2170,6008,"坤은 爲地,爲母,爲布,爲釜,爲吝嗇,爲均,爲子母牛,爲大輿,爲文,爲衆,爲柄이요 其於地也에 爲黑이라",2692f48b7e9a9937,라,True,라(대조군),Level1
시경집전(하),300,662,十月之交는 大夫刺幽王也라,11a4b08ca92ae777,라,False,라(대조군),Level1
자치통감강목19,374,562,忱이 曰 朝廷이 狂悖日滋하니 雍州之事는 且藉以相斃耳라,dc3e1f3e42bfd1e5,라,False,라(대조군),Level1
시경집전(상),1182,2755,中軍은 謂將在鼓下하여 居車之中이니 卽高克也라,d4ea44a5af229523,라,False,라(대조군),Level1
서경집전(상),709,3500,此下는 命說之辭라,2705afec07ccde42,라,False,라(대조군),Level1
서경집전(상),634,3269,意當時老成孤幼 皆有言當遷者라,e1ef2f7af0f0174b,라,False,라(대조군),Level1
시경집전(하),2232,4979,言嶽山高大하여 而降其神靈和氣하여 以生甫侯申伯하니 實能爲周之楨榦屛蔽하여 而宣其德澤於天下也라,e329b3475702e9e8,라,True,라(대조군),Level1
시경집전(하),2247,5011,賦也라,8ee2540f4365747d,라,False,라(대조군),Level1
예기집설대전2,1745,2491,或者忌字只是忌日이니 懿伯是敬叔從祖라,fe23b22a68d75328,라,False,라(대조군),Level1
주역전의(하),1575,4711,內外皆實而中虛는 爲中孚之象이요 又二五皆陽中實이니 亦爲孚義라,45a7963f8b7c114a,라,False,라(대조군),Level1
당송팔대가문초구양수2,354,1351,故救天下之患者는 亦必推其患之所自來 而治其受患之處라,3c61923e77e1ead2,라,False,라(대조군),Level1
자치통감강목1,732,2175,曰食得毋衰乎잇가 曰恃粥耳로라,8ebde538bdd3fb72,라,False,라(대조군),Level1
예기집설대전2,359,514,凡哭必爲位者는 所以敍親疏恩紀之差니 嫂叔이 疑於無服而不爲位라,cc3eb39f0b1a423b,라,False,라(대조군),Level1
맹자집주,192,735,招는 舜樂也라,5d0aa1bf598934a3,라,False,라(대조군),Level1
당송팔대가문초구양수4,411,1810,今列侍從하며 居諫官이라,e54228da1e746f3e,라,False,라(대조군),Level1
대학장구,58,159,湯이 以人之洗濯其心以去惡은 如沐浴其身以去垢라,fddf660212d9e8db,라,True,라(대조군),Level1
예기집설대전1,951,2890,埽灑者는 有家之事니 不如是면 不足以配大夫라 故曰備埽灑라하니 凡此는 皆主人之謙辭耳라,10cfcaa86d8a50cc,라,True,라(대조군),Level1
논어집주,1920,5959,殆는 危也라,b263d55291f4c5e0,라,False,라(대조군),Level1
자치통감강목8,1123,1610,會에 貴人姊上書自訟하니 乃知貴人枉殁之狀이라,9723400600be650e,라,False,라(대조군),Level1
시경집전(상),1695,3846,不敢以當侯伯之命하여 得受六命之服하여 比於天子之卿도 亦幸矣라,7093c3a706f83dae,라,False,라(대조군),Level1
당송팔대가문초구양수1,86,606,又聞城外墳冡이 亦被浸注하야 棺椁浮出하고 骸骨漂流하니 此皆聞之可傷이요 見之可憫이라,a208bd1047844988,라,True,라(대조군),Level1
중용장구,58,177,亦承上章以起下章이라,b61f862452754445,라,False,라(대조군),Level1
당송팔대가문초소순1,215,1316,則齊之治也를 吾不曰管仲而曰鮑叔이라하며 及其亂也는 吾不曰竪刁易牙開方而曰管仲이라하노라,fe8b8df013e49955,라,False,라(대조군),Level1
당송팔대가문초유종원2,233,1235,託地墝垤하여 反時燠寒이라,5dac84e156207c44,라,True,라(대조군),Level1
자치통감강목7,480,618,耿況이 遣其子弇하여 詣長安하니 弇이 時年二十一이라,584356cb132cd552,라,False,라(대조군),Level1
당송팔대가문초구양수4,448,1976,交似疎而感獨深이라,0222315973d4d079,라,True,라(대조군),Level1
당송팔대가문초왕안석2,619,3164,嗚呼라,69c0d46eb718e43e,라,True,라(대조군),Level1
논어집주,1939,6021,然이나 謂之義면 則事之可否와 身之去就를 亦自有不可苟者라,bb6b465bcc27e71e,라,False,라(대조군),Level1
당송팔대가문초구양수2,460,1825,加以驕君昏主와 姦吏邪臣이 取濟一時하야 屢更其制하야 而經常之法이 蕩然盡矣라,dc604a469a8dceac,라,False,라(대조군),Level1
주역전의(하),1306,3979,三은 明體而反暗於四者는 所應이 陰暗故也라,4e8604079fea1002,라,False,라(대조군),Level1
당송팔대가문초구양수2,500,1994,故其兵驕則逐帥하고 帥彊則叛上하야 土地爲其世有하고 干戈起而相侵하니 天下之勢가 自玆而分이라,647e821fb8cd5561,라,False,라(대조군),Level1
주역전의(상),202,897,上古聖人이 始畫八卦하니 三才之道備矣요 因而重之하여 以盡天下之變이라 故로 六畫而成卦라,0d7ee45b3561e62d,라,False,라(대조군),Level1
자치통감강목2,728,1958,今坐朝廷하야 譴擧有不當이면 則見短於大臣하리니 非所以示神明於天下也라,91a75e275ac7f9da,라,False,라(대조군),Level1
서경집전(상),57,457,聖人은 以天下之怒爲怒라 故로 天下咸服之라,c0bdcf71a98e5e53,라,True,라(대조군),Level1
시경집전(하),2200,4901,沮는 止也라,ddbee5bddc16bd5d,라,False,라(대조군),Level1
자치통감강목19,323,488,咺之曰 正當復有赦耳라,39d1c53ad24b0b4a,라,False,라(대조군),Level1
주역전의(하),383,1117,本其正應이요 非有邪也라,6f08577e6b73dea3,라,False,라(대조군),Level1
당송팔대가문초구양수4,69,339,公先娶潘氏는 早卒하고 後娶趙氏는 今封金城郡夫人이라,3a0934ae3e04746e,라,True,라(대조군),Level1
춘추좌씨전7,45,189,古者畜龍이라,e74da53dc475e7db,라,True,라(대조군),Level1
주역전의(상),573,1883,占者遇之면 則其取女에 必得如是之人하리니 无所利矣라,c30e30c5cc454942,라,False,라(대조군),Level1
시경집전(하),2834,6270,賦也라,8ee2540f4365747d,라,False,라(대조군),Level1
자치통감강목14,777,2389,撫軍司馬高崧이 爲昱草書曰 宼難宜平이요 時會宜接이니 此實爲國遠圖요 經略大筭이라,3f3ecaf2cf399fd6,라,False,라(대조군),Level1
시경집전(상),2165,4987,室家는 巢也라,b0e05bfe1f3f80f4,라,True,라(대조군),Level1
시경집전(상),1604,3657,宛은 坐見貌라,0d8576c03154f141,라,True,라(대조군),Level1
춘추좌씨전6,29,93,翼戴天子하야 而加之以共이라,c4dcf61e51d651ce,라,True,라(대조군),Level1
춘추좌씨전5,284,1472,賜女州田하야 以胙乃舊勲하노라,b0e9f509f0276a72,라,False,라(대조군),Level1
주역전의(상),68,382,故로 夫子釋帝出乎震一章에 又以先天으로 說六子之用也하시고 邵子는 以帝出乎震으로 爲文王所定이라,473be745e4f683e8,라,False,라(대조군),Level1
자치통감강목15,99,123,昔中宗龍飛에 非惟信順이 協於天人이라 實頼萬里長江하여 畫而守之耳라,dbebfc35a896db1b,라,True,라(대조군),Level1
맹자집주,989,3423,知而弗去는 則見之明而守之固矣라,13d3c15f13a76eaa,라,False,라(대조군),Level1
자치통감강목14,588,1828,趙建武十年이라,0e675b58eeb9376b,라,False,라(대조군),Level1
당송팔대가문초구양수6,240,1641,守貞與重威等으로 攻下秦州하고 破滿城하야 殺二千餘人이라,8f1bd90b12e4294b,라,False,라(대조군),Level1
당송팔대가문초한유2,171,745,座有趙侍御者하니 君子人也라,a33237b68c153829,라,False,라(대조군),Level1
주역전의(하),1670,4971,或曰 弗過遇之는 若以六二爻例 則當如此說이어니와 若依九三爻例則過遇는 當如過防之義라하니 未詳孰是라,124f832f5c6dc126,라,False,라(대조군),Level1
당송팔대가문초왕안석2,174,811,女四人이니 長適大理評事柳安期하고 次適右班殿直王允懿하고 次尙幼也라,cf3f7e52f45235cb,라,False,라(대조군),Level1
당송팔대가문초증공1,150,887,提刑都官閣下하노라,44de67fa171612e1,라,False,라(대조군),Level1
예기집설대전2,371,530,縮은 直也라,dd28319ff307ac10,라,False,라(대조군),Level1
당송팔대가문초왕안석2,596,3088,星日脫敗하고 山傾谷圮라,4be66eb1f1f9df51,라,True,라(대조군),Level1
당송팔대가문초한유2,311,1498,城陷而虜하야 與巡死先後異耳라,c28b2ad933374712,라,True,라(대조군),Level1
춘추좌씨전1,419,2259,六年春에 鄭人來渝平하니 更成也라,782fffdcd00cd0c7,라,False,라(대조군),Level1
시경집전(하),831,1817,故로 壽考萬年也라,c34f91d99f003038,라,True,라(대조군),Level1
시경집전(하),177,387,節南山은 家父剌幽王也라,03de8b8130c90200,라,True,라(대조군),Level1
시경집전(상),2031,4611,漑는 滌也라,6968f8374e2cd121,라,False,라(대조군),Level1
당송팔대가문초구양수3,406,1579,日者上書言宮禁事하야 坐誅라 籍其家하야 得朝士所與往還占問吉凶之說이라,dd1c5f8ae1f64a14,라,False,라(대조군),Level1
예기집설대전1,270,872,"故로 毋淫視하며, 氣容欲肅이라",37633cd8df517eef,라,False,라(대조군),Level1
서경집전(상),289,1755,荊之貢은 與揚州로 大抵多同이라,b3b1e3ca357050e4,라,False,라(대조군),Level1
자치통감강목1,530,1446,自某至某히 廣袤六里라,646685b733c9738d,라,False,라(대조군),Level1
주역전의(하),1758,5220,"唐之郭子儀,李晟이 當艱危未濟之時하여 能極其恭順하니 所以爲得正而能保其終吉也라",454872f387a03443,라,True,라(대조군),Level1
당송팔대가문초소식4,247,965,昔者三代之制는 度地以居民하야 民各以其夫家之衆寡로 而受田於官호되 一夫而百畝하야 民不可以多得尺寸之地하고 而地亦不可以多得一介之民이라,cf59bede03b6499b,라,False,라(대조군),Level1
당송팔대가문초유종원1,202,1331,又其次則曰 吾未嘗擧甲乙也하고 未嘗歷科第也면 彼朝廷之位를 吾何修而可以登之乎아하여 必求擧是科也하고 然後得而登之라,157ffd2f91df9cc8,라,False,라(대조군),Level1
당송팔대가문초한유1,302,1466,自文王沒로 武王周公成康相與守之하야 禮樂皆在하니 及乎夫子未久也요 自夫子而及乎孟子未久也요 自孟子而及乎揚雄도 亦未久也라,237ea7a46c37cc92,라,False,라(대조군),Level1
당송팔대가문초증공1,256,1430,其文有片言半簡이면 非大義所存라도 皆附而不去者는 所以明深甫之於其細行도 皆可傳於世也라,1aa537ac3ba83e8d,라,True,라(대조군),Level1
자치통감강목11,177,661,植은 旣任性而行하여 不自彫飾하고 丕는 御之以術하여 矯情自飾하니 宮人左右 竝爲之稱說이라,feb74a4d3d0f81c1,라,False,라(대조군),Level1
맹자집주,1469,4989,致는 極也라,fc45456c57ad6b39,라,False,라(대조군),Level1
주역전의(상),1433,4293,初六은 陰柔在下하여 不能遠見하여 童觀之象이니 小人之道요 君子之羞也라,9ba101df8dbe4cbd,라,False,라(대조군),Level1
맹자집주,2048,6334,詩는 邶風柏舟及大雅綿之篇也라,0a6c86c21df5531f,라,False,라(대조군),Level1
시경집전(하),1483,3259,瑟은 縝密貌라,15969112646f8ad0,라,False,라(대조군),Level1
